[auto_filter] total=43208 todo=26097 (dead=17111 usable=0)
USEFUL: 0769bk.com ['/admin/login.aspx'] []
USEFUL: 0iibw.com ['/admin/', '/manage/', '/houtai/', '/admin/login'] []
USEFUL: 102ml.com ['/admin/', '/manage/', '/houtai/', '/admin/login'] []
USEFUL: 0do.net ['/admin.php'] ['pbootcms', 'discuz']
USEFUL: 1148d6.com ['/admin/', '/manage/', '/houtai/', '/admin/login'] []
USEFUL: 1148d2.com ['/admin/', '/manage/', '/houtai/', '/admin/login'] []
USEFUL: 102424.xyz ['/user/login'] []
USEFUL: 1148d7.com ['/admin/', '/manage/', '/houtai/', '/admin/login'] []
USEFUL: 1148d8.com ['/admin/', '/manage/', '/houtai/', '/admin/login'] []
USEFUL: 1148h6.com ['/admin/', '/manage/', '/houtai/', '/admin/login'] []
USEFUL: 1148h7.com ['/admin/', '/manage/', '/houtai/', '/admin/login'] []
USEFUL: 110burger.com ['/admin/index.php', '/admin/', '/login.php', '/wp-login.php'] ['wordpress']
USEFUL: 11ban.top ['/admin/login.php', '/admin/'] []
[batch 0] 200/3000 useful=13 dead=106
USEFUL: 15901066766.com ['/admin/', '/manage/', '/houtai/', '/admin/login'] []
USEFUL: 182he.com ['/manage/', '/houtai/', '/dede/', '/user/login'] ['thinkphp']
USEFUL: 1betvegas.com ['/admin/', '/manage/', '/houtai/', '/admin/login'] []
USEFUL: 2010ugiohoug.com ['/admin/', '/admin.php', '/login.php', '/manage/'] []
USEFUL: 1919.cn ['/admin/', '/manage/', '/houtai/', '/dede/'] []
USEFUL: 1www.11kfc.com ['/admin/login.php', '/admin/index.php', '/admin/'] []
USEFUL: 222g3.com ['/admin/', '/admin.php', '/login.php', '/manage/'] []
USEFUL: 22br3.com ['/admin/', '/admin.php', '/login.php', '/manage/'] []
USEFUL: 20921314.com ['/admin/index.php', '/admin/'] []
USEFUL: 2430nhalsted.com ['/user/login'] []
USEFUL: 218t.com ['/manage/', '/houtai/', '/dede/', '/user/login'] ['thinkphp']
USEFUL: 227.swissnex.org ['/admin/index.php', '/admin/', '/manage/', '/wp-login.php'] ['wordpress']
USEFUL: 24365.hubei.smartedu.cn ['/admin/', '/user/login'] []
USEFUL: 237.swissnex.org ['/admin/index.php', '/admin/', '/manage/'] ['wordpress']
USEFUL: 236.swissnex.org ['/admin/index.php', '/admin/', '/manage/', '/wp-login.php'] ['wordpress']
USEFUL: 2hlaw.com ['/wp-login.php'] []
USEFUL: 21rio.com ['/wp-login.php'] ['wordpress']
USEFUL: 27tc.com ['/user/login'] []
USEFUL: 2betqd.r14.35.com ['/admin/', '/admin.php', '/login.php', '/manage/'] []
USEFUL: 282989.com ['/admin/', '/manage/', '/houtai/', '/admin/login'] []
USEFUL: 2wxyfm.r14.35.com ['/admin/', '/admin.php', '/login.php', '/manage/'] []
USEFUL: 337bet.cc ['/admin/', '/admin.php', '/login.php', '/manage/'] []
USEFUL: 311s.com ['/user/login'] []
USEFUL: 3j25dytmvy.vip ['/admin/', '/manage/', '/houtai/', '/admin/login'] []
USEFUL: 2d.ciftis.org ['/admin/login.php', '/admin/index.php', '/admin/', '/admin/login.asp'] []
[batch 0] 400/3000 useful=38 dead=232
USEFUL: 319bragg.com ['/wp-login.php'] ['wordpress']
USEFUL: 3789mm.com ['/manage/', '/houtai/', '/dede/', '/user/login'] []
USEFUL: 3rstars.com ['/admin/', '/wp-login.php'] ['wordpress']
USEFUL: 4allprograms.me ['/admin/index.php', '/admin/', '/login.php', '/manage/'] ['wordpress']
USEFUL: 420grill.com ['/admin.php'] []
USEFUL: 2632.net ['/admin/index.php', '/wp-login.php'] ['wordpress']
USEFUL: 4hu2345.com ['/manage/', '/houtai/', '/dede/', '/user/login'] []
USEFUL: 4yrq3.com ['/admin/', '/manage/', '/houtai/', '/admin/login'] []
USEFUL: 4hu13j.com ['/manage/', '/houtai/', '/dede/', '/user/login'] []
USEFUL: 51sole.com ['/admin/', '/manage/', '/houtai/', '/dede/'] []
USEFUL: 5234pa.com ['/manage/', '/houtai/', '/dede/', '/user/login'] []
USEFUL: 4yjoax.r14.35.com ['/admin/', '/admin.php', '/manage/', '/houtai/'] []
USEFUL: 50dates50states.com ['/admin/', '/wp-login.php'] ['wordpress']
USEFUL: 51jixiang.net ['/admin/login.php', '/admin.php', '/login.php', '/admin/login.asp'] []
USEFUL: 555dy3.com ['/user/login'] []
USEFUL: 555dy10.com ['/user/login'] []
USEFUL: 5at8e8qk5u.vip ['/admin/', '/manage/', '/houtai/', '/admin/login'] []
USEFUL: 5bpg0.com ['/admin/', '/admin.php', '/login.php', '/manage/'] []
[batch 0] 600/3000 useful=56 dead=367
USEFUL: 5twt2o.r14.35.cn ['/admin/', '/admin.php', '/login.php', '/manage/'] []
USEFUL: 6390.cn.com ['/admin/index.php', '/admin/', '/login.php', '/wp-login.php'] ['wordpress']
USEFUL: 68q22.com ['/admin/', '/manage/', '/houtai/', '/admin/login'] []
USEFUL: 632.cn ['/admin.php'] []
USEFUL: 68q77.com ['/admin/', '/manage/', '/houtai/', '/admin/login'] []
USEFUL: 68q33.com ['/admin/', '/manage/', '/houtai/', '/admin/login'] []
USEFUL: 68q66.com ['/admin/', '/manage/', '/houtai/', '/admin/login'] []
USEFUL: 68q55.com ['/admin/', '/manage/', '/houtai/', '/admin/login'] []
USEFUL: 68q44.com ['/admin/', '/manage/', '/houtai/', '/admin/login'] []
USEFUL: 68q88.com ['/admin/', '/manage/', '/houtai/', '/admin/login'] []
USEFUL: 6683333.com ['/admin/login.aspx'] []
USEFUL: 68q99.com ['/admin/', '/manage/', '/houtai/', '/admin/login'] []
USEFUL: 69h69h.com ['/admin/', '/manage/', '/houtai/', '/admin/login'] []
USEFUL: 69hvip.com ['/admin/', '/manage/', '/houtai/', '/admin/login'] []
USEFUL: 707518.com ['/admin/', '/manage/', '/houtai/', '/admin/login'] []
USEFUL: 69uv.com ['/user/login'] []
USEFUL: 616109.com ['/houtai/', '/dede/', '/user/login'] ['thinkphp']
USEFUL: 707568.com ['/admin/', '/manage/', '/houtai/', '/admin/login'] []
USEFUL: 707578.com ['/admin/', '/manage/', '/houtai/', '/admin/login'] []
USEFUL: 707591.com ['/admin/', '/manage/', '/houtai/', '/admin/login'] []
USEFUL: 707583.com ['/admin/', '/manage/', '/houtai/', '/admin/login'] []
USEFUL: 707597.com ['/admin/', '/manage/', '/houtai/', '/admin/login'] []
USEFUL: 7075b7.com ['/admin/', '/manage/', '/houtai/', '/admin/login'] []
USEFUL: 7075a9.com ['/admin/', '/manage/', '/houtai/', '/admin/login'] []
USEFUL: 7075a7.com ['/admin/', '/manage/', '/houtai/', '/admin/login'] []
USEFUL: 7075c7.com ['/admin/', '/manage/', '/houtai/', '/admin/login'] []
USEFUL: 6qub2z.r14.35.com ['/admin/', '/admin.php', '/login.php', '/manage/'] []
USEFUL: 7075f7.com ['/admin/', '/manage/', '/houtai/', '/admin/login'] []
USEFUL: 673harbor.com ['/admin/index.php', '/admin/', '/login.php', '/wp-login.php'] ['wordpress']
USEFUL: 777g.com ['/admin/', '/admin.php', '/login.php', '/manage/'] []
USEFUL: 777vipv2.com ['/admin/', '/admin.php', '/login.php', '/manage/'] []
USEFUL: 7ubxtkpvy7.com ['/admin/', '/manage/', '/houtai/', '/admin/login'] []
USEFUL: 814145.com ['/manage/', '/houtai/', '/dede/', '/user/login'] ['thinkphp']
USEFUL: 7pcd.com ['/wp-login.php'] ['wordpress']
[batch 0] 800/3000 useful=90 dead=470
USEFUL: 71114.cn ['/admin/index.php', '/login.php', '/wp-login.php'] ['wordpress']
USEFUL: 8cgdbs1.net ['/admin/', '/manage/', '/houtai/', '/admin/login'] []
USEFUL: 8hvmhz.r14.35.cn ['/admin/', '/admin.php', '/login.php', '/manage/'] []
USEFUL: 9099k.com ['/admin/', '/admin.php', '/login.php', '/manage/'] []
USEFUL: 9bav8.com ['/admin/', '/manage/', '/houtai/', '/admin/login'] []
USEFUL: 9bet.net ['/admin/', '/admin.php', '/login.php', '/manage/'] []
USEFUL: 9dtut33hz7.com ['/admin/', '/manage/', '/houtai/', '/admin/login'] []
USEFUL: 96krock.com ['/admin/index.php', '/admin/', '/login.php', '/wp-login.php'] ['pbootcms', 'wordpress']
USEFUL: a9y6n2.com ['/admin/', '/manage/', '/houtai/', '/admin/login'] []
USEFUL: aa77bb.com ['/admin/', '/manage/', '/houtai/', '/admin/login'] []
USEFUL: a40a8q.r14.35.com ['/admin/', '/admin.php', '/login.php', '/manage/'] []
USEFUL: 9nke.com ['/admin/', '/admin.php', '/login.php', '/manage/'] []
USEFUL: abf4b4o.net ['/admin/', '/manage/', '/houtai/', '/admin/login'] []
USEFUL: abledvd.com ['/admin/login.php', '/admin.php', '/login.php', '/admin/login.asp'] []
USEFUL: abbotsfordcurling.com ['/admin/index.php', '/admin/', '/login.php', '/wp-login.php'] ['wordpress']
[batch 0] 1000/3000 useful=105 dead=610
USEFUL: aandjventuresconstruction.com ['/admin/login', '/user/login'] ['wordpress']
USEFUL: absolonia.com ['/admin/'] []
USEFUL: aavta.com ['/admin/', '/wp-login.php'] ['wordpress']
USEFUL: accad.net ['/admin/login.php', '/admin/index.php', '/admin.php', '/login.php'] []
USEFUL: academiabid.iadb.org ['/user/login'] []
USEFUL: acacompliant.com ['/admin/', '/wp-login.php'] ['wordpress']
USEFUL: aboutusa.org ['/admin/index.php', '/admin/', '/login.php', '/wp-login.php'] ['wordpress']
USEFUL: ac.richardgjohnsonllc.com ['/login.php', '/manage/', '/dede/', '/user/login'] ['pbootcms']
USEFUL: acluofnc.org ['/admin/index.php', '/admin/', '/login.php', '/wp-login.php'] ['wordpress']
USEFUL: acoalitionfortransit.com ['/admin/index.php', '/admin/', '/wp-login.php'] ['wordpress']
USEFUL: accu-chek.com ['/admin/', '/user/login'] []
USEFUL: actionrolloffs.com ['/admin/index.php', '/admin/', '/login.php', '/wp-login.php'] ['wordpress']
USEFUL: aczlsu.r14.35.com ['/admin/', '/admin.php', '/login.php', '/manage/'] []
USEFUL: adbuth.com ['/admin.php'] []
USEFUL: acrta.com ['/admin/index.php', '/admin/', '/login.php', '/wp-login.php'] ['wordpress']
USEFUL: acorngrove.com ['/admin/index.php', '/admin/', '/login.php', '/wp-login.php'] ['wordpress']
USEFUL: achoirofghosts.com ['/admin/', '/login.php', '/admin/login', '/wp-login.php'] ['wordpress']
USEFUL: acrylicdisplay-stands.com ['/admin/index.php', '/admin/', '/wp-login.php'] ['wordpress']
USEFUL: adelinesretreat.com ['/admin/', '/wp-login.php'] ['wordpress']
USEFUL: addlkj.com ['/admin/', '/manage/', '/houtai/', '/dede/'] []
USEFUL: admin.cnpp.cn ['/user/login'] []
USEFUL: admin.treefortsystems.com ['/admin/', '/manage/', '/houtai/', '/admin/login'] []
USEFUL: admin.me ['/manage/', '/houtai/', '/dede/', '/user/login'] []
[batch 0] 1200/3000 useful=128 dead=760
USEFUL: adonis.eloomi.com ['/admin/', '/manage/', '/houtai/', '/admin/login'] ['wordpress']
USEFUL: adtechenterprises.com ['/admin/index.php', '/admin/', '/login.php', '/wp-login.php'] ['wordpress']
USEFUL: aendorphin.com ['/admin/', '/admin/login', '/wp-login.php', '/user/login'] ['wordpress']
USEFUL: adnandemirturk.com ['/admin/index.php', '/admin/', '/login.php', '/wp-login.php'] ['wordpress']
USEFUL: ag.liga168.com ['/admin/', '/manage/', '/houtai/', '/admin/login'] []
USEFUL: aero-pros.com ['/wp-login.php'] []
USEFUL: ag.egorun.net ['/admin/', '/manage/', '/houtai/', '/admin/login'] []
USEFUL: affairegesucht.com ['/user/login'] []
USEFUL: afts6j.r14.35.com ['/admin/', '/admin.php', '/login.php', '/manage/'] []
USEFUL: agadirjourney.com ['/admin/index.php', '/admin/', '/login.php', '/wp-login.php'] ['wordpress']
USEFUL: agaoglunakliye.com ['/admin/index.php', '/admin/', '/login.php', '/wp-login.php'] ['wordpress']
USEFUL: agilitymasters.com ['/login.php', '/dede/'] []
USEFUL: agrimonitor.iadb.org ['/user/login'] []
USEFUL: agrojivan.com ['/admin/', '/wp-login.php'] ['wordpress']
USEFUL: agronest.org ['/admin/index.php', '/admin/', '/login.php', '/wp-login.php'] []
USEFUL: ahdscw.com ['/user/login'] []
USEFUL: ahbaoan.net ['/admin/'] []
USEFUL: agence-uni.com ['/admin/index.php', '/admin/', '/login.php', '/wp-login.php'] ['wordpress']
USEFUL: afterpetipa.com ['/admin/index.php', '/admin/', '/wp-login.php'] ['wordpress']
USEFUL: ah-wolong.com ['/admin/'] []
USEFUL: ahjhwl.com ['/user/login'] []
USEFUL: ahbill.com ['/admin/'] []
USEFUL: ahdi.org ['/admin.php', '/login.php', '/manage/', '/houtai/'] []
USEFUL: ahlinyang.com ['/admin/'] []
USEFUL: ahhldl.com ['/user/login'] []
USEFUL: ahllbp.com ['/admin/'] []
USEFUL: ahftby.cn ['/admin/'] []
USEFUL: ahqhmq.com ['/admin/'] []
USEFUL: ahhubang.com ['/admin/'] []
USEFUL: ahqsjc.com ['/admin/'] []
USEFUL: ahhzlq.com ['/admin/'] []
USEFUL: ahgqcy.com ['/admin/'] []
USEFUL: ahxiyy.com ['/admin/'] []
USEFUL: afsathome.org ['/admin/index.php', '/admin/', '/login.php', '/wp-login.php'] ['wordpress']
USEFUL: ahrsdq.com ['/admin/'] []
USEFUL: ahsdyyl.com ['/admin/'] []
USEFUL: ahxsd.net ['/admin/'] []
USEFUL: ahygfz.com ['/admin/'] []
USEFUL: ahsjkx.net ['/admin/'] []
USEFUL: aiartcapture.com ['/admin/', '/manage/', '/houtai/', '/dede/'] []
USEFUL: ahtlgmb.com ['/admin/'] []
USEFUL: ahzhuoke.com ['/admin/'] []
USEFUL: ahyxfh.com ['/admin/'] []
USEFUL: ahyhsykj.com ['/admin/'] []
USEFUL: ahyouhao.com ['/admin/'] []
USEFUL: ahzyhh.com ['/admin/'] []
USEFUL: ahzfgg.com ['/admin/'] []
USEFUL: ahzybf.com ['/admin/'] []
USEFUL: ahyyhb.net ['/admin/'] []
USEFUL: ahzr.com.cn ['/admin/'] []
[batch 0] 1400/3000 useful=178 dead=879
USEFUL: airmaxal.com ['/admin/login.aspx'] []
USEFUL: airtonchina.net ['/admin/login.asp'] []
USEFUL: akademie.eloomi.com ['/admin/', '/manage/', '/houtai/', '/admin/login'] ['wordpress']
USEFUL: airgunsofkansas.com ['/admin/index.php', '/admin/', '/login.php', '/wp-login.php'] ['wordpress']
USEFUL: alamoautousa.com ['/admin/', '/manage/', '/houtai/', '/admin/login'] []
USEFUL: ajr.gemedicalprotective.com ['/admin.php'] []
USEFUL: ak5ah2.r14.35.com ['/admin/', '/admin.php', '/login.php', '/manage/'] []
USEFUL: alcohol-rehab-near-me80124.blogripley.com ['/manage/', '/houtai/', '/admin/login', '/dede/'] []
USEFUL: ajshj.com ['/admin/', '/admin/login.asp', '/admin/index.asp'] []
USEFUL: alexandraships.com ['/wp-login.php'] []
USEFUL: alcazarreal.com ['/admin/index.php', '/admin/', '/login.php', '/wp-login.php'] ['wordpress']
USEFUL: alexeinz.info ['/admin/index.php', '/admin/', '/login.php', '/wp-login.php'] ['wordpress']
USEFUL: ali-gator.com ['/admin/index.php', '/admin/'] ['pbootcms']
USEFUL: alamedadailynews.com ['/admin/index.php', '/admin/', '/login.php', '/wp-login.php'] ['wordpress']
USEFUL: alexsilvaconsultoria.com ['/admin/index.php', '/admin/', '/login.php', '/wp-login.php'] ['wordpress']
USEFUL: alexandrewsgeorge.com ['/admin/index.php', '/admin/', '/login.php', '/wp-login.php'] ['wordpress']
USEFUL: alignpaper.com ['/admin/login.php', '/admin.php', '/manage/', '/houtai/'] ['wordpress']
USEFUL: alisenfire.com ['/admin/login.php', '/admin.php', '/login.php', '/admin/login.asp'] []
USEFUL: alesforals.org ['/admin/', '/manage/', '/houtai/', '/admin/login'] []
USEFUL: alkaatul.com ['/admin/index.php', '/admin/', '/login.php', '/wp-login.php'] ['wordpress']
USEFUL: alipedram.net ['/admin/', '/wp-login.php'] ['wordpress']
USEFUL: alithiasophia.com ['/admin/index.php', '/admin/', '/login.php', '/admin/login'] ['wordpress']
USEFUL: allianz.dacris.net ['/admin/index.php', '/admin/'] []
USEFUL: allvotec.eloomi.com ['/admin/', '/manage/', '/houtai/', '/admin/login'] ['wordpress']
USEFUL: alohawinners.com ['/admin/', '/manage/', '/houtai/', '/admin/login'] []
USEFUL: allprocountertops.com ['/admin/index.php', '/admin/', '/login.php', '/wp-login.php'] ['wordpress']
USEFUL: alisachilders.com ['/admin/index.php', '/admin/', '/login.php', '/wp-login.php'] ['wordpress']
USEFUL: alpenaregionalmedicalcenter.org ['/wp-login.php'] ['wordpress']
USEFUL: altimetry.com ['/login.php'] []
USEFUL: alpha23.cn ['/admin.php'] []
USEFUL: altiaura.com ['/admin/', '/manage/', '/houtai/', '/dede/'] []
USEFUL: alpaton.com ['/admin/index.php', '/admin/', '/login.php', '/wp-login.php'] ['pbootcms', 'wordpress']
USEFUL: als-forums.org ['/admin/login.asp', '/admin/index.asp'] []
[batch 0] 1600/3000 useful=211 dead=997
USEFUL: alrajwanhijab.com ['/admin/index.php', '/admin/', '/wp-login.php'] ['wordpress']
USEFUL: amandatattersall.com ['/admin/index.php', '/admin/', '/wp-login.php'] ['wordpress']
USEFUL: alteryourmarketing.com ['/admin/index.php', '/admin/', '/login.php', '/wp-login.php'] ['wordpress']
USEFUL: ambercampbell.com ['/admin/', '/wp-login.php'] ['wordpress']
USEFUL: americanartdecor.com ['/admin/login'] []
USEFUL: ambertonwa.com ['/login.php', '/manage/', '/houtai/', '/dede/'] []
USEFUL: americamentors.com ['/admin/', '/wp-login.php'] ['wordpress']
USEFUL: americanimmigrationcentral.com ['/admin/index.php', '/admin/', '/login.php', '/wp-login.php'] ['wordpress']
USEFUL: americanmetalsllc.com ['/admin/', '/login.php', '/wp-login.php'] ['wordpress']
USEFUL: amsburg.com ['/admin/index.php', '/admin/', '/login.php', '/wp-login.php'] ['wordpress']
USEFUL: anandkamdar.com ['/admin/index.php', '/admin/', '/admin/login', '/wp-login.php'] ['wordpress']
USEFUL: amphalal.com ['/admin/index.php', '/admin/', '/login.php', '/wp-login.php'] ['wordpress']
USEFUL: andalasweb.com ['/admin/index.php', '/admin/', '/login.php', '/wp-login.php'] ['wordpress']
USEFUL: ancientpedia.com ['/admin/index.php', '/admin/', '/login.php', '/wp-login.php'] ['wordpress']
USEFUL: amphenolalden.com ['/user/login'] []
USEFUL: androplay.net ['/admin/index.php', '/admin/', '/login.php', '/wp-login.php'] ['wordpress']
USEFUL: andisi.cc ['/admin/login.php', '/admin.php', '/login.php', '/admin/login.asp'] []
USEFUL: angdesh.com ['/admin/index.php', '/admin/', '/login.php', '/wp-login.php'] ['wordpress']
USEFUL: andrewmagri.com ['/admin/index.php', '/admin/', '/login.php', '/wp-login.php'] ['wordpress']
USEFUL: aneeshkuniyil.com ['/admin/index.php', '/admin/', '/login.php', '/wp-login.php'] ['wordpress']
USEFUL: annevacations.com ['/admin/index.php', '/admin/'] []
USEFUL: ankarates5.org ['/admin/index.php', '/admin/', '/admin/login', '/wp-login.php'] ['wordpress']
USEFUL: animatedlanguagelearning.com ['/admin/index.php', '/admin/', '/login.php', '/wp-login.php'] ['wordpress']
USEFUL: annazassimova.com ['/admin/index.php', '/admin/', '/login.php', '/wp-login.php'] ['pbootcms', 'wordpress']
USEFUL: ansar-group.com ['/login.php'] ['wordpress']
USEFUL: aonho.com ['/admin/', '/manage/', '/houtai/', '/admin/login'] []
USEFUL: anthony-gonnet.com ['/admin/index.php', '/admin/', '/login.php', '/wp-login.php'] ['pbootcms']
USEFUL: angloiraqi.org ['/admin/index.php', '/admin/', '/login.php', '/wp-login.php'] ['wordpress']
USEFUL: anthelionhelicopters.com ['/wp-login.php'] ['wordpress']
USEFUL: anneliefouquet.com ['/admin/index.php', '/admin/', '/login.php', '/wp-login.php'] ['wordpress']
USEFUL: aoqtz4.r14.35.com ['/admin/', '/admin.php', '/login.php', '/manage/'] []
USEFUL: anthonyvincentphoto.com ['/admin/index.php', '/admin/', '/login.php', '/wp-login.php'] ['wordpress']
[batch 0] 1800/3000 useful=243 dead=1118
USEFUL: apartamentosrd.com ['/admin/', '/wp-login.php'] ['wordpress']
USEFUL: aofhaberleri.com ['/admin/index.php', '/admin/', '/login.php', '/wp-login.php'] ['wordpress']
USEFUL: api-docs.brightpearl.com ['/admin/', '/manage/', '/houtai/', '/admin/login'] []
USEFUL: aoxingsl.com ['/admin/'] []
USEFUL: andrewpweston.com ['/admin/index.php', '/admin/', '/login.php', '/wp-login.php'] ['wordpress']
USEFUL: apexcncllc.com ['/admin/', '/wp-login.php'] ['wordpress']
USEFUL: api.hopin.com ['/admin/login'] []
USEFUL: apexadj.com ['/admin/index.php', '/admin/', '/login.php', '/wp-login.php'] ['wordpress']
USEFUL: apn.adventist.org ['/admin/'] []
USEFUL: apimil.com ['/wp-login.php'] ['wordpress']
USEFUL: api-domain-compado.com ['/admin/', '/manage/', '/houtai/', '/dede/'] []
USEFUL: apiject.com ['/admin/index.php', '/admin/', '/login.php', '/wp-login.php'] ['wordpress']
USEFUL: apollosuite.com ['/admin/index.php', '/admin/', '/login.php', '/wp-login.php'] []
USEFUL: app.minerplus.com ['/admin/', '/manage/', '/houtai/', '/dede/'] []
USEFUL: app.myschedulr.com ['/admin/', '/manage/', '/houtai/', '/admin/login'] []
USEFUL: app.uniswap.org ['/admin/login.php', '/admin/index.php', '/admin/', '/admin.php'] []
USEFUL: app.sichuandaxiang.com ['/admin/', '/manage/', '/houtai/', '/dede/'] []
USEFUL: app.zhipin.com ['/admin/index.php', '/login.php', '/manage/', '/admin/login.asp'] []
USEFUL: applevillapancakes.com ['/admin/', '/wp-login.php'] ['wordpress']
USEFUL: applicationstation2.certiphi.com ['/manage/', '/houtai/', '/dede/', '/user/login'] []
USEFUL: applicationstation.certiphi.com ['/manage/', '/houtai/', '/dede/', '/user/login'] []
USEFUL: appzong.com ['/admin/', '/manage/', '/houtai/', '/dede/'] []
USEFUL: appgas.com ['/admin/login.php', '/admin/index.php', '/admin/login.asp', '/admin/index.asp'] []
USEFUL: apoyoseguroinmobiliario.com ['/admin/index.php', '/admin/', '/login.php', '/wp-login.php'] ['wordpress']
[batch 0] 2000/3000 useful=267 dead=1255
USEFUL: aq777a5.com ['/admin/', '/admin.php', '/login.php', '/manage/'] []
USEFUL: apsis.eloomi.com ['/admin/', '/manage/', '/houtai/', '/admin/login'] ['wordpress']
USEFUL: architeams.com ['/admin/index.php', '/admin/', '/login.php', '/wp-login.php'] ['wordpress']
USEFUL: appuro.com ['/admin/'] []
USEFUL: ar.dawahskills.com ['/login.php', '/wp-login.php'] ['wordpress']
USEFUL: aquahoy.com ['/admin/index.php', '/admin/', '/login.php', '/manage/'] ['wordpress']
USEFUL: arcvantagerealty.com ['/admin/'] []
USEFUL: aqhuaxia.com ['/admin/'] []
USEFUL: aris-vn.com ['/admin.php', '/login.php', '/admin/login', '/wp-login.php'] []
USEFUL: arocn.com ['/admin/'] []
USEFUL: arquitectosdeabogados.com ['/admin/index.php', '/admin/', '/login.php', '/wp-login.php'] ['wordpress']
USEFUL: aqcwyy.cn ['/admin/'] []
USEFUL: artik.blogiran.com ['/login.php', '/admin/login.asp', '/admin/index.asp', '/admin/login'] []
USEFUL: arrivalogistics.com ['/admin/'] []
USEFUL: arsatc.org ['/admin/', '/wp-login.php'] ['wordpress']
USEFUL: asconsultancy.in.net ['/admin/index.php', '/admin/', '/login.php', '/wp-login.php'] ['wordpress']
USEFUL: artsrochester.net ['/admin/index.php', '/admin/', '/login.php', '/wp-login.php'] ['wordpress']
USEFUL: ashtonmemorial.com ['/user/login'] []
USEFUL: asgatlanta.org ['/admin/', '/admin/login', '/wp-login.php', '/user/login'] ['wordpress']
USEFUL: askrvmechanic.com ['/manage/', '/houtai/', '/dede/', '/user/login'] []
USEFUL: asian.com ['/login.php'] []
USEFUL: assets.altimetry.com ['/login.php'] []
USEFUL: asdwolf.com ['/admin/', '/login.php', '/manage/', '/admin/login.asp'] []
[batch 0] 2200/3000 useful=290 dead=1387
USEFUL: asterikx.com ['/wp-login.php'] ['wordpress']
USEFUL: atleticpharma.com ['/login.php'] []
USEFUL: atlanta.swissnex.org ['/admin/index.php', '/admin/', '/manage/', '/wp-login.php'] ['wordpress']
USEFUL: atakumsutesisatcisi.com ['/login.php', '/wp-login.php'] ['wordpress']
USEFUL: atsavvy.com ['/admin/', '/wp-login.php'] ['wordpress']
USEFUL: askquestions.org ['/admin/index.php', '/admin/', '/login.php', '/wp-login.php'] ['wordpress']
USEFUL: auntbetty.eloomi.com ['/admin/', '/manage/', '/houtai/', '/admin/login'] ['wordpress']
USEFUL: aucwau.r14.35.com ['/admin/', '/admin.php', '/login.php', '/manage/'] []
USEFUL: aussie-play.com ['/admin/index.php', '/admin/', '/admin/login.asp', '/admin/index.asp'] []
USEFUL: authentictunisia.com ['/admin/index.php', '/admin/', '/login.php', '/wp-login.php'] ['wordpress']
[batch 0] 2400/3000 useful=300 dead=1554
USEFUL: auto-bedrijven.info ['/admin.php', '/login.php', '/manage/', '/houtai/'] []
USEFUL: avrupafmtv.com ['/admin/index.php', '/admin/'] []
USEFUL: avelartutoriais.com ['/admin/index.php', '/admin/', '/login.php', '/wp-login.php'] ['wordpress']
USEFUL: awin.eloomi.com ['/admin/', '/manage/', '/houtai/', '/admin/login'] ['wordpress']
USEFUL: autosurfwebpage.net ['/admin/', '/login.php', '/wp-login.php'] ['wordpress']
USEFUL: awcollect.com ['/admin/', '/wp-login.php'] ['wordpress']
USEFUL: azotacalles.net ['/admin/login.php', '/admin/index.php', '/admin/', '/admin.php'] []
USEFUL: azgetaways.com ['/admin/index.php', '/admin/', '/login.php', '/wp-login.php'] ['wordpress']
USEFUL: azbrowdoctor.com ['/admin/index.php', '/admin/', '/login.php', '/wp-login.php'] ['wordpress']
USEFUL: baguiowebs.com ['/admin/login', '/user/login'] []
USEFUL: badge.informamarkets-info.com ['/user/login'] []
USEFUL: bagoolusa.com ['/admin/login.php'] []
USEFUL: baidu.pointcontrolsolutions.info ['/admin.php'] []
USEFUL: baidujx.com ['/login.php'] []
USEFUL: baifol.com ['/admin/', '/admin/login'] []
USEFUL: balairungpress.com ['/admin/index.php', '/admin/', '/wp-login.php'] ['wordpress']
USEFUL: balancewitharchana.com ['/login.php', '/wp-login.php'] ['wordpress']
USEFUL: baliwineshop.com ['/admin/index.php', '/admin/', '/login.php', '/wp-login.php'] ['wordpress']
USEFUL: bakehousenyc.com ['/admin/', '/wp-login.php'] ['wordpress']
USEFUL: baikehotel.com ['/admin/', '/wp-login.php'] ['wordpress']
[batch 0] 2600/3000 useful=320 dead=1689
USEFUL: bali-magic-tour.com ['/admin/index.php', '/admin/', '/login.php', '/wp-login.php'] ['wordpress']
USEFUL: banfield.com ['/admin/', '/manage/', '/houtai/', '/admin/login'] []
USEFUL: baokien.com ['/wp-login.php'] ['wordpress']
USEFUL: bansuritabla.com ['/admin/', '/admin/login', '/wp-login.php', '/user/login'] ['wordpress']
USEFUL: baohiemlibertyvn.com ['/admin/index.php', '/admin/', '/login.php', '/wp-login.php'] ['wordpress']
USEFUL: banzhuti.com ['/user/login'] ['wordpress']
USEFUL: barlashukuk.com ['/admin/index.php', '/wp-login.php'] []
USEFUL: basaltdynamics.com ['/admin/login'] ['thinkphp']
USEFUL: bat-chuon-d1267665.blogripley.com ['/manage/', '/houtai/', '/admin/login', '/dede/'] []
USEFUL: basecamper.com ['/admin/login'] []
USEFUL: bathtoysforkids.com ['/admin/', '/manage/', '/admin/login.asp', '/admin/login'] []
USEFUL: basementdesignstudio.com ['/admin/index.php', '/admin/', '/login.php', '/wp-login.php'] ['wordpress']
USEFUL: bb7jkvybibioub7.com ['/admin/', '/admin.php', '/login.php', '/manage/'] []
USEFUL: bazfui.r14.35.cn ['/admin/', '/admin.php', '/login.php', '/manage/'] []
USEFUL: base80.com ['/admin/index.php', '/admin/', '/login.php', '/wp-login.php'] ['wordpress']
USEFUL: batesadvanced.com ['/admin/index.php', '/admin/', '/login.php', '/wp-login.php'] ['wordpress']
USEFUL: bbyin.com ['/user/login'] []
USEFUL: bbqbarbecuegrill.com ['/admin/', '/wp-login.php'] ['wordpress']
USEFUL: bdwj7pkpry.cc ['/admin/', '/manage/', '/houtai/', '/admin/login'] []
USEFUL: bdzz.cn ['/admin/login.php', '/admin.php', '/login.php', '/admin/login.asp'] []
USEFUL: bbbusinesslaw.com ['/admin/index.php', '/admin/', '/login.php', '/wp-login.php'] ['wordpress']
USEFUL: beachcardpayments.net ['/admin/', '/wp-login.php'] ['wordpress']
USEFUL: be-mag.com ['/admin/index.php', '/admin/', '/login.php', '/wp-login.php'] []
USEFUL: baoshidianqi.com ['/admin/'] []
USEFUL: beanandboy.com ['/admin/index.php', '/admin/', '/wp-login.php'] ['wordpress']
USEFUL: beckconstructionbcs.com ['/admin/', '/wp-login.php'] ['wordpress']
USEFUL: behavioral.iadb.org ['/user/login'] []
[batch 0] 2800/3000 useful=347 dead=1814
USEFUL: beautyproductsonline.com ['/admin/index.php', '/admin/', '/login.php', '/wp-login.php'] ['wordpress']
USEFUL: belbj.com ['/admin/', '/manage/', '/houtai/', '/admin/login'] []
USEFUL: beckbuilt.net ['/admin/index.php', '/admin/', '/login.php', '/wp-login.php'] ['wordpress']
USEFUL: beinsure.com ['/manage/'] ['wordpress']
USEFUL: belin.net.cn ['/manage/'] []
USEFUL: benabar-officiel.com ['/admin/', '/wp-login.php'] []
USEFUL: bellamydaytona.com ['/login.php', '/wp-login.php'] ['wordpress']
USEFUL: bellamymilledgeville.com ['/login.php', '/wp-login.php'] ['wordpress']
USEFUL: benin.unfpa.org ['/wp-login.php', '/user/login'] []
USEFUL: bengusu.com ['/admin/index.php', '/admin/', '/login.php', '/wp-login.php'] ['wordpress']
USEFUL: beo-procurement.iadb.org ['/user/login'] []
USEFUL: bellamyflorence.com ['/login.php', '/wp-login.php'] ['wordpress']
USEFUL: benditamariatattoo.com ['/admin/index.php', '/admin/', '/login.php', '/wp-login.php'] ['wordpress']
USEFUL: bellehairextensions.com ['/admin/index.php', '/admin/', '/login.php', '/wp-login.php'] ['wordpress']
USEFUL: berkley.com ['/user/login'] []
USEFUL: best-training.cn ['/admin/', '/manage/', '/houtai/', '/dede/'] []
USEFUL: bestonind.com ['/admin/', '/admin/login.asp'] ['thinkphp']
USEFUL: berza-valuta.com ['/admin/index.php', '/admin/', '/login.php', '/wp-login.php'] ['wordpress']
USEFUL: beta.boxallprofile.org ['/user/login'] []
USEFUL: bethelsheldon.org ['/admin/', '/wp-login.php'] ['wordpress']
USEFUL: betterhealthkent.org ['/admin/login.php', '/admin/index.php', '/admin/', '/admin.php'] []
USEFUL: betapollo.net ['/admin/', '/manage/', '/houtai/', '/admin/login'] []
USEFUL: betbullpen.com ['/admin/', '/manage/', '/houtai/', '/admin/login'] []
USEFUL: bethockeytown.com ['/admin/', '/manage/', '/houtai/', '/admin/login'] []
USEFUL: bertramfinancial.com ['/admin/index.php', '/admin/', '/login.php', '/wp-login.php'] ['wordpress']
USEFUL: bexpey.r14.35.cn ['/admin/', '/admin.php', '/login.php', '/manage/'] []
USEFUL: bexpey.r14.35.com ['/admin/', '/admin.php', '/login.php', '/manage/'] []
USEFUL: bgqne.com ['/admin/', '/manage/', '/houtai/', '/admin/login'] []
USEFUL: bfgresearch.com ['/admin/index.php', '/admin/', '/login.php', '/wp-login.php'] ['wordpress']
USEFUL: bibleppts.com ['/admin/'] []
USEFUL: bftutoring.com ['/wp-login.php'] []
USEFUL: bide153.com ['/admin.php'] []
USEFUL: biddingx.com ['/wp-login.php'] ['wordpress']
USEFUL: bifa8.net ['/manage/', '/houtai/', '/dede/', '/user/login'] ['thinkphp']
USEFUL: bhavitrabd.com ['/admin/index.php', '/admin/', '/login.php', '/wp-login.php'] ['wordpress']
[batch 0] 3000/3000 useful=382 dead=1936
[batch 0 done] useful=382 dead=1936 alive=682 | total_pool: usable=382 dead=19047
[auto_filter] total=43208 todo=23779 (dead=19047 usable=382)
USEFUL: ctbjby.asmen.cn ['/admin/', '/manage/', '/houtai/', '/dede/'] []
USEFUL: csuitecareer.com ['/admin/index.php', '/admin/', '/login.php', '/wp-login.php'] ['wordpress']
USEFUL: cucinatoscananashua.com ['/admin/index.php', '/admin/'] []
USEFUL: ctugm4.r14.35.cn ['/admin/', '/admin.php', '/login.php', '/manage/'] []
USEFUL: cubims.com ['/admin/index.php', '/admin/', '/login.php', '/wp-login.php'] ['wordpress']
USEFUL: cucinanicolina.com ['/admin/', '/wp-login.php'] []
USEFUL: csroots.cn ['/admin/', '/wp-login.php'] ['pbootcms', 'wordpress']
USEFUL: customercarerecord.com ['/login.php'] []
USEFUL: cyclicmagazine.com ['/admin/index.php', '/admin/', '/login.php', '/wp-login.php'] ['wordpress']
USEFUL: cueb.ncss.cn ['/manage/', '/houtai/', '/dede/'] []
USEFUL: cycoaustralia.info ['/admin/', '/wp-login.php'] ['wordpress']
USEFUL: cycoadditives.net ['/admin/', '/wp-login.php'] ['wordpress']
USEFUL: cvec.com ['/admin/index.php', '/admin/', '/login.php', '/wp-login.php'] ['wordpress']
USEFUL: cyanmango.xyz ['/admin/', '/houtai/', '/dede/'] []
USEFUL: cwlabtech.com ['/admin/index.php', '/admin/', '/login.php', '/wp-login.php'] ['wordpress']
USEFUL: cypresshillschildcare.org ['/wp-login.php'] ['wordpress']
USEFUL: cypruseconomicsociety.org ['/admin/index.php', '/admin/', '/login.php', '/wp-login.php'] ['wordpress']
USEFUL: d11066.com ['/admin/', '/admin.php', '/login.php', '/manage/'] []
USEFUL: dagele.com ['/user/login'] []
USEFUL: d-sonic.net ['/admin/', '/wp-login.php'] ['wordpress']
USEFUL: d2pass.com ['/admin.php', '/login.php', '/wp-login.php'] []
USEFUL: czscxyy.com ['/admin/'] []
USEFUL: dacsantuyenquang.com ['/admin/index.php', '/admin/', '/login.php', '/wp-login.php'] ['wordpress']
USEFUL: czhkfrp.com ['/admin/login.aspx'] []
USEFUL: daddiesbrand.com ['/manage/', '/houtai/', '/admin/login', '/dede/'] []
USEFUL: daily-harvest.com ['/admin/login'] []
USEFUL: dainmomscare.com ['/admin/', '/admin/login'] []
[batch 1] 200/3000 useful=27 dead=132
USEFUL: dandmmechanical.net ['/admin/', '/wp-login.php'] ['wordpress']
USEFUL: dailyqh88.com ['/admin/index.php', '/login.php', '/wp-login.php'] ['wordpress']
USEFUL: dashboard-global.bdswiss-kr.com ['/admin/', '/manage/', '/houtai/', '/admin/login'] ['wordpress']
USEFUL: dalrossiitaly.com ['/admin/', '/wp-login.php'] ['wordpress']
USEFUL: daiseyiowa.daiseysolutions.org ['/admin/index.php', '/admin/', '/wp-login.php'] ['wordpress']
USEFUL: dashboard.bdswiss-kr.com ['/admin/', '/manage/', '/houtai/', '/admin/login'] ['wordpress']
USEFUL: dashboard-global.swissmarkets-kr.com ['/admin/', '/manage/', '/houtai/', '/admin/login'] ['wordpress']
USEFUL: dankinhdep.net ['/admin/index.php'] []
USEFUL: dashboard.swissmarkets-kr.com ['/admin/', '/manage/', '/houtai/', '/admin/login'] ['wordpress']
USEFUL: datronsystems.com ['/admin/index.php', '/admin/', '/login.php', '/wp-login.php'] ['wordpress']
USEFUL: datastation2.certiphi.com ['/manage/', '/houtai/', '/dede/', '/user/login'] []
USEFUL: date.whatssexy.com ['/manage/', '/houtai/', '/dede/', '/user/login'] []
USEFUL: danieldoctor.com ['/admin/index.php', '/admin/', '/login.php', '/wp-login.php'] ['wordpress']
USEFUL: dewa165.xyz ['/admin/', '/manage/', '/houtai/', '/dede/'] []
USEFUL: dadbodpov.com ['/admin/index.php', '/admin/', '/login.php', '/wp-login.php'] ['wordpress']
USEFUL: developer.brightpearl.com ['/admin/index.php', '/admin/', '/admin/login'] []
USEFUL: dawahskills.com ['/login.php', '/manage/', '/admin/login', '/wp-login.php'] ['wordpress']
USEFUL: dg.eloomi.com ['/admin/', '/manage/', '/houtai/', '/admin/login'] ['wordpress']
USEFUL: dev.x-tax.com ['/admin/login.php', '/admin/index.php', '/admin/', '/admin/login.asp'] []
USEFUL: dev.quedessolutions.com ['/admin/index.php', '/admin/', '/wp-login.php'] ['wordpress']
USEFUL: digilac.iadb.org ['/user/login'] []
[batch 1] 400/3000 useful=48 dead=271
USEFUL: dglghardware.com ['/admin/login.php', '/admin/index.php', '/admin/', '/admin.php'] []
USEFUL: dianshangcangku.cn ['/admin/', '/manage/', '/houtai/', '/admin/login'] []
USEFUL: diginetbiz.com ['/admin/', '/manage/', '/wp-login.php'] ['wordpress']
USEFUL: digimify.com ['/admin/', '/login.php', '/wp-login.php'] ['wordpress']
USEFUL: dimaikj.com ['/admin.php'] []
USEFUL: diqian.com ['/user/login'] []
USEFUL: discovergates.org ['/admin/'] ['wordpress']
USEFUL: directfloors.com ['/admin.php', '/login.php', '/manage/'] []
USEFUL: discountbats.com ['/admin.php', '/login.php', '/manage/', '/houtai/'] []
USEFUL: district5spongee.com ['/admin/', '/manage/', '/houtai/', '/dede/'] []
USEFUL: djawaranews.com ['/dede/'] ['wordpress']
USEFUL: districton5th.com ['/wp-login.php'] ['wordpress']
USEFUL: dixmw7.r14.35.com ['/admin/', '/admin.php', '/login.php', '/manage/'] []
USEFUL: dlx616.cn ['/admin/', '/manage/', '/houtai/', '/dede/'] []
USEFUL: dmd.lseg.com ['/admin/', '/manage/', '/houtai/', '/admin/login'] []
USEFUL: diya-log.com ['/admin/login.php', '/admin/index.php', '/admin/', '/admin/login'] []
USEFUL: docs.fincra.com ['/admin/'] []
USEFUL: dobestlight.com ['/admin/', '/admin/index.asp'] []
USEFUL: dogalburunestetigi.com ['/wp-login.php'] []
[batch 1] 600/3000 useful=67 dead=398
USEFUL: docnvalve.com ['/admin/login.aspx'] []
USEFUL: dolzikgoo.com ['/admin/login.php', '/admin/index.php', '/admin/', '/login.php'] []
USEFUL: donate.bbrf.org ['/user/login'] []
USEFUL: donbosco-marseille.org ['/admin/index.php'] []
USEFUL: dollyhouse.net ['/admin/index.php', '/admin/', '/login.php', '/wp-login.php'] ['wordpress']
USEFUL: dolphinspeedboats.com ['/admin/index.php', '/admin/', '/login.php', '/wp-login.php'] ['wordpress']
USEFUL: dolphinsparadise-stcroix.com ['/admin/index.php', '/admin/', '/login.php', '/wp-login.php'] ['wordpress']
USEFUL: dondiablotrailrun.com ['/admin/index.php', '/admin/', '/login.php', '/wp-login.php'] ['wordpress']
USEFUL: downeastmaineonline.com ['/admin/index.php', '/admin/', '/login.php', '/wp-login.php'] ['wordpress']
USEFUL: downmagaz.net ['/admin/index.php', '/admin/', '/admin.php', '/manage/'] []
USEFUL: download.zhipin.com ['/admin/index.php', '/manage/', '/admin/login.asp', '/admin/index.asp'] []
USEFUL: dovizgrafik.com ['/admin/login.php', '/admin/index.php', '/admin/'] []
USEFUL: douaihuanbao.com ['/admin/'] []
USEFUL: dongyuesheji.com ['/admin/index.php', '/admin/', '/login.php', '/wp-login.php'] ['wordpress']
USEFUL: dowxtergroup.com ['/admin/index.php', '/admin/', '/login.php', '/wp-login.php'] ['wordpress']
USEFUL: drebrownenterprises.com ['/admin/login.php', '/admin/index.php', '/admin/login.asp', '/admin/index.asp'] []
USEFUL: drewfriedmanart.com ['/manage/', '/houtai/', '/dede/', '/user/login'] ['wordpress']
USEFUL: dratauysal.com ['/admin/index.php', '/admin/', '/login.php', '/wp-login.php'] ['wordpress']
USEFUL: droicelabs.com ['/admin/index.php', '/admin/', '/login.php', '/wp-login.php'] ['wordpress']
USEFUL: dtmjtf.dzlonghao.com ['/admin.php', '/login.php', '/manage/', '/houtai/'] []
USEFUL: dsgtamir.com ['/admin/index.php', '/admin/', '/login.php', '/wp-login.php'] ['wordpress']
USEFUL: drwkvandyke.com ['/admin/', '/login.php', '/wp-login.php'] ['wordpress']
[batch 1] 800/3000 useful=89 dead=525
USEFUL: duocaizj.com ['/admin/', '/manage/', '/houtai/', '/dede/'] []
USEFUL: dthomasgallery.com ['/admin/index.php', '/admin/', '/login.php', '/wp-login.php'] ['wordpress']
USEFUL: dubainetsolutions.com ['/admin/index.php', '/admin/', '/login.php', '/wp-login.php'] ['wordpress']
USEFUL: dukeandboone.com ['/admin/', '/wp-login.php'] ['wordpress']
USEFUL: dunessummertheatre.com ['/admin/', '/admin.php', '/login.php', '/manage/'] []
USEFUL: dwglawcorp.com ['/admin/', '/wp-login.php'] ['wordpress']
[batch 1] 1000/3000 useful=95 dead=716
[batch 1] 1200/3000 useful=95 dead=916
USEFUL: e8007.com ['/login.php'] []
USEFUL: dynamic-pt.com ['/admin/', '/wp-login.php'] ['wordpress']
USEFUL: earthlinkfiber.com ['/admin/index.php', '/admin/', '/login.php', '/wp-login.php'] ['wordpress']
USEFUL: eaykj.com ['/admin.php', '/login.php', '/manage/', '/houtai/'] []
USEFUL: eastocean.com.cn ['/admin/login.aspx'] []
USEFUL: ecgeek.com ['/admin/', '/manage/', '/houtai/', '/dede/'] []
USEFUL: ebk3en.r14.35.cn ['/admin/', '/admin.php', '/login.php', '/manage/'] []
USEFUL: eapcco-ctcoe.org ['/admin/'] ['wordpress']
USEFUL: eastedgeapartments.com ['/wp-login.php'] ['wordpress']
USEFUL: earthislandprojects.org ['/admin/', '/wp-login.php'] ['wordpress']
USEFUL: easttacomachurchofchrist.org ['/admin/login.php', '/admin/index.php', '/admin/', '/admin/login.asp'] []
USEFUL: ebk3en.r14.35.com ['/admin/', '/admin.php', '/login.php', '/manage/'] []
USEFUL: ecosun.org ['/admin/index.php', '/admin/', '/login.php', '/wp-login.php'] ['wordpress']
USEFUL: eco-3.com ['/admin/', '/wp-login.php'] ['wordpress']
USEFUL: eclairages-velo.com ['/wp-login.php'] ['wordpress']
USEFUL: edinaparade.org ['/admin/login.php'] []
USEFUL: easynetmoney.net ['/wp-login.php'] ['wordpress']
USEFUL: ecuadorinformate.com ['/admin/index.php', '/admin/', '/login.php', '/wp-login.php'] ['wordpress']
USEFUL: editorial.dailywire.com ['/wp-login.php'] ['wordpress']
USEFUL: ecuador.forchildren.com ['/admin/login.php', '/admin/index.php', '/admin/', '/admin/login.asp'] []
USEFUL: edoutslaymemorial.org ['/admin/index.php', '/admin/', '/wp-login.php'] ['wordpress']
USEFUL: edu.jobui.com ['/manage/'] []
USEFUL: edwinlicvo.blogripley.com ['/manage/', '/houtai/', '/admin/login', '/dede/'] []
USEFUL: ecwxex.r14.35.com ['/admin/', '/admin.php', '/login.php', '/manage/'] []
USEFUL: eddyfoods.com ['/admin/index.php', '/admin/', '/login.php', '/wp-login.php'] ['wordpress']
USEFUL: eflmagazine.com ['/admin/', '/admin/login', '/wp-login.php', '/user/login'] ['wordpress']
USEFUL: efcy.cn ['/admin/', '/houtai/', '/dede/'] []
USEFUL: ehzjzp.r14.35.cn ['/admin/', '/admin.php', '/login.php', '/manage/'] []
USEFUL: ejmhwjazy.cc ['/admin/', '/manage/', '/houtai/', '/admin/login'] []
USEFUL: edsetzler.org ['/admin/index.php', '/admin/', '/wp-login.php'] ['wordpress']
USEFUL: egorun.net ['/admin/login.aspx'] []
[batch 1] 1400/3000 useful=126 dead=1048
USEFUL: electrictones.com ['/admin/login.php', '/admin/index.php', '/admin/', '/admin.php'] ['wordpress']
USEFUL: elenawidmer.com ['/admin/index.php', '/admin/', '/login.php', '/wp-login.php'] ['wordpress']
USEFUL: efahealth.com ['/admin/', '/manage/', '/houtai/', '/admin/login'] []
USEFUL: elevatortoday.com ['/admin/index.php', '/admin/', '/login.php', '/wp-login.php'] ['wordpress']
USEFUL: elfapharm.com ['/admin/index.php', '/admin/', '/wp-login.php'] ['wordpress']
USEFUL: eloomi.com ['/admin/', '/manage/', '/wp-login.php'] ['wordpress']
USEFUL: elwafeyat.com ['/admin/login.php', '/admin/', '/admin.php', '/login.php'] []
USEFUL: elisimone.com ['/admin/index.php', '/admin/', '/login.php', '/wp-login.php'] ['wordpress']
USEFUL: elenaledda.com ['/admin/index.php', '/admin/', '/login.php', '/wp-login.php'] ['wordpress']
USEFUL: elegansguzellik.com ['/admin/index.php', '/admin/', '/login.php', '/wp-login.php'] ['wordpress']
USEFUL: employeehealthplan.clevelandclinic.org ['/admin/'] []
USEFUL: empowerfitnessri.com ['/admin/login', '/user/login'] ['wordpress']
USEFUL: emiratisation.org ['/admin/'] ['thinkphp']
USEFUL: embaixadadoclima.com ['/admin/index.php', '/admin/', '/login.php', '/wp-login.php'] ['pbootcms', 'wordpress']
USEFUL: emirhandongel.com ['/admin/index.php', '/admin/', '/login.php', '/wp-login.php'] ['wordpress']
USEFUL: eminentinstitute.com ['/admin/index.php', '/admin/', '/login.php', '/wp-login.php'] ['wordpress']
USEFUL: enjo.eloomi.com ['/admin/', '/manage/', '/houtai/', '/admin/login'] ['wordpress']
USEFUL: eniuhak.com ['/admin/', '/admin/login'] []
USEFUL: employmentlawservices.com ['/admin/index.php', '/admin/', '/login.php', '/wp-login.php'] ['wordpress']
USEFUL: envatomarketplaces.com ['/admin/', '/manage/', '/houtai/', '/admin/login'] []
USEFUL: enterate.info ['/admin/index.php', '/admin/', '/manage/', '/houtai/'] []
USEFUL: environmentalhelp.net ['/admin/index.php', '/admin/', '/login.php', '/wp-login.php'] ['pbootcms']
USEFUL: erickvadfh.blogripley.com ['/manage/', '/houtai/', '/admin/login', '/dede/'] []
USEFUL: escaladigital.net ['/admin/', '/manage/', '/houtai/', '/admin/login'] []
USEFUL: es.banfield.com ['/admin/', '/manage/', '/houtai/', '/admin/login.aspx'] []
[batch 1] 1600/3000 useful=151 dead=1170
USEFUL: espaciopurma.com ['/admin/index.php', '/admin/'] ['wordpress']
USEFUL: esmty.com ['/admin/', '/wp-login.php'] ['wordpress']
USEFUL: erzurumpress.com ['/admin/login.php', '/admin/index.php', '/admin/'] []
USEFUL: eud7st.com ['/admin/', '/manage/', '/houtai/', '/admin/login'] []
USEFUL: etatronic.com ['/admin/login.aspx'] []
USEFUL: es.inshapebeauty.com ['/wp-login.php'] ['wordpress']
USEFUL: endermite.cn ['/login.php', '/wp-login.php'] ['wordpress']
USEFUL: et.forchildren.com ['/admin/login.php', '/admin/index.php', '/admin/', '/admin/login.asp'] []
USEFUL: everygame247.com ['/admin/', '/manage/', '/houtai/', '/admin/login'] []
USEFUL: everlastgz.com ['/admin/index.php', '/admin/', '/login.php', '/wp-login.php'] ['wordpress']
USEFUL: ezerrathailand.com ['/admin/'] []
USEFUL: faberhalbertsmagroup.eloomi.com ['/admin/', '/manage/', '/houtai/', '/admin/login'] ['wordpress']
USEFUL: eyeprescription.com ['/admin/index.php', '/admin/', '/login.php', '/wp-login.php'] []
USEFUL: fabriziogiorgi.com ['/wp-login.php'] ['wordpress']
USEFUL: ferdelpromotions.com ['/admin/login.php', '/admin/index.php', '/admin/', '/admin.php'] []
USEFUL: falmouthbaitandtackle.com ['/admin/', '/wp-login.php'] ['wordpress']
USEFUL: facilitiesdive.com ['/admin/login.php', '/admin/index.php', '/admin/', '/admin/login.asp'] []
USEFUL: fashionshowboda.com ['/admin/index.php', '/admin/', '/login.php', '/wp-login.php'] ['wordpress']
USEFUL: etufegypt.com ['/admin/index.php', '/admin/', '/login.php', '/wp-login.php'] ['wordpress']
USEFUL: ffraga.com ['/admin/index.php', '/admin/', '/login.php', '/wp-login.php'] ['thinkphp', 'wordpress']
USEFUL: fieldedge.com ['/admin/', '/wp-login.php'] ['wordpress']
USEFUL: finalexpence.com ['/admin/index.php', '/admin/', '/login.php', '/wp-login.php'] []
USEFUL: finflix-photography.com ['/admin/index.php', '/admin/', '/login.php', '/wp-login.php'] ['wordpress']
USEFUL: fillmorecountyfair.com ['/admin/', '/login.php', '/wp-login.php'] ['wordpress']
[batch 1] 1800/3000 useful=175 dead=1293
USEFUL: financereference.com ['/admin/index.php', '/admin/', '/login.php', '/manage/'] ['wordpress']
USEFUL: finnpetersen.net ['/admin.php', '/login.php', '/manage/', '/houtai/'] []
USEFUL: filmhubcoworking.com ['/admin/index.php', '/admin/', '/login.php', '/wp-login.php'] ['wordpress']
USEFUL: first-8.eloomi.com ['/admin/', '/manage/', '/houtai/', '/admin/login'] ['wordpress']
USEFUL: fireflygraphicarts.com ['/wp-login.php'] ['wordpress']
USEFUL: firm-rankings.vrl-financial-news.com ['/admin/'] []
USEFUL: fishmom.com ['/manage/', '/admin/index.asp', '/houtai/', '/admin/login'] []
USEFUL: firatbranda.com ['/admin/index.php', '/admin/', '/login.php', '/wp-login.php'] ['wordpress']
USEFUL: flirtmoms.com ['/wp-login.php'] []
USEFUL: firstfriends-preschool.com ['/wp-login.php'] ['wordpress']
USEFUL: flirtmuttis.com ['/wp-login.php'] []
USEFUL: flirttreffen.com ['/wp-login.php'] []
USEFUL: flirtyspace.com ['/wp-login.php'] []
USEFUL: flodnd.com ['/admin/index.php', '/admin/'] []
USEFUL: flirtytexts.com ['/admin/index.php', '/admin/', '/login.php', '/wp-login.php'] ['wordpress']
USEFUL: flowerqueenflorist.com ['/admin/index.php', '/admin/', '/login.php', '/wp-login.php'] ['wordpress']
USEFUL: flyeug.com ['/admin/login.php', '/admin/index.php', '/admin/', '/admin.php'] []
USEFUL: flowsberry.com ['/admin/index.php', '/admin/', '/login.php', '/wp-login.php'] ['wordpress']
USEFUL: foellingertheatre.org ['/admin/login.php', '/manage/', '/dede/'] []
USEFUL: flpublications.com ['/admin/index.php', '/admin/', '/login.php', '/wp-login.php'] ['wordpress']
USEFUL: foodieonadiet.com ['/admin/index.php', '/admin/', '/login.php', '/wp-login.php'] ['wordpress']
USEFUL: forlawfirmsonlynet54208.blogripley.com ['/manage/', '/houtai/', '/admin/login', '/dede/'] []
USEFUL: focreduc.com ['/admin/index.php', '/wp-login.php'] ['wordpress']
USEFUL: fmafaridabad.com ['/admin/index.php', '/admin/', '/login.php', '/manage/'] ['wordpress']
USEFUL: forestlanepediatrics.com ['/admin/index.php', '/admin/', '/login.php', '/wp-login.php'] ['wordpress']
USEFUL: fortwaynefiredepartment.org ['/admin/login.php', '/admin/index.php', '/admin/'] []
USEFUL: forms.nexhealth.com ['/admin/', '/admin/login'] []
USEFUL: forchildren.com ['/admin/login.php', '/admin/index.php', '/admin/', '/admin/login.asp'] []
USEFUL: formaplus.org ['/admin/index.php', '/admin/', '/login.php', '/manage/'] ['wordpress']
[batch 1] 2000/3000 useful=204 dead=1411
USEFUL: fowardair.com ['/admin.php'] []
USEFUL: fradleyboatsales.com ['/admin/index.php', '/admin/', '/login.php', '/wp-login.php'] ['wordpress']
USEFUL: franckprovost-expert.com ['/wp-login.php'] ['pbootcms']
USEFUL: francomacorisanos.com ['/admin/', '/wp-login.php'] ['wordpress']
USEFUL: foxy-brown.com ['/admin/index.php', '/admin/', '/login.php', '/wp-login.php'] ['wordpress']
USEFUL: fredhsieh.com ['/wp-login.php'] ['wordpress']
USEFUL: freecoins.com ['/admin.php', '/login.php', '/manage/', '/houtai/'] []
USEFUL: free-logo-design.net ['/admin/', '/wp-login.php'] ['wordpress']
USEFUL: freerundown.com ['/admin/', '/manage/', '/houtai/', '/admin/login'] []
USEFUL: frenchlearner.com ['/admin/', '/wp-login.php'] ['wordpress']
USEFUL: frodi.eloomi.com ['/admin/', '/manage/', '/houtai/', '/admin/login'] ['wordpress']
USEFUL: fromone.cn ['/admin/', '/admin/index.asp'] []
USEFUL: friendpin.com ['/admin/', '/houtai/', '/dede/'] []
USEFUL: fspchina.com ['/admin/login.asp'] []
USEFUL: frigokar.com ['/admin/index.php', '/admin/'] []
USEFUL: fresiks.com ['/admin/', '/manage/', '/admin/index.asp', '/houtai/'] ['wordpress']
USEFUL: fsaopute.com ['/admin/', '/admin/login'] []
USEFUL: fsbc.org ['/admin/index.php', '/admin/', '/wp-login.php'] ['wordpress']
USEFUL: fsswd.com ['/admin/login.asp', '/admin/index.asp', '/admin/login.aspx'] []
USEFUL: fucktubeporn.xyz ['/manage/', '/houtai/', '/dede/', '/user/login'] []
USEFUL: ftp.newwestsymphony.org ['/admin/index.php', '/admin/', '/login.php', '/wp-login.php'] ['wordpress']
[batch 1] 2200/3000 useful=225 dead=1538
USEFUL: fundytiderunners.com ['/wp-login.php'] ['wordpress']
USEFUL: fullscopestaffing.com ['/admin/index.php', '/admin/', '/login.php', '/wp-login.php'] ['wordpress']
USEFUL: futurescan.org ['/admin/login.php', '/admin/index.php', '/admin/', '/admin/login.asp'] []
USEFUL: fwacc.org ['/admin/login.php', '/admin/index.php', '/admin/', '/admin.php'] []
USEFUL: future.com ['/admin/', '/login.php', '/wp-login.php'] ['wordpress']
USEFUL: g7h7y9.com ['/admin/', '/manage/', '/houtai/', '/admin/login'] []
USEFUL: fuyuga.com ['/admin/index.php', '/admin/'] []
USEFUL: fzonesolutions.com ['/admin/index.php', '/admin/', '/login.php', '/wp-login.php'] ['wordpress']
USEFUL: gajihub.com ['/admin/login', '/user/login'] ['wordpress']
USEFUL: gamesyy.com ['/admin/'] []
USEFUL: gainesvillesportscommission.com ['/admin/index.php', '/admin/', '/wp-login.php'] ['wordpress']
USEFUL: gamersnexus.net ['/user/login'] []
USEFUL: gf-property.com ['/admin/', '/admin/login'] []
USEFUL: gao-nn.com ['/admin/', '/wp-login.php'] ['wordpress']
USEFUL: gamingconviction.com ['/admin/index.php', '/admin/', '/login.php', '/wp-login.php'] []
USEFUL: godavaripharmedu.com ['/admin/login.php', '/admin/', '/manage/', '/houtai/'] []
USEFUL: gofestivalsturkiye.com ['/admin/login', '/user/login'] []
USEFUL: goldeneyetrue.com ['/admin/index.php', '/admin/', '/login.php', '/wp-login.php'] ['wordpress']
USEFUL: gonenlisut.com ['/admin/'] []
USEFUL: goggingolf.com ['/wp-login.php'] ['wordpress']
[batch 1] 2400/3000 useful=245 dead=1669
USEFUL: gore.com.cn ['/user/login'] []
USEFUL: goodtexintl.com ['/admin/index.php', '/admin/', '/login.php', '/wp-login.php'] ['wordpress']
USEFUL: good2save.com ['/admin/index.php', '/admin/', '/login.php', '/wp-login.php'] ['wordpress']
USEFUL: goteborg-bookfair.com ['/wp-login.php'] ['wordpress']
USEFUL: gorgeouscaptures.com ['/wp-login.php'] ['wordpress']
USEFUL: graphmine.com ['/admin/', '/manage/', '/admin/login.asp', '/admin/login'] []
USEFUL: gratisvps.net ['/manage/'] []
USEFUL: grandoakspark.com ['/manage/', '/houtai/', '/dede/', '/user/login'] []
USEFUL: grantscause.com ['/admin/index.php', '/admin/', '/login.php', '/wp-login.php'] ['wordpress']
USEFUL: greencartbd.com ['/admin.php', '/login.php', '/wp-login.php', '/user/login'] []
USEFUL: graytoncoastrentals.com ['/user/login'] []
USEFUL: greenerspoon.com ['/admin/'] []
USEFUL: graham-rogers.com ['/login.php'] ['wordpress']
USEFUL: greenconcrete.net ['/admin/', '/login.php', '/wp-login.php'] ['wordpress']
USEFUL: greenscissors.com ['/admin/', '/wp-login.php'] ['wordpress']
USEFUL: greenlightservices.com ['/admin/index.php', '/admin/', '/login.php', '/wp-login.php'] ['wordpress']
USEFUL: grip.eloomi.com ['/admin/', '/manage/', '/houtai/', '/admin/login'] ['wordpress']
USEFUL: greenzay.com ['/admin/index.php', '/admin/', '/login.php', '/admin/login'] ['wordpress']
USEFUL: growingpe.com ['/admin/', '/admin/login'] []
USEFUL: grscoatings.com ['/admin/index.php', '/admin/', '/login.php', '/wp-login.php'] ['wordpress']
USEFUL: growhair.com ['/admin.php', '/login.php', '/manage/', '/houtai/'] []
[batch 1] 2600/3000 useful=266 dead=1797
USEFUL: guangyuwangye.com ['/admin/', '/manage/', '/houtai/', '/dede/'] []
USEFUL: gsxfzy.com ['/admin/login.asp', '/admin/index.asp', '/admin/login.aspx'] []
USEFUL: greenchem.cn ['/admin.php', '/login.php', '/manage/', '/wp-login.php'] []
USEFUL: guanxi.rccchina.com ['/admin/login.php', '/admin/login.asp', '/admin/login', '/admin/login.aspx'] []
USEFUL: guanajuatoinforma.com ['/admin/index.php', '/admin/', '/login.php', '/manage/'] ['wordpress']
USEFUL: guanxinic.com ['/admin.php'] []
USEFUL: guatemala.forchildren.com ['/admin/login.php', '/admin/index.php', '/admin/', '/admin/login.asp'] []
USEFUL: guoouyiqi.com ['/admin/', '/houtai/', '/dede/'] []
USEFUL: gursel.biz ['/admin/login.php', '/admin/index.php', '/admin/'] []
USEFUL: gxzq666.com ['/manage/', '/houtai/', '/dede/', '/user/login'] []
USEFUL: gztodo.com ['/manage/', '/houtai/', '/dede/', '/user/login'] []
USEFUL: gzxinghong.com ['/admin/'] []
USEFUL: h5jz.net ['/admin.php', '/login.php', '/manage/', '/houtai/'] []
USEFUL: gzlaxing.com ['/admin/login.php', '/admin.php', '/login.php', '/admin/login.asp'] []
USEFUL: guvenalcam.com ['/admin/index.php', '/admin/', '/login.php', '/wp-login.php'] ['wordpress']
USEFUL: h-poly.com ['/manage/'] []
USEFUL: hackagong.com ['/wp-login.php'] ['pbootcms', 'wordpress']
USEFUL: haidinghvac.com ['/admin/', '/wp-login.php'] ['wordpress']
USEFUL: halisahaformasi.com ['/admin/login'] []
USEFUL: hairarchitects.com ['/admin/', '/wp-login.php'] ['wordpress']
USEFUL: haiti.forchildren.com ['/admin/login.php', '/admin/index.php', '/admin/', '/admin/login.asp'] []
USEFUL: halica.com ['/admin/login.php', '/admin/index.php', '/admin/', '/admin/login.asp'] []
USEFUL: hanief.com ['/wp-login.php'] ['wordpress']
USEFUL: hammill-institute.org ['/admin/', '/wp-login.php'] ['wordpress']
USEFUL: haoxi.org ['/admin/', '/manage/', '/houtai/', '/admin/login'] []
USEFUL: hapari.com ['/admin/login'] []
USEFUL: hanza.eloomi.com ['/admin/', '/manage/', '/houtai/', '/admin/login'] ['wordpress']
USEFUL: halal-world.com ['/admin/index.php', '/admin/', '/login.php', '/wp-login.php'] ['wordpress']
[batch 1] 2800/3000 useful=294 dead=1912
USEFUL: happyrivers.org ['/admin/login.php'] []
USEFUL: happyking.cn ['/admin/', '/houtai/', '/dede/'] []
USEFUL: happinesstimes.com ['/admin/index.php', '/admin/', '/login.php', '/wp-login.php'] ['wordpress']
USEFUL: happilyheather.com ['/admin/index.php', '/admin/', '/login.php', '/wp-login.php'] ['wordpress']
USEFUL: happyware.com ['/admin/login.php', '/admin/index.php', '/admin/', '/admin/login.asp'] []
USEFUL: harutour.com ['/admin/'] []
USEFUL: harekrishnavillage.org ['/admin/index.php', '/admin/', '/login.php', '/wp-login.php'] ['wordpress']
USEFUL: hardrocktampareservations.com ['/admin/', '/admin/login.aspx'] []
USEFUL: hashgraph.com ['/admin/index.php', '/admin/', '/login.php', '/wp-login.php'] ['wordpress']
USEFUL: haunchofvenison.com ['/admin/index.php', '/admin/', '/login.php', '/wp-login.php'] ['wordpress']
USEFUL: healmindbody.com ['/admin/', '/wp-login.php'] ['wordpress']
USEFUL: healingforthiscentury.com ['/admin/login', '/user/login'] ['wordpress']
USEFUL: healthpoints.info ['/admin/index.php', '/admin/', '/login.php', '/wp-login.php'] ['wordpress']
USEFUL: hdas.biz ['/admin/index.php', '/admin/', '/login.php', '/wp-login.php'] ['wordpress']
USEFUL: helpmecompost.com ['/admin/', '/wp-login.php'] ['wordpress']
USEFUL: helloworlddevs.com ['/admin/index.php', '/admin/', '/login.php', '/wp-login.php'] ['wordpress']
USEFUL: help.90210recovery.com ['/admin/index.php', '/admin/', '/login.php', '/wp-login.php'] ['wordpress']
USEFUL: honduras.forchildren.com ['/admin/login.php', '/admin/index.php', '/admin/', '/admin/login.asp'] []
USEFUL: homemell.com ['/wp-login.php'] ['wordpress']
[batch 1] 3000/3000 useful=313 dead=2027
[batch 1 done] useful=313 dead=2027 alive=660 | total_pool: usable=695 dead=21074
[auto_filter] total=43208 todo=21439 (dead=21074 usable=695)
USEFUL: lucky7.org ['/admin/', '/manage/', '/houtai/', '/dede/'] []
USEFUL: lumkj.com ['/admin.php', '/login.php', '/manage/', '/houtai/'] []
USEFUL: lupkj.com ['/admin.php', '/login.php', '/manage/', '/houtai/'] []
USEFUL: lundrielaw.com ['/admin/', '/wp-login.php'] ['wordpress']
USEFUL: lujosh.com ['/admin/'] []
USEFUL: luckyleke.com ['/admin/', '/manage/', '/houtai/', '/dede/'] []
USEFUL: luminexstores.com ['/admin/index.php', '/admin/', '/login.php', '/admin/login'] ['wordpress']
USEFUL: lvhtebook.com ['/login.php'] []
USEFUL: lyreco.eloomi.com ['/admin/', '/manage/', '/houtai/', '/admin/login'] ['wordpress']
USEFUL: lwt8kd.r14.35.com ['/admin/', '/admin.php', '/login.php', '/manage/'] []
USEFUL: lxsensor.com ['/admin/'] []
USEFUL: lzqkj.com ['/admin/'] []
USEFUL: lynnruthmiller.net ['/admin/index.php', '/admin/', '/login.php', '/wp-login.php'] ['wordpress']
USEFUL: m.dgnyjj.com ['/admin.php', '/login.php', '/manage/', '/houtai/'] []
USEFUL: lysaghtgalvanizedsteelbhd.com ['/wp-login.php'] ['wordpress']
USEFUL: m.ahhxzj.com ['/admin/'] []
USEFUL: m.kehuanpump.com ['/admin/', '/houtai/', '/dede/'] []
[batch 2] 200/3000 useful=17 dead=139
USEFUL: macaugeeker.com ['/admin/index.php', '/admin/', '/wp-login.php'] ['wordpress']
USEFUL: m206.com ['/user/login'] []
USEFUL: mackygonzalez.com ['/admin/index.php', '/admin/', '/login.php', '/wp-login.php'] ['wordpress']
USEFUL: madebymunchkin.com ['/admin/index.php', '/admin/index.asp'] ['wordpress']
USEFUL: maichevietnam.com ['/admin/', '/wp-login.php'] ['wordpress']
USEFUL: maestrosdecorazon.com ['/admin/index.php', '/admin/', '/login.php', '/wp-login.php'] []
USEFUL: mail.7x.com.cn ['/admin.php', '/login.php', '/wp-login.php'] []
USEFUL: mail.andycredit.com ['/admin.php', '/login.php', '/manage/', '/houtai/'] []
USEFUL: magmed.net ['/admin/', '/admin/login'] []
USEFUL: mail.b2b-wizard.com ['/admin/'] []
USEFUL: mail.basaltdynamics.com ['/admin/login'] ['thinkphp']
[batch 2] 400/3000 useful=28 dead=285
USEFUL: mail.caewatch.com ['/wp-login.php'] ['wordpress']
USEFUL: mail.cartemcoins.com ['/admin/login'] []
USEFUL: mail.cagdasspormerkezi.com ['/admin/index.php', '/admin/'] ['thinkphp']
USEFUL: mail.anneliefouquet.com ['/admin/index.php', '/admin/', '/login.php', '/wp-login.php'] ['wordpress']
USEFUL: mail.competencias9000.com ['/login.php'] []
USEFUL: mail.claudiasuniforms.com ['/admin/'] ['wordpress']
USEFUL: mail.cyclubliveapp.com ['/login.php'] []
USEFUL: mail.costsmaster.com ['/admin/index.php', '/admin/', '/login.php', '/wp-login.php'] ['wordpress']
USEFUL: mail.completespeakerssystem.com ['/user/login'] ['wordpress']
USEFUL: mail.lqky.cn ['/admin/login.php', '/admin/login.asp', '/admin/login.aspx'] []
USEFUL: mail.makeyourbitcoin.com ['/admin/login.php', '/admin/index.php', '/admin/', '/admin.php'] []
USEFUL: mail.marketingperparrucchieri.com ['/admin/login.php', '/admin/index.php'] []
USEFUL: mail.mehsoms.net ['/admin/index.php', '/admin/', '/login.php', '/wp-login.php'] ['wordpress']
USEFUL: mail.motoped.com ['/admin/', '/admin/login'] []
USEFUL: mail.brimond.com ['/admin.php'] []
USEFUL: mail.oiiya.com ['/admin/login.php', '/admin/index.php', '/admin/', '/admin.php'] []
USEFUL: mail.focreduc.com ['/admin/index.php', '/wp-login.php'] ['wordpress']
USEFUL: mail.organpipes.net ['/wp-login.php'] []
USEFUL: mail.payacaspian.com ['/admin/index.php', '/houtai/', '/user/login'] []
[batch 2] 600/3000 useful=47 dead=432
USEFUL: mail.plottersdecortegraphtec.com ['/wp-login.php'] []
USEFUL: mail.obionvotes.com ['/login.php'] ['wordpress']
USEFUL: mail.projemakine.com ['/admin/login.php', '/admin/index.php', '/admin.php', '/admin/login'] []
USEFUL: mail.rijikint.com ['/admin/index.php'] []
USEFUL: mail.shoemaniaq.com ['/admin/', '/login.php', '/admin/login.asp', '/admin/index.asp'] []
USEFUL: mail.thaidigitalschool.com ['/admin/index.php', '/admin/'] []
USEFUL: mail.thosoncuago.com ['/admin/index.php', '/admin/', '/wp-login.php'] ['wordpress']
USEFUL: mail.prestigepropertymagazine.com ['/admin/index.php', '/admin/', '/login.php'] ['wordpress']
USEFUL: mail.tonyfouts.com ['/admin/'] ['wordpress']
USEFUL: mail.tibetuprising.org ['/admin/'] ['wordpress']
USEFUL: mail.valley-farm.com ['/admin/index.php', '/admin/index.asp'] []
[batch 2] 800/3000 useful=58 dead=586
USEFUL: main.yulongcloud.com ['/admin/login.php', '/admin/index.php', '/admin/', '/admin.php'] []
USEFUL: maineflyco.com ['/admin/login'] []
USEFUL: mail.spenglerindustries.com ['/admin/', '/login.php', '/wp-login.php'] ['wordpress']
USEFUL: maisondhaiti.com ['/admin/login'] []
USEFUL: mainstayappraisal.com ['/admin.php', '/login.php', '/manage/', '/houtai/'] []
USEFUL: mail.ytukampus.com ['/admin/index.php', '/admin/', '/wp-login.php'] ['wordpress']
USEFUL: majestity.com ['/admin/login'] []
USEFUL: mainegarageflooring.com ['/admin/login.php', '/admin/index.php', '/admin/login.asp', '/admin/index.asp'] []
USEFUL: makenotion.com ['/admin/', '/manage/', '/houtai/', '/admin/login'] []
USEFUL: makscpl.com ['/admin/login.php'] []
USEFUL: maisteel.com ['/login.php'] []
USEFUL: maisumdev.com ['/admin/index.php', '/admin/', '/login.php', '/wp-login.php'] ['wordpress']
USEFUL: maksters.com ['/admin/login'] []
USEFUL: maleocustom.com ['/admin/login'] []
USEFUL: malayalam.nativeplanet.com ['/admin/', '/manage/', '/houtai/', '/dede/'] []
USEFUL: makeitgeeky.com ['/admin/index.php', '/admin/', '/login.php', '/wp-login.php'] ['wordpress']
USEFUL: makisgaziscasting.com ['/admin/index.php', '/admin/', '/wp-login.php'] ['pbootcms', 'wordpress']
USEFUL: malawi.forchildren.com ['/admin/login.php', '/admin/index.php', '/admin/', '/admin/login.asp'] []
USEFUL: maksimasenov.org ['/admin/', '/wp-login.php'] ['wordpress']
USEFUL: maltepekiralikvinc.com ['/admin/index.php', '/admin/', '/wp-login.php'] ['wordpress']
USEFUL: maller1.com ['/admin.php'] ['phpcms']
USEFUL: malibuusf.com ['/login.php', '/wp-login.php'] ['wordpress']
USEFUL: man.mailzapp.com ['/admin/login.php', '/admin/index.php', '/admin/', '/admin/login.aspx'] []
USEFUL: manganel.me ['/user/login'] []
USEFUL: manhattan.lumenchapter.com ['/manage/', '/admin/login'] []
USEFUL: manikur.04563.com ['/admin.php', '/admin/login', '/user/login'] []
USEFUL: mangotree.cn ['/admin/', '/admin/login', '/admin/login.aspx'] []
USEFUL: maltasbest.com ['/admin/index.php', '/admin/', '/login.php', '/wp-login.php'] []
USEFUL: manualdemoda.com ['/admin/login'] []
USEFUL: manuelbeltrandesign.com ['/admin/', '/manage/', '/houtai/', '/dede/'] []
USEFUL: manaloft.com ['/manage/', '/houtai/', '/dede/'] []
USEFUL: manufacturer.stylemixthemes.com ['/admin/index.php', '/admin/', '/wp-login.php'] ['wordpress']
USEFUL: mandrakemedia.com ['/manage/', '/houtai/', '/dede/', '/user/login'] []
USEFUL: manitoubooks.com ['/manage/', '/houtai/', '/user/login'] []
USEFUL: manerpc.biz ['/manage/'] ['wordpress']
USEFUL: manilataxi.com ['/manage/', '/houtai/', '/user/login'] []
USEFUL: margaretbiggs.com ['/admin/login'] []
USEFUL: manobet.com ['/houtai/', '/dede/', '/user/login'] []
USEFUL: marcwinn.com ['/admin/', '/manage/', '/houtai/', '/admin/login'] []
[batch 2] 1000/3000 useful=97 dead=702
USEFUL: marbellaonlineartauction.com ['/admin/index.php', '/admin/', '/login.php', '/wp-login.php'] ['wordpress']
USEFUL: manysuccess.com ['/houtai/', '/dede/'] []
USEFUL: margoe.com ['/admin/', '/manage/', '/houtai/', '/admin/login'] []
USEFUL: marcosassad.com ['/admin/index.php', '/admin/', '/login.php', '/wp-login.php'] ['pbootcms', 'wordpress']
USEFUL: marketbeatdaily.com ['/admin/'] []
USEFUL: marketing.sparefoot.com ['/admin/index.php', '/admin/', '/login.php', '/wp-login.php'] ['wordpress']
USEFUL: marrerocollection.com ['/admin/login'] []
USEFUL: marrymewinecountry.com ['/admin/', '/wp-login.php'] ['wordpress']
USEFUL: marsxventures.com ['/houtai/'] []
USEFUL: marshbell.com ['/admin/', '/wp-login.php'] ['wordpress']
USEFUL: marmuro.com ['/admin/'] []
USEFUL: masterwallet.net ['/admin/login.php'] []
USEFUL: masimo-semi.net ['/admin/login.php', '/admin/index.php', '/admin/login.asp', '/admin/index.asp'] ['wordpress']
USEFUL: matatools.com ['/admin/login.php', '/admin.php', '/login.php', '/admin/login.asp'] []
USEFUL: materialsanalytics.com ['/admin/login.php', '/login.php', '/dede/'] []
USEFUL: matildebeldroegablog.com ['/wp-login.php'] ['wordpress']
USEFUL: matrabali.com ['/admin/'] []
USEFUL: masumahmad.com ['/admin/index.php', '/admin/', '/login.php', '/wp-login.php'] ['wordpress']
USEFUL: marshallcranes.com ['/admin/index.php', '/admin/', '/login.php', '/wp-login.php'] ['wordpress']
USEFUL: masterpiecefitness.com ['/admin/index.php', '/admin/', '/login.php', '/wp-login.php'] ['pbootcms', 'wordpress']
USEFUL: maximmedicalus.com ['/admin/login'] []
USEFUL: maxusnails.com ['/admin/login'] []
USEFUL: mauriciomoreno.com ['/manage/', '/admin/login', '/user/login'] ['wordpress']
USEFUL: maynuu.com ['/admin/'] []
USEFUL: maxwin68.com ['/admin/', '/manage/', '/houtai/', '/admin/login'] []
USEFUL: maxkennedy.org ['/wp-login.php'] ['wordpress']
USEFUL: mbaygg.r14.35.com ['/admin/', '/admin.php', '/login.php', '/manage/'] []
USEFUL: mbsv.net ['/admin.php', '/admin/login.asp', '/dede/'] []
USEFUL: maximalatina.com ['/manage/', '/houtai/', '/dede/', '/user/login'] []
[batch 2] 1200/3000 useful=126 dead=809
USEFUL: mcasino2020.com ['/admin/index.php', '/admin/', '/login.php', '/wp-login.php'] ['wordpress']
USEFUL: mcivormarketing.com ['/admin/', '/wp-login.php'] ['wordpress']
USEFUL: mctx.org ['/admin.php'] ['thinkphp']
USEFUL: mcarvalhor.com ['/admin/'] []
USEFUL: mdclv.com ['/admin/', '/manage/', '/wp-login.php'] ['wordpress']
USEFUL: mdrdirectories.net ['/login.php', '/manage/', '/houtai/', '/dede/'] ['wordpress']
USEFUL: meadowsfamilydental.com ['/admin/index.php', '/admin/', '/login.php', '/wp-login.php'] ['wordpress']
USEFUL: mech-mind.com.cn ['/admin/', '/user/login'] []
USEFUL: medsearch.genextech.biz ['/admin/', '/admin/login'] []
USEFUL: medicobeauty.com ['/admin/login'] []
USEFUL: mecanicaylaminacion.com ['/login.php', '/wp-login.php'] ['wordpress']
USEFUL: memoriesunlimited.net ['/admin/login'] []
USEFUL: meeting-dynamics.com ['/admin/', '/wp-login.php'] ['wordpress']
USEFUL: memphisrestaurantsupply.com ['/admin/login'] []
USEFUL: mein-escooter.net ['/admin/login'] []
USEFUL: meublefactory.com ['/admin/login'] []
USEFUL: medhealpharma.com ['/admin/index.php', '/admin/', '/login.php', '/wp-login.php'] ['wordpress']
USEFUL: millys-boutique.com ['/admin/login'] []
USEFUL: midlandgems.com ['/manage/', '/houtai/', '/admin/login', '/dede/'] []
USEFUL: michaela-jolanda.com ['/admin/index.php', '/admin/', '/login.php', '/wp-login.php'] ['wordpress']
USEFUL: mimshoes.com ['/admin/login'] []
USEFUL: milumino.com ['/admin/login'] []
USEFUL: michelleostrove.net ['/admin/', '/wp-login.php'] []
USEFUL: minicine.org ['/user/login'] []
USEFUL: mingyangshijia.cn ['/admin/index.php', '/admin/'] []
USEFUL: miolet.com ['/admin/index.php', '/admin/', '/wp-login.php'] ['wordpress']
USEFUL: minjeng.com ['/manage/'] ['wordpress']
USEFUL: minneapolisoxygen.com ['/admin/index.php', '/admin/', '/login.php', '/wp-login.php'] ['wordpress']
USEFUL: mischga.com ['/manage/', '/houtai/', '/admin/login', '/dede/'] []
USEFUL: miscanciones.net ['/admin/', '/manage/', '/houtai/', '/admin/login'] []
USEFUL: mistikbebe.com ['/admin/index.php', '/admin/', '/login.php', '/wp-login.php'] ['pbootcms', 'wordpress']
USEFUL: mistcannons.com ['/admin/', '/wp-login.php'] ['wordpress']
USEFUL: missionbayresort.com ['/admin/index.php', '/admin/', '/login.php', '/wp-login.php'] ['wordpress']
USEFUL: mksa.top ['/admin/', '/manage/', '/houtai/', '/admin/login'] []
USEFUL: missionbeach.com ['/admin/index.php', '/admin/', '/login.php', '/wp-login.php'] ['wordpress']
USEFUL: mixconsultancy.com ['/admin/index.php', '/admin/', '/login.php', '/wp-login.php'] ['wordpress']
USEFUL: missingpieceproject.org ['/admin/', '/wp-login.php'] ['pbootcms', 'wordpress']
[batch 2] 1400/3000 useful=163 dead=905
USEFUL: mivudc.com ['/admin/login.php', '/admin/index.php', '/admin/login.asp', '/admin/index.asp'] []
USEFUL: mkand.com ['/admin/login.php', '/admin/index.php', '/admin/', '/admin.php'] []
USEFUL: mms02.okinawacloud.com ['/login.php', '/houtai/', '/user/login'] []
USEFUL: mnktpptrust.com ['/admin/', '/manage/', '/houtai/', '/admin/login'] []
USEFUL: mnsconstruction.net ['/admin/', '/wp-login.php'] ['pbootcms', 'wordpress']
USEFUL: mltk.cn ['/admin/index.php', '/admin/', '/login.php', '/wp-login.php'] ['wordpress']
USEFUL: mmsediment.com ['/admin/index.php', '/admin/', '/login.php', '/wp-login.php'] ['wordpress']
USEFUL: mobilecommons.com ['/admin/index.php', '/admin/', '/login.php', '/wp-login.php'] ['wordpress']
USEFUL: modelundp.org ['/admin/login.php', '/admin/index.php', '/admin/login.asp', '/admin/index.asp'] []
USEFUL: modernanddandy.com ['/admin/login'] []
USEFUL: modernfueldesign.com ['/admin/login'] []
USEFUL: mobilepenthouse.com ['/admin/login.php', '/admin/index.php', '/admin/login.asp', '/admin/index.asp'] ['wordpress']
USEFUL: modusstudios.com ['/admin/login.php', '/manage/', '/houtai/'] []
USEFUL: modaeleganta.com ['/admin/index.php', '/admin/', '/login.php', '/wp-login.php'] ['wordpress']
USEFUL: mobilyacht.com ['/admin/index.php', '/admin/', '/login.php', '/wp-login.php'] ['wordpress']
USEFUL: mokkacuts.com ['/admin/index.php', '/admin/', '/wp-login.php'] ['wordpress']
USEFUL: molecularpsychology.org ['/manage/', '/houtai/', '/dede/', '/wp-login.php'] []
USEFUL: modernlock.com ['/admin/', '/manage/', '/houtai/', '/dede/'] []
USEFUL: momenttocaffe.com ['/admin/login'] []
USEFUL: moghost.com ['/admin.php', '/login.php', '/manage/', '/houtai/'] []
USEFUL: momsmeetups.com ['/wp-login.php'] []
USEFUL: molitech.com ['/admin.php', '/login.php', '/manage/'] []
USEFUL: mondaymorningpositivity.com ['/admin/login.php', '/admin/index.php', '/admin/', '/admin.php'] []
USEFUL: momsavesmoney.net ['/admin/index.php', '/admin/', '/login.php', '/wp-login.php'] ['wordpress']
USEFUL: monksbouffe.com ['/admin/login'] []
USEFUL: monotypefonts.com ['/admin/login'] []
USEFUL: mobilityconceptsinc.com ['/admin/', '/wp-login.php'] ['wordpress']
USEFUL: molom.com ['/manage/', '/houtai/', '/dede/'] []
USEFUL: montesite.com ['/admin.php'] []
USEFUL: monsterenergynascarcupseries.com ['/admin/login.php', '/admin/index.php', '/admin/login.asp', '/admin/index.asp'] []
USEFUL: monicalsemployeesurvey.com ['/admin/login.php', '/admin/index.php', '/admin/login.asp', '/admin/index.asp'] []
USEFUL: monsternascarseries.com ['/admin/login.php', '/admin/index.php', '/admin/login.asp', '/admin/index.asp'] []
USEFUL: monicalsfeedback.com ['/admin/login.php', '/admin/index.php', '/admin/login.asp', '/admin/index.asp'] []
USEFUL: moneyjab.com ['/manage/', '/houtai/', '/user/login'] []
USEFUL: moocreativemedia.com ['/admin/index.php', '/admin/', '/wp-login.php'] ['pbootcms']
USEFUL: moraldistaste.com ['/admin/login'] []
USEFUL: moowafek.com ['/user/login'] []
[batch 2] 1600/3000 useful=200 dead=1013
USEFUL: moredownload.com ['/admin/index.php', '/admin/', '/login.php', '/wp-login.php'] ['wordpress']
USEFUL: mota-shop.com ['/admin/login'] []
USEFUL: motherearthsoil.com ['/admin/login'] []
USEFUL: motherearthsoil.net ['/admin/login'] []
USEFUL: morgantaylorprofessional.biz ['/admin/login.php', '/admin/index.php', '/admin/login.asp', '/admin/index.asp'] []
USEFUL: morleyonline.com ['/admin/index.php', '/admin/', '/login.php', '/wp-login.php'] ['pbootcms', 'wordpress']
USEFUL: mothertara.org ['/admin/index.php', '/admin/'] []
USEFUL: morfonica.cn ['/wp-login.php'] ['wordpress']
USEFUL: mosesbailbonds.com ['/admin/', '/manage/', '/houtai/', '/admin/login'] []
USEFUL: motorcityhubcap.com ['/admin/', '/manage/', '/houtai/', '/admin/login'] []
USEFUL: motorfocus.com ['/wp-login.php'] ['wordpress']
USEFUL: motolines.com ['/wp-login.php'] ['wordpress']
USEFUL: mountainculturekombucha.com ['/admin/', '/manage/', '/houtai/', '/admin/login'] []
USEFUL: motorlifemuseum.com ['/admin/index.php', '/admin/', '/login.php', '/wp-login.php'] ['wordpress']
USEFUL: mplrs.com ['/admin/index.php', '/admin/', '/admin.php', '/wp-login.php'] []
USEFUL: mscml.com ['/admin/', '/admin/login.asp'] []
USEFUL: mresidencenow.com ['/admin/index.php', '/admin/', '/login.php', '/wp-login.php'] ['wordpress']
USEFUL: mp-machinery.com ['/admin/login.php', '/admin.php', '/login.php', '/admin/login.asp'] []
USEFUL: mspcanteen.com ['/admin/login'] []
USEFUL: mrcool4ac.com ['/admin/', '/wp-login.php'] ['wordpress']
USEFUL: muaanhshutterstock.com ['/login.php'] []
USEFUL: mtjrak.com ['/admin/index.php', '/admin/index.asp', '/admin/login'] []
USEFUL: mulaye.com ['/admin/login'] []
USEFUL: multiedges.com ['/admin/index.php', '/admin/', '/login.php', '/wp-login.php'] ['wordpress']
USEFUL: murdebrique.com ['/admin/', '/wp-login.php'] ['wordpress']
[batch 2] 1800/3000 useful=225 dead=1138
USEFUL: mustardsneakers.com ['/admin/login'] []
USEFUL: mugah.com ['/manage/', '/houtai/', '/dede/', '/user/login'] []
USEFUL: mowrygroup.com ['/admin/index.php', '/admin/', '/login.php'] ['wordpress']
USEFUL: mvphangout.com ['/admin/', '/manage/', '/houtai/', '/admin/login'] []
USEFUL: mujeresontop.com ['/admin/index.php', '/admin/', '/login.php', '/wp-login.php'] ['wordpress']
USEFUL: mxturhandmade.com ['/admin/login'] []
USEFUL: myanmar.forchildren.com ['/admin/login.php', '/admin/index.php', '/admin/', '/admin/login.asp'] []
USEFUL: myboilerbuddy.com ['/admin/index.php', '/admin/', '/login.php', '/wp-login.php'] ['wordpress']
USEFUL: myflippingtools.com ['/admin/', '/admin/login'] []
USEFUL: mybestlawn.com ['/admin/', '/wp-login.php'] ['wordpress']
USEFUL: mydentaladvocate.com ['/admin/', '/wp-login.php'] []
USEFUL: mydear-agency.com ['/admin/', '/manage/', '/admin/login', '/dede/'] []
USEFUL: mycoleaccount.net ['/admin/login.php', '/admin/index.php', '/admin/login.asp', '/admin/index.asp'] []
USEFUL: mxvod.com ['/user/login'] []
USEFUL: mylittlemonkeys.com ['/admin/login'] []
USEFUL: myactivity.com ['/manage/', '/dede/'] []
USEFUL: mymseed.com ['/admin/'] []
USEFUL: mylegalzoom.biz ['/admin/login.php', '/admin/index.php', '/admin/login.asp', '/admin/index.asp'] []
[batch 2] 2000/3000 useful=243 dead=1290
USEFUL: myhomeworkassist.com ['/wp-login.php'] ['wordpress']
USEFUL: mynikevisit-ch.com ['/admin/login.php', '/admin/index.php', '/admin/login.asp', '/admin/index.asp'] []
USEFUL: mymicroworldonline.com ['/manage/', '/houtai/', '/dede/', '/user/login'] []
USEFUL: myshippingcontainers.com ['/admin/'] []
USEFUL: mynikevisit-hr.com ['/admin/login.php', '/admin/index.php', '/admin/login.asp', '/admin/index.asp'] []
USEFUL: mytvboss.org ['/admin/index.php', '/admin/', '/admin/login.asp', '/admin/index.asp'] []
USEFUL: mysafety.cn ['/login.php'] []
USEFUL: myweddinginvites.com ['/admin/', '/wp-login.php'] ['pbootcms', 'wordpress']
USEFUL: myzmanim.com ['/admin/', '/admin/login.aspx'] []
USEFUL: n6b8p5.com ['/admin/', '/manage/', '/houtai/', '/admin/login'] []
USEFUL: mytravellerschoice.com ['/admin.php', '/login.php', '/wp-login.php'] []
USEFUL: myshaksales.com ['/admin/index.php', '/admin/', '/login.php', '/wp-login.php'] ['wordpress']
USEFUL: nachbarflirts.com ['/wp-login.php'] []
USEFUL: naftmedia.net ['/admin/login.php', '/admin/index.php', '/admin/login.asp', '/admin/index.asp'] []
USEFUL: nalitwie.com ['/admin/index.php', '/admin/', '/login.php', '/wp-login.php'] ['wordpress']
USEFUL: myweightlosssurgerynow.com ['/admin/index.php', '/admin/', '/login.php', '/wp-login.php'] ['wordpress']
USEFUL: nacecare.com ['/admin/', '/login.php', '/wp-login.php'] ['wordpress']
USEFUL: nail-studio.com ['/manage/', '/houtai/', '/dede/', '/user/login'] []
USEFUL: namufoodcart.com ['/admin/index.php', '/admin/', '/login.php', '/wp-login.php'] ['wordpress']
USEFUL: namemanagers.com ['/manage/', '/dede/', '/user/login'] []
USEFUL: narnj.com ['/login.php'] []
USEFUL: naturalawn.com ['/admin/', '/user/login'] []
USEFUL: naturalandunshaven.com ['/admin/index.php', '/admin/', '/login.php', '/admin/login'] ['wordpress']
USEFUL: nastyjuiceeu.com ['/admin/index.php', '/login.php', '/wp-login.php'] ['wordpress']
USEFUL: naukrigov.com ['/admin/index.php', '/admin/', '/login.php', '/wp-login.php'] ['wordpress']
USEFUL: naturalhairandlifestyle.com ['/admin/index.php', '/admin/', '/login.php', '/wp-login.php'] ['wordpress']
USEFUL: natural-foods.com ['/manage/', '/houtai/', '/dede/', '/user/login'] []
USEFUL: nb5d.com ['/manage/', '/houtai/', '/dede/', '/user/login'] []
[batch 2] 2200/3000 useful=271 dead=1398
USEFUL: nbnaheng.com ['/admin.php'] []
USEFUL: nazhi.com ['/login.php'] []
USEFUL: nc-rogla.com ['/admin/', '/manage/', '/houtai/', '/admin/login'] []
USEFUL: ncagd.org ['/wp-login.php'] ['wordpress']
USEFUL: needagift.biz ['/admin/login'] []
USEFUL: ncaeonline.org ['/admin/index.php', '/admin/', '/login.php', '/wp-login.php'] ['wordpress']
USEFUL: nepmovies.com ['/admin/'] []
USEFUL: neo-sanki.com ['/admin/login.asp'] []
USEFUL: neptunic.com ['/admin/login'] []
USEFUL: nehle.com ['/houtai/', '/dede/', '/user/login'] []
USEFUL: nerdyradar.com ['/admin/index.php', '/admin/', '/login.php', '/wp-login.php'] ['wordpress']
USEFUL: neng-bo.com ['/admin/'] []
USEFUL: nemojames.com ['/admin/', '/login.php', '/wp-login.php'] ['wordpress']
USEFUL: nepalraftar.com ['/admin/index.php', '/admin/', '/login.php', '/wp-login.php'] ['wordpress']
USEFUL: neilgreenberg.org ['/admin/', '/admin/login.asp', '/admin/index.asp', '/admin/login'] []
USEFUL: netgaste.com ['/user/login'] []
USEFUL: neohairtransplant.com ['/admin/index.php', '/admin/', '/login.php', '/wp-login.php'] ['wordpress']
USEFUL: nestesco.com ['/admin/index.php', '/admin/', '/login.php', '/wp-login.php'] ['wordpress']
USEFUL: neutralskies.com ['/admin.php', '/login.php', '/manage/', '/houtai/'] []
USEFUL: netshapetech.com.cn ['/manage/'] []
USEFUL: netistic.com ['/houtai/', '/dede/', '/user/login'] []
USEFUL: networktool.net ['/manage/', '/houtai/', '/user/login'] []
USEFUL: newborndoc.com ['/admin.php'] []
USEFUL: newdynamicllc.com ['/admin/index.php', '/admin/', '/login.php', '/wp-login.php'] ['wordpress']
USEFUL: newlinktech.com.cn ['/admin/'] []
USEFUL: neuteil.com ['/admin/login.php', '/admin/', '/login.php', '/admin/index.asp'] []
USEFUL: news.dailywire.com ['/wp-login.php'] ['wordpress']
USEFUL: networkfortravel.com ['/admin/login.php', '/admin/index.php', '/admin.php', '/login.php'] []
USEFUL: newsroom.collegeboard.org ['/admin/login.php', '/admin/index.php', '/admin/', '/admin/login.asp'] []
[batch 2] 2400/3000 useful=300 dead=1518
USEFUL: neureuter.com ['/admin/login.php', '/admin/index.php', '/admin/', '/login.php'] []
USEFUL: news.zhipin.com ['/manage/', '/admin/index.asp', '/houtai/', '/dede/'] []
USEFUL: news4sanantonio.net ['/admin/login.php', '/admin/index.php', '/admin/login.asp', '/admin/index.asp'] []
USEFUL: newyorkfed.org ['/admin/', '/manage/', '/houtai/', '/admin/login'] []
USEFUL: newstook.com ['/admin/index.php', '/admin/', '/login.php', '/wp-login.php'] ['wordpress']
USEFUL: nextdoordigest.com ['/admin/index.php', '/admin/', '/login.php', '/wp-login.php'] ['wordpress']
USEFUL: nicaragua.forchildren.com ['/admin/login.php', '/admin/index.php', '/admin/', '/admin/login.asp'] []
USEFUL: ngkwgw.com ['/admin/'] []
USEFUL: nicholsinsurancegroup.com ['/admin/login.php', '/admin/index.php', '/admin/login.asp', '/admin/index.asp'] ['wordpress']
USEFUL: nickjonesre.com ['/user/login'] []
USEFUL: ngsyglhh.com ['/admin/'] []
USEFUL: ninebrae.com ['/admin/', '/admin.php', '/login.php', '/manage/'] []
USEFUL: nightowlinteractive.com ['/admin/index.php', '/admin/', '/wp-login.php'] ['wordpress']
USEFUL: nita-marie.com ['/wp-login.php'] ['wordpress']
USEFUL: nisukaindustries.com ['/admin/index.php', '/admin/', '/login.php', '/wp-login.php'] ['wordpress']
USEFUL: nitamilfmarie.com ['/wp-login.php'] ['wordpress']
USEFUL: njhdjt.com ['/admin.php'] []
USEFUL: njtzsc.com ['/admin/', '/manage/', '/houtai/', '/admin/login'] []
USEFUL: njfamilyvisionsource.com ['/admin/login.php', '/admin/index.php', '/admin/login.asp', '/admin/index.asp'] []
USEFUL: nobetyaz.com ['/admin/', '/admin/login'] []
[batch 2] 2600/3000 useful=320 dead=1634
USEFUL: noiascape.com ['/admin/index.php', '/admin/', '/login.php', '/wp-login.php'] ['wordpress']
USEFUL: noaintroserve.com ['/admin/index.php', '/admin/', '/login.php', '/wp-login.php'] ['pbootcms']
USEFUL: northchalets.com ['/admin/index.php', '/wp-login.php'] ['wordpress']
USEFUL: nomadicsamuel.com ['/admin/index.php', '/admin/', '/login.php', '/wp-login.php'] ['wordpress']
USEFUL: northcoastcomms.com ['/admin/', '/wp-login.php'] ['wordpress']
USEFUL: northernnevadarealtor.com ['/admin/', '/wp-login.php'] ['wordpress']
USEFUL: nonprofitlibrary.com ['/admin/index.php', '/admin/', '/login.php'] []
USEFUL: north-sun.com ['/manage/'] []
USEFUL: noticiasyprogramas.com ['/admin/', '/admin/login', '/wp-login.php', '/user/login'] ['wordpress']
USEFUL: norwoodgov.com ['/admin/index.php', '/admin/', '/login.php', '/wp-login.php'] ['wordpress']
USEFUL: northerndoorsystems.com ['/admin/index.php', '/admin/', '/login.php', '/wp-login.php'] ['wordpress']
USEFUL: nqbtro.r14.35.cn ['/admin/', '/admin.php', '/login.php', '/manage/'] []
USEFUL: noticiassaludables.com ['/admin/index.php', '/admin/', '/login.php', '/wp-login.php'] ['wordpress']
USEFUL: nrawta.com ['/admin/login', '/user/login'] ['wordpress']
USEFUL: nshinc.com ['/user/login'] []
USEFUL: ns2.megason-sonorisation.com ['/admin/index.php', '/admin/', '/login.php', '/wp-login.php'] ['wordpress']
[batch 2] 2800/3000 useful=336 dead=1771
USEFUL: ntxdenton.com ['/admin/index.php', '/admin/', '/login.php', '/wp-login.php'] ['wordpress']
USEFUL: nursejessy.com ['/admin/index.php', '/admin/', '/login.php', '/wp-login.php'] []
USEFUL: ntcsonline.com ['/admin/index.php', '/admin/', '/login.php', '/wp-login.php'] ['wordpress']
USEFUL: ny884.com ['/admin/', '/manage/', '/houtai/', '/admin/login'] []
USEFUL: nyfedeconomists.org ['/admin/', '/manage/', '/houtai/', '/admin/login'] []
USEFUL: nyomnyomcoffee.com ['/admin/', '/wp-login.php'] ['wordpress']
USEFUL: nystartax.com ['/admin/index.php', '/admin/'] ['pbootcms', 'wordpress']
USEFUL: o6t7u7.com ['/admin/', '/manage/', '/houtai/', '/admin/login'] []
USEFUL: ny-americansecurityfpirefund.net ['/admin/login.php', '/admin/index.php', '/admin/login.asp', '/admin/index.asp'] []
USEFUL: nydis.org ['/admin/', '/wp-login.php'] ['wordpress']
USEFUL: oem.informamarkets-info.com ['/manage/', '/houtai/', '/admin/login', '/dede/'] []
USEFUL: nytheatrecast.com ['/admin/index.php', '/admin/', '/login.php', '/wp-login.php'] ['wordpress']
USEFUL: olvidalacama.com ['/admin/', '/admin.php', '/login.php', '/admin/login'] []
USEFUL: oceanwavesmedical.com ['/admin/index.php', '/admin/', '/login.php', '/wp-login.php'] ['wordpress']
USEFUL: orraoptometrist.com ['/admin/index.php', '/admin/'] []
USEFUL: ohiosmiles.com ['/admin/', '/wp-login.php'] []
USEFUL: osbtt.org ['/admin/login.php', '/admin/index.php'] []
USEFUL: oshoquotes.net ['/admin/', '/wp-login.php'] ['wordpress']
USEFUL: obionvotes.com ['/login.php'] ['wordpress']
USEFUL: oromoctovethospital.com ['/admin/index.php', '/admin/', '/login.php', '/wp-login.php'] ['wordpress']
USEFUL: osegredodavitoria.com ['/wp-login.php'] ['wordpress']
USEFUL: otrabalhador.com ['/admin/', '/wp-login.php'] []
USEFUL: oszikz.r14.35.com ['/admin/', '/admin.php', '/login.php', '/manage/'] []
USEFUL: oxtradegift.com ['/login.php'] []
USEFUL: outdoorcreationslandscaping.com ['/admin/', '/manage/', '/wp-login.php'] ['wordpress']
USEFUL: owa.travelbelize.org ['/admin.php', '/login.php', '/wp-login.php'] []
USEFUL: p7a6t6.com ['/admin/', '/manage/', '/houtai/', '/admin/login'] []
USEFUL: oxi-line.net ['/admin/login.php', '/admin/index.php', '/admin/login.asp', '/admin/index.asp'] []
USEFUL: p4adnow.org ['/login.php', '/wp-login.php'] ['wordpress']
USEFUL: pacificdigitalworks.com ['/admin/index.php', '/admin/', '/login.php', '/wp-login.php'] ['thinkphp', 'wordpress']
USEFUL: oxfordretirement.com ['/wp-login.php'] ['wordpress']
[batch 2] 3000/3000 useful=367 dead=1891
[batch 2 done] useful=367 dead=1891 alive=742 | total_pool: usable=1062 dead=22965
[auto_filter] total=44569 todo=20542 (dead=22965 usable=1062)
USEFUL: robboblox.brickowl.com ['/user/login'] []
USEFUL: rmueller.com ['/admin/', '/wp-login.php'] []
USEFUL: rlmoebeshealthcoach.com ['/admin/', '/wp-login.php'] ['wordpress']
USEFUL: roc.com ['/admin/login'] []
USEFUL: rmcphotoworks.com ['/admin/index.php', '/admin/', '/login.php', '/wp-login.php'] ['wordpress']
USEFUL: rockfonea.showpad.biz ['/admin/', '/admin/login', '/user/login'] []
USEFUL: roamingchina.com ['/admin/index.php', '/admin/', '/login.php', '/wp-login.php'] ['wordpress']
USEFUL: rltcare.com ['/user/login'] []
USEFUL: romantikdate.com ['/wp-login.php'] []
USEFUL: rosettahomestead.com ['/admin/index.php', '/admin/', '/login.php', '/wp-login.php'] ['wordpress']
USEFUL: royalalbertproperties.com ['/admin/', '/manage/', '/houtai/', '/dede/'] []
USEFUL: roshaninteriors.com ['/admin/', '/admin/login'] []
USEFUL: roulette77emirates.com ['/admin.php'] []
USEFUL: rosimarketing.com ['/admin/login', '/user/login'] ['wordpress']
USEFUL: roots-immigration.com ['/admin/index.php', '/admin/', '/login.php', '/wp-login.php'] ['wordpress']
USEFUL: rpsprotects.com ['/admin/', '/wp-login.php'] ['wordpress']
USEFUL: rtb.adplay-mobile.com ['/admin/'] []
USEFUL: rubberx.net ['/admin.php', '/dede/'] []
USEFUL: ruixinpak.com ['/admin/login.aspx'] []
USEFUL: ruleta77honduras.com ['/admin.php'] []
USEFUL: ruangsaham.com ['/admin/index.php', '/admin/', '/login.php', '/wp-login.php'] ['wordpress']
[batch 3] 200/3000 useful=21 dead=119
USEFUL: ruizloemilio.com ['/admin/index.php', '/admin/', '/login.php', '/wp-login.php'] ['wordpress']
USEFUL: runnianchina.com ['/wp-login.php', '/user/login'] []
USEFUL: roofingcenter.org ['/admin/index.php', '/admin/', '/login.php', '/wp-login.php'] ['wordpress']
USEFUL: ruterekstern.eloomi.com ['/admin/', '/manage/', '/houtai/', '/admin/login'] ['wordpress']
USEFUL: rutgers.myonplanu.com ['/admin/'] []
USEFUL: rvsolarthatworks.com ['/admin/index.php', '/admin/', '/wp-login.php'] ['wordpress']
USEFUL: royalballoon.com ['/admin.php', '/manage/', '/admin/index.asp', '/admin/login'] ['wordpress']
USEFUL: rvltech.com ['/admin/index.php', '/admin/', '/login.php', '/wp-login.php'] ['wordpress']
USEFUL: s3eng.mavistutorial.com ['/admin/login.php', '/admin/index.php'] []
USEFUL: s.zhipin.com ['/admin/index.php', '/admin/', '/manage/', '/admin/index.asp'] []
USEFUL: sadebaron.com ['/admin/', '/manage/', '/houtai/', '/dede/'] ['wordpress']
USEFUL: saffronrestaurantwinnipeg.com ['/manage/', '/houtai/', '/dede/', '/user/login'] []
USEFUL: safetyware.com ['/admin/', '/manage/', '/wp-login.php'] []
USEFUL: runhuajiancai.com ['/admin/', '/admin/index.asp', '/admin/login', '/user/login'] []
USEFUL: safetygps-eg.com ['/wp-login.php'] ['wordpress']
USEFUL: sagaramobile.com ['/admin/index.php', '/admin/', '/login.php', '/wp-login.php'] ['wordpress']
USEFUL: saigontasteedmonton.com ['/manage/', '/houtai/', '/dede/', '/user/login'] []
USEFUL: sailwinlight.com ['/admin/'] []
USEFUL: safehousecrisiscenter.org ['/wp-login.php'] ['wordpress']
USEFUL: sakgrouptr.com ['/admin/'] []
USEFUL: sajagindia.com ['/admin/index.php', '/admin/', '/login.php', '/wp-login.php'] ['wordpress']
USEFUL: salonesdebellezapr.com ['/admin/'] []
USEFUL: salaninja.com ['/admin/index.php', '/wp-login.php'] ['wordpress']
USEFUL: salondart.org ['/admin/', '/wp-login.php'] ['wordpress']
USEFUL: salires.com ['/admin/index.php', '/admin/', '/login.php', '/wp-login.php'] ['wordpress']
[batch 3] 400/3000 useful=46 dead=258
USEFUL: sahinotogaz.com ['/admin/'] []
USEFUL: sailhokukea.com ['/admin/', '/login.php', '/admin/login.asp', '/admin/index.asp'] ['wordpress']
USEFUL: samzal.com ['/admin.php', '/wp-login.php'] []
USEFUL: samunprai.net ['/admin/index.php', '/admin/'] []
USEFUL: sandboxnv.com ['/admin/index.php', '/admin/', '/login.php', '/wp-login.php'] ['wordpress']
USEFUL: sanfordlake.net ['/admin/', '/manage/', '/houtai/', '/admin/login'] []
USEFUL: sanluisfilmfestival.com ['/admin/index.php', '/admin/', '/wp-login.php'] ['wordpress']
USEFUL: sarahdevens.com ['/admin/', '/wp-login.php'] ['wordpress']
USEFUL: sartellpediatrics.com ['/admin/login.php', '/admin/index.php', '/admin/', '/admin/login.asp'] []
USEFUL: saof.org ['/admin/', '/manage/', '/houtai/', '/admin/login'] []
USEFUL: sarjkablosu.com ['/admin/', '/manage/', '/houtai/', '/admin/login'] []
USEFUL: sasorganics.com ['/admin/', '/wp-login.php'] ['wordpress']
USEFUL: saramoises.com ['/admin/', '/login.php', '/admin/login', '/wp-login.php'] []
USEFUL: save.freedomdebtrelief.com ['/admin.php', '/login.php', '/wp-login.php'] []
USEFUL: savills-management-resources.eloomi.com ['/admin/', '/manage/', '/houtai/', '/admin/login'] ['wordpress']
USEFUL: savills.eloomi.com ['/admin/', '/manage/', '/houtai/', '/admin/login'] ['wordpress']
USEFUL: satyasmeemission.org ['/admin/index.php', '/admin/', '/login.php', '/wp-login.php'] ['wordpress']
USEFUL: savillsamericas.eloomi.com ['/admin/', '/manage/', '/houtai/', '/admin/login'] ['wordpress']
USEFUL: sbhk1281.com ['/login.php', '/wp-login.php'] []
USEFUL: sbonline247.com ['/admin/'] []
USEFUL: saotometribune.com ['/admin/', '/login.php', '/wp-login.php'] ['wordpress']
USEFUL: savveblog.com ['/admin/index.php', '/admin/', '/wp-login.php'] ['wordpress']
USEFUL: sbdiamonds.com ['/admin/index.php', '/admin/', '/login.php', '/wp-login.php'] ['wordpress']
USEFUL: scaleselectricalservice.com ['/admin/index.php', '/admin/', '/wp-login.php'] []
USEFUL: scdfxct.com ['/admin/login.php', '/admin/index.php', '/admin/'] ['dedecms']
USEFUL: scentedcandlewholesale.com ['/wp-login.php'] ['wordpress']
USEFUL: savingdays.com ['/admin/index.php', '/admin/', '/login.php', '/wp-login.php'] ['wordpress']
USEFUL: scheduledemo.eloomi.com ['/admin/', '/manage/', '/houtai/', '/admin/login'] ['wordpress']
USEFUL: sawinklcd.com ['/admin/index.php', '/admin/'] []
USEFUL: scfiretraining.com ['/admin/index.php', '/admin/'] []
USEFUL: schoolofpersonaltrainingsa.com ['/admin/'] ['wordpress']
[batch 3] 600/3000 useful=77 dead=372
USEFUL: schanxi.com ['/admin.php'] []
USEFUL: school.sipsknp.com ['/admin/index.php', '/admin/', '/login.php', '/wp-login.php'] ['wordpress']
USEFUL: scipn.org ['/admin/', '/admin/login', '/admin/login.aspx', '/user/login'] []
USEFUL: sdbljc.com ['/admin/', '/manage/', '/houtai/', '/dede/'] []
USEFUL: sdccorp04.kidneycare.com ['/admin.php', '/login.php', '/manage/', '/houtai/'] []
USEFUL: scirange.com ['/login.php'] []
USEFUL: sdsjtt.cn ['/admin/', '/manage/', '/houtai/', '/dede/'] []
USEFUL: sdxlcnc.com ['/admin/', '/manage/', '/houtai/', '/dede/'] []
USEFUL: sear.com ['/admin/login.php'] []
USEFUL: sdmo.org ['/wp-login.php'] []
USEFUL: secure.gofen.com ['/admin/', '/manage/', '/houtai/', '/admin/login'] []
USEFUL: secure.rewardsbutler.com ['/admin/index.php', '/admin/'] []
USEFUL: sejoursvoyage.com ['/admin/', '/wp-login.php'] ['wordpress']
USEFUL: searchenginebusinessnetwork.com ['/admin/login.php', '/admin/index.php', '/admin/', '/admin.php'] []
[batch 3] 800/3000 useful=91 dead=508
USEFUL: selvbetjening.info ['/admin/login.php', '/admin/index.php', '/admin/', '/admin.php'] []
USEFUL: sedra-electric.com ['/admin/index.php', '/admin/'] ['wordpress']
USEFUL: seletronic.com ['/admin/index.php', '/admin/', '/admin/login', '/wp-login.php'] ['wordpress']
USEFUL: seitelperu.com ['/admin/index.php', '/admin/', '/login.php', '/wp-login.php'] ['wordpress']
USEFUL: shatteredshieldbricks.brickowl.com ['/user/login'] []
USEFUL: sequence.info ['/admin/login.php', '/admin/index.php', '/admin/', '/admin/login.asp'] []
USEFUL: sfskyheart.com ['/admin/', '/manage/', '/houtai/', '/dede/'] []
USEFUL: seogrowthzone.com ['/admin/index.php', '/admin/', '/login.php', '/wp-login.php'] ['wordpress']
USEFUL: shepleysvtwinmotorcycle.com ['/admin/', '/wp-login.php'] ['wordpress']
USEFUL: shfjcpa.com ['/admin/login.asp', '/admin/index.asp', '/admin/login.aspx'] []
USEFUL: shriastrologer.com ['/wp-login.php'] ['wordpress']
USEFUL: shlasej.net ['/admin/', '/admin.php'] []
USEFUL: shtianle.com ['/admin.php'] []
USEFUL: si-an.com ['/admin/'] []
USEFUL: sidicamper.com ['/admin/index.php', '/admin/', '/login.php', '/wp-login.php'] ['wordpress']
USEFUL: shwlhy.com ['/admin/login'] []
USEFUL: silkendrum.com ['/admin/', '/wp-login.php'] ['wordpress']
USEFUL: sietegc.com ['/admin/index.php', '/admin/', '/login.php', '/wp-login.php'] ['wordpress']
USEFUL: simonmercs.biz ['/admin/', '/wp-login.php'] ['wordpress']
USEFUL: silkshosiery.com ['/admin/index.php', '/admin/', '/wp-login.php'] ['wordpress']
USEFUL: sinkosjp.com ['/admin/index.php', '/admin/', '/login.php', '/wp-login.php'] ['wordpress']
USEFUL: sinergiatotal.com ['/admin/index.php', '/admin/', '/login.php', '/wp-login.php'] ['wordpress']
USEFUL: singles-sites.com ['/admin/index.php', '/admin/', '/login.php', '/wp-login.php'] ['wordpress']
USEFUL: simavinsesigazetesi.com ['/admin/index.php', '/admin/', '/login.php', '/dede/'] ['wordpress']
[batch 3] 1000/3000 useful=115 dead=628
USEFUL: sistemasgema.com ['/admin/index.php', '/admin/', '/login.php', '/wp-login.php'] ['wordpress']
USEFUL: sjbych.com ['/login.php'] []
USEFUL: skillsbank.iadb.org ['/user/login'] []
USEFUL: sjttv.com ['/admin/login.php', '/admin.php', '/login.php', '/admin/login.asp'] []
USEFUL: skullcandy.com ['/admin/login'] []
USEFUL: sjzwhcmxx.cn ['/admin/'] []
USEFUL: skillsforcare.eloomi.com ['/admin/', '/manage/', '/houtai/', '/admin/login'] ['wordpress']
USEFUL: skyh-m.com ['/admin/login.asp', '/admin/index.asp', '/admin/login.aspx'] []
USEFUL: singbei.com ['/manage/', '/houtai/', '/admin/login', '/dede/'] []
USEFUL: sklz.implus.com ['/admin/login'] []
USEFUL: smart-warehouse.cn ['/admin/', '/houtai/', '/dede/'] []
USEFUL: smartyschool.stylemixthemes.com ['/admin/', '/wp-login.php'] ['pbootcms', 'wordpress']
USEFUL: smlpinc.com ['/admin/index.php', '/admin/', '/login.php', '/wp-login.php'] ['pbootcms', 'wordpress']
USEFUL: smukfest.eloomi.com ['/admin/', '/manage/', '/houtai/', '/admin/login'] ['wordpress']
USEFUL: socks.uniswap.org ['/admin/login.php', '/admin/index.php', '/admin/', '/admin.php'] []
USEFUL: snipeit.helloprint.com ['/admin/'] []
USEFUL: socialdigital.iadb.org ['/user/login'] []
[batch 3] 1200/3000 useful=132 dead=758
USEFUL: sociedadealternativa.org ['/admin/', '/wp-login.php'] ['wordpress']
USEFUL: softsalesus.com ['/admin/', '/manage/', '/houtai/', '/admin/login'] []
USEFUL: softswiss.com ['/dede/'] ['wordpress']
USEFUL: solarnederland.eloomi.com ['/admin/', '/manage/', '/houtai/', '/admin/login'] ['wordpress']
USEFUL: sogfnv.r14.35.com ['/admin/', '/admin.php', '/login.php', '/manage/'] []
USEFUL: solarnorge.eloomi.com ['/admin/', '/manage/', '/houtai/', '/admin/login'] ['wordpress']
USEFUL: solbrighttech.com ['/admin/', '/houtai/', '/dede/'] []
USEFUL: soilcarbon.com ['/admin.php', '/login.php', '/manage/', '/houtai/'] []
USEFUL: solitairefitness.com ['/admin/index.php', '/admin/', '/login.php', '/wp-login.php'] ['wordpress']
USEFUL: solvelr.com ['/admin/index.php', '/admin/', '/login.php', '/wp-login.php'] ['wordpress']
USEFUL: solidarityrising.com ['/admin/index.php', '/admin/', '/login.php', '/wp-login.php'] ['wordpress']
USEFUL: soma-college.net ['/admin/login.php', '/admin/index.php'] []
USEFUL: sofiaangels.com ['/admin/index.php', '/admin/', '/login.php', '/wp-login.php'] ['wordpress']
USEFUL: soinafricasafaris.com ['/admin/', '/admin/login'] []
USEFUL: sophialuypaert.com ['/admin/index.php', '/admin/', '/login.php', '/wp-login.php'] ['wordpress']
USEFUL: solaceholding.com ['/admin/index.php', '/login.php', '/admin/index.asp', '/dede/'] []
USEFUL: solucaoimport.com ['/admin/index.php', '/admin/', '/login.php', '/wp-login.php'] ['wordpress']
USEFUL: sos-childrensvillagesuganda.org ['/admin/'] []
USEFUL: sos-syria.org ['/admin/'] []
USEFUL: soscambodia.org ['/admin/'] []
USEFUL: sos-syria-ar.org ['/admin/'] []
USEFUL: sostulsa.com ['/admin/index.php', '/admin/', '/login.php', '/wp-login.php'] ['wordpress']
USEFUL: sotlschool.com ['/admin/', '/user/login'] []
USEFUL: southeastbricks.brickowl.com ['/user/login'] []
USEFUL: sos-usa.org ['/admin/'] []
USEFUL: southpointcasinos.com ['/admin/login.php'] ['wordpress']
USEFUL: sosvietnam.org ['/admin/'] []
USEFUL: southernwasteinformationexchange.com ['/admin/index.php', '/admin/', '/login.php', '/wp-login.php'] ['wordpress']
USEFUL: sosthailand.org ['/admin/'] []
USEFUL: spaworldau-live.prontoavenue.biz ['/manage/', '/houtai/', '/dede/', '/user/login'] []
USEFUL: sozochurchtec.com ['/admin/index.php', '/admin/', '/login.php', '/wp-login.php'] ['wordpress']
USEFUL: sound-light.com ['/admin/index.php', '/admin/', '/login.php', '/wp-login.php'] ['wordpress']
USEFUL: soundcheckdc.com ['/admin/index.php', '/admin/', '/login.php', '/wp-login.php'] ['wordpress']
USEFUL: spanish.forchildren.com ['/admin/login.php', '/admin/index.php', '/admin/', '/admin/login.asp'] []
USEFUL: soyrobertrojas.com ['/admin/index.php', '/admin/', '/login.php', '/wp-login.php'] ['wordpress']
[batch 3] 1400/3000 useful=167 dead=865
USEFUL: spilledthandmade.com ['/admin/login'] []
USEFUL: speerchiro.com ['/admin/index.php', '/admin/', '/login.php', '/wp-login.php'] ['wordpress']
USEFUL: splash.stylemixthemes.com ['/admin/index.php', '/admin/', '/login.php', '/wp-login.php'] ['wordpress']
USEFUL: speedpro.com ['/admin/index.php', '/admin/', '/login.php', '/wp-login.php'] ['wordpress']
USEFUL: sportsbetnow.com ['/admin/', '/manage/', '/houtai/', '/admin/login'] []
USEFUL: sphynx.org ['/manage/', '/dede/', '/user/login'] []
USEFUL: sphyc.com ['/admin/index.php', '/login.php', '/wp-login.php'] ['wordpress']
USEFUL: squirreldogtraining.com ['/admin/', '/wp-login.php'] ['wordpress']
USEFUL: spenglerindustries.com ['/admin/index.php', '/admin/', '/login.php', '/wp-login.php'] ['wordpress']
USEFUL: srinubabu.com ['/admin/login.php', '/admin/index.php', '/admin/'] []
USEFUL: srenterpriseindia.com ['/houtai/', '/dede/'] []
USEFUL: sszdq.com ['/user/login'] []
USEFUL: srsis.org ['/admin/index.php', '/admin/', '/login.php', '/wp-login.php'] ['wordpress']
USEFUL: sqqsb.com ['/admin/'] []
USEFUL: stableaudio.com ['/admin/'] []
USEFUL: sstnet.com ['/admin.php', '/login.php', '/manage/', '/houtai/'] []
USEFUL: ssnair.org ['/login.php'] []
USEFUL: ssjjka.com ['/admin/login.php', '/admin/index.php', '/admin/'] []
USEFUL: staffordhousedilokulu.com ['/admin/'] []
USEFUL: sportsstunning.com ['/admin/index.php', '/admin/', '/login.php', '/wp-login.php'] ['wordpress']
[batch 3] 1600/3000 useful=187 dead=1006
USEFUL: ssvprd.org ['/admin/index.php', '/admin/', '/wp-login.php'] ['wordpress']
USEFUL: stage.altimetry.com ['/login.php'] []
USEFUL: staging.altimetry.com ['/login.php'] []
USEFUL: staging.cac-bdp-all.com ['/admin/', '/manage/', '/houtai/', '/admin/login'] []
USEFUL: staging.developer.brightpearl.com ['/admin/index.php', '/admin/', '/admin/login'] []
USEFUL: staging.eloomi.com ['/admin/', '/manage/', '/houtai/', '/admin/login'] ['wordpress']
USEFUL: staging.events.ringcentral.com ['/admin/', '/admin/login'] []
USEFUL: staging.linda-thai.com ['/admin/', '/admin/login.asp', '/admin/index.asp', '/admin/login'] []
USEFUL: starcollegeconsulting.com ['/admin/', '/wp-login.php'] ['thinkphp', 'wordpress']
USEFUL: starleaf.com ['/dede/'] []
USEFUL: stanford.myonplanu.com ['/admin/'] []
USEFUL: starhome.eloomi.com ['/admin/', '/manage/', '/houtai/', '/admin/login'] ['wordpress']
USEFUL: startwhereur.org ['/admin/', '/wp-login.php'] ['wordpress']
USEFUL: staging.swissnex.org ['/admin/index.php', '/admin/', '/manage/', '/wp-login.php'] ['wordpress']
USEFUL: status.coinbase.com ['/admin/', '/admin/login', '/user/login'] ['thinkphp']
USEFUL: starno.com ['/admin/index.php', '/admin/', '/login.php'] ['wordpress']
USEFUL: status.neverbounce.com ['/admin/', '/admin/login', '/user/login'] ['thinkphp']
[batch 3] 1800/3000 useful=204 dead=1158
USEFUL: static.siamsawadee.com ['/admin/index.php', '/admin/', '/login.php', '/wp-login.php'] ['wordpress']
USEFUL: steinaufstein.brickowl.com ['/admin/', '/manage/', '/admin/login.asp', '/admin/index.asp'] []
USEFUL: stcarriescenter.org ['/admin/index.php', '/admin/', '/login.php', '/wp-login.php'] ['wordpress']
USEFUL: starsdorset.org ['/admin/index.php', '/admin/', '/login.php', '/admin/login'] ['wordpress']
USEFUL: stommed.net ['/admin/', '/wp-login.php'] ['wordpress']
USEFUL: stoneoakjewelers.com ['/admin/login'] []
USEFUL: stonypointseedllc.com ['/admin/', '/wp-login.php'] ['wordpress']
USEFUL: stories.lemonade.com ['/wp-login.php'] []
USEFUL: storageguide.sparefoot.com ['/admin/index.php', '/admin/', '/login.php', '/wp-login.php'] ['wordpress']
USEFUL: stemcellcongress-dresden.org ['/admin/index.php', '/admin/', '/login.php', '/wp-login.php'] ['wordpress']
USEFUL: store.elite-shotguns.com ['/admin/index.php', '/admin/', '/wp-login.php'] ['wordpress']
USEFUL: stickerstylestore.com ['/admin/index.php', '/admin/', '/login.php', '/wp-login.php'] ['wordpress']
USEFUL: string-db.com ['/admin/', '/manage/', '/houtai/', '/dede/'] []
USEFUL: strategicac.com ['/admin/index.php', '/admin/', '/login.php', '/wp-login.php'] ['wordpress']
USEFUL: stovallrealtors.com ['/admin/index.php', '/admin/', '/login.php', '/wp-login.php'] ['wordpress']
USEFUL: ststephensrva.org ['/admin/', '/admin/login', '/wp-login.php', '/user/login'] ['wordpress']
USEFUL: strategicpoint.com ['/admin/index.php', '/admin/', '/login.php', '/wp-login.php'] ['wordpress']
USEFUL: stuttgartgin.com ['/admin/login'] []
USEFUL: styledumonde.com ['/admin/index.php', '/admin/', '/login.php', '/wp-login.php'] ['wordpress']
USEFUL: studiocomuzzi.com ['/admin.php', '/manage/', '/houtai/', '/dede/'] []
[batch 3] 2000/3000 useful=224 dead=1304
USEFUL: stratumpoint.com ['/admin/index.php', '/admin/', '/login.php', '/wp-login.php'] ['wordpress']
USEFUL: sukmoc.r14.35.cn ['/admin/', '/admin.php', '/login.php', '/manage/'] []
USEFUL: stylemixthemes.com ['/admin/index.php', '/admin/', '/login.php', '/wp-login.php'] ['wordpress']
USEFUL: sukmoc.r14.35.com ['/admin/', '/admin.php', '/login.php', '/manage/'] []
USEFUL: suitneeds.com ['/admin/index.php', '/admin/', '/login.php', '/wp-login.php'] ['wordpress']
USEFUL: sundancevacationsnews.com ['/admin/', '/wp-login.php'] ['wordpress']
USEFUL: sunwahpearl.org ['/admin/index.php', '/admin/', '/login.php', '/wp-login.php'] ['wordpress']
USEFUL: sumitechcompany.com ['/admin/index.php', '/admin/', '/login.php', '/wp-login.php'] ['wordpress']
USEFUL: superiorliquormarket.com ['/login.php', '/manage/', '/houtai/', '/dede/'] ['dedecms']
USEFUL: supima.com ['/admin/', '/wp-login.php'] ['wordpress']
USEFUL: superiordental.com ['/admin/', '/admin/login'] []
USEFUL: superiorenviroservices.com ['/admin/index.php', '/admin/', '/login.php', '/wp-login.php'] ['wordpress']
USEFUL: superiortilestone.com ['/admin/', '/manage/', '/houtai/', '/admin/login'] []
USEFUL: supmaroc.com ['/admin/index.php', '/admin/'] ['wordpress']
USEFUL: support.site5.com ['/wp-login.php'] ['wordpress']
USEFUL: surfstrengthcoach.com ['/admin/login', '/user/login'] ['wordpress']
USEFUL: surfacepatternlife.com ['/admin/', '/wp-login.php'] ['wordpress']
USEFUL: susannicholas.org ['/admin/index.php', '/admin/', '/admin/login'] []
[batch 3] 2200/3000 useful=242 dead=1410
USEFUL: sushi2500.eloomi.com ['/admin/', '/manage/', '/houtai/', '/admin/login'] ['wordpress']
USEFUL: sustho.com ['/admin/index.php', '/admin/', '/login.php', '/wp-login.php'] ['wordpress']
USEFUL: susiemiller.com ['/admin/', '/wp-login.php'] ['wordpress']
USEFUL: sweets-today.com ['/admin/index.php', '/admin/', '/wp-login.php'] ['wordpress']
USEFUL: swahili.forchildren.com ['/admin/login.php', '/admin/index.php', '/admin/', '/admin/login.asp'] []
USEFUL: suzuki-hvac.com ['/admin/index.php', '/admin/'] ['wordpress']
USEFUL: swiftygo.com ['/admin/index.php', '/admin/', '/login.php', '/wp-login.php'] ['wordpress']
USEFUL: swiggymart.com ['/admin/index.php', '/admin/', '/login.php', '/wp-login.php'] ['wordpress']
USEFUL: swissnex.org ['/admin/index.php', '/admin/', '/manage/', '/wp-login.php'] ['wordpress']
USEFUL: swissnex-1721.swissnex.org ['/admin/index.php', '/admin/', '/manage/', '/wp-login.php'] ['wordpress']
USEFUL: sxlqhl.com ['/admin/', '/manage/', '/houtai/', '/dede/'] []
USEFUL: sygxdl.com ['/admin/', '/manage/', '/houtai/', '/dede/'] []
USEFUL: sy-mt.com ['/manage/'] ['thinkphp']
USEFUL: sz-yunding.com ['/admin/', '/admin/index.asp'] []
USEFUL: sz-mt.com.cn ['/manage/'] []
USEFUL: szbelitt.com ['/login.php'] []
USEFUL: sziitc.com ['/admin/', '/houtai/', '/dede/'] []
[batch 3] 2400/3000 useful=259 dead=1520
USEFUL: szparo.com ['/admin.php'] []
USEFUL: szsjunshi.com ['/admin/', '/houtai/', '/dede/'] []
USEFUL: szshuanghang.com ['/manage/'] []
USEFUL: t7d6g6.com ['/admin/', '/manage/', '/houtai/', '/admin/login'] []
USEFUL: t5577.com ['/admin/', '/admin.php', '/login.php', '/manage/'] []
USEFUL: taifengpump.com ['/admin.php'] []
USEFUL: tachkeel.com ['/admin/index.php', '/admin/', '/login.php', '/wp-login.php'] ['wordpress']
USEFUL: tamil.nativeplanet.com ['/admin/', '/manage/', '/houtai/', '/dede/'] []
USEFUL: tamarablyth.com ['/admin/', '/wp-login.php'] ['wordpress']
USEFUL: talkoakland.org ['/admin/', '/manage/', '/houtai/', '/admin/login'] []
USEFUL: tamu.myonplanu.com ['/admin/'] []
USEFUL: taiyaluck.com.cn ['/admin/', '/admin.php', '/login.php', '/manage/'] []
USEFUL: taneor.com ['/admin/login.php', '/admin.php', '/login.php', '/admin/login.asp'] []
USEFUL: tanzania.forchildren.com ['/admin/login.php', '/admin/index.php', '/admin/', '/admin/login.asp'] []
USEFUL: tarotonline.com ['/manage/', '/houtai/', '/dede/', '/user/login'] []
USEFUL: tarifasdeluz.com ['/admin/index.php', '/admin/', '/login.php', '/wp-login.php'] ['wordpress']
USEFUL: task.edoctor.cn ['/admin/login.php', '/admin/index.php', '/admin.php', '/admin/login.asp'] []
USEFUL: tautulli.anthonygarera.com ['/user/login'] []
[batch 3] 2600/3000 useful=277 dead=1651
USEFUL: tayloredtax.com ['/admin/', '/wp-login.php'] ['wordpress']
USEFUL: tb16888.com ['/manage/', '/houtai/', '/dede/', '/user/login'] ['thinkphp']
USEFUL: tawra.com ['/admin/index.php', '/admin/', '/login.php', '/wp-login.php'] ['wordpress']
USEFUL: tatvanetworks.com ['/admin/', '/manage/', '/houtai/', '/admin/login'] []
USEFUL: tcr.proplantshake.com ['/admin/', '/manage/', '/houtai/', '/admin/login'] []
USEFUL: tastedstories.com ['/admin/index.php', '/admin/', '/wp-login.php'] ['wordpress']
USEFUL: tbteamjobs.com ['/admin/', '/admin.php', '/login.php', '/manage/'] []
USEFUL: tcjianzhouli.com ['/admin/index.php', '/admin/'] []
USEFUL: tcr.proteinplantpower.com ['/admin/', '/manage/', '/houtai/', '/admin/login'] []
USEFUL: tbxdqx.com ['/admin/login.aspx'] []
USEFUL: tchqsl.com ['/admin/'] []
USEFUL: tarrytownenviro.org ['/admin/index.php', '/admin/', '/login.php', '/wp-login.php'] ['wordpress']
USEFUL: tdfitloans.com ['/admin/', '/manage/', '/houtai/', '/dede/'] []
USEFUL: techinmocean.com ['/admin/', '/wp-login.php'] ['wordpress']
USEFUL: teamhucks.com ['/admin/index.php', '/admin/', '/login.php', '/wp-login.php'] ['wordpress']
USEFUL: techtomy.com ['/admin/index.php', '/admin/', '/login.php', '/wp-login.php'] ['wordpress']
USEFUL: techdigitalservices.com ['/admin/index.php', '/admin/', '/login.php', '/wp-login.php'] ['wordpress']
USEFUL: tek-analytics.com ['/admin/', '/manage/', '/wp-login.php'] ['wordpress']
USEFUL: telfid.com ['/wp-login.php'] ['wordpress']
USEFUL: telugu.nativeplanet.com ['/admin/', '/manage/', '/houtai/', '/dede/'] []
USEFUL: tekdeep.com ['/admin/index.php', '/admin/', '/login.php', '/wp-login.php'] ['wordpress']
USEFUL: telyap.com ['/admin/index.php', '/admin/', '/login.php', '/wp-login.php'] ['pbootcms', 'wordpress']
USEFUL: tendermeets.com ['/wp-login.php'] []
USEFUL: tendermums.com ['/wp-login.php'] []
USEFUL: teknomira.com ['/admin/index.php', '/admin/', '/login.php', '/wp-login.php'] ['wordpress']
USEFUL: teslaarquitectura.com ['/admin/index.php', '/admin/', '/login.php', '/wp-login.php'] ['wordpress']
USEFUL: test-stanford.myonplanu.com ['/admin/'] []
USEFUL: tematendimento.com ['/admin/index.php', '/admin/', '/login.php', '/wp-login.php'] ['wordpress']
USEFUL: test1.textiledesignlab.com ['/wp-login.php'] ['wordpress']
USEFUL: tengda-industrial.com ['/admin.php'] []
[batch 3] 2800/3000 useful=307 dead=1769
USEFUL: tglab.iadb.org ['/user/login'] []
USEFUL: thai.forchildren.com ['/admin/login.php', '/admin/index.php', '/admin/', '/admin/login.asp'] []
USEFUL: tfcw.com ['/admin/', '/admin/login', '/admin/login.aspx'] []
USEFUL: tfff.org ['/admin/index.php', '/admin/', '/login.php', '/wp-login.php'] ['wordpress']
USEFUL: thangmaythienminhduc.com ['/wp-login.php'] ['wordpress']
USEFUL: theaearl.com ['/manage/', '/houtai/', '/admin/login', '/dede/'] []
USEFUL: thailandphotographer.com ['/admin/index.php', '/admin/', '/login.php', '/wp-login.php'] ['wordpress']
USEFUL: the-esports-bar-cannes.com ['/user/login'] []
USEFUL: thecocoabrowncollection.com ['/admin/', '/wp-login.php'] ['wordpress']
USEFUL: thecrookedcrowntx.com ['/admin/login'] []
USEFUL: theedmshop.com ['/admin/index.php', '/admin/', '/login.php', '/wp-login.php'] ['wordpress']
USEFUL: thedistrictonapache.com ['/wp-login.php'] ['wordpress']
USEFUL: theentrancegate.com ['/admin/login.php', '/login.php', '/admin/login', '/wp-login.php'] ['wordpress']
USEFUL: thehappyhomes.com ['/manage/'] []
USEFUL: thegeorgedc.com ['/wp-login.php'] []
USEFUL: thediscoverycenter.org ['/admin/index.php', '/admin/', '/login.php', '/wp-login.php'] ['wordpress']
USEFUL: thehardponys.com ['/admin/index.php', '/admin/', '/login.php', '/wp-login.php'] ['wordpress']
USEFUL: thegameshakers.com ['/user/login'] []
USEFUL: thechristian-center.org ['/admin/index.php', '/admin/', '/login.php', '/wp-login.php'] ['wordpress']
USEFUL: thekanjozoku.com ['/wp-login.php'] ['wordpress']
USEFUL: thehusk.com ['/wp-login.php'] ['wordpress']
USEFUL: thelawyerworld.com ['/admin/login', '/user/login'] ['wordpress']
USEFUL: themeforest.net ['/admin/', '/admin/login', '/user/login'] []
USEFUL: thejustifiable.com ['/admin/index.php', '/admin/', '/login.php', '/wp-login.php'] ['wordpress']
USEFUL: thekoalamom.com ['/admin/index.php', '/admin/', '/login.php', '/manage/'] ['wordpress']
USEFUL: theluxurytribe.com ['/admin/index.php', '/admin/', '/login.php', '/wp-login.php'] ['wordpress']
USEFUL: thenorthbeachfoundation.org ['/admin/', '/wp-login.php'] ['wordpress']
USEFUL: themeparkbeds.com ['/admin.php', '/login.php', '/manage/', '/houtai/'] []
USEFUL: thelotusapartments.com ['/wp-login.php'] ['wordpress']
USEFUL: theloftsorlando.com ['/wp-login.php'] ['wordpress']
USEFUL: themarkatlanta.landmark-properties.com ['/admin/', '/login.php', '/wp-login.php'] ['wordpress']
USEFUL: thenailbabe.com ['/admin/index.php', '/admin/', '/login.php', '/wp-login.php'] ['wordpress']
USEFUL: themultiplayerclassroom.com ['/admin/index.php', '/admin/', '/login.php', '/wp-login.php'] ['pbootcms', 'wordpress']
USEFUL: theoxley.com ['/admin/index.php', '/admin/', '/login.php', '/wp-login.php'] ['pbootcms', 'wordpress']
[batch 3] 3000/3000 useful=341 dead=1886
[batch 3 done] useful=341 dead=1886 alive=773 | total_pool: usable=1403 dead=24851
[auto_filter] total=44569 todo=18315 (dead=24851 usable=1403)
USEFUL: www-ch.linksys.com ['/admin/login.php', '/admin/index.php'] []
USEFUL: www-bo.linksys.com ['/admin/login.php'] []
USEFUL: www-cn.linksys.com ['/admin/login.php'] []
USEFUL: www-br.linksys.com ['/admin/login.php', '/admin/index.php'] []
USEFUL: www-ca.linksys.com ['/admin/login.php', '/admin/index.php'] []
USEFUL: www-bh.linksys.com ['/admin/login.php', '/admin/index.php'] []
USEFUL: www-be.linksys.com ['/admin/login.php', '/admin/index.php'] []
USEFUL: www-at.linksys.com ['/admin/login.php'] []
USEFUL: www-co.linksys.com ['/admin/login.php'] []
USEFUL: www-cs.linksys.com ['/admin/login.php'] []
[batch 4] 200/3000 useful=10 dead=174
USEFUL: www.1ntv.org ['/login.php'] []
USEFUL: www.311s.com ['/user/login'] []
USEFUL: www.5123ao.com ['/manage/', '/houtai/', '/dede/', '/user/login'] []
USEFUL: www.3condoms.com ['/manage/', '/dede/', '/user/login'] []
USEFUL: www.94fmbaturite.org ['/admin/index.php', '/admin/login'] []
USEFUL: www.2632.net ['/admin/index.php', '/admin/', '/login.php', '/wp-login.php'] ['wordpress']
USEFUL: www.96krock.com ['/admin/index.php', '/admin/', '/login.php', '/wp-login.php'] ['pbootcms', 'wordpress']
USEFUL: www.511enterprises.com ['/admin/index.php', '/admin/', '/login.php', '/wp-login.php'] ['wordpress']
USEFUL: www.abacodisasterrelief.org ['/admin/', '/wp-login.php'] []
USEFUL: www.acluofnc.org ['/admin/index.php', '/admin/', '/login.php', '/wp-login.php'] ['wordpress']
USEFUL: www.987958.com ['/admin/index.php', '/admin/', '/manage/', '/admin/login.asp'] []
USEFUL: www.ahdscw.com ['/user/login'] []
USEFUL: www.accu-chek.com ['/admin/', '/user/login'] []
USEFUL: www.ahhuilic.com ['/admin/'] []
USEFUL: www.adsfundraising.com ['/admin/index.php', '/admin/', '/login.php', '/wp-login.php'] ['wordpress']
USEFUL: www.aihaishen.com ['/admin/login.php', '/login.php'] []
USEFUL: www.ahhldl.com ['/user/login'] []
USEFUL: www.ahgzzn.com ['/admin/'] []
USEFUL: www.ahshengcheng.com ['/admin/'] []
USEFUL: www.ahxiyy.com ['/admin/'] []
USEFUL: www.adegagaucha.com ['/admin/', '/login.php', '/wp-login.php'] ['wordpress']
USEFUL: www.ahdi.org ['/login.php', '/manage/', '/houtai/', '/dede/'] []
USEFUL: www.ahftby.cn ['/admin/'] []
USEFUL: www.akereso.com ['/admin/', '/wp-login.php'] ['wordpress']
[batch 4] 400/3000 useful=34 dead=298
USEFUL: www.ahzr.com.cn ['/admin/'] []
USEFUL: www.ahnimishabusinessconsulting.com ['/admin/index.php', '/admin/', '/login.php'] ['wordpress']
USEFUL: www.allanmanuba.com ['/admin.php', '/login.php', '/wp-login.php'] ['pbootcms']
USEFUL: www.aghazetaleem.com ['/admin/index.php', '/admin/', '/login.php', '/wp-login.php'] ['wordpress']
USEFUL: www.aljazeeraairlines.com ['/admin.php'] []
USEFUL: www.alcazarreal.com ['/admin/index.php', '/admin/', '/login.php', '/wp-login.php'] ['wordpress']
USEFUL: www.afterpetipa.com ['/admin/index.php', '/admin/', '/wp-login.php'] ['wordpress']
USEFUL: www.amtdairy.com ['/wp-login.php'] ['wordpress']
USEFUL: www.analsee.com ['/admin/index.php', '/admin/'] []
USEFUL: www.amphenolalden.com ['/user/login'] []
USEFUL: www.alteryourmarketing.com ['/admin/index.php', '/admin/', '/login.php', '/wp-login.php'] ['wordpress']
USEFUL: www.amendsurgical.com ['/login.php', '/wp-login.php'] ['wordpress']
USEFUL: www.anchorpointfoundation.com ['/admin/index.php', '/admin/', '/login.php', '/wp-login.php'] ['wordpress']
USEFUL: www.annevacations.com ['/admin/index.php', '/admin/'] []
USEFUL: www.alamedadailynews.com ['/admin/index.php', '/admin/', '/login.php', '/wp-login.php'] ['wordpress']
USEFUL: www.androidmobiles.org ['/admin/index.php', '/admin/', '/login.php', '/wp-login.php'] ['wordpress']
USEFUL: www.anhuilengqueta.com ['/admin/'] []
USEFUL: www.apple-cores.com ['/admin/index.php', '/admin/', '/login.php', '/wp-login.php'] ['wordpress']
USEFUL: www.angloiraqi.org ['/admin/index.php', '/admin/', '/login.php', '/wp-login.php'] ['wordpress']
USEFUL: www.apartamentosrd.com ['/admin/', '/wp-login.php'] ['wordpress']
USEFUL: www.arrim.net ['/admin/'] []
USEFUL: www.arresha.com ['/admin/'] []
USEFUL: www.arsatc.org ['/admin/', '/wp-login.php'] ['wordpress']
USEFUL: www.arvadasitematerials.com ['/admin/', '/wp-login.php'] ['wordpress']
USEFUL: www.asliceofstyle.com ['/admin/', '/wp-login.php'] ['wordpress']
USEFUL: www.aofhaberleri.com ['/admin/index.php', '/login.php', '/wp-login.php'] ['wordpress']
USEFUL: www.asciogluinsaat.com ['/admin/index.php', '/admin/', '/login.php', '/wp-login.php'] ['wordpress']
USEFUL: www.aurorajade.com ['/wp-login.php'] ['wordpress']
USEFUL: www.asdwolf.com ['/admin/', '/login.php', '/manage/', '/admin/index.asp'] []
[batch 4] 600/3000 useful=63 dead=413
USEFUL: www.autosportsltd.com ['/admin/', '/admin/login.asp', '/admin/index.asp', '/wp-login.php'] ['wordpress']
USEFUL: www.aviation.wfscorp.com ['/wp-login.php', '/user/login'] []
USEFUL: www.ba.skechers.com ['/admin/', '/admin/login.asp', '/admin/index.asp', '/admin/login'] []
USEFUL: www.aviationschoolsonline.com ['/admin/login.php', '/admin/index.php', '/admin/', '/admin/login.asp'] []
USEFUL: www.baidujx.com ['/login.php'] []
USEFUL: www.bahricanli.com ['/admin/', '/wp-login.php'] ['wordpress']
USEFUL: www.ballsrodandkustom.com ['/admin/login.php', '/admin/index.php', '/admin/'] []
USEFUL: www.banfield.com ['/admin/', '/manage/', '/houtai/', '/admin/login'] []
USEFUL: www.avrupamedya.com ['/admin/index.php', '/admin/', '/login.php', '/wp-login.php'] ['wordpress']
USEFUL: www.axivas.com ['/admin/', '/wp-login.php'] ['wordpress']
USEFUL: www.axongroup.com ['/admin/', '/admin/login'] []
USEFUL: www.baonova.com ['/admin/'] []
USEFUL: www.baohay.net ['/admin/index.php', '/admin/', '/login.php', '/wp-login.php'] ['wordpress']
USEFUL: www.baliwholesalemarket.com ['/admin/index.php', '/admin/', '/login.php', '/wp-login.php'] ['wordpress']
USEFUL: www.baohiemlibertyvn.com ['/admin/index.php', '/admin/', '/login.php', '/wp-login.php'] ['wordpress']
USEFUL: www.bbyin.com ['/user/login'] []
USEFUL: www.bbhlfz.com ['/admin/'] []
USEFUL: www.bbqbarbecuegrill.com ['/admin/', '/wp-login.php'] ['wordpress']
USEFUL: www.belin.net.cn ['/manage/'] []
USEFUL: www.be-mag.com ['/admin/index.php', '/admin/', '/login.php', '/wp-login.php'] []
USEFUL: www.bellamymilledgeville.com ['/login.php', '/wp-login.php'] ['wordpress']
USEFUL: www.bellamyflorence.com ['/login.php', '/wp-login.php'] ['wordpress']
USEFUL: www.beerbarnnigeria.com ['/admin/', '/wp-login.php'] ['wordpress']
USEFUL: www.bestonind.com ['/admin/', '/admin/login.asp'] ['thinkphp']
USEFUL: www.bestthaicasino.com ['/admin/index.php', '/admin/', '/manage/', '/admin/login'] ['wordpress']
USEFUL: www.berthoud970locksmith.com ['/admin/', '/wp-login.php'] ['wordpress']
USEFUL: www.bernacchichambers.com ['/admin/index.php', '/admin/', '/admin/login', '/wp-login.php'] ['pbootcms', 'wordpress']
USEFUL: www.bestbuypostaluniforms.com ['/login.php'] []
USEFUL: www.bestlaundrybrokers.com ['/admin/', '/wp-login.php'] ['wordpress']
USEFUL: www.bevnp.com ['/wp-login.php'] ['wordpress']
USEFUL: www.beatsarcoma.org ['/admin/', '/wp-login.php'] ['wordpress']
USEFUL: www.bigcommerce.com ['/manage/'] []
USEFUL: www.bestcandidate.net ['/admin/login', '/wp-login.php', '/user/login'] ['wordpress']
USEFUL: www.bellehairextensions.com ['/admin/index.php', '/admin/', '/login.php', '/wp-login.php'] ['wordpress']
USEFUL: www.beyerfunctionalwellness.com ['/admin/index.php', '/admin/', '/wp-login.php'] []
[batch 4] 800/3000 useful=98 dead=527
USEFUL: www.bitworks2000.com ['/admin/', '/manage/', '/houtai/', '/admin/login'] []
USEFUL: www.blessedpropertysolutions.com ['/admin/'] ['wordpress']
USEFUL: www.biotechniques.com ['/admin/index.php', '/admin/', '/login.php', '/wp-login.php'] ['wordpress']
USEFUL: www.boazlavie.com ['/user/login'] []
USEFUL: www.bonpret.com ['/admin/index.php', '/login.php', '/houtai/'] []
USEFUL: www.blvdautoworks.com ['/admin/index.php', '/admin/', '/login.php', '/wp-login.php'] ['wordpress']
USEFUL: www.bookpower.net ['/user/login'] []
USEFUL: www.bhr.org ['/admin/index.php', '/admin/', '/login.php', '/wp-login.php'] ['wordpress']
USEFUL: www.br.skechers.com ['/admin/', '/admin/login.asp', '/admin/index.asp', '/admin/login'] []
USEFUL: www.bravafabrics.com ['/admin/login'] []
USEFUL: www.brooklyntrackclub.com ['/admin/', '/manage/', '/houtai/', '/admin/login'] []
USEFUL: www.brittjanyk.com ['/admin/index.php', '/admin/', '/wp-login.php'] ['wordpress']
USEFUL: www.bsp.com ['/admin/index.php', '/admin/', '/login.php', '/wp-login.php'] ['wordpress']
USEFUL: www.bucharestapartment.net ['/admin/login.php'] []
USEFUL: www.bonusar.info ['/admin/index.php', '/admin/', '/login.php', '/wp-login.php'] ['wordpress']
USEFUL: www.bycpa.com ['/admin/', '/admin/login.asp'] []
USEFUL: www.bullfrogmusic.net ['/admin/', '/wp-login.php'] ['wordpress']
USEFUL: www.braishfield.com ['/login.php', '/wp-login.php'] ['wordpress']
USEFUL: www.cadencelondon.com ['/admin/login'] []
USEFUL: www.briandichiara.com ['/admin/'] ['wordpress']
[batch 4] 1000/3000 useful=118 dead=653
USEFUL: www.buttpaste.net ['/admin/login.php', '/admin/index.php', '/admin/login.asp', '/admin/index.asp'] []
USEFUL: www.caminhodosmoinhos.com ['/admin/', '/wp-login.php'] ['thinkphp', 'wordpress']
USEFUL: www.canyaviva.com ['/admin/index.php', '/admin/', '/wp-login.php'] ['wordpress']
USEFUL: www.capaenerji.com ['/admin/index.php', '/admin/', '/login.php', '/wp-login.php'] ['wordpress']
USEFUL: www.carrierjobs.cn ['/admin/login', '/user/login'] []
USEFUL: www.calcio-bet.com ['/admin/index.php', '/admin/', '/login.php', '/wp-login.php'] ['wordpress']
USEFUL: www.bulmapress.com ['/admin/index.php', '/admin/', '/login.php', '/wp-login.php'] ['wordpress']
USEFUL: www.cavanahouse.com ['/admin/', '/manage/', '/houtai/', '/admin/login'] ['wordpress']
USEFUL: www.casadelconstructor.com ['/user/login'] []
USEFUL: www.celtoon.com ['/admin/index.php', '/admin/', '/login.php', '/wp-login.php'] ['wordpress']
USEFUL: www.casarebeca.com ['/admin/index.php', '/admin/', '/login.php', '/wp-login.php'] ['wordpress']
USEFUL: www.celinedion.com ['/admin/', '/wp-login.php'] []
USEFUL: www.ccednv.org ['/admin/index.php', '/admin/', '/login.php', '/wp-login.php'] ['wordpress']
USEFUL: www.cheapsmmpanel.com ['/admin/'] []
USEFUL: www.chargercash.com ['/admin/login.php', '/admin/index.php', '/admin/', '/admin/login.asp'] []
USEFUL: www.cier.org.cn ['/admin/', '/admin/index.asp'] []
USEFUL: www.cimaworld.com ['/admin/index.php', '/admin/', '/wp-login.php'] ['thinkphp', 'wordpress']
USEFUL: www.cyber-nyc.com ['/admin.php', '/login.php', '/manage/', '/houtai/'] []
USEFUL: www.csroots.cn ['/admin/', '/wp-login.php'] ['pbootcms', 'wordpress']
USEFUL: www.dagele.com ['/user/login'] []
USEFUL: www.d2pass.com ['/admin.php', '/login.php', '/wp-login.php'] []
[batch 4] 1200/3000 useful=139 dead=755
USEFUL: www.daily-harvest.com ['/admin/login'] []
USEFUL: www.climayoreo.com ['/admin/index.php', '/admin/', '/login.php', '/wp-login.php'] ['wordpress']
USEFUL: www.cynthiacramblett.com ['/admin/', '/wp-login.php'] ['wordpress']
USEFUL: www.daveandbusters.com ['/admin/login.php', '/admin/index.php', '/admin.php', '/login.php'] []
USEFUL: www.datronsystems.com ['/admin/index.php', '/admin/', '/login.php', '/wp-login.php'] ['wordpress']
USEFUL: www.daycarecenter.com ['/login.php'] []
USEFUL: www.cypruseconomicsociety.org ['/admin/index.php', '/admin/', '/login.php', '/wp-login.php'] ['wordpress']
USEFUL: www.danburyfencing.com ['/admin/index.php', '/admin/', '/login.php', '/wp-login.php'] ['wordpress']
USEFUL: www.debruinmedicalcenter.com ['/admin/index.php', '/admin/', '/login.php', '/wp-login.php'] ['wordpress']
USEFUL: www.dgguangtai.com ['/admin/', '/manage/', '/houtai/', '/dede/'] []
USEFUL: www.defendyourcase.com ['/admin/', '/wp-login.php'] ['wordpress']
USEFUL: www.dftb-plus.info ['/admin/index.php', '/admin/', '/login.php', '/wp-login.php'] ['wordpress']
USEFUL: www.decision.com ['/admin/index.php', '/admin/', '/login.php', '/wp-login.php'] ['wordpress']
USEFUL: www.districton5th.com ['/wp-login.php'] ['wordpress']
USEFUL: www.driadvocacy.org ['/user/login'] []
USEFUL: www.drewfriedmanart.com ['/houtai/', '/dede/', '/user/login'] ['wordpress']
USEFUL: www.digimify.com ['/admin/', '/login.php', '/wp-login.php'] ['wordpress']
USEFUL: www.dyce.net ['/admin/index.php', '/admin/', '/login.php', '/wp-login.php'] ['wordpress']
[batch 4] 1400/3000 useful=157 dead=886
USEFUL: www.eastedgeapartments.com ['/wp-login.php'] ['wordpress']
USEFUL: www.edinaparade.org ['/admin/login.php'] []
USEFUL: www.egorun.net ['/admin/login.aspx'] []
USEFUL: www.eie.cn ['/admin/index.php', '/login.php'] []
USEFUL: www.efhco.com ['/wp-login.php'] ['wordpress']
USEFUL: www.elcolectivodi.com ['/admin/index.php', '/admin/', '/login.php', '/wp-login.php'] ['pbootcms', 'wordpress']
USEFUL: www.easynetmoney.net ['/wp-login.php'] ['wordpress']
USEFUL: www.elvispresleystory.com ['/user/login'] []
USEFUL: www.eliminatefinancial.com ['/admin/', '/manage/', '/houtai/', '/admin/login'] []
USEFUL: www.elisimone.com ['/admin/index.php', '/admin/', '/login.php', '/wp-login.php'] ['wordpress']
USEFUL: www.elitewomenaroundtheworld.com ['/admin/index.php', '/admin/', '/login.php', '/admin/login'] ['wordpress']
USEFUL: www.emiratisation.org ['/admin/'] ['thinkphp']
USEFUL: www.energocomfort.com ['/admin/index.php', '/admin/'] []
USEFUL: www.enc-online.org ['/admin/index.php', '/admin/', '/login.php', '/wp-login.php'] ['wordpress']
USEFUL: www.ecstaticself.com ['/admin/index.php', '/admin/', '/login.php', '/wp-login.php'] ['wordpress']
USEFUL: www.envatomarketplaces.com ['/admin/', '/manage/', '/houtai/', '/admin/login'] []
USEFUL: www.eqsex.com ['/user/login'] []
USEFUL: www.elementbusiness.com ['/admin/index.php', '/admin/', '/login.php', '/wp-login.php'] ['wordpress']
USEFUL: www.endnow.com ['/manage/', '/houtai/', '/dede/', '/user/login'] []
USEFUL: www.esaaws.com ['/admin/login.php', '/admin/index.php', '/admin.php', '/login.php'] ['wordpress']
USEFUL: www.eugevoff.org ['/admin/login.php', '/admin/index.php', '/admin/login.asp', '/admin/index.asp'] []
USEFUL: www.esignlive.com ['/user/login'] []
USEFUL: www.essayeducation.com ['/admin/', '/wp-login.php'] ['pbootcms', 'wordpress']
USEFUL: www.evemento.me ['/admin/', '/wp-login.php'] ['thinkphp', 'wordpress']
USEFUL: www.facilitiesdive.com ['/admin/login.php', '/admin/index.php', '/admin/', '/admin/login.asp'] []
USEFUL: www.fatjimmysresort.com ['/admin/', '/wp-login.php'] ['wordpress']
USEFUL: www.farebros.com ['/admin/index.php', '/admin/', '/login.php'] []
[batch 4] 1600/3000 useful=184 dead=1003
USEFUL: www.feiniaotuku.com ['/user/login'] []
USEFUL: www.favogames.com ['/admin/index.php', '/admin/', '/admin.php', '/user/login'] []
USEFUL: www.expressioncomputing.com ['/admin/index.php', '/admin/', '/login.php', '/wp-login.php'] ['wordpress']
USEFUL: www.feherlawfirm.com ['/admin/index.php', '/admin/', '/login.php', '/wp-login.php'] ['wordpress']
USEFUL: www.filsdereves.com ['/admin/login'] []
USEFUL: www.finewaterline.com ['/admin/', '/wp-login.php'] ['wordpress']
USEFUL: www.flixicam.com ['/admin/login.php', '/admin/index.php', '/admin.php', '/login.php'] []
USEFUL: www.fillmorecountyfair.com ['/admin/', '/login.php', '/wp-login.php'] ['wordpress']
USEFUL: www.flirtmuttis.com ['/wp-login.php'] []
USEFUL: www.floridachiropractor.com ['/admin/index.php', '/admin/', '/login.php', '/wp-login.php'] ['wordpress']
USEFUL: www.fnbmifflintown.com ['/admin/index.php', '/admin/', '/login.php', '/wp-login.php'] ['wordpress']
USEFUL: www.flowsberry.com ['/admin/index.php', '/admin/', '/login.php', '/wp-login.php'] ['wordpress']
USEFUL: www.forchildren.com ['/admin/login.php', '/admin/index.php', '/admin/', '/admin/login.asp'] []
USEFUL: www.forestlanepediatrics.com ['/admin/index.php', '/admin/', '/login.php', '/wp-login.php'] ['wordpress']
USEFUL: www.franckprovost-expert.com ['/wp-login.php'] ['pbootcms']
USEFUL: www.forestcitybaseball.com ['/login.php', '/wp-login.php'] []
USEFUL: www.fromone.cn ['/admin/', '/admin/index.asp'] []
USEFUL: www.fringebenefitservices.com ['/admin/'] []
USEFUL: www.fsswd.com ['/admin/login.asp', '/admin/index.asp', '/admin/login.aspx'] []
USEFUL: www.fwtrh.com ['/admin.php', '/login.php', '/wp-login.php'] []
USEFUL: www.friendsofonemilecreek.org ['/admin/', '/manage/', '/wp-login.php'] ['wordpress']
[batch 4] 1800/3000 useful=205 dead=1120
USEFUL: www.g-gmakine.com ['/admin/login.php', '/admin/index.php', '/admin/', '/admin/login.asp'] []
USEFUL: www.g0planet.com ['/admin/', '/wp-login.php'] ['wordpress']
USEFUL: www.gamingconviction.com ['/admin/index.php', '/admin/', '/login.php', '/wp-login.php'] []
USEFUL: www.generationafricavoices.org ['/admin/'] ['wordpress']
USEFUL: www.gemarecords.com ['/admin/'] []
USEFUL: www.germanfafian.com ['/admin/'] []
USEFUL: www.gname.com ['/admin/'] []
USEFUL: www.glitteronlinecasino.com ['/admin/', '/wp-login.php'] ['wordpress']
USEFUL: www.giftcertificatesandmore.com ['/login.php', '/wp-login.php'] ['wordpress']
USEFUL: www.glasscraftersofsc.com ['/wp-login.php'] ['wordpress']
USEFUL: www.glc-us.net ['/admin/index.php', '/admin/', '/login.php', '/wp-login.php'] ['wordpress']
USEFUL: www.goautodial.com ['/admin/login', '/user/login'] ['wordpress']
USEFUL: www.goggingolf.com ['/admin/', '/wp-login.php'] ['wordpress']
USEFUL: www.graham-rogers.com ['/login.php'] ['wordpress']
USEFUL: www.grandmarcuva.com ['/wp-login.php'] ['wordpress']
USEFUL: www.greatwaylimited.com ['/admin/login', '/user/login'] []
USEFUL: www.goodeveningcity.com ['/admin/index.php', '/admin/', '/login.php', '/wp-login.php'] ['wordpress']
USEFUL: www.grossgasteigerhof.com ['/admin/login.php', '/admin/index.php', '/admin/'] []
USEFUL: www.gtm.sodimac.com ['/manage/', '/admin/login.aspx'] []
USEFUL: www.gtocad.com ['/admin/index.php', '/admin/', '/login.php', '/wp-login.php'] ['wordpress']
USEFUL: www.gsxfzy.com ['/admin/login.asp', '/admin/index.asp', '/admin/login.aspx'] []
USEFUL: www.gztodo.com ['/manage/', '/houtai/', '/dede/', '/user/login'] []
USEFUL: www.greenlightservices.com ['/admin/index.php', '/admin/', '/login.php', '/wp-login.php'] ['wordpress']
USEFUL: www.hammill-institute.org ['/admin/', '/wp-login.php'] ['wordpress']
USEFUL: www.hackerone.com ['/user/login'] []
USEFUL: www.h3co.com ['/admin/index.php', '/admin/', '/login.php', '/wp-login.php'] ['wordpress']
[batch 4] 2000/3000 useful=231 dead=1232
USEFUL: www.hashgraph.com ['/admin/index.php', '/admin/', '/login.php', '/wp-login.php'] ['wordpress']
USEFUL: www.gzz.net.cn ['/admin/login.php', '/admin/index.php', '/admin/', '/admin.php'] []
USEFUL: www.henrycharlesestates.com ['/wp-login.php'] []
USEFUL: www.huobing119.com ['/admin.php'] []
USEFUL: www.hermanngmeinerakademie.org ['/admin/index.php', '/admin/', '/wp-login.php'] ['wordpress']
USEFUL: www.grupoalc.com ['/admin/index.php', '/admin/', '/wp-login.php'] ['wordpress']
USEFUL: www.hwhost.com ['/admin/index.php', '/admin/'] []
USEFUL: www.hellohasan.com ['/admin/index.php', '/admin/', '/login.php', '/wp-login.php'] ['wordpress']
USEFUL: www.jivanchi.com ['/user/login'] []
USEFUL: www.jkbw.com ['/admin/', '/admin/index.asp'] []
USEFUL: www.holidaysandobservances.net ['/wp-login.php'] ['wordpress']
USEFUL: www.journaldev.com ['/admin/', '/manage/', '/houtai/', '/dede/'] []
USEFUL: www.jslet.cn ['/admin/login.php', '/admin/login'] []
USEFUL: www.judaspriest-namegenerator.com ['/admin/login.php', '/admin/index.php', '/admin/', '/admin/login.asp'] []
USEFUL: www.jx02.com ['/login.php'] []
USEFUL: www.jointherivercoalition.org ['/admin/index.php', '/admin/', '/login.php', '/wp-login.php'] ['wordpress']
USEFUL: www.js-supt.com ['/admin/', '/admin/index.asp'] []
USEFUL: www.kanzhun.com ['/admin/index.php', '/admin/index.asp', '/admin/login', '/dede/'] []
USEFUL: www.kawelapha.com ['/user/login'] []
USEFUL: www.killerinstinctworldcup.com ['/admin/', '/manage/', '/admin/login.asp', '/admin/index.asp'] []
[batch 4] 2200/3000 useful=251 dead=1346
USEFUL: www.kentuckytourism.com ['/user/login'] []
USEFUL: www.kiwacn.com ['/user/login'] []
USEFUL: www.kerford.com ['/admin.php', '/login.php', '/manage/', '/houtai/'] []
USEFUL: www.kirbyvacuum.com ['/admin.php', '/login.php', '/manage/'] ['thinkphp']
USEFUL: www.kuande.xyz ['/admin/'] []
USEFUL: www.kogroofing.com ['/wp-login.php'] ['wordpress']
USEFUL: www.kustomduo.com ['/admin/', '/manage/', '/houtai/', '/admin/login'] []
USEFUL: www.kuriyeedu.com ['/wp-login.php'] ['wordpress']
USEFUL: www.kiliboundadventures.com ['/admin/index.php', '/admin/', '/login.php', '/wp-login.php'] ['wordpress']
USEFUL: www.kortniesflowers.com ['/admin/login.php', '/admin/index.php', '/admin/', '/admin/login.asp'] []
USEFUL: www.kreenplus.com ['/admin/index.php', '/admin/', '/login.php', '/wp-login.php'] ['wordpress']
USEFUL: www.lamoo.cn ['/admin/', '/manage/', '/houtai/', '/dede/'] []
USEFUL: www.ladybugmalta.com ['/admin/index.php', '/admin/', '/login.php', '/wp-login.php'] ['wordpress']
USEFUL: www.lbporns.com ['/login.php'] []
USEFUL: www.laroche-posay.com ['/admin/', '/manage/', '/houtai/', '/admin/login'] []
USEFUL: www.kpc.com ['/wp-login.php'] ['wordpress']
USEFUL: www.leduo111.com ['/manage/', '/houtai/', '/dede/', '/user/login'] ['thinkphp']
USEFUL: www.lemonade.com ['/wp-login.php'] []
USEFUL: www.lifestylerealtyteam.com ['/admin/', '/manage/', '/admin/login.asp', '/admin/index.asp'] []
USEFUL: www.linksys.com ['/admin/login', '/user/login'] []
USEFUL: www.littlesofts.com ['/admin/login'] []
USEFUL: www.liquid-soul.com ['/user/login'] []
USEFUL: www.libyaninvestment.com ['/admin/', '/wp-login.php'] ['wordpress']
USEFUL: www.leaflinelabs.com ['/admin/login.asp', '/admin/index.asp', '/admin/login.aspx'] ['wordpress']
USEFUL: www.lode88.com ['/admin.php', '/login.php'] []
USEFUL: www.lomoflex.com ['/admin/login.aspx'] []
USEFUL: www.livetheprovince.com ['/wp-login.php'] ['wordpress']
[batch 4] 2400/3000 useful=278 dead=1465
USEFUL: www.logicawe.com ['/admin/index.php', '/admin/', '/login.php', '/wp-login.php'] ['pbootcms']
USEFUL: www.lucentlife.com ['/admin/login'] []
USEFUL: www.luxtonhotel.com ['/wp-login.php'] ['wordpress']
USEFUL: www.lifeandmoney.com ['/wp-login.php'] ['wordpress']
USEFUL: www.luckyleke.com ['/admin/', '/manage/', '/houtai/', '/dede/'] []
USEFUL: www.liftsafe.net ['/admin/index.php', '/admin/', '/login.php', '/wp-login.php'] ['wordpress']
USEFUL: www.magentonotes.com ['/admin/index.php', '/admin/', '/wp-login.php'] ['wordpress']
USEFUL: www.makenotion.com ['/admin/', '/manage/', '/houtai/', '/admin/login'] []
USEFUL: www.makerojavagreenagain.org ['/admin/', '/login.php', '/wp-login.php'] ['wordpress']
USEFUL: www.manedigital.com ['/admin/index.php', '/admin/', '/login.php', '/wp-login.php'] ['wordpress']
USEFUL: www.mallatjohnsoncity.com ['/admin/index.php', '/admin/', '/login.php', '/wp-login.php'] ['wordpress']
USEFUL: www.magicalshoes24.com ['/admin/', '/manage/', '/houtai/', '/admin/login'] []
USEFUL: www.marconamedia.com ['/admin/index.php', '/admin/', '/login.php', '/wp-login.php'] ['wordpress']
USEFUL: www.mariettaohio.org ['/admin/', '/wp-login.php'] ['wordpress']
USEFUL: www.masterlocksmithma.com ['/admin/index.php', '/wp-login.php'] ['wordpress']
USEFUL: www.mechanicsburgrestaurant.com ['/admin/', '/wp-login.php'] ['wordpress']
USEFUL: www.medtechdive.com ['/admin/login.php', '/admin/index.php', '/admin/', '/admin/login.asp'] []
USEFUL: www.medellincomovamos.org ['/admin/index.php', '/admin/', '/login.php', '/wp-login.php'] ['wordpress']
[batch 4] 2600/3000 useful=296 dead=1590
USEFUL: www.michigancasinorewards.com ['/admin/', '/wp-login.php'] ['wordpress']
USEFUL: www.melhorescassino.com ['/admin/', '/wp-login.php'] ['wordpress']
USEFUL: www.milanrecords.com ['/admin/', '/wp-login.php'] []
USEFUL: www.midwestinsure.com ['/admin/index.php', '/admin/', '/login.php', '/wp-login.php'] ['wordpress']
USEFUL: www.mingyangshijia.cn ['/admin/index.php', '/admin/'] []
USEFUL: www.mksa.top ['/admin/', '/manage/', '/houtai/', '/admin/login'] []
USEFUL: www.minecraftminerals.com ['/admin/', '/wp-login.php'] ['wordpress']
USEFUL: www.mifsuds.com ['/admin/index.php', '/admin/', '/login.php', '/wp-login.php'] ['wordpress']
USEFUL: www.mistcannons.com ['/admin/', '/wp-login.php'] ['wordpress']
USEFUL: www.mitsubishikereta.com ['/admin/index.php', '/admin/', '/login.php', '/wp-login.php'] ['wordpress']
USEFUL: www.mk.skechers.com ['/admin/', '/admin/login.asp', '/admin/index.asp', '/admin/login'] []
USEFUL: www.missionbeach.com ['/admin/index.php', '/admin/', '/login.php', '/wp-login.php'] ['wordpress']
USEFUL: www.mobileunlocksolutions.com ['/login.php'] []
USEFUL: www.monotypefonts.com ['/admin/login'] []
USEFUL: www.moneytapmarketing.com ['/admin/'] ['wordpress']
USEFUL: www.moillusions.com ['/admin/', '/wp-login.php'] ['wordpress']
USEFUL: www.minuteformedicine.com ['/admin/index.php', '/admin/', '/login.php', '/wp-login.php'] ['wordpress']
USEFUL: www.moserbaerhomevideo.com ['/admin/index.php', '/admin/', '/login.php', '/wp-login.php'] ['wordpress']
USEFUL: www.mscml.com ['/admin/', '/admin/login.asp'] []
USEFUL: www.mresidencenow.com ['/admin/index.php', '/admin/', '/login.php', '/wp-login.php'] ['wordpress']
USEFUL: www.movie-guide.com ['/manage/', '/houtai/', '/dede/', '/user/login'] []
USEFUL: www.mt2gb.com ['/admin/login.php', '/admin/index.php', '/admin/', '/admin/login.asp'] []
USEFUL: www.mrcormacwilson.com ['/admin/index.php', '/admin/', '/login.php', '/wp-login.php'] ['wordpress']
USEFUL: www.musicandmiracles.com ['/wp-login.php'] []
USEFUL: www.mycollect.com ['/admin.php'] []
USEFUL: www.mutlubeyinpodcast.com ['/admin/index.php', '/admin/', '/login.php', '/wp-login.php'] ['wordpress']
USEFUL: www.myneobuxportal.com ['/admin/', '/wp-login.php'] ['wordpress']
USEFUL: www.myscriptx.net ['/admin/', '/admin.php', '/login.php', '/admin/login.asp'] []
[batch 4] 2800/3000 useful=324 dead=1709
USEFUL: www.natasailic.com ['/admin/index.php', '/admin/', '/wp-login.php'] ['wordpress']
USEFUL: www.newassignmenthelp.com ['/admin/index.php'] ['thinkphp']
USEFUL: www.mtgproxies.biz ['/admin/index.php', '/admin/', '/login.php', '/admin/login'] ['wordpress']
USEFUL: www.napacarpetcleaning.net ['/admin/index.php', '/admin/', '/login.php', '/wp-login.php'] ['wordpress']
USEFUL: www.newteachercenter.org ['/admin/index.php', '/admin/', '/login.php', '/wp-login.php'] ['wordpress']
USEFUL: www.primedealzauto.com ['/admin/index.php', '/admin/', '/login.php', '/wp-login.php'] ['wordpress']
USEFUL: www.pronewspace.com ['/admin/'] []
USEFUL: www.prorolls.eu.org ['/admin/login.php', '/admin/index.php', '/admin/', '/admin.php'] []
USEFUL: www.prideindustries.com ['/admin/index.php', '/admin/', '/login.php', '/wp-login.php'] ['wordpress']
USEFUL: www.pulleyapp.com ['/admin/', '/manage/', '/houtai/', '/dede/'] []
USEFUL: www.psipc.com ['/admin/index.php', '/admin/', '/login.php', '/manage/'] ['pbootcms']
USEFUL: www.pzhccb.com ['/admin/', '/manage/', '/houtai/', '/admin/login'] []
USEFUL: www.qxzjzx.com ['/admin/'] []
USEFUL: www.puppydad.com ['/admin/login', '/wp-login.php', '/user/login'] []
USEFUL: www.purcellfoods.com ['/admin/index.php', '/admin/', '/login.php', '/wp-login.php'] ['wordpress']
USEFUL: www.quran2.com ['/admin/index.php', '/admin/', '/login.php', '/wp-login.php'] ['wordpress']
USEFUL: www.radiocares.org ['/admin/', '/wp-login.php'] ['wordpress']
USEFUL: www.rbjh.com ['/admin/index.php', '/admin/', '/login.php', '/wp-login.php'] ['wordpress']
USEFUL: www.rallslegal.com ['/admin/index.php', '/admin/', '/login.php', '/wp-login.php'] ['wordpress']
USEFUL: www.rankmyapp.com ['/admin/index.php', '/admin/', '/admin.php', '/login.php'] []
USEFUL: www.proconcretedesigns.com ['/admin/index.php', '/admin/', '/login.php', '/wp-login.php'] ['wordpress']
[batch 4] 3000/3000 useful=345 dead=1820
[batch 4 done] useful=345 dead=1820 alive=835 | total_pool: usable=1748 dead=26671
[auto_filter] total=44569 todo=16150 (dead=26671 usable=1748)
USEFUL: xr-elec.com ['/admin.php'] []
USEFUL: xthuangtao.com ['/admin/', '/manage/', '/admin/login.asp', '/admin/index.asp'] []
USEFUL: xueguo.net ['/admin/'] []
USEFUL: xxl7g.marketuno.com ['/admin/login.php', '/admin/index.php', '/manage/', '/user/login'] []
USEFUL: xrdzn.cn ['/admin/login.php', '/admin/index.php', '/admin/', '/admin.php'] []
USEFUL: xxlsy.marketuno.com ['/admin/', '/admin/login'] []
USEFUL: xxyuanchuang.com ['/admin/', '/manage/', '/houtai/', '/dede/'] []
USEFUL: xxxcartoonsex.net ['/admin/', '/manage/', '/houtai/', '/dede/'] []
USEFUL: xybwg.com.cn ['/admin/'] []
USEFUL: yahrivera.com ['/admin/login'] []
USEFUL: xyyld.com ['/admin.php'] []
USEFUL: yachtfortylove.com ['/admin/index.php', '/wp-login.php'] []
[batch 5] 200/1150 useful=12 dead=125
USEFUL: yatraexpert.com ['/admin/index.php', '/admin/', '/login.php', '/wp-login.php'] ['wordpress']
USEFUL: yaojizaixianyulechengqipai.xxzypx.com ['/admin/index.php', '/admin/', '/admin.php', '/login.php'] []
USEFUL: yearstarcare.com ['/admin/index.php', '/admin/', '/login.php', '/wp-login.php'] ['wordpress']
USEFUL: yfukj.com ['/admin.php', '/login.php', '/manage/', '/houtai/'] []
USEFUL: yghagq.r14.35.cn ['/admin/', '/admin.php', '/login.php', '/manage/'] []
USEFUL: yghagq.r14.35.com ['/admin/', '/admin.php', '/login.php', '/manage/'] []
USEFUL: yikkj.com ['/admin.php', '/login.php', '/manage/', '/houtai/'] []
USEFUL: yidianjf.com ['/admin/', '/admin.php', '/admin/login'] []
USEFUL: yingchuanit.com ['/admin/', '/manage/', '/houtai/', '/dede/'] []
USEFUL: yhpop.com ['/admin/', '/wp-login.php', '/user/login'] ['wordpress']
USEFUL: yj-bf.com ['/admin/'] []
USEFUL: yl2468.com ['/admin/login', '/user/login'] []
USEFUL: yk64.com ['/manage/', '/houtai/', '/dede/', '/user/login'] ['thinkphp']
USEFUL: ykhanzhou.net ['/login.php'] []
USEFUL: ynpma.com ['/user/login'] []
USEFUL: ylqz.cn ['/admin/index.php', '/admin/'] []
USEFUL: ynhds.com ['/admin/', '/manage/', '/houtai/', '/dede/'] []
USEFUL: ynzswz.com ['/user/login'] []
USEFUL: yoocubi.com ['/admin.php', '/login.php', '/wp-login.php'] []
USEFUL: yolochina.com ['/admin.php', '/houtai/', '/dede/'] []
USEFUL: youdo99.com ['/admin/', '/admin/index.asp'] []
USEFUL: yourcurvystyle.com ['/admin/login'] []
[batch 5] 400/1150 useful=34 dead=234
USEFUL: ypakj.com ['/admin.php', '/login.php', '/manage/', '/houtai/'] []
USEFUL: youressayreviews.com ['/wp-login.php'] ['wordpress']
USEFUL: youjingchemical.com ['/manage/'] []
USEFUL: yqdz4sd.com ['/admin/login.php'] []
USEFUL: yougotobali.com ['/admin/', '/wp-login.php'] ['wordpress']
USEFUL: ytzjzx.com ['/admin/'] []
USEFUL: youthvillages.com ['/admin/index.php', '/admin/'] ['wordpress']
USEFUL: youshouldlisten.com ['/admin/index.php', '/admin/', '/login.php', '/wp-login.php'] ['wordpress']
USEFUL: yuanleitec.com ['/admin/login.php', '/admin/index.php', '/admin.php'] []
USEFUL: yusheng-sh.net ['/admin/', '/admin/index.asp'] []
USEFUL: ywcamaduraitn.com ['/admin/index.php', '/admin/', '/login.php', '/wp-login.php'] ['wordpress']
USEFUL: zanamusic.com ['/admin/', '/manage/', '/houtai/', '/dede/'] []
USEFUL: yzhxkj.com ['/admin/login.asp', '/admin/index.asp', '/admin/login.aspx'] []
USEFUL: zachlandua.com ['/admin/', '/wp-login.php'] ['wordpress']
USEFUL: zagroup.net ['/manage/'] []
USEFUL: zafersekerci.net ['/admin/index.php', '/admin/', '/login.php', '/wp-login.php'] ['wordpress']
USEFUL: zadvancement.com ['/wp-login.php'] ['pbootcms', 'wordpress']
USEFUL: zartetreffen.com ['/wp-login.php'] []
USEFUL: zapwebdesign.com ['/admin/index.php', '/admin/', '/login.php', '/wp-login.php'] ['wordpress']
[batch 5] 600/1150 useful=53 dead=359
USEFUL: zbreliable.com ['/admin/login.asp', '/admin/index.asp', '/admin/login.aspx'] []
USEFUL: zbllj.com ['/admin/index.php', '/admin/'] []
USEFUL: zephrex-d.com ['/user/login'] []
USEFUL: zelve.com ['/admin/'] []
USEFUL: zeaben.com ['/admin.php'] []
USEFUL: zemeno.com ['/admin.php', '/login.php'] []
USEFUL: zdc.com ['/admin/index.php', '/admin/', '/wp-login.php'] ['wordpress']
USEFUL: zerric.xyz ['/wp-login.php'] []
USEFUL: zhaoyangby.com ['/admin/'] []
USEFUL: zhendongt.com ['/admin/login.php', '/admin.php', '/login.php', '/admin/login.asp'] []
USEFUL: zhipin.com ['/admin/login.php', '/admin/', '/houtai/', '/admin/login.aspx'] []
USEFUL: zhenxingchem.com ['/admin/login.php', '/admin.php', '/login.php', '/admin/login.asp'] []
USEFUL: zhjmedical.com ['/admin/login.php', '/admin/index.php', '/admin.php', '/login.php'] []
USEFUL: zhu-6199759.b-9-j-4.com ['/admin/', '/manage/', '/houtai/', '/admin/login'] []
USEFUL: zhpu.net ['/admin/', '/manage/', '/houtai/', '/dede/'] []
USEFUL: zhonghupump.com ['/admin/login.aspx'] []
USEFUL: zhuodawei.com ['/user/login'] []
[batch 5] 800/1150 useful=70 dead=494
USEFUL: zionlfztm.blogripley.com ['/manage/', '/houtai/', '/admin/login', '/dede/'] []
USEFUL: zileijg.com ['/admin/login.aspx'] []
USEFUL: zilb.com ['/admin/', '/wp-login.php'] ['wordpress']
USEFUL: ziquinlife.com ['/admin/login'] []
USEFUL: zillowtruliagroup.net ['/admin/login.php', '/admin/index.php', '/admin/login.asp', '/admin/index.asp'] []
USEFUL: zished.com ['/admin/', '/manage/', '/houtai/', '/admin/login'] []
USEFUL: zjchdg.com ['/admin/', '/manage/', '/houtai/', '/dede/'] []
USEFUL: zjlongkai.com ['/admin/login.asp', '/admin/index.asp', '/admin/login.aspx'] []
USEFUL: zjjyxh.org.cn ['/admin/login.asp', '/admin/index.asp', '/admin/login.aspx'] []
USEFUL: zjszwt.com ['/admin/login.php', '/admin/index.php'] []
USEFUL: zjzlept.com ['/admin.php'] []
USEFUL: zjzjsl.com ['/admin/', '/manage/', '/houtai/', '/dede/'] []
USEFUL: zonebeat.com ['/admin/login.php', '/admin/index.php', '/admin/', '/admin.php'] []
USEFUL: zoolar.com ['/admin/login.php', '/admin/index.php'] []
USEFUL: zogaibgroup.com ['/admin.php', '/login.php', '/wp-login.php', '/admin/login.aspx'] []
USEFUL: zsbg888.com ['/admin/'] []
USEFUL: zqwsnzbz.backstagefix.com ['/admin/login.php', '/admin.php', '/houtai/', '/wp-login.php'] []
USEFUL: zpqfm2.r14.35.com ['/admin/', '/admin.php', '/login.php', '/manage/'] []
[batch 5] 1000/1150 useful=88 dead=608
USEFUL: zpjit.com ['/admin/'] []
USEFUL: zsg2011.com ['/admin/login.php', '/admin.php', '/login.php', '/admin/login.asp'] []
USEFUL: zrowgk.r14.35.com ['/admin/', '/admin.php', '/login.php', '/manage/'] []
USEFUL: ztqut.cnyingrui.com ['/admin.php', '/houtai/', '/wp-login.php'] []
USEFUL: zuqiuliansaiguanlixitong.refuly.com ['/admin/login.php', '/admin/login.asp'] []
USEFUL: zuqiupingtaidaili.bocai.itita.com ['/admin.php', '/user/login'] []
USEFUL: zonnepanelen.top ['/admin/index.php', '/admin/', '/login.php', '/wp-login.php'] ['wordpress']
USEFUL: zwx88.com ['/admin/', '/admin.php', '/login.php', '/manage/'] []
USEFUL: zy7dty.r14.35.cn ['/admin/', '/admin.php', '/login.php', '/manage/'] []
USEFUL: zwzs1688.com ['/admin/login.php', '/admin.php', '/admin/login.asp', '/admin/index.asp'] []
USEFUL: zy7dty.r14.35.com ['/admin/', '/admin.php', '/login.php', '/manage/'] []
USEFUL: zzr.04563.com ['/admin/login.php', '/admin/index.php', '/admin/', '/admin.php'] []
USEFUL: zuqiucaipiaowangshangtouzhu.ec0451.com ['/admin/login.php', '/admin/', '/admin.php', '/admin/login.asp'] []
USEFUL: zzyxyf.com ['/admin/login.php', '/admin.php', '/login.php', '/admin/login.asp'] []
[batch 5 done] useful=102 dead=717 alive=331 | total_pool: usable=1850 dead=27388
[hook] all filtered, nothing to do
[hook] all filtered, nothing to do
[auto_filter] total=46139 todo=16901 (dead=27388 usable=1850)
USEFUL: 0086zg.com ['/admin/', '/admin/index.asp'] []
USEFUL: 034548.org ['/admin/index.php', '/admin/', '/login.php', '/wp-login.php'] ['wordpress']
[batch 0] 200/3000 useful=2 dead=36
USEFUL: 3dmations.com ['/admin/index.php', '/admin/', '/login.php', '/admin/login'] ['wordpress']
USEFUL: 65242266.com ['/manage/', '/houtai/', '/dede/', '/user/login'] []
USEFUL: 5fodspor.com ['/admin/index.php', '/admin/', '/login.php', '/wp-login.php'] ['wordpress']
USEFUL: 911763.com ['/admin/', '/manage/'] []
[batch 0] 400/3000 useful=6 dead=75
USEFUL: ag.00226524.com ['/manage/', '/houtai/', '/dede/', '/user/login'] []
USEFUL: ahtlt.com.cn ['/admin/'] []
USEFUL: allsexynavels.com ['/admin/index.php', '/admin/', '/wp-login.php'] ['wordpress']
USEFUL: allstarlures.com ['/admin/index.php', '/admin/', '/login.php'] ['wordpress']
USEFUL: amic-ah.com ['/admin/index.asp', '/houtai/', '/admin/login', '/dede/'] []
[batch 0] 600/3000 useful=11 dead=132
USEFUL: apartamentoslevante.net ['/admin/index.php', '/admin/', '/wp-login.php'] ['wordpress']
USEFUL: amwjs.com ['/admin/login.php', '/admin/index.php', '/admin/', '/admin.php'] []
USEFUL: arrowheadhoa.org ['/admin/', '/wp-login.php'] ['thinkphp', 'wordpress']
USEFUL: arienscorp.com ['/admin/'] []
USEFUL: asesoriacontableyfiscalparapymes.com ['/admin/index.php', '/admin/', '/login.php', '/wp-login.php'] []
USEFUL: atclose.com ['/user/login'] []
USEFUL: atlantic-construction.net ['/admin/index.php', '/admin/', '/login.php', '/wp-login.php'] ['wordpress']
USEFUL: astillerobuenosaires.com ['/admin/index.php', '/admin/', '/login.php', '/wp-login.php'] ['wordpress']
USEFUL: august-press.com ['/admin/index.php', '/admin/', '/login.php', '/wp-login.php'] ['wordpress']
USEFUL: b2b.huangye88.com ['/admin/login', '/user/login'] []
USEFUL: avcbc.pbwiki.com ['/login.php', '/user/login'] []
USEFUL: azmiindianews.com ['/admin/', '/wp-login.php'] ['wordpress']
[batch 0] 800/3000 useful=23 dead=178
USEFUL: bathtubringsandartsythings.com ['/admin/index.php', '/admin/', '/login.php', '/wp-login.php'] ['wordpress']
USEFUL: bestbuypostaluniforms.com ['/login.php'] []
USEFUL: beyerfunctionalwellness.com ['/admin/index.php', '/admin/', '/wp-login.php'] []
USEFUL: bigcommerce.com ['/manage/'] []
USEFUL: bikeugene.com ['/wp-login.php'] ['wordpress']
USEFUL: bibletop10.com ['/admin/index.php', '/admin/', '/login.php', '/wp-login.php'] ['wordpress']
USEFUL: bigkittylife.com ['/admin/', '/wp-login.php'] ['wordpress']
[batch 0] 1000/3000 useful=30 dead=257
USEFUL: bikefinder.com ['/admin/index.php', '/admin/', '/login.php', '/wp-login.php'] ['wordpress']
USEFUL: binae.org ['/admin/index.php', '/admin/', '/login.php', '/wp-login.php'] ['wordpress']
USEFUL: bio-muscles.net ['/admin/index.php', '/admin/', '/login.php', '/wp-login.php'] ['wordpress']
USEFUL: bio-keystone.com ['/admin/', '/manage/', '/houtai/', '/dede/'] []
USEFUL: biotectura.com ['/admin/', '/wp-login.php'] ['pbootcms']
USEFUL: biofoodshop.net ['/admin/index.php', '/admin/', '/login.php', '/wp-login.php'] ['wordpress']
USEFUL: birminghamsitematerials.com ['/admin/', '/wp-login.php'] ['wordpress']
USEFUL: bitintruder.com ['/admin/index.php', '/admin/', '/login.php', '/wp-login.php'] ['wordpress']
USEFUL: biotechniques.com ['/admin/index.php', '/admin/', '/login.php', '/wp-login.php'] ['wordpress']
USEFUL: bjxdbm.com ['/admin.php'] []
USEFUL: blog.artsadd.com ['/admin/', '/wp-login.php'] ['wordpress']
USEFUL: blog.intensedebate.com ['/admin/', '/wp-login.php'] ['thinkphp', 'wordpress']
USEFUL: blissbets.com ['/admin/login.php', '/admin/index.php', '/admin/login.asp', '/admin/index.asp'] []
USEFUL: blog.lemonade.com ['/wp-login.php'] ['wordpress']
USEFUL: blog.osgcorp.com ['/admin/index.php', '/admin/', '/login.php', '/wp-login.php'] ['wordpress']
USEFUL: blog.themeforest.net ['/admin/', '/manage/', '/houtai/', '/admin/login'] ['wordpress']
USEFUL: blog.fincra.com ['/admin/index.php', '/admin/', '/login.php', '/wp-login.php'] ['wordpress']
USEFUL: bjygj.com ['/admin/login.php', '/admin/index.php', '/admin/', '/admin.php'] []
USEFUL: blog.ufmoverguys.com ['/admin/index.php', '/admin/', '/manage/', '/wp-login.php'] ['wordpress']
USEFUL: blueboxsports.com ['/admin/', '/manage/', '/houtai/', '/admin/login'] []
USEFUL: blog.wordpress.com ['/admin/', '/manage/', '/admin/login.asp', '/admin/login'] ['wordpress']
USEFUL: bluecom.uk.com ['/admin/index.php', '/admin/', '/login.php', '/wp-login.php'] ['wordpress']
[batch 0] 1200/3000 useful=52 dead=385
USEFUL: bluecrossblueshieldma.com ['/admin.php', '/login.php', '/manage/', '/dede/'] []
USEFUL: bluespringmanor.com ['/admin/login.php', '/admin/index.php', '/admin.php', '/login.php'] ['wordpress']
USEFUL: bluegooseholidays.com ['/admin/index.php', '/admin/', '/login.php', '/wp-login.php'] ['wordpress']
USEFUL: bluelynxstudio.com ['/admin/index.php', '/admin/', '/login.php', '/wp-login.php'] ['wordpress']
USEFUL: bmcchannel.com ['/admin/index.php', '/admin/', '/login.php', '/wp-login.php'] ['wordpress']
USEFUL: bmd-law.com ['/admin/index.php', '/admin/', '/login.php', '/wp-login.php'] ['wordpress']
USEFUL: blvdautoworks.com ['/admin/index.php', '/admin/', '/login.php', '/wp-login.php'] ['wordpress']
USEFUL: blusteak.com ['/admin/index.php', '/wp-login.php'] ['pbootcms', 'wordpress']
USEFUL: bokecai.com ['/admin/login.php', '/admin/index.php', '/admin/', '/admin.php'] []
USEFUL: bomexpo.com ['/admin/'] []
USEFUL: bonpret.com ['/admin.php', '/dede/'] []
USEFUL: bogurcu.com ['/admin/', '/wp-login.php'] ['wordpress']
USEFUL: bodymassage.com ['/admin/index.php', '/admin/', '/login.php', '/wp-login.php'] ['wordpress']
USEFUL: boldfilms.com ['/admin/index.php', '/admin/', '/login.php', '/wp-login.php'] ['wordpress']
USEFUL: bolivia.forchildren.com ['/admin/login.php', '/admin/index.php', '/admin/', '/admin/login.asp'] []
USEFUL: bojaco.com ['/admin/', '/wp-login.php'] ['wordpress']
USEFUL: bookpest.com ['/admin/index.php', '/admin/login'] []
USEFUL: bookgirlsguide.com ['/admin/index.php', '/admin/', '/login.php', '/wp-login.php'] ['wordpress']
USEFUL: booyasportsline.com ['/admin/', '/manage/', '/houtai/', '/admin/login'] []
USEFUL: bookharpy.com ['/admin/index.php', '/admin/', '/login.php', '/wp-login.php'] ['wordpress']
USEFUL: bowlwithseoul.com ['/admin/index.php', '/admin/', '/login.php', '/wp-login.php'] ['wordpress']
USEFUL: bonusar.info ['/admin/index.php', '/admin/', '/login.php', '/wp-login.php'] ['wordpress']
USEFUL: bragmedallion.com ['/admin/', '/wp-login.php'] ['wordpress']
USEFUL: branchbets.com ['/admin/', '/manage/', '/houtai/', '/admin/login'] []
[batch 0] 1400/3000 useful=76 dead=507
USEFUL: breestallings.com ['/admin/', '/wp-login.php'] ['wordpress']
USEFUL: braishfield.com ['/wp-login.php'] ['wordpress']
USEFUL: brasil.forchildren.com ['/admin/login.php', '/admin/index.php', '/admin/', '/admin/login.asp'] []
USEFUL: brightworkspace.com ['/admin/', '/admin.php', '/login.php', '/manage/'] []
USEFUL: brentwoodchurch.com ['/admin/login.php', '/admin/index.php', '/admin/', '/admin/login.asp'] []
USEFUL: bridgelandmarkets.com ['/admin/login.php', '/admin/index.php', '/admin/login.asp', '/admin/index.asp'] []
USEFUL: brnew88br.com ['/admin/', '/admin.php', '/login.php', '/manage/'] []
USEFUL: broadwayworkshop.com ['/admin/', '/wp-login.php'] ['wordpress']
USEFUL: brittjanyk.com ['/admin/index.php', '/admin/', '/wp-login.php'] ['wordpress']
USEFUL: brosyfamilydentistry.com ['/admin/'] ['wordpress']
USEFUL: brlcorporate.com ['/admin/index.php', '/admin/', '/login.php', '/wp-login.php'] ['wordpress']
USEFUL: brownwhitelaw.com ['/admin/index.php', '/admin/', '/login.php', '/wp-login.php'] ['wordpress']
USEFUL: bsvod.com ['/user/login'] []
USEFUL: bsp.com ['/admin/index.php', '/admin/', '/login.php', '/wp-login.php'] ['wordpress']
USEFUL: btsk.cn ['/admin/login.asp'] []
USEFUL: bucharestapartment.net ['/admin/login.php'] []
USEFUL: btvod.com ['/user/login'] []
USEFUL: btvid.com ['/user/login'] []
USEFUL: buildingarabia.com ['/admin/index.php', '/admin/', '/login.php', '/manage/'] ['wordpress']
USEFUL: burghartswieser.com ['/admin/', '/manage/', '/houtai/', '/dede/'] []
USEFUL: buonmenu.com ['/admin/'] []
[batch 0] 1600/3000 useful=97 dead=630
USEFUL: bxbe8.com ['/admin/', '/manage/', '/houtai/', '/admin/login'] []
USEFUL: by9ynurxg7.com ['/admin/', '/manage/', '/houtai/', '/admin/login'] []
USEFUL: bya6mytbh7.top ['/admin/', '/manage/', '/houtai/', '/admin/login'] []
USEFUL: bycpa.com ['/admin/', '/admin/login.asp'] []
USEFUL: bxrunhao.com ['/admin/index.php', '/admin/'] []
USEFUL: c18fun.com ['/admin/', '/admin.php', '/login.php', '/manage/'] []
USEFUL: c72bei.r14.35.cn ['/admin/', '/admin.php', '/login.php', '/manage/'] []
USEFUL: c72bei.r14.35.com ['/admin/', '/admin.php', '/login.php', '/manage/'] []
USEFUL: cahlegacy.com ['/admin/', '/admin/login.asp', '/admin/index.asp', '/admin/login'] []
USEFUL: cadesexo.com ['/admin/index.php', '/login.php'] []
USEFUL: bulmapress.com ['/admin/index.php', '/admin/'] ['wordpress']
USEFUL: calvinharris.com ['/admin/login'] []
USEFUL: calcio-bet.com ['/admin/index.php', '/admin/', '/login.php', '/wp-login.php'] ['wordpress']
USEFUL: cameronairlie.com ['/wp-login.php'] ['wordpress']
USEFUL: calendarwiz.net ['/login.php', '/admin/login', '/user/login'] []
[batch 0] 1800/3000 useful=112 dead=765
USEFUL: campus-academy.lseg.com ['/admin/index.php', '/admin/'] []
USEFUL: campus-lsegacademy.lseg.com ['/admin/index.php', '/admin/'] []
USEFUL: canadabots.com ['/login.php'] []
USEFUL: canadadrivertest.com ['/admin/index.php', '/admin/', '/login.php', '/admin/login'] ['wordpress']
USEFUL: canada.shopkidde.com ['/admin/'] []
USEFUL: capecharleswave.com ['/admin/index.php', '/admin/', '/wp-login.php'] []
USEFUL: captainstemcell.com ['/manage/', '/admin/index.asp', '/houtai/', '/admin/login'] []
USEFUL: canyaviva.com ['/admin/index.php', '/admin/', '/wp-login.php'] ['wordpress']
USEFUL: capevets.org ['/admin/', '/wp-login.php'] ['wordpress']
USEFUL: cannamm.com ['/admin/index.php', '/admin/', '/login.php', '/wp-login.php'] ['wordpress']
USEFUL: capaenerji.com ['/admin/index.php', '/admin/', '/login.php', '/wp-login.php'] ['wordpress']
USEFUL: capilarfix.com ['/admin/index.php', '/admin/', '/wp-login.php'] ['wordpress']
USEFUL: careers.petco.com ['/admin/login', '/user/login'] []
USEFUL: cardiothinklab.com ['/admin/index.php', '/admin/', '/login.php', '/manage/'] ['wordpress']
USEFUL: carlosbedoya.com ['/admin/', '/wp-login.php'] ['wordpress']
USEFUL: cariboucollections.com ['/admin/index.php', '/admin/', '/login.php', '/wp-login.php'] ['wordpress']
USEFUL: carepoint-bg.com ['/admin/index.php', '/admin/', '/admin/login.asp', '/admin/index.asp'] []
USEFUL: carlataipe.com ['/admin/index.php', '/admin/', '/login.php', '/wp-login.php'] ['wordpress']
USEFUL: carrier-transicold.com ['/admin/index.php', '/admin/', '/admin.php', '/wp-login.php'] []
USEFUL: carshine.cc ['/admin/index.php', '/admin/', '/admin.php', '/wp-login.php'] []
USEFUL: cascadewaterfeatures.com ['/admin/', '/wp-login.php'] ['wordpress']
USEFUL: casadei.biz ['/admin/index.php', '/admin/', '/login.php', '/wp-login.php'] ['wordpress']
USEFUL: cashoferta.com ['/admin/', '/wp-login.php'] ['wordpress']
[batch 0] 2000/3000 useful=135 dead=859
USEFUL: casadeloscaracoles.com ['/admin/index.php', '/admin/', '/login.php', '/wp-login.php'] ['wordpress']
USEFUL: casinospel.biz ['/admin/index.php', '/admin/'] []
USEFUL: casitaweb.info ['/admin/', '/admin/login'] []
USEFUL: cbacl.com ['/admin/'] []
USEFUL: cc10djosjhfdksjhfke787.com ['/admin/', '/admin.php', '/login.php', '/manage/'] []
USEFUL: catholicfraternity.net ['/admin/index.php', '/admin/', '/login.php', '/wp-login.php'] ['wordpress']
USEFUL: ccrlafreeslots.com ['/admin/', '/manage/', '/houtai/', '/admin/login'] []
USEFUL: ccnsig.com ['/admin/index.php', '/admin/', '/login.php', '/wp-login.php'] ['wordpress']
USEFUL: ccednv.org ['/admin/index.php', '/admin/', '/login.php', '/wp-login.php'] ['wordpress']
USEFUL: celoxmedical.com ['/admin/index.php', '/admin/', '/login.php', '/wp-login.php'] ['wordpress']
USEFUL: ccpi.org ['/login.php', '/wp-login.php'] ['wordpress']
USEFUL: celinedion.com ['/admin/', '/wp-login.php'] []
USEFUL: cenicriviroc.info ['/admin/index.php', '/admin/', '/login.php', '/manage/'] ['wordpress']
USEFUL: ceohyeah.com ['/admin/', '/wp-login.php'] ['wordpress']
USEFUL: centralveterinaria.com ['/login.php', '/houtai/'] []
USEFUL: cecinvestor.com ['/admin/index.php', '/admin/', '/login.php', '/manage/'] ['wordpress']
[batch 0] 2200/3000 useful=151 dead=979
USEFUL: centralnjrabbi.com ['/admin/', '/wp-login.php'] ['wordpress']
USEFUL: ceaserstone.com ['/admin/login.php', '/admin/index.php', '/admin/', '/admin.php'] []
USEFUL: centrobartolome.org ['/admin/index.php', '/admin/', '/login.php', '/wp-login.php'] ['pbootcms', 'wordpress']
USEFUL: certiretie.com ['/admin/index.php', '/admin/', '/login.php', '/wp-login.php'] ['wordpress']
USEFUL: cfmministries.org ['/admin/'] ['wordpress']
USEFUL: cfoman.org ['/admin/index.php', '/admin/', '/login.php', '/admin/login'] ['wordpress']
USEFUL: cerineajoyas.com ['/admin/index.php', '/admin/', '/login.php', '/wp-login.php'] ['pbootcms', 'wordpress']
USEFUL: cetetherm.com ['/admin/login.php', '/admin/index.php', '/admin/login.asp', '/admin/index.asp'] []
USEFUL: cfyp.com.cn ['/admin/login.php', '/admin.php', '/login.php', '/admin/login.asp'] []
USEFUL: cervezasmiami.com ['/admin/index.php', '/admin/', '/login.php', '/wp-login.php'] []
USEFUL: cgopc.pbwiki.com ['/login.php', '/user/login'] []
USEFUL: certifiedconsumerreviews.com ['/admin/index.php', '/admin/', '/login.php', '/wp-login.php'] ['wordpress']
USEFUL: changzhoutu.com ['/login.php'] []
USEFUL: champagneandslicks.com ['/admin/index.php', '/admin/', '/login.php', '/wp-login.php'] ['wordpress']
USEFUL: channel-tunnel.com ['/admin/index.php', '/admin/', '/login.php', '/wp-login.php'] []
USEFUL: chargercash.com ['/admin/login.php', '/admin/index.php', '/admin/', '/admin/login.asp'] []
USEFUL: chat.mylingokids.com ['/admin/', '/login.php', '/admin/login.asp', '/admin/index.asp'] []
USEFUL: chatconabogados.com ['/manage/', '/houtai/', '/dede/', '/user/login'] []
USEFUL: chameleontour.com ['/admin/index.php', '/admin/', '/login.php', '/wp-login.php'] ['wordpress']
USEFUL: checkout.quadpay.com ['/admin/', '/manage/', '/houtai/', '/admin/login'] []
[batch 0] 2400/3000 useful=171 dead=1096
USEFUL: chewslandingfire.org ['/wp-login.php'] ['wordpress']
USEFUL: chinafpzj.com ['/manage/'] []
USEFUL: chemspecevents.com ['/user/login'] []
USEFUL: chinaglass.club ['/admin/login.php', '/admin/index.php', '/admin/'] ['dedecms']
USEFUL: chinasanjin.com ['/manage/'] []
USEFUL: chingosdeimpacto.com ['/admin/', '/admin.php'] []
USEFUL: chinatinboxes.cn ['/admin/', '/admin/index.asp'] []
USEFUL: chisagocounty.org ['/admin/login.php', '/admin/index.php'] []
USEFUL: chirurgienplasticien.com ['/admin/'] []
USEFUL: chinosity.com ['/admin/index.php', '/admin/', '/login.php', '/wp-login.php'] ['wordpress']
USEFUL: chinese-jinbu.com ['/admin/index.php', '/admin/', '/login.php', '/admin/login'] ['wordpress']
USEFUL: chocobuy.com ['/admin/login.php'] []
USEFUL: chnwidestone.com ['/admin/'] []
USEFUL: christinekennedy.com ['/admin/index.php', '/admin/', '/login.php', '/wp-login.php'] []
USEFUL: cima.iadb.org ['/user/login'] []
USEFUL: chunyicanyin.com ['/admin/'] []
USEFUL: cintergroup.com ['/admin/', '/wp-login.php'] ['wordpress']
USEFUL: citnow.eloomi.com ['/admin/', '/manage/', '/houtai/', '/admin/login'] ['wordpress']
[batch 0] 2600/3000 useful=189 dead=1213
USEFUL: civico201.com ['/admin/index.php', '/admin/', '/wp-login.php'] ['wordpress']
USEFUL: cimaworld.com ['/admin/index.php', '/admin/', '/wp-login.php'] ['thinkphp', 'wordpress']
USEFUL: citymonk.org ['/admin/index.php', '/admin/', '/login.php', '/wp-login.php'] ['wordpress']
USEFUL: clasohlson.eloomi.com ['/admin/', '/manage/', '/houtai/', '/admin/login'] ['wordpress']
USEFUL: clarkstonsmiles.com ['/admin/', '/wp-login.php'] ['wordpress']
USEFUL: class.soma-college.net ['/admin/login.php', '/admin/index.php'] []
USEFUL: cizikeyedoctors.org ['/admin/login.php', '/admin/index.php', '/admin/', '/admin/login.asp'] []
USEFUL: cleanroomsuppliesltd.com ['/admin/', '/admin/login.aspx'] []
USEFUL: cldry.com ['/admin/login.aspx'] []
USEFUL: clarkfund.org ['/admin/index.php', '/admin/', '/login.php', '/wp-login.php'] ['wordpress']
USEFUL: clic-habilidades.iadb.org ['/user/login'] []
USEFUL: clic-skills.iadb.org ['/user/login'] []
USEFUL: classicconcrete.com ['/houtai/', '/dede/', '/user/login'] []
USEFUL: clintonelectronics.com ['/admin/', '/wp-login.php'] ['wordpress']
USEFUL: clevelandcliniclabs.com ['/admin/index.php', '/admin/', '/login.php', '/wp-login.php'] ['wordpress']
USEFUL: clubspark.net ['/admin/'] []
USEFUL: club.coolamonrotary.com ['/admin/index.php', '/admin/', '/login.php'] ['wordpress']
[batch 0] 2800/3000 useful=206 dead=1351
USEFUL: cnbonly.com ['/admin.php', '/login.php'] []
USEFUL: cmdctrlmusic.com ['/admin/index.php', '/admin/', '/login.php', '/wp-login.php'] ['wordpress']
USEFUL: cnlgwz.com ['/admin/login.asp'] []
USEFUL: cngcjx.com ['/admin/login.asp'] []
USEFUL: coachnatt.com ['/admin/index.php', '/admin/', '/admin/login'] []
USEFUL: cocilux2009.com ['/admin/', '/admin/login'] []
USEFUL: codesdb.com ['/admin/', '/wp-login.php'] ['wordpress']
USEFUL: codrcamp.com ['/admin/', '/wp-login.php'] ['wordpress']
USEFUL: coelhoengenharia.com ['/admin/index.php', '/admin/', '/login.php', '/wp-login.php'] ['wordpress']
USEFUL: colquhouns-mscrm.prontoavenue.biz ['/manage/', '/houtai/', '/dede/'] []
USEFUL: come-pets.com ['/user/login'] []
USEFUL: colfisiocv.com ['/user/login'] []
USEFUL: coltandthecoyotes.com ['/admin/', '/wp-login.php'] ['wordpress']
USEFUL: colombia.forchildren.com ['/admin/login.php', '/admin/index.php', '/admin/', '/admin/login.asp'] []
[batch 0] 3000/3000 useful=220 dead=1479
[batch 0 done] useful=220 dead=1479 alive=1301 | total_pool: usable=2070 dead=28867
[auto_filter] total=46139 todo=15202 (dead=28867 usable=2070)
USEFUL: host-199-245-86-242.gsb.com ['/admin.php', '/login.php', '/manage/', '/houtai/'] []
USEFUL: host-199-245-86-104.gsb.com ['/admin.php', '/login.php', '/manage/'] []
[batch 1] 200/3000 useful=2 dead=175
USEFUL: hostednovel.com ['/admin/', '/admin/login'] []
USEFUL: hostmaster.aljazarischool.com ['/admin/login.php'] []
USEFUL: hotelkoldingfjord.eloomi.com ['/admin/', '/manage/', '/houtai/', '/admin/login'] ['wordpress']
USEFUL: hostmaster.unp-ua.org ['/admin/', '/login.php', '/admin/login.asp', '/admin/index.asp'] []
USEFUL: hoteloasia.eloomi.com ['/admin/', '/manage/', '/houtai/', '/admin/login'] ['wordpress']
USEFUL: hotdevelopments.com ['/admin/index.php', '/admin/', '/wp-login.php'] ['wordpress']
USEFUL: hostmaster.uixart.com ['/admin/', '/manage/', '/admin/login.asp', '/admin/index.asp'] []
USEFUL: hotelfeature.com ['/wp-login.php'] ['wordpress']
USEFUL: host90.semtribe.com ['/admin/login.php', '/admin/index.php', '/admin/', '/admin.php'] []
USEFUL: hourglasshomes.com ['/admin/index.php', '/admin/', '/login.php', '/wp-login.php'] ['wordpress']
USEFUL: hostmaster.creativeedgehair.com ['/admin/login.php', '/admin/index.php', '/admin/', '/admin.php'] []
USEFUL: hotpotafrica.com ['/admin/index.php', '/admin/', '/wp-login.php'] ['wordpress']
USEFUL: hpengineeringbd.com ['/admin/index.php', '/admin/', '/wp-login.php'] ['wordpress']
USEFUL: hotvintagetube.com ['/admin/', '/manage/', '/houtai/', '/admin/login'] []
USEFUL: hshaiding.com ['/admin/'] []
USEFUL: huangkh427.51sole.com ['/admin/', '/manage/', '/houtai/', '/dede/'] []
USEFUL: huaxiaolu.com ['/admin/', '/wp-login.php', '/user/login'] ['wordpress']
USEFUL: htsuppliess.com ['/admin/index.php', '/admin/', '/login.php', '/wp-login.php'] ['wordpress']
USEFUL: huda.eloomi.com ['/admin/', '/manage/', '/houtai/', '/admin/login'] ['wordpress']
[batch 1] 400/3000 useful=21 dead=325
USEFUL: huobing119.com ['/admin.php'] []
USEFUL: hurricaneshutters.com ['/admin/index.php', '/admin/'] []
USEFUL: humanumreview.com ['/admin/', '/admin/login'] []
USEFUL: hullandco-texas.com ['/login.php', '/wp-login.php'] ['wordpress']
USEFUL: hybris5.linksys.com ['/admin/login', '/user/login'] []
USEFUL: hybris1.linksys.com ['/admin/login', '/user/login'] []
USEFUL: huspi.com ['/admin/index.php', '/admin/', '/login.php', '/wp-login.php'] ['wordpress']
USEFUL: hzmlcy.com ['/admin/', '/manage/', '/houtai/', '/dede/'] []
USEFUL: hyshjt.com ['/admin.php'] []
USEFUL: hzlxplypfc.com ['/admin.php', '/login.php', '/manage/', '/houtai/'] []
USEFUL: i9success2.certiphi.com ['/manage/', '/houtai/', '/dede/', '/user/login'] []
USEFUL: i9success.certiphi.com ['/manage/', '/houtai/', '/dede/', '/user/login'] []
USEFUL: hsfoundation.org ['/admin/index.php', '/admin/', '/login.php', '/wp-login.php'] ['wordpress']
USEFUL: ilariabedogni.com ['/admin/', '/wp-login.php'] ['thinkphp', 'wordpress']
USEFUL: in-homequalitycare.com ['/admin/', '/wp-login.php'] ['wordpress']
USEFUL: ibcdogs.org ['/admin/index.php', '/admin/', '/login.php', '/wp-login.php'] ['wordpress']
USEFUL: industriacoahuila.com ['/admin/index.php', '/admin/', '/wp-login.php'] ['pbootcms', 'wordpress']
USEFUL: ineedact.com ['/admin/index.php', '/admin/', '/login.php', '/wp-login.php'] []
USEFUL: inst.ticklingbabes.com ['/admin/login.php', '/admin/index.php', '/admin/', '/admin.php'] []
USEFUL: insuropedia.lemonade.com ['/admin/login.asp', '/admin/index.asp', '/admin/login', '/wp-login.php'] []
USEFUL: instaccountant.com ['/admin/index.php', '/admin/', '/login.php', '/wp-login.php'] ['wordpress']
USEFUL: intravis-learning.eloomi.com ['/admin/', '/manage/', '/houtai/', '/admin/login'] ['wordpress']
USEFUL: instagenerac.com ['/admin/login.php', '/admin/index.php', '/admin/'] []
[batch 1] 600/3000 useful=44 dead=449
USEFUL: inyalearning.com ['/admin.php'] []
USEFUL: investor.starsmicro.com ['/admin/', '/manage/', '/wp-login.php'] ['wordpress']
USEFUL: ipbn7n.com ['/admin/', '/manage/', '/houtai/', '/admin/login'] []
USEFUL: invest4land.com ['/admin/', '/manage/', '/wp-login.php'] ['wordpress']
USEFUL: iqtradings.com ['/admin/'] []
USEFUL: ipgsf.com ['/admin/index.php', '/admin/', '/login.php', '/wp-login.php'] ['wordpress']
USEFUL: invistanodigital.com ['/admin/index.php', '/admin/', '/login.php', '/wp-login.php'] ['wordpress']
USEFUL: iquickfixrepair.com ['/admin/index.php', '/admin/', '/wp-login.php'] ['wordpress']
USEFUL: ismooth-shenggu.com ['/admin/', '/manage/', '/houtai/', '/dede/'] []
USEFUL: iscebs.org ['/admin/login.aspx'] []
USEFUL: israelnews.org ['/admin/index.php', '/admin/', '/login.php', '/wp-login.php'] ['wordpress']
USEFUL: iscoregolflive.com ['/admin/', '/manage/', '/houtai/', '/admin/login'] []
USEFUL: islamicmerch.com ['/admin/index.php', '/admin/', '/login.php', '/wp-login.php'] ['wordpress']
USEFUL: ipp.org ['/admin/index.php', '/admin/', '/login.php', '/wp-login.php'] ['wordpress']
USEFUL: itnkj.com ['/admin.php', '/login.php', '/manage/', '/houtai/'] []
USEFUL: ivadog.com ['/admin/', '/wp-login.php'] ['wordpress']
USEFUL: itsmiddletown.org ['/admin/index.php', '/admin/', '/wp-login.php'] ['wordpress']
USEFUL: italianadesign.com ['/admin/index.php', '/wp-login.php'] ['wordpress']
USEFUL: itfbrasil.com ['/admin/index.php', '/admin/', '/login.php', '/wp-login.php'] ['wordpress']
USEFUL: izhenduan.com ['/manage/'] []
[batch 1] 800/3000 useful=64 dead=582
USEFUL: iveoelectronics.com ['/admin/index.php', '/wp-login.php'] []
USEFUL: jacksonville-certified-translator.com ['/admin.php', '/login.php', '/manage/', '/houtai/'] []
USEFUL: jaapl.org ['/user/login'] []
USEFUL: jacaranda.com ['/admin/index.php', '/admin/', '/login.php', '/admin/login'] ['pbootcms', 'wordpress']
USEFUL: izotermyapi.com ['/admin/index.php', '/admin/', '/wp-login.php'] ['wordpress']
USEFUL: izmedya.com ['/admin/index.php', '/admin/', '/login.php', '/wp-login.php'] ['wordpress']
USEFUL: jackiesveggiekitchen.com ['/admin/index.php', '/admin/', '/wp-login.php'] ['wordpress']
USEFUL: jagzapp.com ['/admin/', '/wp-login.php'] ['wordpress']
USEFUL: jainrasoi.com ['/admin/login', '/user/login'] ['wordpress']
USEFUL: jaipurflooring.com ['/admin/index.php', '/admin/', '/login.php', '/wp-login.php'] ['wordpress']
USEFUL: jamieemmons.com ['/admin/index.php', '/admin/', '/login.php', '/wp-login.php'] ['wordpress']
USEFUL: jannikhansen.com ['/admin/'] []
USEFUL: jazeara.com ['/admin/index.php', '/admin/'] []
USEFUL: jbzsb.com ['/admin/', '/manage/', '/houtai/', '/admin/login'] []
USEFUL: jadecondosmiami.com ['/admin/', '/manage/', '/admin/login.asp', '/houtai/'] ['wordpress']
USEFUL: jantseridi.com ['/admin/', '/admin/login'] []
USEFUL: jasonrichards.org ['/admin/index.php', '/admin/', '/login.php', '/wp-login.php'] ['wordpress']
USEFUL: javagyansite.com ['/admin/index.php', '/admin/', '/login.php', '/wp-login.php'] ['wordpress']
USEFUL: jayantisolanki.com ['/admin/index.php', '/admin/', '/login.php', '/wp-login.php'] ['wordpress']
USEFUL: jckonline.com ['/admin/', '/manage/', '/wp-login.php'] ['wordpress']
USEFUL: jeffreestarcosmetics.com ['/admin/login'] []
USEFUL: jeronimoo.substack.com ['/admin/login.php', '/admin/index.php', '/admin/', '/admin.php'] []
USEFUL: jeremyjamesfl.com ['/admin/', '/wp-login.php'] ['wordpress']
USEFUL: jdbookservices.com ['/admin/index.php', '/admin/', '/login.php', '/wp-login.php'] []
USEFUL: jetbilling.com ['/admin/', '/wp-login.php'] ['thinkphp', 'wordpress']
USEFUL: jeffersoncommonsuva.com ['/wp-login.php'] ['wordpress']
USEFUL: jerseycaperealty.com ['/admin/login'] []
USEFUL: jessicaleesocial.com ['/admin/', '/admin/login', '/wp-login.php', '/user/login'] ['wordpress']
USEFUL: jewishvirtuallibrary.org ['/admin/', '/manage/', '/houtai/', '/admin/login'] []
[batch 1] 1000/3000 useful=93 dead=684
USEFUL: jghh88.com ['/admin.php'] []
USEFUL: jetaport.com ['/admin/index.php', '/admin/', '/login.php', '/wp-login.php'] ['wordpress']
USEFUL: jiangsuyulei.com ['/admin/login.aspx'] []
USEFUL: jhnew.com ['/admin/login.php', '/admin/index.php', '/admin/'] ['pbootcms']
USEFUL: jillsivert.com ['/admin/index.php', '/admin/', '/wp-login.php'] ['wordpress']
USEFUL: jillmustoffa.com ['/admin/index.php', '/admin/', '/login.php', '/wp-login.php'] []
USEFUL: jinhongsn.com ['/admin/login.aspx'] []
USEFUL: jinyupump.com ['/user/login'] []
USEFUL: jinmed.com ['/admin/login.php', '/admin/index.php', '/admin.php', '/login.php'] []
USEFUL: jianqun.me ['/manage/', '/admin/login'] []
USEFUL: jiujiucn.com ['/admin/login.php', '/admin.php', '/login.php', '/admin/login.asp'] []
USEFUL: jjjbet4.com ['/admin/', '/admin.php', '/login.php', '/manage/'] []
USEFUL: jmrl.org ['/user/login'] []
USEFUL: jjtextile.com ['/admin/index.php', '/admin/', '/login.php', '/wp-login.php'] ['wordpress']
USEFUL: jobafm.com ['/admin/index.php', '/admin/', '/login.php', '/wp-login.php'] ['wordpress']
USEFUL: johnaotte.com ['/admin/'] []
USEFUL: johnhitemusic.com ['/admin/', '/wp-login.php'] ['thinkphp', 'wordpress']
USEFUL: johnsklar.com ['/admin/'] ['wordpress']
[batch 1] 1200/3000 useful=111 dead=794
USEFUL: joomlat.com ['/admin/', '/wp-login.php'] ['wordpress']
USEFUL: joshviliamu.com ['/admin/index.php', '/admin/', '/login.php', '/wp-login.php'] ['wordpress']
USEFUL: journaldev.com ['/admin/', '/manage/', '/houtai/', '/dede/'] []
USEFUL: joyclinics.com ['/admin/'] ['wordpress']
USEFUL: js22l.com ['/manage/', '/houtai/', '/dede/'] []
USEFUL: jrnyon.com ['/admin/login.php', '/admin/index.php', '/admin/', '/admin/login.asp'] []
USEFUL: jumbo-computer.com ['/admin/login'] []
USEFUL: js-supt.com ['/admin/', '/admin/index.asp'] []
USEFUL: jzcjmwj.com ['/admin/', '/admin/login.asp', '/admin/index.asp', '/admin/login.aspx'] []
USEFUL: jtpharmacytechtraining.com ['/admin/index.php', '/admin/', '/wp-login.php'] ['wordpress']
USEFUL: k9to5ct.net ['/admin/', '/wp-login.php'] ['thinkphp', 'wordpress']
USEFUL: jyast.net ['/wp-login.php'] ['wordpress']
USEFUL: kbs7979.com ['/admin/', '/manage/', '/houtai/', '/dede/'] []
USEFUL: kb.site5.com ['/wp-login.php'] ['wordpress']
USEFUL: kanaifu.com.cn ['/admin/login.php', '/admin.php', '/login.php', '/admin/login.asp'] []
USEFUL: kardservice.com ['/admin/index.php', '/admin/', '/login.php', '/wp-login.php'] ['wordpress']
USEFUL: kangmasrukhan.com ['/login.php', '/wp-login.php'] ['wordpress']
USEFUL: karanlathia.com ['/admin/index.php', '/admin/', '/login.php', '/wp-login.php'] ['wordpress']
USEFUL: kemisk.com ['/admin/index.php', '/admin/', '/login.php', '/wp-login.php'] ['wordpress']
USEFUL: kentuckytourism.com ['/user/login'] []
USEFUL: keterlife.com ['/admin/index.php', '/admin/', '/login.php', '/wp-login.php'] ['wordpress']
USEFUL: ketobionutra.com ['/user/login'] []
USEFUL: keysnap.com ['/admin/index.php', '/admin/', '/login.php', '/wp-login.php'] ['wordpress']
USEFUL: keyrisk.com ['/user/login'] []
USEFUL: kfg-valve.com ['/admin.php'] []
[batch 1] 1400/3000 useful=136 dead=907
USEFUL: khoahoanmy.com ['/admin/login.asp'] []
USEFUL: kidneycare.com ['/admin.php', '/login.php', '/manage/', '/houtai/'] []
USEFUL: khalilantoun.com ['/admin/index.php', '/admin/', '/login.php', '/wp-login.php'] ['pbootcms', 'wordpress']
USEFUL: khmerlisting.com ['/wp-login.php'] ['wordpress']
USEFUL: kimmi.com.cn ['/admin.php'] []
USEFUL: kimannehotra.com ['/admin/', '/wp-login.php'] ['wordpress']
USEFUL: kimataifa.com ['/admin/index.php', '/admin/', '/login.php', '/wp-login.php'] ['wordpress']
USEFUL: kidsinflight.org ['/admin/index.php', '/admin/', '/login.php', '/wp-login.php'] ['pbootcms', 'wordpress']
USEFUL: kids.lojasdix.com ['/admin/index.php', '/admin/', '/login.php', '/wp-login.php'] ['wordpress']
USEFUL: king-insurance.com ['/login.php', '/wp-login.php'] ['wordpress']
USEFUL: kinsta.clintonelectronics.com ['/admin/', '/wp-login.php'] ['wordpress']
USEFUL: kingsporcelain.com ['/admin/', '/admin.php', '/admin/login'] []
USEFUL: kirschner-panos.info ['/admin/index.php', '/admin/', '/wp-login.php'] ['wordpress']
USEFUL: kisuli.com ['/admin/index.asp', '/admin/login'] []
USEFUL: kj.0190.cc ['/admin/', '/manage/', '/houtai/', '/dede/'] []
USEFUL: kiwacn.com ['/user/login'] []
USEFUL: kitdigital360.com ['/admin/', '/wp-login.php'] ['wordpress']
USEFUL: kkopecky.com ['/manage/', '/houtai/', '/dede/'] []
USEFUL: kitchenware44.com ['/admin/index.php', '/admin/', '/login.php', '/wp-login.php'] ['wordpress']
USEFUL: klpenanglogistic.com ['/admin/index.php', '/admin/', '/login.php', '/wp-login.php'] ['wordpress']
USEFUL: kipt.com ['/manage/', '/houtai/', '/dede/', '/user/login'] []
USEFUL: kleingartenpress.com ['/admin/index.php', '/admin/', '/login.php', '/wp-login.php'] ['wordpress']
USEFUL: knlplatform.iadb.org ['/user/login'] []
USEFUL: koinslotasia.org ['/admin/', '/manage/', '/houtai/', '/admin/login'] []
USEFUL: korakpokorak.com ['/admin/', '/wp-login.php'] ['thinkphp', 'wordpress']
USEFUL: knowledge.staffino.com ['/admin/index.php', '/admin/', '/login.php', '/wp-login.php'] ['thinkphp', 'wordpress']
USEFUL: kos.nova-dine.com ['/admin/', '/wp-login.php'] ['wordpress']
USEFUL: korpinen.com ['/admin.php'] []
USEFUL: kittenkeep.com ['/login.php', '/wp-login.php'] ['wordpress']
[batch 1] 1600/3000 useful=165 dead=1027
USEFUL: kreenplus.com ['/admin/index.php', '/admin/', '/login.php', '/wp-login.php'] ['wordpress']
USEFUL: kpmkompresori.com ['/admin/index.php', '/admin/', '/login.php', '/wp-login.php'] ['wordpress']
USEFUL: kuande.xyz ['/admin/'] []
USEFUL: ksfuhai.com ['/admin/', '/admin/login.asp', '/admin/index.asp'] []
USEFUL: kuamei.com.cn ['/admin/', '/manage/', '/houtai/', '/dede/'] []
USEFUL: kovaratemase.com ['/admin/index.php', '/admin/', '/login.php', '/wp-login.php'] ['wordpress']
USEFUL: krptechsolutions.com ['/admin/', '/admin/login'] []
USEFUL: kvadrat.eloomi.com ['/admin/', '/manage/', '/houtai/', '/admin/login'] ['wordpress']
USEFUL: kuberhotel.com ['/admin/index.php', '/admin/', '/login.php', '/wp-login.php'] ['wordpress']
USEFUL: kupntm.r14.35.com ['/admin/', '/admin.php', '/login.php', '/manage/'] []
USEFUL: kuschelspass.com ['/wp-login.php'] []
USEFUL: kw.boots.com ['/admin/', '/manage/', '/houtai/', '/admin/login'] []
USEFUL: kvainc.com ['/admin/'] ['wordpress']
USEFUL: kwxxcy.com ['/login.php'] []
USEFUL: labproduitsartisanaux.com ['/wp-login.php'] []
USEFUL: l2studioarch.com ['/admin/index.php', '/admin/', '/login.php', '/wp-login.php'] ['wordpress']
USEFUL: kuwaitoils.com ['/admin/index.php', '/admin/', '/login.php', '/admin/login'] ['wordpress']
USEFUL: labonoir.com ['/admin/index.php', '/admin/', '/login.php', '/wp-login.php'] []
USEFUL: lacocheracabaret.com ['/admin/index.php', '/admin/', '/login.php', '/wp-login.php'] ['wordpress']
USEFUL: lahzjc.com ['/admin/'] []
USEFUL: lamoo.cn ['/admin/', '/manage/', '/houtai/', '/dede/'] []
USEFUL: lakayou.com ['/login.php', '/wp-login.php'] ['wordpress']
USEFUL: landmarkspinning.com ['/admin/index.php', '/admin/', '/login.php', '/wp-login.php'] ['wordpress']
[batch 1] 1800/3000 useful=188 dead=1154
USEFUL: landvreugd.com ['/admin/', '/wp-login.php'] ['thinkphp', 'wordpress']
USEFUL: lanyuqp.com ['/admin/login.php', '/admin/index.php', '/admin/'] []
USEFUL: laspilla.com ['/admin/', '/admin/login.asp', '/admin/index.asp', '/admin/login'] []
USEFUL: laroche-posay.com ['/admin/', '/manage/', '/houtai/', '/admin/login'] []
USEFUL: laurensarazen.com ['/admin/'] ['wordpress']
USEFUL: law-denovo.com ['/admin/', '/wp-login.php'] ['wordpress']
USEFUL: lbainternational.eloomi.com ['/admin/', '/manage/', '/houtai/', '/admin/login'] ['wordpress']
USEFUL: lb.sodimac.com ['/manage/', '/admin/login.aspx'] []
USEFUL: lawngardeners.com ['/admin/index.php', '/admin/', '/login.php', '/wp-login.php'] ['wordpress']
USEFUL: lazerbahrain.com ['/admin/', '/admin/login'] []
USEFUL: laujoces.org ['/admin/index.php', '/admin/', '/login.php', '/wp-login.php'] ['wordpress']
USEFUL: lcv.org ['/admin/index.php', '/admin/', '/login.php', '/wp-login.php'] ['wordpress']
USEFUL: leadersynq.com ['/admin/', '/wp-login.php'] ['wordpress']
USEFUL: leahlauchlan.com ['/admin/', '/wp-login.php'] ['wordpress']
USEFUL: lebanban.com ['/admin/', '/manage/', '/houtai/', '/admin/login'] []
USEFUL: leever.cn ['/admin/login'] []
USEFUL: leepence.com ['/admin/', '/wp-login.php'] ['wordpress']
USEFUL: lecedrevert.com ['/wp-login.php'] ['wordpress']
[batch 1] 2000/3000 useful=206 dead=1293
USEFUL: leaflinelabs.com ['/admin/login.asp', '/admin/index.asp', '/admin/login.aspx'] ['wordpress']
USEFUL: leanature.com ['/admin/', '/manage/', '/houtai/', '/admin/login'] []
USEFUL: lemonade.com ['/wp-login.php'] []
USEFUL: lenz-auto.com ['/admin/'] []
USEFUL: lethalville.net ['/admin/login.php', '/admin/index.php', '/admin/', '/admin.php'] ['wordpress']
USEFUL: lewin.cn ['/manage/'] []
USEFUL: lfc.eloomi.com ['/admin/', '/manage/', '/houtai/', '/admin/login'] ['wordpress']
USEFUL: letsorderit.com ['/admin/', '/admin/login.asp', '/admin/index.asp', '/admin/login'] []
USEFUL: lfoiha408.r970.com ['/login.php'] []
USEFUL: leye.com.cn ['/user/login'] []
USEFUL: lifeabovetype2.com ['/admin/', '/manage/', '/houtai/', '/admin/login'] []
USEFUL: liepin.com ['/user/login'] []
USEFUL: liepin.cn ['/admin/', '/manage/', '/houtai/', '/admin/login'] []
USEFUL: licaigroup.com ['/manage/'] []
USEFUL: ligazone.com ['/admin/index.php'] []
USEFUL: lilium.eloomi.com ['/admin/', '/manage/', '/houtai/', '/admin/login'] ['wordpress']
USEFUL: lifeofwellness.com ['/admin/index.php', '/admin/', '/login.php', '/wp-login.php'] ['wordpress']
USEFUL: link.eloomi.com ['/admin/', '/manage/', '/houtai/', '/admin/login'] ['wordpress']
USEFUL: link-strong.com ['/admin.php', '/login.php'] []
[batch 1] 2200/3000 useful=225 dead=1419
USEFUL: link.medtechdive.com ['/manage/'] []
USEFUL: linksys.com ['/admin/login', '/user/login'] []
USEFUL: lingnanhotel.net ['/admin/index.php', '/admin/'] []
USEFUL: lintaspapua.com ['/admin/'] []
USEFUL: liftsafe.net ['/admin/index.php', '/admin/', '/login.php', '/wp-login.php'] ['wordpress']
USEFUL: listbook.com ['/admin/', '/admin/login'] []
USEFUL: link.buzzfeed.com ['/dede/'] []
USEFUL: lifeandmoney.com ['/admin/', '/wp-login.php'] ['wordpress']
USEFUL: listings.sageregroup.com ['/admin/index.php'] ['wordpress']
USEFUL: littleflowerschoolpkl.com ['/admin/login.php', '/admin/index.php', '/dede/', '/wp-login.php'] []
USEFUL: litseller.com ['/admin/login.php', '/admin/index.php', '/admin/', '/admin/login.asp'] []
USEFUL: lionsroar.com ['/admin/', '/wp-login.php'] ['wordpress']
USEFUL: littlebeagles.com ['/admin/', '/wp-login.php'] ['wordpress']
USEFUL: littlelyves.com ['/wp-login.php'] ['wordpress']
USEFUL: livinghr.eloomi.com ['/admin/', '/manage/', '/houtai/', '/admin/login'] ['wordpress']
USEFUL: livefromthestreets.com ['/admin.php', '/login.php', '/manage/', '/houtai/'] []
USEFUL: livinghealthy.hawaiipacifichealth.org ['/user/login'] []
USEFUL: ljekarnezagrebackezupanije.com ['/wp-login.php'] ['wordpress']
USEFUL: littlepicklememories.com ['/admin/', '/wp-login.php'] ['wordpress']
USEFUL: lixin-lighting.com ['/dede/'] []
USEFUL: lk0355.com ['/admin.php'] ['discuz']
USEFUL: llv.thietkewebnt.com ['/admin.php', '/login.php', '/manage/', '/houtai/'] []
USEFUL: lnyuanshan.com ['/admin/', '/manage/', '/houtai/', '/dede/'] []
USEFUL: lode88.com ['/admin.php', '/login.php'] []
USEFUL: local.soma-college.net ['/admin/login.php', '/admin/index.php'] []
USEFUL: logosconsult.eloomi.com ['/admin/', '/manage/', '/houtai/', '/admin/login'] ['wordpress']
USEFUL: localguruji.com ['/admin/', '/admin/login'] []
[batch 1] 2400/3000 useful=252 dead=1543
USEFUL: loftorka.com ['/admin/', '/wp-login.php'] ['thinkphp', 'wordpress']
USEFUL: loihatviet.com ['/admin/login.php', '/admin/index.php', '/admin.php', '/login.php'] []
USEFUL: lombokgreennature.com ['/admin/index.php', '/admin/', '/login.php', '/wp-login.php'] []
USEFUL: lokaletreffen.com ['/wp-login.php'] []
USEFUL: londondampspecialists.com ['/admin/index.php', '/admin/', '/login.php', '/wp-login.php'] ['wordpress']
USEFUL: loungelovers.com ['/admin/login'] []
USEFUL: lousybookcovers.com ['/admin/', '/manage/'] ['wordpress']
USEFUL: looplycase.com ['/admin/index.php', '/admin/', '/login.php', '/wp-login.php'] ['wordpress']
USEFUL: lscxys.com ['/admin/', '/manage/', '/houtai/', '/dede/'] []
USEFUL: lpktakahashiindonesia.com ['/admin/index.php', '/admin/', '/login.php', '/wp-login.php'] ['wordpress']
USEFUL: loveandtarot.com ['/admin/', '/manage/', '/wp-login.php'] ['wordpress']
USEFUL: lozzadecor.com ['/admin/index.php', '/admin/', '/login.php', '/wp-login.php'] ['wordpress']
USEFUL: lovenewfoundlands.com ['/admin/index.php', '/admin/', '/wp-login.php'] ['wordpress']
USEFUL: luciabaragli.com ['/admin/index.php', '/admin/', '/login.php', '/wp-login.php'] ['wordpress']
[batch 1] 2600/3000 useful=266 dead=1646
USEFUL: macauaog.org ['/admin/', '/wp-login.php'] ['thinkphp', 'wordpress']
USEFUL: mail.cavanahouse.com ['/admin/', '/manage/', '/houtai/', '/admin/login'] ['wordpress']
[batch 1] 2800/3000 useful=268 dead=1708
USEFUL: maintec.com ['/admin/index.php', '/admin/', '/login.php', '/manage/'] ['wordpress']
USEFUL: massapequafarmingdalemensclub.com ['/admin/index.php', '/admin/', '/login.php', '/wp-login.php'] ['wordpress']
USEFUL: mathinformed.com ['/admin/index.php', '/admin/', '/login.php', '/wp-login.php'] ['pbootcms', 'wordpress']
USEFUL: meabhdebrun.org ['/admin/', '/wp-login.php'] ['thinkphp', 'wordpress']
USEFUL: mcgillbrothers.com ['/admin/index.php', '/admin/', '/login.php', '/wp-login.php'] ['wordpress']
USEFUL: members.draughtmasterclub.com ['/admin/'] []
USEFUL: milaapweddings.com ['/admin/index.php', '/admin/', '/login.php', '/wp-login.php'] ['wordpress']
USEFUL: minnesotaheat.net ['/admin/index.php', '/admin/', '/login.php', '/wp-login.php'] ['wordpress']
[batch 1] 3000/3000 useful=276 dead=1749
[batch 1 done] useful=276 dead=1749 alive=975 | total_pool: usable=2346 dead=30616
[auto_filter] total=49230 todo=16268 (dead=30616 usable=2346)
USEFUL: nequal.com ['/admin/'] []
USEFUL: nehirdavetiye.com ['/admin/index.php', '/admin/', '/manage/', '/houtai/'] []
USEFUL: neurongarage.com ['/admin/index.php', '/admin/', '/login.php', '/wp-login.php'] ['wordpress']
USEFUL: neo-genus.net ['/admin/index.php', '/admin/', '/login.php', '/wp-login.php'] ['wordpress']
USEFUL: newlife.com ['/admin/', '/wp-login.php'] ['wordpress']
USEFUL: news.com.cn ['/admin/index.php', '/admin/', '/login.php', '/wp-login.php'] ['wordpress']
USEFUL: nf61.com ['/admin/', '/manage/', '/houtai/', '/admin/login'] []
USEFUL: newhorizonselementary.org ['/admin/index.php', '/admin/', '/login.php', '/wp-login.php'] ['wordpress']
USEFUL: nicholasplanamento.com ['/admin/index.php', '/admin/', '/login.php', '/wp-login.php'] ['wordpress']
USEFUL: njc21.com ['/wp-login.php'] []
USEFUL: njenvironmentallaw.net ['/admin/index.php', '/admin/', '/login.php', '/wp-login.php'] ['pbootcms', 'wordpress']
USEFUL: nicholetteniekerk.com ['/login.php'] []
USEFUL: njkrxsw.com ['/admin/login.php', '/admin/index.php', '/admin/', '/admin.php'] []
[batch 2] 200/3000 useful=13 dead=74
USEFUL: ois.mn72.com ['/admin/', '/manage/', '/houtai/', '/admin/login'] []
USEFUL: oahucreativeservices.com ['/admin/index.php', '/admin/', '/login.php', '/wp-login.php'] ['wordpress']
USEFUL: nyhorrorshow.com ['/admin/index.php', '/admin/', '/login.php', '/wp-login.php'] ['wordpress']
USEFUL: occupationalmedicalclinic.com ['/admin.php', '/login.php', '/wp-login.php'] []
USEFUL: omaaya.com ['/admin/index.php', '/admin/', '/login.php', '/wp-login.php'] ['thinkphp', 'wordpress']
USEFUL: omj16.com ['/admin/index.php', '/admin/', '/login.php', '/wp-login.php'] ['pbootcms']
USEFUL: ohioanshhc.com ['/admin/index.php', '/admin/', '/login.php', '/wp-login.php'] ['wordpress']
USEFUL: originalcargocabana.com ['/user/login'] ['wordpress']
USEFUL: ordlly.com ['/admin/', '/manage/', '/houtai/', '/admin/login'] []
USEFUL: osamaheikal.com ['/admin/', '/wp-login.php'] ['wordpress']
[batch 2] 400/3000 useful=23 dead=175
USEFUL: overheaddoorsd.com ['/admin/index.php', '/admin/', '/login.php', '/wp-login.php'] ['wordpress']
USEFUL: panasonicboss.com ['/admin/', '/manage/', '/houtai/', '/dede/'] []
USEFUL: panasonicbtc.com ['/admin/login'] []
USEFUL: painmanagementconferences.net ['/admin/login.php', '/admin/index.php', '/admin/login.asp', '/admin/index.asp'] []
USEFUL: panda-helper.org ['/admin/index.php', '/admin/', '/login.php', '/wp-login.php'] ['wordpress']
USEFUL: pajols.org ['/admin/index.php', '/admin/', '/login.php', '/wp-login.php'] ['wordpress']
USEFUL: paracord550.net ['/admin/', '/admin/login'] []
USEFUL: paltaobd.com ['/admin/index.php', '/admin/', '/login.php', '/wp-login.php'] ['wordpress']
USEFUL: pandapad.com ['/admin/index.php', '/admin/', '/manage/'] []
USEFUL: partners.fincra.com ['/admin/index.php', '/admin/', '/login.php', '/wp-login.php'] ['wordpress']
USEFUL: patch1stripe.com ['/admin/index.php', '/admin/', '/login.php', '/wp-login.php'] ['wordpress']
USEFUL: partnersolutionsit.com ['/admin/index.php', '/admin/', '/login.php', '/manage/'] ['wordpress']
USEFUL: paul-bush.com ['/admin/', '/manage/', '/houtai/', '/dede/'] []
USEFUL: patiocomfortelements.com ['/admin/index.php', '/admin/', '/login.php', '/wp-login.php'] ['wordpress']
USEFUL: patentwear.com ['/admin/index.php', '/admin/', '/login.php', '/wp-login.php'] ['wordpress']
USEFUL: paulbrown.net ['/admin/'] []
USEFUL: patriotparent.com ['/admin/index.php', '/admin/', '/login.php', '/wp-login.php'] ['wordpress']
[batch 2] 600/3000 useful=40 dead=301
USEFUL: pcgarage.me ['/admin/', '/admin/login'] []
USEFUL: pdcvw.mn72.com ['/admin/', '/manage/', '/houtai/', '/admin/login'] []
USEFUL: peacemotorspk.com ['/login.php'] []
USEFUL: pcwtechgroup.com ['/admin/', '/wp-login.php'] ['wordpress']
USEFUL: pcgschina.net ['/admin/login.php', '/admin/index.php', '/admin/login.asp', '/admin/index.asp'] []
USEFUL: payen.com ['/admin/index.php', '/admin/', '/login.php', '/wp-login.php'] ['wordpress']
USEFUL: pears.com ['/admin/', '/wp-login.php'] ['wordpress']
USEFUL: pearl.stylemixthemes.com ['/admin/index.php', '/admin/', '/login.php', '/manage/'] ['wordpress']
USEFUL: peltzshoes.com ['/admin/login'] []
USEFUL: peermolvi.com ['/admin/index.php', '/admin/', '/login.php', '/wp-login.php'] ['wordpress']
USEFUL: penbram.com ['/admin/index.php', '/admin/', '/login.php', '/wp-login.php'] ['wordpress']
USEFUL: penfieldcg.com ['/admin/index.php', '/admin/', '/login.php', '/wp-login.php'] ['wordpress']
USEFUL: pensoftwins.chcobb.com ['/admin/index.php', '/admin/', '/login.php', '/wp-login.php'] ['wordpress']
USEFUL: performancephysicaltherap62296.blogripley.com ['/manage/', '/houtai/', '/admin/login', '/dede/'] []
USEFUL: penthouse-celebs.net ['/admin/login.php', '/admin/index.php', '/admin/login.asp', '/admin/index.asp'] ['wordpress']
USEFUL: penthousemall.net ['/admin/login.php', '/admin/index.php', '/admin/login.asp', '/admin/index.asp'] ['wordpress']
USEFUL: penthousex.net ['/admin/login.php', '/admin/index.php', '/admin/login.asp', '/admin/index.asp'] ['wordpress']
USEFUL: personaltrainerakademie-learning.eloomi.com ['/admin/', '/manage/', '/houtai/', '/admin/login'] ['wordpress']
USEFUL: perrigo.com ['/user/login'] ['thinkphp']
USEFUL: performance-evolution.com ['/admin/index.php', '/admin/', '/login.php', '/wp-login.php'] ['wordpress']
USEFUL: performancese.com ['/admin/index.php', '/admin/', '/login.php', '/wp-login.php'] ['wordpress']
USEFUL: perf-plus.com ['/admin/index.php', '/admin/', '/login.php', '/wp-login.php'] ['wordpress']
USEFUL: petratrust.com ['/admin/index.php', '/admin/', '/login.php', '/wp-login.php'] ['wordpress']
USEFUL: petersonnursery.com ['/admin/index.php', '/admin/', '/login.php', '/wp-login.php'] ['wordpress']
USEFUL: peru.forchildren.com ['/admin/login.php', '/admin/index.php', '/admin/', '/admin/login.asp'] []
USEFUL: pfg.eloomi.com ['/admin/', '/manage/', '/houtai/', '/admin/login'] ['wordpress']
USEFUL: peterlyledehaan.com ['/admin/index.php', '/admin/', '/login.php', '/admin/login'] ['wordpress']
USEFUL: petroman.com ['/admin/', '/wp-login.php'] ['wordpress']
[batch 2] 800/3000 useful=68 dead=428
USEFUL: pgerrits.com ['/admin/'] []
USEFUL: philosophy.com ['/admin/login'] []
USEFUL: phoenixroofcoating.net ['/manage/', '/houtai/', '/dede/'] []
USEFUL: pgxdirect.net ['/admin/login.php', '/admin/index.php', '/admin/login.asp', '/admin/index.asp'] []
USEFUL: phoenix-mfg.com ['/admin/index.php', '/admin/', '/login.php', '/wp-login.php'] ['wordpress']
USEFUL: pettagart.com ['/admin/index.php', '/admin/', '/wp-login.php'] []
USEFUL: phiyo.com ['/manage/'] []
USEFUL: pharmatraders.com ['/login.php'] ['wordpress']
USEFUL: phases-therapy.com ['/admin/', '/wp-login.php'] ['wordpress']
USEFUL: phvkj.com ['/admin.php', '/login.php', '/manage/', '/houtai/'] []
USEFUL: phc-uk.com ['/admin/login.php', '/admin/index.php', '/admin/login.asp', '/admin/index.asp'] []
USEFUL: pieseo.com ['/admin/index.php', '/admin/', '/login.php', '/wp-login.php'] ['wordpress']
USEFUL: pilotsolutions.net ['/admin/', '/wp-login.php'] ['wordpress']
USEFUL: pilan.org ['/admin/index.php', '/admin/', '/admin/login'] []
USEFUL: pimodi.com ['/admin/index.php', '/admin/'] ['wordpress']
USEFUL: pillolequestri.com ['/admin/', '/wp-login.php'] ['thinkphp', 'wordpress']
USEFUL: pinewoodcc.net ['/admin/', '/wp-login.php'] ['wordpress']
USEFUL: pigandpie.net ['/admin/index.php', '/admin/', '/login.php', '/wp-login.php'] ['wordpress']
USEFUL: pip-claim.com ['/admin/', '/manage/', '/houtai/', '/admin/login'] []
USEFUL: pinaresdelsol.com ['/admin/index.php', '/admin/', '/login.php', '/wp-login.php'] ['wordpress']
USEFUL: ping-france.com ['/admin/login.php', '/admin/index.php', '/admin/login.asp', '/admin/index.asp'] []
USEFUL: pk777brbet.xyz ['/admin/', '/manage/', '/houtai/', '/admin/login'] []
USEFUL: pilcreativegroup.com ['/admin/index.php', '/admin/', '/login.php', '/wp-login.php'] ['wordpress']
USEFUL: pitt.myonplanu.com ['/admin/'] []
USEFUL: pivotalclass.com ['/admin/login.php', '/admin/index.php', '/admin/login.asp', '/admin/index.asp'] []
USEFUL: physicians.com ['/admin/index.php', '/admin/', '/admin/login', '/wp-login.php'] ['pbootcms', 'wordpress']
USEFUL: planexcargo.com ['/admin/', '/admin.php', '/login.php', '/manage/'] []
USEFUL: pizzakitdirect.net ['/admin/login.php', '/admin/index.php', '/admin/login.asp', '/admin/index.asp'] []
USEFUL: planetacriancamorumbi.com ['/admin/index.php', '/admin/', '/login.php', '/wp-login.php'] ['wordpress']
USEFUL: play-agario.com ['/user/login'] ['wordpress']
USEFUL: playballs2.com ['/admin/', '/manage/', '/houtai/', '/admin/login'] []
[batch 2] 1000/3000 useful=99 dead=552
USEFUL: polyhaiku.com ['/admin/index.php', '/admin/', '/login.php', '/wp-login.php'] ['wordpress']
USEFUL: poeco.org ['/admin/index.php', '/admin/', '/login.php', '/wp-login.php'] ['wordpress']
USEFUL: popcenturysite.com ['/admin/index.php', '/admin/', '/wp-login.php'] ['wordpress']
USEFUL: portal.ignite-retail.com ['/admin/', '/manage/', '/houtai/', '/admin/login'] []
USEFUL: portsmouthislandatv.com ['/wp-login.php'] ['wordpress']
USEFUL: povertyactionlab.org ['/user/login'] []
USEFUL: positivevibe.xyz ['/admin/index.php', '/admin/', '/login.php', '/wp-login.php'] ['wordpress']
USEFUL: portugal-magik.com ['/admin/', '/wp-login.php'] ['wordpress']
USEFUL: portcitypups.com ['/admin/index.php', '/admin/', '/login.php', '/admin/login'] ['wordpress']
USEFUL: portuguese.forchildren.com ['/admin/login.php', '/admin/index.php', '/admin/', '/admin/login.asp'] []
USEFUL: powerscreenc.com ['/admin/index.php', '/admin/', '/login.php', '/wp-login.php'] ['wordpress']
USEFUL: poznervfetzer.com ['/admin/index.php', '/admin/', '/login.php', '/wp-login.php'] ['wordpress']
USEFUL: praepediobull.com ['/admin/login', '/user/login'] ['wordpress']
[batch 2] 1200/3000 useful=112 dead=705
USEFUL: preprod-admin.peclersplus.com ['/user/login'] []
USEFUL: prestigeonsite.com ['/admin/', '/wp-login.php'] ['wordpress']
USEFUL: primedealzauto.com ['/admin/index.php', '/admin/', '/login.php', '/wp-login.php'] ['wordpress']
USEFUL: prescriptionlab.com ['/admin/', '/admin/login.asp', '/admin/index.asp', '/admin/login'] []
USEFUL: ppfdl.com ['/admin/index.php', '/admin/', '/login.php', '/wp-login.php'] ['wordpress']
USEFUL: printiepie.com ['/admin/index.php', '/admin/', '/login.php', '/wp-login.php'] ['wordpress']
USEFUL: premium-ability.com ['/login.php', '/wp-login.php'] ['wordpress']
USEFUL: proveo-star.com ['/admin/login.php', '/admin/index.php', '/admin.php', '/admin/login.asp'] []
USEFUL: projuktigeek.com ['/admin/index.php', '/admin/', '/wp-login.php'] ['wordpress']
USEFUL: propertyandfreedom.org ['/admin/index.php', '/admin/', '/login.php', '/wp-login.php'] ['wordpress']
USEFUL: pubbpadoowubb.com ['/admin.php', '/login.php', '/manage/', '/houtai/'] []
USEFUL: progresseg.com ['/admin/index.php', '/admin/', '/login.php', '/wp-login.php'] ['wordpress']
USEFUL: qa.site5.com ['/wp-login.php'] ['wordpress']
USEFUL: qdjiefengda.com ['/manage/'] []
USEFUL: provisionfirstaid.com ['/admin/index.php', '/admin/', '/login.php', '/wp-login.php'] ['wordpress']
USEFUL: qdhxxj.com ['/manage/'] []
USEFUL: qfhr5ta.net ['/admin/', '/manage/', '/houtai/', '/admin/login'] []
USEFUL: qdyunsheng.com ['/manage/'] []
USEFUL: qdyukun.com ['/admin/login.asp'] []
USEFUL: qdyizhun.com ['/admin/login.php', '/admin.php', '/login.php', '/admin/login.asp'] []
USEFUL: qhyuke.com ['/admin/', '/admin/index.asp'] []
USEFUL: qhxnshjzs.com ['/admin.php', '/login.php'] []
USEFUL: qiair.net ['/admin/'] []
USEFUL: qima.net ['/admin.php', '/admin/login.asp', '/admin/index.asp', '/admin/login.aspx'] []
[batch 2] 1400/3000 useful=136 dead=854
USEFUL: qj7eg.com ['/admin/', '/manage/', '/houtai/', '/admin/login'] []
USEFUL: pufidy.com ['/admin/index.php', '/admin/', '/login.php', '/wp-login.php'] ['wordpress']
USEFUL: qnyhq1.com ['/admin/', '/manage/', '/houtai/', '/admin/login'] []
USEFUL: qjjzjx.com ['/admin/'] []
USEFUL: qnsphoto.com ['/admin/index.php'] ['wordpress']
USEFUL: qhbangke.com ['/admin/login.php', '/admin/index.php', '/admin/', '/admin.php'] []
USEFUL: qnqconstruction.com ['/admin/index.php', '/admin/', '/login.php', '/wp-login.php'] ['wordpress']
USEFUL: quarkexpeditions.biz ['/admin/index.php', '/admin/', '/login.php'] []
USEFUL: qualitydesignworks.com ['/admin/index.php', '/admin/', '/wp-login.php'] ['wordpress']
USEFUL: quentinlowe.com ['/admin/', '/manage/', '/houtai/', '/admin/login'] []
USEFUL: quincymccoy.com ['/admin/', '/wp-login.php'] ['wordpress']
USEFUL: qvdkj.com ['/admin.php', '/login.php', '/manage/', '/houtai/'] []
USEFUL: qwp4aa.r14.35.cn ['/admin/', '/admin.php', '/login.php', '/manage/'] []
USEFUL: quintetobravissimo.com ['/admin/index.php', '/admin/', '/login.php', '/admin/login'] ['wordpress']
USEFUL: quedessolutions.com ['/admin/index.php', '/admin/', '/wp-login.php'] ['wordpress']
USEFUL: ractstudio.com ['/admin/login.php', '/admin/index.php', '/admin/login.asp', '/admin/index.asp'] []
USEFUL: raanckee.com ['/admin/', '/login.php', '/wp-login.php'] ['pbootcms', 'wordpress']
[batch 2] 1600/3000 useful=153 dead=981
USEFUL: raisethequestion.com ['/admin/index.php', '/admin/', '/login.php', '/wp-login.php'] ['wordpress']
USEFUL: raffiapalm.com ['/admin/index.php', '/admin/', '/login.php', '/wp-login.php'] ['wordpress']
USEFUL: radioelsol.com ['/admin/index.php', '/admin/', '/login.php', '/wp-login.php'] ['wordpress']
USEFUL: rallslegal.com ['/admin/index.php', '/admin/', '/login.php', '/wp-login.php'] ['wordpress']
USEFUL: ramglb.com ['/admin/', '/manage/', '/houtai/', '/dede/'] []
USEFUL: rajsahu.com ['/admin/index.php', '/admin/', '/login.php', '/wp-login.php'] ['wordpress']
USEFUL: randomalex.net ['/admin/', '/wp-login.php'] ['thinkphp', 'wordpress']
USEFUL: rankmyapp.com ['/admin/index.php', '/admin/', '/admin.php', '/login.php'] []
USEFUL: ramooz.net ['/admin/index.php', '/admin/', '/login.php', '/wp-login.php'] ['wordpress']
USEFUL: rajawalisiber.com ['/admin/index.php', '/manage/'] ['wordpress']
USEFUL: raiamark.com ['/admin/index.php', '/admin/', '/login.php', '/wp-login.php'] ['wordpress']
USEFUL: rawfervor.com ['/wp-login.php'] ['wordpress']
USEFUL: rbet.info ['/admin/index.php', '/admin/', '/login.php', '/wp-login.php'] ['wordpress']
USEFUL: rdprmcc.research.lseg.com ['/admin/', '/manage/', '/houtai/', '/admin/login'] []
USEFUL: reader.takhial.net ['/wp-login.php'] ['wordpress']
USEFUL: ratansonline.com ['/admin/index.php', '/admin/', '/login.php', '/wp-login.php'] ['wordpress']
USEFUL: readymigrationforce.com ['/admin/index.php', '/admin/', '/login.php', '/wp-login.php'] ['wordpress']
USEFUL: rebsec.com ['/admin/index.php', '/admin/', '/login.php', '/wp-login.php'] ['wordpress']
USEFUL: rebaldesign.com ['/admin/index.php', '/admin/', '/login.php', '/wp-login.php'] ['wordpress']
USEFUL: recursivedata.com ['/admin/index.php', '/admin/', '/login.php', '/wp-login.php'] ['wordpress']
USEFUL: realstreetperformance.com ['/admin/'] []
USEFUL: red-letterrunners.com ['/admin/', '/wp-login.php'] ['wordpress']
[batch 2] 1800/3000 useful=175 dead=1107
USEFUL: redeemerhealth.org ['/user/login'] []
USEFUL: red-media.net ['/admin.php'] []
USEFUL: redgoldendoodletravel.com ['/admin/', '/wp-login.php'] ['wordpress']
USEFUL: redcarpetmanicurenow.com ['/admin/login.php', '/admin/index.php', '/admin/login.asp', '/admin/index.asp'] []
USEFUL: redribbonbakeshop.com ['/admin/login'] []
USEFUL: reducemeprice.com ['/admin/index.php', '/admin/', '/login.php'] ['thinkphp']
USEFUL: redzonefb.com ['/admin/', '/manage/', '/houtai/', '/admin/login'] []
USEFUL: rediscussed.com ['/admin/index.php', '/admin/', '/wp-login.php'] ['wordpress']
USEFUL: reepark.eloomi.com ['/admin/', '/manage/', '/houtai/', '/admin/login'] ['wordpress']
USEFUL: refinancegold.com ['/admin/'] ['wordpress']
USEFUL: redfeetshoes.com ['/admin/'] []
USEFUL: regame.me ['/admin/', '/manage/', '/houtai/', '/admin/login'] []
USEFUL: reehvac.net ['/admin/index.php', '/admin/', '/login.php', '/wp-login.php'] ['wordpress']
USEFUL: regal-clock.com ['/admin/index.php', '/admin/', '/admin/login'] []
USEFUL: regardingwork.com ['/admin/'] []
USEFUL: reelgrp.com ['/admin/', '/manage/', '/houtai/', '/admin/login'] []
USEFUL: reedtravelexhibitions.com ['/user/login'] []
USEFUL: refugecontent.com ['/admin/', '/wp-login.php'] ['wordpress']
USEFUL: regionmardelplata.com ['/admin/'] []
USEFUL: reedmidem.com ['/user/login'] []
USEFUL: registriesdirect.com ['/admin/', '/admin/login.aspx'] ['wordpress']
USEFUL: regenpeptides.com ['/admin/', '/manage/', '/houtai/', '/admin/login'] []
USEFUL: rehabunity.com ['/admin/index.php', '/admin/', '/login.php', '/wp-login.php'] ['pbootcms', 'wordpress']
USEFUL: regularart.com ['/admin/', '/login.php', '/wp-login.php'] ['wordpress']
USEFUL: rekom.eloomi.com ['/admin/', '/manage/', '/houtai/', '/admin/login'] ['wordpress']
USEFUL: rem.info ['/user/login'] []
USEFUL: remingtonosvxa.blogripley.com ['/manage/', '/houtai/', '/admin/login', '/dede/'] []
USEFUL: rejuveyourbody.com ['/admin/index.php', '/admin/', '/login.php', '/wp-login.php'] ['wordpress']
USEFUL: relioncharging.com ['/admin/index.php', '/admin/', '/login.php', '/wp-login.php'] ['wordpress']
USEFUL: rehobothartleague.org ['/admin/', '/login.php', '/wp-login.php'] ['wordpress']
USEFUL: rener-connector-live.prontoavenue.biz ['/manage/', '/houtai/', '/dede/', '/user/login'] []
USEFUL: remetinec.com ['/admin/', '/manage/', '/houtai/', '/admin/login'] []
USEFUL: rentalboataustin.com ['/admin/index.php', '/admin/', '/login.php', '/wp-login.php'] ['wordpress']
USEFUL: repuebla.me ['/admin/', '/admin/login.asp', '/admin/index.asp', '/admin/login'] []
USEFUL: repdominicana.forchildren.com ['/admin/login.php', '/admin/index.php', '/admin/', '/admin/login.asp'] []
USEFUL: repentaustralia.org ['/admin/', '/wp-login.php'] ['wordpress']
USEFUL: rencontresfnau.org ['/admin/index.php', '/admin/', '/login.php', '/wp-login.php'] ['wordpress']
USEFUL: research-proposals.iadb.org ['/admin/', '/user/login'] []
USEFUL: reputation.webmd.com ['/user/login'] []
[batch 2] 2000/3000 useful=214 dead=1229
USEFUL: restaurantetomodachi.com ['/admin/index.php', '/admin/', '/login.php', '/wp-login.php'] ['wordpress']
USEFUL: restaurantesancarlos.com ['/admin/index.php', '/admin/', '/wp-login.php'] ['pbootcms', 'wordpress']
USEFUL: retiringtomyrtlebeach.com ['/admin/index.php', '/admin/', '/login.php', '/wp-login.php'] ['wordpress']
USEFUL: rentboatmalaga.com ['/admin/index.php', '/admin/', '/login.php', '/wp-login.php'] ['wordpress']
USEFUL: returnok.com ['/user/login'] []
USEFUL: retrouver-une-bonne-vue-sans-lunettes.com ['/admin/index.php', '/admin/', '/login.php', '/wp-login.php'] ['wordpress']
USEFUL: restartandchange.com ['/wp-login.php'] ['wordpress']
USEFUL: retreatatlouisville.com ['/wp-login.php'] ['wordpress']
USEFUL: revivehairtransplant.com ['/admin/index.php', '/admin/', '/login.php', '/wp-login.php'] ['wordpress']
USEFUL: rewardsbutler.com ['/admin/index.php', '/admin/'] []
USEFUL: retreatatblacksburg.com ['/wp-login.php'] ['wordpress']
USEFUL: retailwire.com ['/admin/index.php', '/admin/', '/login.php', '/manage/'] ['wordpress']
USEFUL: retro1025.com ['/admin/', '/wp-login.php'] []
USEFUL: reviewvoipsolutions.com ['/admin/index.php', '/admin/', '/login.php', '/wp-login.php'] ['wordpress']
USEFUL: rgbcircle.com ['/wp-login.php'] []
USEFUL: riehome.com ['/admin/login.php', '/login.php', '/houtai/', '/admin/login.aspx'] []
USEFUL: rhchevroletbuickgmcrichmond.net ['/admin/login.php', '/admin/index.php', '/admin/login.asp', '/admin/index.asp'] []
USEFUL: righthouserealtyco.com ['/admin/', '/wp-login.php'] ['wordpress']
USEFUL: rinff.com ['/admin/index.php', '/admin/', '/login.php', '/wp-login.php'] ['wordpress']
USEFUL: ribengolf.com ['/admin/index.php', '/admin/', '/login.php'] ['wordpress']
USEFUL: riversandruins.com ['/admin/', '/wp-login.php'] ['wordpress']
USEFUL: rite-auto.com ['/admin/index.php', '/admin/', '/login.php', '/wp-login.php'] ['wordpress']
USEFUL: rizedekorasyon.com ['/admin/', '/manage/', '/houtai/', '/admin/login'] []
[batch 2] 2200/3000 useful=237 dead=1353
USEFUL: rizesukacagi.com ['/admin/index.php', '/admin/', '/wp-login.php'] ['wordpress']
USEFUL: rootsoccer.com ['/admin/login.php', '/admin/index.php', '/admin.php', '/admin/login.asp'] []
USEFUL: rootsweb.cadpro.com ['/admin/', '/wp-login.php'] ['wordpress']
USEFUL: rw03.com ['/admin/', '/manage/', '/houtai/', '/admin/login'] []
USEFUL: sachsevent.com ['/admin/', '/admin/login'] []
USEFUL: sampratigroup.com ['/admin/index.php', '/admin/', '/login.php', '/wp-login.php'] ['wordpress']
USEFUL: sandra.esknegociosonline.com ['/admin/index.php', '/admin/', '/login.php', '/wp-login.php'] ['wordpress']
USEFUL: sandrachristen.com ['/admin/index.php', '/admin/', '/login.php', '/wp-login.php'] ['wordpress']
[batch 2] 2400/3000 useful=245 dead=1395
USEFUL: scallopcove.com ['/admin/index.php', '/admin/', '/login.php', '/wp-login.php'] ['wordpress']
USEFUL: schoolsandcolleges.com ['/admin/index.php', '/admin/', '/login.php', '/manage/'] ['wordpress']
USEFUL: sdxldq.com.cn ['/admin/'] []
USEFUL: seapausa.com ['/admin/', '/login.php', '/wp-login.php'] ['wordpress']
USEFUL: sendaero.com ['/admin/index.php', '/login.php'] ['wordpress']
USEFUL: sewq.org ['/admin/index.php', '/admin/', '/login.php', '/wp-login.php'] ['wordpress']
USEFUL: shenhaijianzhu.com ['/admin/', '/wp-login.php'] ['wordpress']
USEFUL: simplehealthtracking.com ['/manage/'] []
USEFUL: sitesantos.com ['/wp-login.php'] ['wordpress']
[batch 2] 2600/3000 useful=254 dead=1449
USEFUL: sinopcilingir.com ['/admin/index.php', '/admin/', '/wp-login.php'] ['wordpress']
USEFUL: shop.bestbuklet.com ['/wp-login.php'] ['wordpress']
USEFUL: sling-tv.com ['/admin/login.php'] []
USEFUL: sodh.zr63.com ['/admin/', '/manage/', '/houtai/', '/admin/login'] []
USEFUL: sociedadchilenadereiki.com ['/admin/index.php', '/admin/', '/login.php', '/wp-login.php'] ['wordpress']
USEFUL: sosyalinovasyondernegi.org ['/admin/', '/wp-login.php'] ['thinkphp', 'wordpress']
USEFUL: sootsfamily.net ['/login.php', '/wp-login.php'] ['pbootcms']
USEFUL: spikeproductions.com ['/admin/', '/wp-login.php'] ['thinkphp', 'wordpress']
USEFUL: sprintsys.com ['/login.php'] []
USEFUL: spinningshepherd.com ['/admin/index.php', '/admin/', '/login.php', '/wp-login.php'] []
[batch 2] 2800/3000 useful=264 dead=1496
USEFUL: spicagloble.com ['/admin/login.php', '/admin/index.php', '/admin/', '/admin.php'] []
USEFUL: srsmetrics.com ['/admin/index.php', '/admin/', '/login.php', '/wp-login.php'] ['wordpress']
USEFUL: staceyboehman.com ['/admin/index.php', '/admin/', '/login.php', '/manage/'] ['wordpress']
USEFUL: stuffbyhannah.com ['/admin/', '/wp-login.php'] ['thinkphp', 'wordpress']
USEFUL: studenttestingrights.org ['/admin/index.php', '/admin/', '/login.php', '/wp-login.php'] ['wordpress']
USEFUL: suiyiyun.cn ['/admin/', '/manage/', '/houtai/', '/admin/login'] []
USEFUL: sukitha.com ['/admin/index.php', '/admin/', '/login.php', '/wp-login.php'] ['wordpress']
USEFUL: sumuban.com ['/admin/index.php', '/admin/', '/login.php', '/wp-login.php'] ['wordpress']
USEFUL: surya-ind.com ['/admin/index.php', '/admin/', '/login.php', '/wp-login.php'] ['wordpress']
USEFUL: surprizdekor.com ['/wp-login.php'] ['wordpress']
[batch 2] 3000/3000 useful=274 dead=1532
[batch 2 done] useful=274 dead=1532 alive=1194 | total_pool: usable=2620 dead=32148
[auto_filter] total=49230 todo=14462 (dead=32148 usable=2620)
USEFUL: vivesalbum.com ['/admin/', '/wp-login.php'] []
USEFUL: vmnkj.com ['/admin.php', '/login.php', '/manage/', '/houtai/'] []
USEFUL: vn88up.com ['/admin/', '/wp-login.php'] ['wordpress']
USEFUL: visual4sale.com ['/admin/', '/manage/', '/houtai/', '/dede/'] []
USEFUL: vnsr398.com ['/admin/', '/manage/', '/houtai/', '/dede/'] []
USEFUL: vkhomesrealty.com ['/admin/index.php', '/admin/', '/login.php', '/wp-login.php'] ['wordpress']
USEFUL: vltview.com ['/admin/index.php', '/admin/', '/wp-login.php'] ['pbootcms', 'wordpress']
USEFUL: vitalconnect.com ['/admin/index.php', '/admin/', '/login.php', '/wp-login.php'] ['wordpress']
USEFUL: votremarabout.com ['/admin/index.php'] []
USEFUL: vuavqi.mn72.com ['/admin/', '/manage/', '/houtai/', '/admin/login'] []
USEFUL: visualdx.com ['/admin/index.php', '/admin/', '/login.php', '/wp-login.php'] ['wordpress']
USEFUL: vxskj.com ['/admin.php', '/login.php', '/manage/', '/houtai/'] []
USEFUL: volcanosurflanzarote.com ['/admin/index.php', '/admin/', '/login.php', '/wp-login.php'] ['pbootcms', 'wordpress']
USEFUL: vpsatech.com ['/admin/index.php', '/admin/', '/login.php', '/wp-login.php'] ['wordpress']
USEFUL: w3f7h5.com ['/admin/', '/manage/', '/houtai/', '/admin/login'] []
USEFUL: vwlawfirm.com ['/login.php', '/wp-login.php'] ['wordpress']
USEFUL: wakigataisaku-clinic.com ['/admin/index.php', '/admin/', '/wp-login.php'] ['wordpress']
USEFUL: walletlandingpage.com ['/admin/', '/manage/', '/houtai/', '/admin/login'] []
USEFUL: wanglaw.tw ['/admin/index.php', '/admin/', '/login.php', '/wp-login.php'] ['wordpress']
[batch 3] 200/3000 useful=19 dead=141
USEFUL: wasabe.com ['/admin.php', '/login.php', '/manage/', '/houtai/'] []
USEFUL: wardspower.com ['/admin/index.php', '/admin/', '/login.php', '/wp-login.php'] ['wordpress']
USEFUL: wbc247-1.com ['/admin/', '/manage/', '/houtai/', '/admin/login'] []
USEFUL: wausaumpo.org ['/admin/index.php', '/admin/', '/login.php', '/wp-login.php'] ['wordpress']
USEFUL: way-of-the-phoenix.com ['/admin/index.php', '/admin/', '/login.php', '/wp-login.php'] ['pbootcms', 'wordpress']
USEFUL: wdvcy5.r14.35.cn ['/admin/', '/admin.php', '/login.php', '/manage/'] []
USEFUL: web2.olarteagraria.com ['/wp-login.php'] ['wordpress']
USEFUL: webcast.varian.com.cn ['/admin/', '/manage/', '/houtai/', '/admin/login'] []
USEFUL: webdisk.competencias9000.com ['/login.php'] []
USEFUL: watan.com ['/admin/index.php', '/admin/', '/login.php', '/wp-login.php'] ['wordpress']
[batch 3] 400/3000 useful=29 dead=302
USEFUL: webdisk.boshisoukan.net ['/admin/login.php', '/admin/index.php', '/admin/', '/admin.php'] []
USEFUL: webdisk.me ['/login.php'] []
USEFUL: webmail.antonioliverani.com ['/admin/index.php', '/wp-login.php'] []
USEFUL: webmail.cartemcoins.com ['/admin/login'] []
USEFUL: websz.net ['/login.php'] []
USEFUL: webmail.webdesigngurugram.com ['/admin.php', '/login.php', '/manage/', '/houtai/'] []
USEFUL: weifangjunchuang.com ['/admin/', '/admin/login.aspx'] ['discuz']
USEFUL: weiyeshun.com ['/admin/', '/manage/', '/houtai/', '/admin/login'] []
USEFUL: wehnhvac.com ['/admin/index.php', '/admin/', '/wp-login.php'] ['wordpress']
[batch 3] 600/3000 useful=38 dead=453
USEFUL: webstrum.com ['/admin/index.php', '/admin/', '/login.php', '/wp-login.php'] ['wordpress']
USEFUL: wei-hong.cn ['/admin/', '/houtai/', '/dede/'] []
USEFUL: weifansub.com ['/admin/index.php', '/admin/', '/login.php', '/wp-login.php'] ['wordpress']
USEFUL: wellnessalliance.org ['/admin/login.aspx'] []
USEFUL: wertlandsquareuva.com ['/wp-login.php'] ['wordpress']
USEFUL: wfm8.poloralphlauren.com ['/admin.php', '/login.php', '/wp-login.php'] []
USEFUL: westafricanewthinking.com ['/admin/index.php', '/admin/', '/login.php', '/wp-login.php'] ['wordpress']
USEFUL: welshstonesupply.com ['/admin/index.php', '/admin/', '/login.php', '/wp-login.php'] ['wordpress']
USEFUL: wfm8dev.poloralphlauren.com ['/admin.php', '/login.php', '/wp-login.php'] []
USEFUL: wfm8tst.poloralphlauren.com ['/admin.php', '/login.php', '/wp-login.php'] []
USEFUL: wg622.com ['/admin/', '/admin.php', '/login.php', '/manage/'] []
USEFUL: wfsdfs.com ['/admin.php'] []
USEFUL: wgxtg0.r14.35.cn ['/admin/', '/admin.php', '/login.php', '/manage/'] []
USEFUL: westernchestercounty.com ['/admin/index.php', '/admin/', '/login.php', '/wp-login.php'] ['wordpress']
USEFUL: wgxtg0.r14.35.com ['/admin/', '/admin.php', '/login.php', '/manage/'] []
USEFUL: wh-bx.com ['/admin/'] []
USEFUL: whhqbz.com ['/admin/', '/admin/login.asp', '/admin/index.asp'] []
USEFUL: westernnyconcretecorp.com ['/admin/index.php'] ['wordpress']
USEFUL: whtmjt.com ['/login.php'] []
[batch 3] 800/3000 useful=57 dead=579
USEFUL: wholesalelabels.com ['/admin/login.asp', '/admin/index.asp'] []
USEFUL: win345.xyz ['/admin/', '/manage/', '/houtai/', '/admin/login'] []
USEFUL: wileydigitalarchives.com ['/admin/index.php', '/admin/', '/login.php', '/wp-login.php'] ['wordpress']
USEFUL: winetopia.org ['/admin/login'] []
USEFUL: willystransmission.com ['/admin/index.php', '/admin/', '/login.php', '/admin/login.asp'] ['wordpress']
USEFUL: wj52.com ['/admin/', '/manage/', '/houtai/', '/admin/login'] []
USEFUL: wjccsheriff.org ['/admin/login.php', '/admin/index.php', '/admin/', '/admin.php'] []
USEFUL: wjlylhyjd.mn72.com ['/admin/', '/manage/', '/houtai/', '/admin/login'] []
USEFUL: wisevisa.com ['/admin.php', '/login.php', '/manage/', '/houtai/'] []
USEFUL: wjqzyyy.com ['/admin.php'] []
USEFUL: withmyowntwohands.org ['/admin/'] []
USEFUL: windsorhalldorms.com ['/admin/index.php', '/admin/', '/login.php', '/manage/'] ['wordpress']
USEFUL: wo-tek.com ['/admin/', '/manage/', '/houtai/', '/admin/login'] []
USEFUL: wolans.com ['/manage/', '/user/login'] []
USEFUL: womensworldcup.predictthefootball.com ['/admin/', '/login.php'] []
USEFUL: witchygirl.com ['/admin/index.php', '/admin/', '/login.php', '/wp-login.php'] []
USEFUL: wordstoreality.com ['/admin.php', '/login.php', '/manage/', '/houtai/'] []
USEFUL: woodmizer.com ['/admin/index.php', '/admin/'] []
USEFUL: world.downmagaz.net ['/admin.php'] []
USEFUL: workrate.eloomi.com ['/admin/', '/manage/', '/houtai/', '/admin/login'] ['wordpress']
USEFUL: wnark.com ['/admin.php', '/login.php', '/wp-login.php'] []
USEFUL: worldremit.eloomi.com ['/admin/', '/manage/', '/houtai/', '/admin/login'] ['wordpress']
USEFUL: world3d.com ['/admin/', '/wp-login.php'] ['wordpress']
USEFUL: worldschoolinghub.com ['/admin/', '/admin/login.asp', '/admin/index.asp', '/admin/login'] []
USEFUL: wompai.r14.35.com ['/admin/', '/admin.php', '/login.php', '/manage/'] []
[batch 3] 1000/3000 useful=82 dead=687
USEFUL: wowtransfer.net ['/admin/index.php', '/admin/', '/admin.php', '/wp-login.php'] []
USEFUL: wppindiafoundation.com ['/admin/index.php', '/admin/', '/login.php', '/wp-login.php'] ['wordpress']
USEFUL: wprs.daiseysolutions.org ['/admin/index.php', '/admin/', '/wp-login.php'] ['wordpress']
USEFUL: worldoflearning.com ['/admin/login.asp', '/admin/index.asp', '/admin/login', '/dede/'] []
USEFUL: ws16er5w.com ['/admin/', '/manage/', '/houtai/', '/admin/login'] []
USEFUL: wozlawgroup.com ['/admin/index.php', '/admin/', '/login.php', '/wp-login.php'] ['wordpress']
USEFUL: wt6r1y5.com ['/admin/', '/manage/', '/houtai/', '/admin/login'] []
USEFUL: wtfwasithinking.org ['/login.php', '/wp-login.php'] ['wordpress']
USEFUL: wuxidmk.com ['/admin.php'] ['dedecms']
USEFUL: wuxunkeji.com ['/admin/', '/houtai/', '/dede/'] []
USEFUL: wunav.com ['/admin/', '/wp-login.php'] ['wordpress']
USEFUL: ww4dwadwadawda.com ['/admin/', '/admin.php', '/login.php', '/houtai/'] []
USEFUL: www-ar.linksys.com ['/admin/login.php', '/admin/index.php', '/admin/', '/admin.php'] []
USEFUL: www-cr.linksys.com ['/admin/login.php', '/admin/index.php', '/admin/'] []
USEFUL: www-de.linksys.com ['/admin/login.php'] []
USEFUL: www-cz.linksys.com ['/admin/login.php'] []
USEFUL: www.04tb.com ['/admin/', '/manage/', '/houtai/', '/admin/login'] []
USEFUL: ws15.iotfm.org ['/admin/index.php', '/admin/'] ['wordpress']
USEFUL: wuhushangjie.com ['/admin/'] []
USEFUL: www.8820u.com ['/admin/', '/manage/', '/houtai/', '/admin/login'] []
[batch 3] 1200/3000 useful=102 dead=786
USEFUL: www.abfexpo.com ['/admin/', '/admin/login.asp', '/admin/index.asp', '/admin/login'] []
USEFUL: wwndvd.com ['/manage/', '/admin/login.asp', '/admin/login', '/dede/'] []
USEFUL: www.acifileguvenlik.com ['/admin/index.php', '/admin/', '/login.php', '/wp-login.php'] []
USEFUL: wuhurf.com ['/admin/'] []
USEFUL: www.archeroil.com ['/admin/', '/admin/login', '/admin/login.aspx'] []
USEFUL: www.apexsouthinspections.com ['/admin/', '/wp-login.php'] ['wordpress']
USEFUL: www.appartementsstalexandre.com ['/admin/index.php'] []
USEFUL: www.azadmulti.com ['/admin/login.php'] []
USEFUL: www.axialsystem.com ['/login.php'] []
USEFUL: www.ataudesmadrid.com ['/login.php', '/wp-login.php'] ['wordpress']
[batch 3] 1400/3000 useful=112 dead=822
USEFUL: www.brianwelk.com ['/admin/index.php', '/admin/', '/login.php', '/wp-login.php'] ['wordpress']
USEFUL: www.blogdamyla.com ['/admin/index.php', '/admin/', '/login.php', '/wp-login.php'] ['wordpress']
USEFUL: www.bjarkiclausen.com ['/admin/index.php', '/admin/', '/login.php', '/admin/login.asp'] ['dedecms', 'wordpress']
USEFUL: www.build-a-bike.com ['/admin/', '/wp-login.php'] ['wordpress']
USEFUL: www.brunosouza.net ['/admin/index.php', '/admin/', '/wp-login.php'] ['wordpress']
USEFUL: www.botonsdailha.com ['/admin/index.php', '/admin/', '/login.php', '/wp-login.php'] ['wordpress']
USEFUL: www.cqgdmc.com ['/admin.php', '/login.php', '/manage/', '/houtai/'] []
USEFUL: www.communitymedical.org ['/admin/login.php', '/admin/index.php', '/admin/', '/admin/login.asp'] []
USEFUL: www.coastalexteriorsmd.com ['/admin/index.php', '/admin/', '/login.php', '/wp-login.php'] ['wordpress']
USEFUL: www.dainikcoxsbazar.com ['/admin/index.php'] []
[batch 3] 1600/3000 useful=122 dead=877
USEFUL: www.coloradoriveroasis.com ['/admin/'] []
USEFUL: www.dragonballserie.net ['/wp-login.php'] ['wordpress']
USEFUL: www.etobicokelocksmiths.com ['/admin/', '/manage/', '/houtai/', '/dede/'] []
USEFUL: www.etc4b.com ['/admin/', '/wp-login.php'] ['thinkphp', 'wordpress']
USEFUL: www.faims.org ['/admin/index.php', '/admin/', '/login.php', '/wp-login.php'] ['wordpress']
[batch 3] 1800/3000 useful=127 dead=920
USEFUL: www.gekiyasukopi.com ['/admin/login.php', '/admin/index.php', '/admin/'] []
USEFUL: www.gopnewsfeed.com ['/admin/index.php', '/admin/', '/login.php', '/wp-login.php'] ['wordpress']
USEFUL: www.havludantel.com ['/admin/index.php', '/admin/', '/login.php', '/wp-login.php'] ['wordpress']
USEFUL: www.isyourrefrigeratorrunning.com ['/admin/login.php'] []
USEFUL: www.hyshjt.com ['/admin.php'] []
USEFUL: www.guia-telefonos.com ['/admin.php'] []
[batch 3] 2000/3000 useful=133 dead=980
USEFUL: www.kimmi.com.cn ['/admin.php'] []
USEFUL: www.lawoutsourced.com ['/admin/index.php', '/admin/', '/login.php', '/wp-login.php'] ['pbootcms', 'wordpress']
USEFUL: www.lootstrap.com ['/login.php', '/wp-login.php'] ['wordpress']
USEFUL: www.lvgestao.com ['/admin/', '/manage/', '/houtai/', '/admin/login'] []
[batch 3] 2200/3000 useful=137 dead=1033
USEFUL: www.milf-shag.com ['/admin/index.php', '/admin/', '/wp-login.php'] ['wordpress']
USEFUL: www.mondoshop.com ['/admin/login'] []
USEFUL: www.nh15.com ['/admin/', '/manage/', '/houtai/', '/admin/login'] []
USEFUL: www.olympus-realizations.com ['/dede/'] []
[batch 3] 2400/3000 useful=141 dead=1114
USEFUL: www.redribbonbakeshop.com ['/admin/login'] []
USEFUL: www.rebsec.com ['/admin/index.php', '/admin/', '/login.php', '/wp-login.php'] ['wordpress']
USEFUL: www.reflik.com ['/admin/login.php', '/admin/index.php', '/admin/', '/admin/login.asp'] ['wordpress']
USEFUL: www.repuebla.me ['/admin/', '/admin/login.asp', '/admin/index.asp', '/admin/login'] []
USEFUL: www.registriesdirect.com ['/admin/', '/admin/login.aspx'] ['wordpress']
USEFUL: www.reinhartpaint.com ['/admin/index.php', '/admin/', '/login.php', '/wp-login.php'] ['wordpress']
USEFUL: www.rewardsbutler.com ['/admin/index.php', '/admin/'] []
USEFUL: www.riskk.com ['/admin/', '/manage/', '/houtai/', '/admin/login'] []
USEFUL: www.repentaustralia.org ['/admin/', '/wp-login.php'] ['wordpress']
USEFUL: www.retreatatlouisville.com ['/wp-login.php'] ['wordpress']
USEFUL: www.recoveryschools.net ['/admin/index.php', '/admin/', '/login.php', '/wp-login.php'] ['pbootcms', 'wordpress']
USEFUL: www.rockefellerbrothersfund.org.cn ['/user/login'] []
USEFUL: www.roguetours.com ['/wp-login.php'] ['wordpress']
USEFUL: www.rubberx.net ['/admin.php', '/dede/'] []
USEFUL: www.reisenach-peru.com ['/admin/index.php', '/admin/', '/login.php', '/wp-login.php'] ['wordpress']
USEFUL: www.rogergartman.com ['/admin/index.php', '/admin/', '/login.php', '/wp-login.php'] ['wordpress']
USEFUL: www.ronpearsonproductions.com ['/admin/index.php', '/admin/', '/wp-login.php'] []
USEFUL: www.regnumchristi.org ['/wp-login.php'] ['wordpress']
USEFUL: www.sadebaron.com ['/admin/', '/manage/', '/houtai/', '/dede/'] ['wordpress']
USEFUL: www.rushdaycamp.com ['/admin/index.php', '/admin/', '/login.php', '/wp-login.php'] ['wordpress']
USEFUL: www.salisburygroupinc.com ['/admin.php', '/login.php', '/manage/', '/houtai/'] []
[batch 3] 2600/3000 useful=162 dead=1250
USEFUL: www.sanctuaryconcerts.org ['/admin/', '/manage/', '/houtai/', '/admin/login'] ['wordpress']
USEFUL: www.sandiegophotosafari.net ['/admin/index.php', '/admin/', '/login.php', '/wp-login.php'] ['wordpress']
USEFUL: www.santoarabica.com ['/admin/index.php', '/admin/', '/admin.php', '/wp-login.php'] []
USEFUL: www.sararwa.com ['/admin/', '/wp-login.php'] ['wordpress']
USEFUL: www.scica.cn ['/houtai/', '/admin/login', '/dede/', '/wp-login.php'] []
USEFUL: www.scipn.org ['/admin/', '/admin/login', '/admin/login.aspx', '/user/login'] []
USEFUL: www.sculptingforsurgeons.com ['/admin/index.php', '/admin/', '/login.php', '/wp-login.php'] ['wordpress']
USEFUL: www.sd17cheng.com ['/admin.php', '/login.php', '/manage/', '/houtai/'] []
USEFUL: www.schoolsandcolleges.com ['/admin/index.php', '/admin/', '/login.php', '/manage/'] ['wordpress']
USEFUL: www.sear.com ['/admin/login.php'] []
USEFUL: www.scirange.com ['/login.php'] []
USEFUL: www.sdwhalewatch.com ['/admin/index.php', '/admin/', '/login.php', '/wp-login.php'] ['wordpress']
USEFUL: www.secretescortsdr.com ['/admin/'] []
USEFUL: www.schoolsfootball.org ['/admin/index.php', '/admin/', '/login.php', '/manage/'] ['wordpress']
USEFUL: www.saotometribune.com ['/admin/index.php', '/admin/', '/login.php', '/wp-login.php'] ['wordpress']
USEFUL: www.sfskyheart.com ['/admin/', '/manage/', '/houtai/', '/dede/'] []
USEFUL: www.shareultra.com ['/wp-login.php'] ['wordpress']
USEFUL: www.seapausa.com ['/admin/index.php', '/admin/', '/login.php', '/wp-login.php'] ['wordpress']
USEFUL: www.sfdeportationattorney.com ['/admin/index.php', '/admin/', '/login.php', '/wp-login.php'] ['pbootcms', 'wordpress']
USEFUL: www.sharepinpoint.com ['/admin/index.php', '/admin/', '/login.php', '/wp-login.php'] ['wordpress']
USEFUL: www.shell-photo.com ['/admin/index.php', '/admin/', '/login.php', '/wp-login.php'] []
[batch 3] 2800/3000 useful=183 dead=1378
USEFUL: www.shipbuilder.org ['/admin/', '/admin/login', '/admin/login.aspx'] []
USEFUL: www.shopaew.com ['/admin/login'] []
USEFUL: www.sherece.com ['/manage/'] []
USEFUL: www.shop.maineelectricalinstitute.com ['/admin/index.php', '/admin/', '/login.php', '/wp-login.php'] ['wordpress']
USEFUL: www.sikkimeducation.net ['/wp-login.php'] ['wordpress']
USEFUL: www.shurouk.org ['/admin/index.php', '/admin/', '/login.php', '/wp-login.php'] []
USEFUL: www.siamsawadee.com ['/admin/index.php', '/admin/', '/login.php', '/wp-login.php'] ['wordpress']
USEFUL: www.sinovision.com ['/admin.php'] []
USEFUL: www.simonmercs.biz ['/admin/', '/wp-login.php'] ['wordpress']
USEFUL: www.skyehomeimprovements.com ['/admin/', '/admin/index.asp'] []
USEFUL: www.skullriderz.com ['/admin/login'] []
USEFUL: www.signtechindia.com ['/admin/index.php', '/admin/', '/login.php', '/wp-login.php'] ['pbootcms']
USEFUL: www.silkshosiery.com ['/admin/index.php', '/admin/', '/wp-login.php'] ['wordpress']
USEFUL: www.sjoaraftingsenter.org ['/admin/index.php', '/admin/', '/login.php', '/wp-login.php'] ['wordpress']
USEFUL: www.solitairefitness.com ['/admin/index.php', '/admin/', '/login.php', '/wp-login.php'] ['wordpress']
USEFUL: www.southbaycoin.com ['/admin/login'] []
USEFUL: www.sotlschool.com ['/user/login'] []
USEFUL: www.soothingarts.com ['/admin/index.php', '/admin/', '/login.php', '/wp-login.php'] ['wordpress']
USEFUL: www.specialtymotors.biz ['/admin/', '/manage/', '/houtai/', '/admin/login'] []
USEFUL: www.sparklingsoundblog.com ['/admin/index.php', '/admin/', '/login.php', '/wp-login.php'] ['wordpress']
USEFUL: www.spark-leads.com ['/admin/', '/manage/', '/houtai/', '/admin/login'] []
USEFUL: www.spanitoindia.com ['/admin/index.php', '/admin/', '/login.php', '/wp-login.php'] ['wordpress']
USEFUL: www.splitbread.com ['/admin/index.php', '/admin/', '/login.php', '/wp-login.php'] ['wordpress']
USEFUL: www.spinfi.com ['/admin/', '/manage/', '/houtai/', '/admin/login'] []
USEFUL: www.spcc-roch.org ['/admin/index.php', '/admin/', '/login.php', '/admin/login'] ['wordpress']
USEFUL: www.sphererestaurant.com ['/admin/index.php', '/admin/', '/login.php', '/wp-login.php'] ['wordpress']
USEFUL: www.sportabet.com ['/manage/', '/dede/', '/user/login'] []
[batch 3] 3000/3000 useful=210 dead=1497
[batch 3 done] useful=210 dead=1497 alive=1293 | total_pool: usable=2830 dead=33645
[auto_filter] total=49230 todo=12755 (dead=33645 usable=2830)
USEFUL: xinhuanews.com ['/admin.php', '/login.php', '/manage/', '/houtai/'] []
USEFUL: xinke3d.com ['/admin/', '/houtai/', '/dede/'] []
USEFUL: xinyuqipaiyouxi.ad311.com ['/admin/login.php', '/admin/index.php', '/admin/index.asp', '/dede/'] []
USEFUL: xinyichina.com ['/admin/login.php', '/admin.php', '/login.php', '/admin/login.asp'] []
USEFUL: xinxinjj.com ['/admin/'] []
USEFUL: xlgh.com ['/admin/login.php', '/admin.php'] []
USEFUL: xintianwei.com ['/admin/login.php', '/admin/index.php', '/admin/', '/admin.php'] []
USEFUL: xlentpay.com ['/admin/index.php', '/admin/', '/login.php', '/wp-login.php'] ['wordpress']
USEFUL: xlming.com ['/admin/login.aspx'] []
USEFUL: xianxiapifu.com ['/admin/'] []
[batch 4] 200/755 useful=10 dead=121
USEFUL: xn--casitadesueos-skb.org ['/admin/index.php', '/admin/', '/wp-login.php'] ['wordpress']
USEFUL: xn--bo1a19j.com ['/admin/', '/admin/index.asp'] []
USEFUL: xn--tags--148kt20j.lx03.com ['/admin/', '/manage/', '/houtai/', '/admin/login'] []
USEFUL: xn--tags--4v8h014dnw1j.lx03.com ['/admin/', '/manage/', '/houtai/', '/admin/login'] []
USEFUL: xn--tags--o81h062c1ym8ur.mn72.com ['/admin/', '/manage/', '/houtai/', '/admin/login'] []
USEFUL: xn--tags--t40l317p.mn72.com ['/admin/', '/manage/', '/houtai/', '/admin/login'] []
USEFUL: xn--tags-mt4-e80mn15bdsw4wf9w1ab53l.mn72.com ['/admin/', '/manage/', '/houtai/', '/admin/login'] []
USEFUL: xn--tags--z22hg54i.lx03.com ['/admin/', '/manage/', '/houtai/', '/admin/login'] []
USEFUL: xinyijianshe.com ['/admin/'] []
USEFUL: xn--sssz6u.com ['/admin/index.php'] []
USEFUL: xnewtech.com ['/admin/'] []
USEFUL: yb3127.com ['/admin/', '/manage/', '/houtai/', '/dede/'] []
[batch 4] 400/755 useful=22 dead=196
[batch 4] 600/755 useful=22 dead=244
USEFUL: zhangyajuan.com ['/admin.php', '/login.php', '/manage/', '/houtai/'] []
USEFUL: zhenhaostone.com ['/admin/', '/manage/', '/houtai/', '/dede/'] []
USEFUL: zipmoneylimited.com ['/manage/', '/houtai/', '/dede/', '/user/login'] []
USEFUL: zuqiuxiugaiqisodu.itita.com ['/admin/login.php', '/admin/index.php', '/admin/', '/admin.php'] []
USEFUL: zuqiuzaixianzhibo.q33.zhuang6.com ['/admin/login.php', '/admin/index.php', '/admin/', '/admin.php'] []
USEFUL: zundns.com ['/user/login'] ['thinkphp']
[batch 4 done] useful=28 dead=263 alive=464 | total_pool: usable=2858 dead=33908
[hook] all filtered, nothing to do
[auto_filter] total=49230 todo=12464 (dead=33908 usable=2858)
USEFUL: 04tb.com ['/admin/', '/manage/', '/houtai/', '/admin/login'] []
USEFUL: 08gk.com ['/admin/', '/manage/', '/houtai/', '/admin/login'] []
USEFUL: 14wh.com ['/admin/', '/manage/', '/houtai/', '/admin/login'] []
USEFUL: 20xb.com ['/admin/', '/manage/', '/houtai/', '/admin/login'] []
USEFUL: 21925.com ['/admin.php', '/login.php', '/wp-login.php'] []
USEFUL: 4hhp.zr63.com ['/admin/', '/manage/', '/houtai/', '/admin/login'] []
[batch 0] 200/3000 useful=6 dead=25
USEFUL: 4reelservices.com ['/admin/index.php', '/admin/'] []
USEFUL: 4reelservices.net ['/admin/index.php', '/admin/'] []
USEFUL: 3chi.net ['/admin.php'] ['discuz']
USEFUL: 5nhv.zr63.com ['/admin/', '/manage/', '/houtai/', '/admin/login'] []
USEFUL: 61029.nd90.com ['/admin/', '/manage/', '/houtai/', '/admin/login'] []
[auto_filter] total=49230 todo=12464 (dead=33908 usable=2858)
USEFUL: 21925.com ['/admin.php', '/login.php', '/wp-login.php'] []
[batch 0] 400/3000 useful=11 dead=51
USEFUL: aerialrobot.org ['/admin/', '/admin.php', '/login.php', '/manage/'] []
USEFUL: 4reelservices.com ['/admin/index.php', '/admin/'] []
[batch 0] 200/3000 useful=2 dead=29
USEFUL: 4reelservices.net ['/admin/index.php', '/admin/'] []
USEFUL: aftermidnightsalsa.com ['/manage/', '/admin/login.asp'] []
USEFUL: 3chi.net ['/admin.php'] ['discuz']
USEFUL: agisante.com ['/admin/index.php', '/admin/', '/login.php', '/wp-login.php'] ['wordpress']
USEFUL: aiin.cn ['/admin/', '/admin/login', '/wp-login.php', '/user/login'] ['wordpress']
USEFUL: aksaraycilingir.com ['/admin/index.php', '/admin/', '/wp-login.php'] ['wordpress']
[batch 0] 400/3000 useful=4 dead=58
USEFUL: alibeykoycilingir.com ['/admin/index.php', '/admin/', '/wp-login.php'] ['wordpress']
[batch 0] 600/3000 useful=17 dead=105
USEFUL: aerialrobot.org ['/admin/', '/admin.php', '/dede/', '/wp-login.php'] []
USEFUL: agisante.com ['/admin/index.php', '/admin/', '/login.php', '/wp-login.php'] ['wordpress']
USEFUL: aiin.cn ['/admin/', '/admin/login', '/wp-login.php', '/user/login'] ['wordpress']
USEFUL: aksaraycilingir.com ['/admin/index.php', '/admin/', '/wp-login.php'] ['wordpress']
USEFUL: attendtrinity.com ['/admin/index.php', '/admin/', '/login.php', '/wp-login.php'] ['wordpress']
USEFUL: alibeykoycilingir.com ['/admin/index.php', '/admin/', '/wp-login.php'] ['wordpress']
[batch 0] 800/3000 useful=18 dead=166
[batch 0] 600/3000 useful=9 dead=112
USEFUL: atakumcilingir.com ['/admin/index.php', '/admin/', '/wp-login.php'] ['wordpress']
USEFUL: ayalm.com ['/admin/', '/wp-login.php'] ['wordpress']
USEFUL: barrieronepest.com ['/admin/login.asp', '/admin/index.asp', '/admin/login', '/dede/'] []
USEFUL: basicwebguide.com ['/admin/index.php', '/admin/', '/wp-login.php'] ['wordpress']
USEFUL: attendtrinity.com ['/admin/index.php', '/admin/', '/login.php', '/wp-login.php'] ['wordpress']
[batch 0] 800/3000 useful=10 dead=176
USEFUL: atakumcilingir.com ['/admin/index.php', '/admin/', '/wp-login.php'] ['wordpress']
USEFUL: ayalm.com ['/admin/', '/wp-login.php'] ['wordpress']
USEFUL: beginyourascent.com ['/admin/index.php', '/admin/', '/login.php', '/wp-login.php'] ['wordpress']
[batch 0] 1000/3000 useful=23 dead=219
USEFUL: basicwebguide.com ['/admin/index.php', '/admin/', '/wp-login.php'] ['wordpress']
USEFUL: biostatplus.com ['/admin/index.php', '/admin/', '/login.php', '/wp-login.php'] ['wordpress']
USEFUL: beginyourascent.com ['/admin/index.php', '/admin/', '/login.php', '/wp-login.php'] ['wordpress']
USEFUL: blog.hubblehq.com ['/admin/index.php', '/admin/', '/login.php', '/manage/'] ['wordpress']
[batch 0] 1000/3000 useful=14 dead=227
USEFUL: bposolutions.net ['/admin/login.php', '/admin/index.php', '/admin/'] []
USEFUL: bodrumcilingir.com ['/admin/index.php', '/admin/', '/wp-login.php'] ['wordpress']
USEFUL: biostatplus.com ['/admin/index.php', '/admin/', '/login.php', '/wp-login.php'] ['wordpress']
USEFUL: blog.csdn.net ['/admin/'] []
USEFUL: brayusa.com ['/admin/login.php', '/admin/index.php', '/admin/', '/admin/login.asp'] []
USEFUL: brimond.com ['/admin/login.php', '/admin/index.php', '/admin.php', '/wp-login.php'] []
USEFUL: blog.hubblehq.com ['/admin/index.php', '/admin/', '/login.php', '/manage/'] ['wordpress']
USEFUL: beyazesyatamiri.com ['/admin/index.php', '/wp-login.php'] ['wordpress']
USEFUL: briteroof.com ['/admin/index.php', '/admin/', '/login.php', '/wp-login.php'] ['wordpress']
[batch 0] 1200/3000 useful=30 dead=262
USEFUL: bodrumcilingir.com ['/admin/index.php', '/admin/', '/wp-login.php'] ['wordpress']
USEFUL: bposolutions.net ['/admin/login.php', '/admin/index.php', '/admin/'] []
USEFUL: bumikreatif-institute.com ['/admin/login', '/user/login'] ['wordpress']
USEFUL: brimond.com ['/admin/login.php', '/admin/index.php', '/admin.php', '/wp-login.php'] []
USEFUL: brayusa.com ['/admin/login.php', '/admin/index.php', '/admin/', '/admin/login.asp'] []
USEFUL: briteroof.com ['/admin/index.php', '/admin/', '/login.php', '/wp-login.php'] ['wordpress']
[batch 0] 1200/3000 useful=23 dead=268
USEFUL: buyersoffers.eceleadersacademy.com ['/admin/index.php', '/admin/', '/login.php', '/wp-login.php'] ['wordpress']
USEFUL: bumikreatif-institute.com ['/admin/login', '/user/login'] ['wordpress']
USEFUL: canakkalecilingir.com ['/admin/index.php', '/admin/', '/wp-login.php'] ['wordpress']
USEFUL: capillarymatting.com ['/admin/index.php', '/admin/', '/login.php', '/wp-login.php'] ['wordpress']
USEFUL: caribbeanparlour.com ['/admin/', '/user/login'] ['thinkphp', 'wordpress']
USEFUL: buyersoffers.eceleadersacademy.com ['/admin/index.php', '/admin/', '/login.php', '/wp-login.php'] ['wordpress']
USEFUL: canakkalecilingir.com ['/admin/index.php', '/admin/', '/wp-login.php'] ['wordpress']
USEFUL: capillarymatting.com ['/admin/index.php', '/admin/', '/login.php', '/wp-login.php'] ['wordpress']
USEFUL: caribbeanparlour.com ['/admin/', '/manage/', '/houtai/', '/dede/'] ['thinkphp', 'wordpress']
[batch 0] 1400/3000 useful=35 dead=286
USEFUL: caycumasondaj.com ['/admin/index.php', '/admin/', '/wp-login.php'] ['wordpress']
[batch 0] 1400/3000 useful=28 dead=293
USEFUL: caycumasondaj.com ['/admin/index.php', '/admin/', '/wp-login.php'] ['wordpress']
[batch 0] 1600/3000 useful=36 dead=308
USEFUL: cilingirci.com ['/admin/index.php', '/admin/', '/login.php', '/wp-login.php'] ['wordpress']
USEFUL: cined.com ['/admin/', '/admin/login', '/user/login'] ['wordpress']
[batch 0] 1600/3000 useful=29 dead=315
USEFUL: cilingirci.com ['/admin/index.php', '/admin/', '/login.php', '/wp-login.php'] ['wordpress']
USEFUL: cined.com ['/admin/', '/admin/login', '/user/login'] ['wordpress']
USEFUL: christiaannobels.com ['/wp-login.php'] ['wordpress']
[auto_filter] total=54009 todo=17243 (dead=33908 usable=2858)
USEFUL: 04tb.com ['/admin/', '/manage/', '/houtai/', '/user/login'] []
USEFUL: 08gk.com ['/admin/', '/manage/', '/houtai/', '/admin/login'] []
USEFUL: coachoutlet-stores.eu.com ['/login.php'] ['wordpress']
USEFUL: coastalexteriorsmd.com ['/login.php'] ['wordpress']
USEFUL: coloncleansemagics.com ['/wp-login.php'] ['wordpress']
USEFUL: concursosnobrasil.com ['/admin/login.asp', '/admin/index.asp', '/wp-login.php', '/admin/login.aspx'] ['wordpress']
USEFUL: coachoutlet-stores.eu.com ['/admin/index.php', '/admin/', '/login.php', '/wp-login.php'] ['wordpress']
USEFUL: completespeakerssystem.com ['/user/login'] ['wordpress']
[batch 0] 1800/3000 useful=43 dead=368
USEFUL: 1172892085.rsc.cdn77.org ['/admin/login.php', '/admin/index.php', '/admin/', '/admin/login.asp'] []
USEFUL: 117932.hkinsoft.com ['/admin/', '/admin/login.aspx'] []
USEFUL: 121969.hkinsoft.com ['/admin/'] []
USEFUL: coloncleansemagics.com ['/admin/index.php', '/admin/', '/login.php', '/wp-login.php'] ['wordpress']
USEFUL: compassdrugscreening.com ['/admin/index.php', '/admin/', '/login.php', '/wp-login.php'] ['wordpress']
USEFUL: correduria79.com ['/admin/', '/wp-login.php'] ['wordpress']
USEFUL: coastalexteriorsmd.com ['/admin/index.php', '/admin/', '/login.php', '/wp-login.php'] ['wordpress']
USEFUL: conventionsuite.com ['/admin/index.php', '/admin/', '/login.php', '/wp-login.php'] ['wordpress']
USEFUL: coolcodetech.com ['/admin/index.php', '/admin/', '/login.php', '/wp-login.php'] ['wordpress']
USEFUL: covercube.com ['/admin/', '/wp-login.php'] ['wordpress']
USEFUL: covatex.com ['/admin/index.php', '/admin/', '/login.php', '/wp-login.php'] ['wordpress']
USEFUL: concursosnobrasil.com ['/admin/login.asp', '/admin/index.asp', '/wp-login.php', '/admin/login.aspx'] ['wordpress']
USEFUL: completespeakerssystem.com ['/user/login'] ['wordpress']
[batch 0] 1800/3000 useful=37 dead=364
USEFUL: covenantsofthefather.com ['/wp-login.php'] []
USEFUL: contractorsinhome.com ['/admin/index.php', '/admin/', '/wp-login.php'] ['wordpress']
USEFUL: compassdrugscreening.com ['/admin/index.php', '/admin/', '/login.php', '/wp-login.php'] ['wordpress']
USEFUL: correduria79.com ['/admin/', '/wp-login.php'] ['wordpress']
[batch 0] 200/3000 useful=5 dead=111
USEFUL: 14wh.com ['/admin/', '/manage/', '/houtai/', '/admin/login'] []
USEFUL: cpanel.trainingthepack.com ['/admin.php', '/login.php', '/manage/', '/houtai/'] []
USEFUL: coolcodetech.com ['/admin/index.php', '/admin/', '/login.php', '/wp-login.php'] ['wordpress']
USEFUL: contractorsinhome.com ['/admin/index.php', '/admin/', '/wp-login.php'] ['wordpress']
USEFUL: covercube.com ['/admin/', '/wp-login.php'] ['wordpress']
[batch 0] 2000/3000 useful=52 dead=536
USEFUL: 1513040194.rsc.cdn77.org ['/admin/'] []
USEFUL: 1489204796.rsc.cdn77.org ['/manage/'] ['wordpress']
USEFUL: 13cosas.com ['/admin/index.php', '/admin/', '/login.php', '/wp-login.php'] ['wordpress']
USEFUL: conventionsuite.com ['/admin/index.php', '/admin/', '/login.php', '/wp-login.php'] ['wordpress']
USEFUL: 1554091807.rsc.cdn77.org ['/admin/index.php', '/admin/', '/login.php'] ['wordpress']
USEFUL: covatex.com ['/admin/index.php', '/admin/', '/login.php', '/wp-login.php'] ['wordpress']
USEFUL: 188553.hkinsoft.com ['/admin/'] []
[auto_filter] total=54009 todo=17243 (dead=33908 usable=2858)
[auto_filter] total=54009 todo=17243 (dead=33908 usable=2858)
USEFUL: cpcontacts.medicarerecords.com ['/admin/login.php', '/admin/index.php', '/admin/', '/admin.php'] []
USEFUL: cpcontacts.medicarerecords.com ['/admin/login.php', '/admin/index.php', '/admin/', '/admin.php'] []
USEFUL: cpuni.com ['/admin/', '/dede/'] []
USEFUL: cpuni.com ['/admin/', '/dede/'] []
USEFUL: cpcontacts.mikeschallenge.com ['/dede/'] []
USEFUL: cpcontacts.mikeschallenge.com ['/manage/', '/houtai/', '/dede/'] []
USEFUL: cqzszh.zhongshang114.com ['/admin/login.asp', '/admin/index.asp', '/admin/login.aspx'] []
USEFUL: cqzszh.zhongshang114.com ['/admin/login.asp', '/admin/index.asp'] []
[auto_filter] total=54009 todo=17243 (dead=33908 usable=2858)
USEFUL: cqyudizc.com ['/admin.php'] []
USEFUL: cqyudizc.com ['/admin.php'] []
USEFUL: 04tb.com ['/admin/', '/manage/', '/houtai/', '/admin/login'] []
[batch 1] 200/3000 useful=5 dead=170
USEFUL: 08gk.com ['/admin/', '/manage/', '/houtai/', '/admin/login'] []
[batch 1] 200/3000 useful=5 dead=169
USEFUL: craftmall-crafts-craftlinks.com ['/admin/index.php', '/admin/', '/login.php', '/wp-login.php'] ['wordpress']
USEFUL: craftmall-crafts-craftlinks.com ['/admin/index.php', '/admin/', '/login.php', '/wp-login.php'] ['wordpress']
USEFUL: crf.iadb.org ['/user/login'] []
USEFUL: crf.iadb.org ['/user/login'] []
USEFUL: crispeducation.com ['/admin/index.php', '/admin/', '/wp-login.php'] ['wordpress']
USEFUL: crispeducation.com ['/admin/index.php', '/admin/', '/wp-login.php'] ['wordpress']
USEFUL: crewtax.net ['/login.php'] []
USEFUL: crewtax.net ['/login.php'] []
USEFUL: cream-deluxe.com ['/admin/index.php', '/admin/', '/login.php', '/wp-login.php'] ['wordpress']
USEFUL: cream-deluxe.com ['/admin/index.php', '/admin/', '/login.php', '/wp-login.php'] ['wordpress']
USEFUL: 117932.hkinsoft.com ['/admin/', '/admin/login.aspx'] []
USEFUL: cremaypomadastudio.com ['/admin/index.php', '/admin/', '/login.php', '/wp-login.php'] ['wordpress']
USEFUL: cremaypomadastudio.com ['/admin/index.php', '/admin/', '/login.php', '/wp-login.php'] ['wordpress']
USEFUL: creditnafa.com ['/admin/index.php', '/admin/', '/login.php', '/wp-login.php'] ['wordpress']
USEFUL: creditnafa.com ['/admin/index.php', '/admin/', '/login.php', '/wp-login.php'] ['wordpress']
USEFUL: 1172892085.rsc.cdn77.org ['/admin/login.php', '/admin/index.php', '/admin/', '/admin/login.asp'] []
USEFUL: criticspeak.com ['/admin/index.php', '/admin/', '/login.php', '/wp-login.php'] ['wordpress']
USEFUL: criticspeak.com ['/admin/index.php', '/admin/', '/login.php', '/wp-login.php'] ['wordpress']
USEFUL: cresenergy.com ['/admin/index.php', '/admin/', '/login.php', '/wp-login.php'] ['wordpress']
USEFUL: cresenergy.com ['/admin/index.php', '/admin/', '/login.php', '/wp-login.php'] ['wordpress']
USEFUL: crescocommunitychapel.com ['/admin/index.php', '/admin/', '/login.php', '/wp-login.php'] ['wordpress']
USEFUL: crystalwizardry.com ['/admin/index.php', '/admin/', '/login.php', '/wp-login.php'] ['wordpress']
USEFUL: crystalwizardry.com ['/admin/index.php', '/admin/', '/login.php', '/wp-login.php'] ['wordpress']
USEFUL: currencypriceguide.com ['/admin/', '/manage/', '/houtai/', '/dede/'] []
USEFUL: currencypriceguide.com ['/admin/', '/manage/', '/houtai/', '/dede/'] []
USEFUL: crntm.com ['/wp-login.php'] ['wordpress']
USEFUL: crntm.com ['/wp-login.php'] ['wordpress']
USEFUL: customers.site5.com ['/login.php'] []
USEFUL: cw40.com ['/admin/', '/manage/', '/houtai/', '/admin/login'] []
USEFUL: cw40.com ['/admin/', '/manage/', '/houtai/', '/admin/login'] []
USEFUL: customers.site5.com ['/login.php'] []
USEFUL: cxw0913.com ['/admin/login.php', '/admin/index.php', '/admin/', '/admin/login'] []
USEFUL: 14wh.com ['/admin/', '/manage/', '/houtai/', '/admin/login'] []
USEFUL: cxw0913.com ['/admin/login.php', '/admin/index.php', '/admin/', '/admin/login'] []
[batch 0] 200/3000 useful=5 dead=108
USEFUL: 13cosas.com ['/admin/index.php', '/admin/', '/login.php', '/wp-login.php'] ['wordpress']
USEFUL: csboyasizgocukduzeltme.com ['/admin/index.php', '/admin/', '/wp-login.php'] ['wordpress']
USEFUL: csboyasizgocukduzeltme.com ['/admin/index.php', '/admin/', '/wp-login.php'] ['wordpress']
USEFUL: 1513040194.rsc.cdn77.org ['/admin/'] []
USEFUL: 1489204796.rsc.cdn77.org ['/manage/'] ['wordpress']
USEFUL: czshengao.com ['/login.php'] []
USEFUL: czshengao.com ['/login.php'] []
USEFUL: 177095.hkinsoft.com ['/admin/'] []
USEFUL: 1554091807.rsc.cdn77.org ['/admin/index.php', '/admin/', '/login.php'] ['wordpress']
USEFUL: 188553.hkinsoft.com ['/admin/'] []
[batch 1] 400/3000 useful=23 dead=270
[batch 1] 400/3000 useful=22 dead=271
USEFUL: 1946890235.rsc.cdn77.org ['/manage/', '/admin/login.asp', '/admin/index.asp', '/admin/login.aspx'] ['wordpress']
USEFUL: daymeter.cn ['/admin/', '/manage/', '/houtai/', '/dede/'] []
USEFUL: daymeter.cn ['/admin/', '/manage/', '/houtai/', '/dede/'] []
USEFUL: datoura.org ['/admin/index.php', '/admin/', '/login.php', '/wp-login.php'] ['wordpress']
USEFUL: datoura.org ['/admin/index.php', '/admin/', '/login.php', '/wp-login.php'] ['wordpress']
USEFUL: daweiqz.com ['/admin.php'] []
USEFUL: daweiqz.com ['/admin.php'] []
USEFUL: datacurationexperts.com ['/admin/', '/wp-login.php'] ['thinkphp', 'wordpress']
USEFUL: datacurationexperts.com ['/admin/', '/wp-login.php'] ['thinkphp', 'wordpress']
USEFUL: deng-yuan.com ['/admin/login.php', '/admin/login'] []
USEFUL: deng-yuan.com ['/admin/login.php', '/admin/login'] []
USEFUL: 21925.com ['/admin.php', '/login.php', '/wp-login.php'] []
USEFUL: denver.567la.com ['/admin/login.php'] []
USEFUL: denver.567la.com ['/admin/login.php'] []
USEFUL: dentalebiomedica.com ['/admin/index.php', '/admin/', '/login.php', '/wp-login.php'] ['wordpress']
USEFUL: dentalebiomedica.com ['/admin/index.php', '/admin/', '/login.php', '/wp-login.php'] ['wordpress']
[auto_filter] total=54009 todo=17243 (dead=33908 usable=2858)
[batch 0] 400/3000 useful=13 dead=224
USEFUL: df9mgbea.mayicdn1.org ['/admin/', '/login.php'] []
USEFUL: 106214.hkinsoft.com ['/admin/'] []
USEFUL: 117932.hkinsoft.com ['/admin/', '/admin/login.aspx'] []
USEFUL: 46e10.com ['/admin/', '/admin.php', '/login.php', '/manage/'] []
USEFUL: dfloorlandscaping.com ['/admin/index.php', '/admin/', '/login.php', '/wp-login.php'] ['wordpress']
USEFUL: dfloorlandscaping.com ['/admin/index.php', '/admin/', '/login.php', '/wp-login.php'] ['wordpress']
USEFUL: 3chi.net ['/admin.php'] ['discuz']
USEFUL: 121969.hkinsoft.com ['/admin/'] []
USEFUL: diabeticdiscount.com ['/admin/', '/manage/'] []
USEFUL: diabeticdiscount.com ['/admin/', '/manage/'] []
USEFUL: 124903.hkinsoft.com ['/admin/'] []
USEFUL: 1172892085.rsc.cdn77.org ['/admin/login.php', '/admin/index.php', '/admin/', '/admin/login.asp'] []
USEFUL: diamondpainting-art.com ['/admin/index.php', '/admin/', '/login.php', '/wp-login.php'] ['wordpress']
USEFUL: diamondpainting-art.com ['/admin/index.php', '/admin/', '/login.php', '/wp-login.php'] ['wordpress']
USEFUL: 5kjjc6ho.xypt.top ['/login.php'] []
USEFUL: 60890.hkinsoft.com ['/admin/', '/admin/login.aspx'] []
[batch 1] 600/3000 useful=34 dead=387
[batch 1] 600/3000 useful=32 dead=387
[batch 0] 200/3000 useful=5 dead=107
USEFUL: 13cosas.com ['/admin/index.php', '/admin/', '/login.php', '/wp-login.php'] ['wordpress']
USEFUL: 1513040194.rsc.cdn77.org ['/admin/'] []
USEFUL: 1489204796.rsc.cdn77.org ['/manage/'] ['wordpress']
USEFUL: 1554091807.rsc.cdn77.org ['/admin/index.php', '/admin/', '/login.php'] ['wordpress']
USEFUL: 177095.hkinsoft.com ['/admin/'] []
USEFUL: 76qgame.com ['/admin/', '/admin.php', '/login.php', '/manage/'] []
USEFUL: 79156.hkinsoft.com ['/admin/'] []
USEFUL: 188553.hkinsoft.com ['/admin/'] []
USEFUL: dldeshui.com ['/admin.php', '/login.php', '/manage/', '/houtai/'] []
[batch 0] 600/3000 useful=19 dead=292
USEFUL: 800001.hkinsoft.com ['/admin/', '/admin/login.aspx'] []
USEFUL: dldeshui.com ['/admin.php', '/login.php', '/manage/', '/houtai/'] []
USEFUL: 1946890235.rsc.cdn77.org ['/manage/', '/admin/login.asp', '/admin/index.asp', '/admin/login.aspx'] ['wordpress']
USEFUL: docs.quadpay.com ['/admin/'] []
USEFUL: docs.quadpay.com ['/admin/'] []
USEFUL: dmsningbo.com ['/admin/login.php', '/admin/login'] []
USEFUL: dmsningbo.com ['/admin/login.php', '/admin/login'] []
USEFUL: dobrestrony.info ['/admin/', '/wp-login.php'] ['wordpress']
USEFUL: dobrestrony.info ['/admin/', '/wp-login.php'] ['wordpress']
USEFUL: 21925.com ['/admin.php', '/login.php', '/wp-login.php'] []
USEFUL: 96823.hkinsoft.com ['/admin/'] []
USEFUL: door2usa.com ['/login.php'] []
USEFUL: door2usa.com ['/login.php'] []
[batch 0] 400/3000 useful=13 dead=225
[batch 1] 800/3000 useful=39 dead=484
[batch 1] 800/3000 useful=37 dead=486
USEFUL: a.verdictsearch.com ['/admin/index.php', '/admin/', '/login.php', '/manage/'] ['wordpress']
USEFUL: dpvandijk.com ['/admin/', '/admin/index.asp', '/wp-login.php'] ['thinkphp', 'wordpress']
USEFUL: dpvandijk.com ['/admin/', '/admin/index.asp', '/wp-login.php'] ['thinkphp', 'wordpress']
USEFUL: 46e10.com ['/admin/', '/admin.php', '/login.php', '/manage/'] []
USEFUL: dreamstores.net ['/admin/login', '/user/login'] ['wordpress']
USEFUL: dreamstores.net ['/admin/login', '/user/login'] ['wordpress']
USEFUL: dssoundlabs.com ['/admin/login.php', '/admin/index.php', '/admin/', '/houtai/'] []
USEFUL: dssoundlabs.com ['/admin/login.php', '/admin/index.php', '/admin/', '/admin/index.asp'] []
USEFUL: aag.567la.com ['/manage/'] []
USEFUL: 3chi.net ['/admin.php'] ['discuz']
USEFUL: dsyshs.com ['/admin.php'] []
USEFUL: dubansgaragedoorscorp.com ['/admin/index.php', '/admin/', '/login.php', '/wp-login.php'] ['wordpress']
USEFUL: dubansgaragedoorscorp.com ['/admin/index.php', '/admin/', '/login.php', '/wp-login.php'] ['wordpress']
USEFUL: dsyshs.com ['/admin.php'] []
USEFUL: dustandennington.com ['/wp-login.php'] ['wordpress']
USEFUL: dustandennington.com ['/wp-login.php'] ['wordpress']
USEFUL: 60890.hkinsoft.com ['/admin/', '/admin/login.aspx'] []
USEFUL: 5kjjc6ho.xypt.top ['/login.php'] []
USEFUL: e4studio.com ['/admin/index.php', '/admin/', '/admin.php', '/wp-login.php'] []
USEFUL: e4studio.com ['/admin/index.php', '/admin/', '/admin.php', '/wp-login.php'] []
USEFUL: dwwsiliguri.com ['/admin/index.php', '/admin/', '/login.php', '/wp-login.php'] ['wordpress']
USEFUL: dwwsiliguri.com ['/admin/index.php', '/admin/', '/login.php', '/wp-login.php'] ['wordpress']
USEFUL: duoluodeyu.com ['/admin/', '/wp-login.php'] ['wordpress']
USEFUL: duoluodeyu.com ['/admin/', '/wp-login.php'] ['wordpress']
[batch 1] 1000/3000 useful=46 dead=643
[batch 1] 1000/3000 useful=48 dead=639
[batch 0] 800/3000 useful=23 dead=379
USEFUL: eastvenus.com ['/admin.php', '/login.php', '/houtai/', '/dede/'] []
USEFUL: 79156.hkinsoft.com ['/admin/'] []
USEFUL: 76qgame.com ['/admin/', '/admin.php', '/login.php', '/manage/'] []
USEFUL: 800001.hkinsoft.com ['/admin/', '/admin/login.aspx'] []
USEFUL: eastvenus.com ['/admin.php', '/login.php', '/houtai/', '/dede/'] []
[batch 0] 600/3000 useful=20 dead=292
USEFUL: ebh.567la.com ['/admin/login.php', '/admin/index.php', '/admin/', '/admin.php'] []
USEFUL: ebh.567la.com ['/admin/login.php', '/admin/index.php', '/admin/', '/admin.php'] []
USEFUL: admin.myhondaconnection.com ['/admin/login.php', '/admin/index.php', '/admin/'] []
USEFUL: admin.longprairiemachinery.com ['/admin/login.php', '/admin/index.php', '/admin/', '/admin.php'] []
USEFUL: ecopyrolysis.com ['/admin/index.php', '/admin/', '/login.php', '/wp-login.php'] ['wordpress']
USEFUL: ecopyrolysis.com ['/admin/index.php', '/admin/', '/login.php', '/wp-login.php'] ['wordpress']
USEFUL: edcomproductions.com ['/admin/', '/wp-login.php'] ['thinkphp', 'wordpress']
USEFUL: edcomproductions.com ['/admin/', '/wp-login.php'] ['thinkphp', 'wordpress']
USEFUL: ecemcatering.com ['/admin/index.php', '/admin/', '/login.php', '/wp-login.php'] ['wordpress']
USEFUL: ecemcatering.com ['/admin/index.php', '/admin/', '/login.php', '/wp-login.php'] ['wordpress']
USEFUL: aftermidnightsalsa.com ['/admin/', '/admin.php', '/login.php', '/manage/'] []
USEFUL: 96823.hkinsoft.com ['/admin/'] []
USEFUL: eicsemi.com ['/admin/'] []
USEFUL: eicsemi.com ['/admin/'] []
USEFUL: agisante.com ['/admin/index.php', '/admin/', '/login.php', '/wp-login.php'] ['wordpress']
USEFUL: aijchina.com ['/user/login'] []
USEFUL: aim-tech.com.cn ['/manage/'] []
USEFUL: aiin.cn ['/admin/', '/admin/login', '/wp-login.php', '/user/login'] ['wordpress']
USEFUL: electroloy.com ['/admin/login.php', '/manage/', '/houtai/', '/admin/login'] []
USEFUL: electroloy.com ['/admin/login.php', '/manage/', '/houtai/', '/admin/login'] []
USEFUL: a.verdictsearch.com ['/admin/index.php', '/admin/', '/login.php', '/manage/'] ['wordpress']
USEFUL: elbatt.com ['/admin/index.php', '/admin/', '/login.php', '/wp-login.php'] ['wordpress']
USEFUL: elbatt.com ['/admin/index.php', '/admin/', '/login.php', '/wp-login.php'] ['wordpress']
USEFUL: emarketts.com ['/admin/', '/manage/', '/houtai/', '/dede/'] []
USEFUL: emarketts.com ['/admin/', '/manage/', '/houtai/', '/dede/'] []
USEFUL: aag.567la.com ['/admin/login.php'] []
USEFUL: aage.567la.com ['/admin/login.aspx'] []
USEFUL: elazigcilingir.com ['/admin/index.php', '/admin/', '/wp-login.php'] ['wordpress']
USEFUL: elazigcilingir.com ['/admin/index.php', '/admin/', '/wp-login.php'] ['wordpress']
USEFUL: aksaraycilingir.com ['/admin/index.php', '/admin/', '/wp-login.php'] ['wordpress']
USEFUL: en.bds.com.cn ['/admin/index.asp', '/houtai/', '/admin/login', '/dede/'] []
[batch 1] 1200/3000 useful=58 dead=737
[batch 1] 1200/3000 useful=57 dead=739
[batch 0] 800/3000 useful=24 dead=383
[batch 0] 1000/3000 useful=31 dead=468
USEFUL: alibeykoycilingir.com ['/admin/index.php', '/admin/', '/wp-login.php'] ['wordpress']
USEFUL: amosetc.com ['/admin/'] []
USEFUL: evecasa.com ['/admin/'] []
USEFUL: evecasa.com ['/admin/'] []
USEFUL: exeyez.com ['/admin/'] []
USEFUL: exeyez.com ['/admin/'] []
USEFUL: ez.osdb.cn ['/admin.php'] []
USEFUL: ez.osdb.cn ['/admin.php'] []
USEFUL: ezs2019.wl369.com ['/admin.php'] []
USEFUL: aftermidnightsalsa.com ['/admin/index.asp'] []
USEFUL: ezs2019.wl369.com ['/admin.php'] []
USEFUL: anbangmedical.com ['/admin/login.php', '/manage/', '/houtai/', '/admin/login'] []
USEFUL: agisante.com ['/admin/index.php', '/admin/', '/login.php', '/wp-login.php'] ['wordpress']
USEFUL: andredomingos.com ['/admin/index.php', '/admin/', '/login.php', '/wp-login.php'] ['wordpress']
USEFUL: ezsite2020.wl369.com ['/admin.php'] []
USEFUL: ezsite2020.wl369.com ['/admin.php'] []
USEFUL: aijchina.com ['/user/login'] []
USEFUL: fabienne-bister.com ['/admin/', '/wp-login.php'] ['thinkphp', 'wordpress']
USEFUL: aim-tech.com.cn ['/manage/'] []
USEFUL: fabienne-bister.com ['/admin/', '/wp-login.php'] ['thinkphp', 'wordpress']
USEFUL: famgaz-karcher.com ['/admin/index.php', '/admin/', '/login.php', '/wp-login.php'] ['wordpress']
USEFUL: famgaz-karcher.com ['/admin/index.php', '/admin/', '/login.php', '/wp-login.php'] ['wordpress']
[auto_filter] total=54009 todo=17243 (dead=33908 usable=2858)
[auto_filter] total=54009 todo=17243 (dead=33908 usable=2858)
USEFUL: 106214.hkinsoft.com ['/admin/'] []
USEFUL: 117932.hkinsoft.com ['/admin/', '/admin/login.aspx'] []
USEFUL: 121969.hkinsoft.com ['/admin/'] []
USEFUL: 1172892085.rsc.cdn77.org ['/admin/login.php', '/admin/index.php', '/admin/', '/admin/login.asp'] []
USEFUL: 124903.hkinsoft.com ['/admin/'] []
[batch 0] 200/3000 useful=5 dead=106
USEFUL: 13cosas.com ['/admin/index.php', '/admin/', '/login.php', '/wp-login.php'] ['wordpress']
USEFUL: 1513040194.rsc.cdn77.org ['/admin/'] []
USEFUL: 1489204796.rsc.cdn77.org ['/manage/'] ['wordpress']
USEFUL: 177095.hkinsoft.com ['/admin/'] []
USEFUL: 1554091807.rsc.cdn77.org ['/admin/index.php', '/admin/', '/login.php'] ['wordpress']
USEFUL: 188553.hkinsoft.com ['/admin/'] []
USEFUL: 1946890235.rsc.cdn77.org ['/manage/', '/admin/login.asp', '/admin/index.asp', '/admin/login.aspx'] ['wordpress']
USEFUL: 21925.com ['/admin.php', '/login.php', '/wp-login.php'] []
[batch 0] 400/3000 useful=13 dead=226
USEFUL: 46e10.com ['/admin/', '/admin.php', '/login.php', '/manage/'] []
USEFUL: 3chi.net ['/admin.php'] ['discuz']
USEFUL: 60890.hkinsoft.com ['/admin/', '/admin/login.aspx'] []
USEFUL: 5kjjc6ho.xypt.top ['/login.php'] []
USEFUL: 76qgame.com ['/admin/', '/admin.php', '/login.php', '/manage/'] []
USEFUL: 79156.hkinsoft.com ['/admin/'] []
USEFUL: 800001.hkinsoft.com ['/admin/', '/admin/login.aspx'] []
[batch 0] 600/3000 useful=20 dead=297
USEFUL: 96823.hkinsoft.com ['/admin/'] []
USEFUL: a.verdictsearch.com ['/admin/index.php', '/admin/', '/login.php', '/manage/'] ['wordpress']
[batch 0] 800/3000 useful=22 dead=380
USEFUL: admin.longprairiemachinery.com ['/admin/login.php', '/admin/index.php', '/admin/', '/admin.php'] []
USEFUL: admin.myhondaconnection.com ['/admin/login.php', '/admin/index.php', '/admin/', '/admin.php'] []
USEFUL: aftermidnightsalsa.com ['/admin/index.php', '/admin/', '/admin.php'] []
USEFUL: agisante.com ['/admin/index.php', '/admin/', '/login.php', '/wp-login.php'] ['wordpress']
USEFUL: aim-tech.com.cn ['/manage/'] []
USEFUL: aijchina.com ['/user/login'] []
USEFUL: aiin.cn ['/admin/', '/admin/login', '/wp-login.php', '/user/login'] ['wordpress']
USEFUL: aksaraycilingir.com ['/admin/index.php', '/admin/', '/wp-login.php'] ['wordpress']
[batch 0] 1000/3000 useful=30 dead=465
USEFUL: alibeykoycilingir.com ['/admin/index.php', '/admin/', '/wp-login.php'] ['wordpress']
USEFUL: amosetc.com ['/admin/'] []
USEFUL: anbangmedical.com ['/admin/login.php', '/manage/', '/houtai/', '/admin/login'] []
USEFUL: aredelec.com ['/admin/'] []
USEFUL: areariservata.emmeti.com ['/admin/', '/admin.php', '/login.php', '/manage/'] []
[batch 0] 1200/3000 useful=35 dead=538
USEFUL: atpchip.com ['/admin/'] ['thinkphp']
USEFUL: attendtrinity.com ['/admin/index.php', '/admin/', '/login.php', '/wp-login.php'] ['wordpress']
USEFUL: atakumcilingir.com ['/admin/index.php', '/admin/', '/wp-login.php'] ['wordpress']
USEFUL: ayalm.com ['/admin/', '/wp-login.php'] ['wordpress']
[batch 0] 1400/3000 useful=39 dead=647
USEFUL: barrieronepest.com ['/admin/', '/manage/', '/admin/login.asp', '/admin/index.asp'] []
USEFUL: basicwebguide.com ['/admin/index.php', '/admin/', '/wp-login.php'] ['wordpress']
USEFUL: be-winsafety.com ['/admin/login.php', '/manage/', '/houtai/', '/admin/login'] []
USEFUL: best-vendor.com ['/admin/'] []
USEFUL: bigarrow.com.cn ['/admin.php'] []
[batch 0] 1600/3000 useful=44 dead=728
USEFUL: bk0q.zr63.com ['/admin/', '/manage/', '/houtai/', '/admin/login'] []
USEFUL: bjsthdhk.com ['/admin/'] []
USEFUL: blog.hubblehq.com ['/admin/index.php', '/admin/', '/login.php', '/manage/'] ['wordpress']
USEFUL: bjniti.com ['/admin/index.php', '/admin/', '/wp-login.php'] ['wordpress']
USEFUL: bposolutions.net ['/admin/login.php', '/admin/index.php', '/admin/'] []
USEFUL: bodrumcilingir.com ['/admin/index.php', '/admin/', '/wp-login.php'] ['wordpress']
[batch 0] 1800/3000 useful=50 dead=796
USEFUL: brayusa.com ['/admin/login.php', '/admin/index.php', '/admin/', '/admin/login.asp'] []
USEFUL: brimond.com ['/admin/login.php', '/admin/index.php', '/admin.php', '/wp-login.php'] []
USEFUL: briteroof.com ['/admin/index.php', '/admin/', '/login.php', '/wp-login.php'] ['wordpress']
USEFUL: btew.mn72.com ['/admin/', '/manage/', '/houtai/', '/admin/login'] []
USEFUL: bumikreatif-institute.com ['/admin/login', '/user/login'] ['wordpress']
USEFUL: bustepagasigillate.com ['/admin/index.php'] []
USEFUL: bv789c.com ['/admin/', '/admin.php', '/login.php', '/manage/'] []
[batch 0] 2000/3000 useful=57 dead=859
USEFUL: capillarymatting.com ['/admin/index.php', '/admin/', '/login.php', '/wp-login.php'] ['wordpress']
USEFUL: caribbeanparlour.com ['/admin/', '/manage/', '/houtai/', '/dede/'] ['thinkphp', 'wordpress']
USEFUL: canakkalecilingir.com ['/admin/index.php', '/admin/', '/wp-login.php'] ['wordpress']
USEFUL: cashstore.com ['/admin/login.aspx'] []
USEFUL: cattelan-glassware.com ['/admin/'] ['wordpress']
USEFUL: caycumasondaj.com ['/admin/index.php', '/admin/', '/wp-login.php'] ['wordpress']
USEFUL: centier.com ['/admin/login.php'] []
USEFUL: celetogether.com ['/manage/'] []
USEFUL: chadbernstein.com ['/admin/', '/wp-login.php'] ['wordpress']
[batch 0] 2200/3000 useful=66 dead=903
USEFUL: chaoyuezhineng.com ['/admin/login.asp', '/admin/index.asp', '/admin/login.aspx'] []
USEFUL: china-seastarco.com ['/admin/login.php', '/login.php', '/manage/', '/houtai/'] []
USEFUL: chinaxind.com ['/login.php'] []
USEFUL: chshlm.com ['/admin/login.asp'] []
USEFUL: cined.com ['/admin/', '/admin/login', '/user/login'] ['wordpress']
USEFUL: cilingirci.com ['/admin/index.php', '/admin/', '/login.php', '/wp-login.php'] ['wordpress']
[batch 0] 2400/3000 useful=72 dead=961
USEFUL: cng.com ['/admin/login.aspx'] []
USEFUL: cnxinruide.com ['/admin/login.php', '/manage/', '/houtai/', '/admin/login'] []
USEFUL: coachoutlet-stores.eu.com ['/admin/index.php', '/admin/', '/login.php', '/wp-login.php'] ['wordpress']
USEFUL: coloncleansemagics.com ['/login.php', '/wp-login.php'] ['wordpress']
USEFUL: coastalexteriorsmd.com ['/admin/index.php', '/admin/', '/login.php', '/wp-login.php'] ['wordpress']
USEFUL: concursosnobrasil.com ['/admin/login.asp', '/admin/index.asp', '/wp-login.php', '/admin/login.aspx'] ['wordpress']
[batch 0] 2600/3000 useful=78 dead=1039
USEFUL: completespeakerssystem.com ['/user/login'] ['wordpress']
USEFUL: concordcommunitiesalliance.org ['/admin/index.php', '/admin/', '/login.php', '/wp-login.php'] []
USEFUL: correduria79.com ['/admin/', '/wp-login.php'] ['wordpress']
USEFUL: coolcodetech.com ['/admin/index.php', '/admin/', '/login.php', '/wp-login.php'] ['wordpress']
USEFUL: corpnergy.com ['/admin/login.php', '/login.php', '/manage/', '/houtai/'] []
USEFUL: conventionsuite.com ['/admin/index.php', '/admin/', '/login.php', '/wp-login.php'] ['wordpress']
USEFUL: covercube.com ['/admin/', '/wp-login.php'] ['wordpress']
USEFUL: complejolosveleros.com ['/admin/index.php', '/admin/', '/login.php', '/wp-login.php'] ['wordpress']
USEFUL: cpanel.trainingthepack.com ['/admin.php', '/login.php', '/manage/', '/houtai/'] []
[batch 0] 2800/3000 useful=87 dead=1197
USEFUL: cpcontacts.hiproficiency.com ['/admin/', '/manage/', '/admin/login', '/wp-login.php'] []
[batch 0] 3000/3000 useful=88 dead=1387
[batch 0 done] useful=88 dead=1387 alive=1525 | total_pool: usable=2946 dead=35295
[auto_filter] total=54009 todo=15768 (dead=35295 usable=2946)
USEFUL: flybirdhk.com ['/admin/'] []
USEFUL: flortc.com ['/admin/login.php', '/manage/', '/houtai/', '/admin/login'] []
USEFUL: foz.mn72.com ['/admin/', '/manage/', '/houtai/', '/admin/login'] []
USEFUL: fp82.com ['/admin/', '/manage/', '/houtai/', '/admin/login'] []
USEFUL: franksinsurancegroup.com ['/admin/'] []
USEFUL: frankentherme-badwindsheim.net ['/admin/index.php', '/admin/', '/login.php', '/wp-login.php'] ['wordpress']
USEFUL: frontierheatingcooling.com ['/admin/index.php', '/admin/', '/login.php', '/wp-login.php'] []
USEFUL: fscdr.org ['/admin/login', '/user/login'] ['wordpress']
[batch 1] 200/3000 useful=8 dead=80
USEFUL: funbean.cn ['/wp-login.php'] ['wordpress']
USEFUL: gaithersuites.com ['/admin/index.php', '/admin/', '/login.php'] ['wordpress']
USEFUL: ghbzx.cn ['/user/login'] []
USEFUL: germenes.com ['/admin/', '/admin/login', '/admin/login.aspx'] []
USEFUL: get-insta.com ['/admin/index.php', '/admin/', '/login.php', '/wp-login.php'] ['wordpress']
USEFUL: gkbx.net ['/admin.php'] []
USEFUL: gisid.com ['/admin/', '/manage/', '/houtai/', '/dede/'] []
USEFUL: glmlifting.com ['/admin/login.php', '/manage/', '/houtai/', '/admin/login'] []
[batch 1] 400/3000 useful=16 dead=196
USEFUL: gokuke.com ['/admin/login.php', '/admin/index.php', '/admin/login.asp', '/admin/index.asp'] []
USEFUL: golfhooked.com ['/admin/'] []
USEFUL: glz-innovation-gmbh.com ['/admin/index.php', '/admin/', '/login.php'] ['wordpress']
USEFUL: gowininnovations.com ['/admin/'] []
USEFUL: gorkagames.com ['/admin/login.asp', '/admin/index.asp', '/admin/login', '/admin/login.aspx'] []
USEFUL: gonentaksi.com ['/admin/index.php', '/admin/', '/login.php', '/wp-login.php'] ['wordpress']
USEFUL: grdcorp.com ['/admin/', '/admin.php', '/login.php', '/manage/'] []
USEFUL: grigglewis.server284.com ['/admin/index.php', '/admin/', '/login.php', '/wp-login.php'] ['wordpress']
USEFUL: greensponadvertising.com ['/admin/index.php', '/admin/', '/login.php', '/wp-login.php'] []
USEFUL: gsanweb.cn ['/admin/', '/wp-login.php'] ['wordpress']
[batch 1] 600/3000 useful=26 dead=290
USEFUL: grupoalc.com ['/admin/index.php', '/admin/'] ['wordpress']
USEFUL: h-sheng.com ['/admin/'] []
USEFUL: guventemizlik.com ['/admin/login.php', '/admin/login.aspx'] []
USEFUL: hairybikers.com ['/admin/', '/admin/login', '/wp-login.php'] []
USEFUL: handelsmanandroyce.com ['/user/login'] []
USEFUL: hastdl.com ['/admin/login.php', '/manage/', '/houtai/', '/admin/login'] []
USEFUL: hafner.com ['/admin/', '/wp-login.php'] ['wordpress']
USEFUL: hbshengtuo.net ['/wp-login.php'] ['wordpress']
USEFUL: hbzpdz.com ['/admin/login.php', '/manage/', '/houtai/', '/admin/login'] []
[batch 1] 800/3000 useful=35 dead=377
USEFUL: heavyoilsolutions.com ['/admin/index.php', '/admin/', '/login.php', '/wp-login.php'] ['wordpress']
USEFUL: helenelyst.net ['/admin/', '/wp-login.php'] ['wordpress']
USEFUL: hellowebmasters.com ['/admin/index.php', '/admin/', '/login.php', '/manage/'] ['wordpress']
USEFUL: hk-suntop.com ['/admin/', '/admin/login.aspx'] []
USEFUL: hk-onstar.com ['/admin/'] []
USEFUL: hkds-ic.com ['/admin/'] []
USEFUL: hk-xieda.com ['/admin/'] []
USEFUL: hkmathon.com ['/admin/'] []
USEFUL: hilexdesign.com ['/admin/index.php', '/admin/', '/login.php', '/wp-login.php'] ['pbootcms', 'wordpress']
USEFUL: hkwidekey.com ['/admin/'] []
USEFUL: hgmerz.org ['/admin/index.php', '/admin/', '/login.php'] ['wordpress']
USEFUL: hnsanyy.com ['/admin/login.aspx'] []
USEFUL: hifu.com ['/admin/', '/wp-login.php'] ['wordpress']
USEFUL: hongyuanflange.com ['/admin.php'] []
USEFUL: hopeforfulanis.org ['/admin/index.php', '/admin/', '/login.php', '/wp-login.php'] ['wordpress']
USEFUL: hongshengbz.com ['/admin/login.php', '/login.php', '/manage/', '/houtai/'] []
USEFUL: hongdianzs.cn ['/admin/', '/manage/', '/houtai/', '/dede/'] []
USEFUL: hongkongvaults.com ['/admin/', '/admin/login.asp', '/admin/index.asp', '/wp-login.php'] ['wordpress']
[batch 1] 1000/3000 useful=53 dead=490
USEFUL: hoopspaces.com ['/wp-login.php'] ['wordpress']
USEFUL: hostmaster.blackholeofathens.com ['/admin/login.php', '/admin/index.php'] []
USEFUL: hopefuldreamsfamilypuppies.com ['/admin/index.php', '/admin/', '/login.php', '/wp-login.php'] ['wordpress']
[batch 1] 1200/3000 useful=56 dead=614
USEFUL: huanyuan.cn ['/admin/login.php', '/admin/index.php', '/admin/'] []
USEFUL: hudsonenergy.com ['/admin.php', '/login.php', '/manage/', '/houtai/'] []
USEFUL: iamapolarbear.com ['/admin/', '/wp-login.php'] ['thinkphp', 'wordpress']
USEFUL: identifyfamily.com ['/admin/', '/wp-login.php'] ['thinkphp', 'wordpress']
USEFUL: hullabaloophotobooth.com ['/admin/index.php', '/login.php', '/wp-login.php'] ['wordpress']
USEFUL: imgup.me ['/admin/'] []
USEFUL: iembraceawesome.com ['/admin/index.php', '/admin/', '/login.php', '/wp-login.php'] []
USEFUL: igqgolfcollege.com ['/admin.php', '/user/login'] []
USEFUL: int.smsplex.com ['/admin/login.aspx'] []
USEFUL: indoor-interiorismo.com ['/admin/index.php', '/admin/', '/wp-login.php'] ['wordpress']
[batch 1] 1400/3000 useful=66 dead=712
USEFUL: intouchmena.com ['/admin/', '/admin/login'] []
USEFUL: insaninsanaemanettir.com ['/admin/index.php', '/admin/', '/login.php', '/wp-login.php'] ['wordpress']
USEFUL: ispartacilingir.com ['/wp-login.php'] ['wordpress']
USEFUL: itcovid.youngtech.com ['/admin/index.php', '/admin/', '/wp-login.php'] ['wordpress']
USEFUL: itszkt.com ['/admin/', '/manage/', '/houtai/', '/admin/login'] []
USEFUL: istinyecilingir.com ['/admin/index.php', '/admin/', '/wp-login.php'] ['wordpress']
USEFUL: jdqjx.com ['/admin/', '/user/login'] []
USEFUL: jangelleluxurytravel.com ['/admin/index.php', '/admin/', '/login.php', '/wp-login.php'] ['wordpress']
USEFUL: jfpbcoa.mn72.com ['/admin/', '/manage/', '/houtai/', '/admin/login'] []
[batch 1] 1600/3000 useful=75 dead=778
USEFUL: jifuchina.com ['/admin/', '/manage/', '/houtai/', '/dede/'] []
USEFUL: jiabaolai.com ['/admin/'] []
USEFUL: jisohvztn.mn72.com ['/admin/', '/manage/', '/houtai/', '/admin/login'] []
USEFUL: jm-ig.com ['/admin/'] []
USEFUL: jmbzjx.com ['/admin/'] []
USEFUL: jsgj22.com ['/admin/', '/manage/', '/houtai/', '/dede/'] []
USEFUL: jrgjmh.com ['/admin/', '/wp-login.php'] []
USEFUL: joeactor.com ['/admin/index.php', '/admin/', '/login.php', '/wp-login.php'] ['wordpress']
USEFUL: jswfjs.com ['/admin.php'] []
[batch 1] 1800/3000 useful=84 dead=858
USEFUL: jystape.com ['/admin/login.php', '/admin.php', '/login.php', '/admin/login.asp'] []
USEFUL: kaseyforcouncil.com ['/admin/'] ['wordpress']
USEFUL: karabukcilingir.com ['/admin/index.php', '/admin/', '/wp-login.php'] ['wordpress']
USEFUL: karadenizaycangida.com ['/admin/login.php', '/admin/index.php'] []
USEFUL: kesslersautoglass.com ['/admin/index.php', '/admin/', '/login.php', '/wp-login.php'] ['wordpress']
USEFUL: kaysericilingir.com ['/admin/index.php', '/admin/', '/wp-login.php'] ['wordpress']
USEFUL: kmq.mn72.com ['/admin/', '/manage/', '/houtai/', '/admin/login'] []
USEFUL: kimingbio.com ['/admin/login.php', '/admin.php', '/login.php', '/admin/login.asp'] []
USEFUL: kn8t.zr63.com ['/admin/', '/manage/', '/houtai/', '/admin/login'] []
USEFUL: koajazzfestival.com ['/admin/', '/wp-login.php'] ['wordpress']
USEFUL: kizilaycilingir.com ['/admin/index.php', '/admin/', '/wp-login.php'] ['wordpress']
USEFUL: kocaelicelikkapi.com ['/admin/'] []
[batch 1] 2000/3000 useful=96 dead=933
USEFUL: kt02.com ['/admin/', '/manage/', '/houtai/', '/admin/login'] []
USEFUL: kscsddz.com ['/login.php'] []
USEFUL: konyacilingir.com ['/admin/index.php', '/admin/', '/wp-login.php'] ['wordpress']
USEFUL: l4zxmhzt.s2.myxypt.com ['/admin/', '/login.php', '/manage/', '/houtai/'] []
USEFUL: kutahyacilingir.com ['/admin/index.php', '/admin/', '/login.php', '/wp-login.php'] ['wordpress']
USEFUL: ksjhxs.com ['/login.php'] []
USEFUL: legendii.cn ['/admin/login.php', '/admin/login'] []
[batch 1] 2200/3000 useful=103 dead=1032
USEFUL: leskolawandmediation.com ['/wp-login.php'] ['wordpress']
USEFUL: lianbangdi.com ['/admin/login.php', '/admin/index.php', '/admin/', '/admin.php'] []
USEFUL: lightoptech.com ['/admin/index.php', '/admin/', '/wp-login.php'] ['pbootcms', 'wordpress']
USEFUL: lindsayandbrandon.com ['/admin/index.php', '/admin/', '/login.php', '/wp-login.php'] ['wordpress']
USEFUL: link.verdictsearch.com ['/admin/index.php', '/admin/', '/login.php', '/manage/'] ['wordpress']
USEFUL: linkmktg.verdictsearch.com ['/admin/index.php', '/admin/', '/login.php', '/manage/'] ['wordpress']
USEFUL: list-789.lx03.com ['/admin/', '/manage/', '/houtai/', '/admin/login'] []
USEFUL: loja.impomac.com ['/admin/login.php', '/admin/index.php', '/admin/', '/admin.php'] []
USEFUL: lombardi.cc ['/admin/index.php', '/admin/', '/login.php', '/wp-login.php'] ['wordpress']
USEFUL: lohaspanda.com ['/admin/index.php', '/admin/', '/login.php', '/wp-login.php'] ['wordpress']
USEFUL: long-riders.org ['/admin/'] ['wordpress']
USEFUL: lq26.com ['/admin/', '/manage/', '/houtai/', '/admin/login'] []
USEFUL: lovepointdeli.com ['/admin/', '/wp-login.php'] ['wordpress']
[batch 1] 2400/3000 useful=116 dead=1096
USEFUL: lvatrrh.mn72.com ['/admin/', '/manage/', '/houtai/', '/admin/login'] []
USEFUL: lvgestao.com ['/admin/', '/manage/', '/houtai/', '/admin/login'] []
USEFUL: m.nx87.com ['/admin/', '/manage/', '/houtai/', '/admin/login'] []
USEFUL: m01.quick.net.cn ['/admin/', '/manage/', '/houtai/', '/dede/'] []
USEFUL: m0lfh7qa.s2.myxypt.com ['/login.php', '/manage/', '/houtai/', '/dede/'] []
USEFUL: maijin.com ['/admin/index.php', '/admin/', '/login.php', '/wp-login.php'] ['wordpress']
USEFUL: maijin.net ['/admin/index.php', '/admin/', '/login.php', '/wp-login.php'] ['wordpress']
[batch 1] 2600/3000 useful=123 dead=1171
USEFUL: mail.caribbeanparlour.com ['/admin/', '/manage/', '/houtai/', '/dede/'] ['thinkphp', 'wordpress']
USEFUL: mail.driveon.com ['/login.php', '/manage/', '/houtai/', '/dede/'] ['wordpress']
USEFUL: mail.friendlybadminton.com ['/admin.php', '/login.php', '/manage/', '/houtai/'] []
USEFUL: mail.originalcargocabana.com ['/manage/', '/houtai/', '/dede/', '/user/login'] ['wordpress']
[batch 1] 2800/3000 useful=127 dead=1314
USEFUL: mail.rosyvillamaldives.com ['/admin/index.asp', '/houtai/', '/dede/'] ['wordpress']
USEFUL: mailup.com ['/admin/'] ['wordpress']
USEFUL: maison-en-vue.biz ['/admin/'] ['wordpress']
USEFUL: mansfieldcomfort.com ['/admin/', '/admin/login'] []
USEFUL: manukahealth.com ['/admin/login'] []
USEFUL: marapets.xyz ['/admin/index.php', '/admin/', '/login.php'] []
[batch 1] 3000/3000 useful=133 dead=1401
[batch 1 done] useful=133 dead=1401 alive=1466 | total_pool: usable=3079 dead=36696
[auto_filter] total=54009 todo=14234 (dead=36696 usable=3079)
USEFUL: parkhurstdining.com ['/admin/index.php', '/admin/', '/login.php', '/wp-login.php'] ['wordpress']
USEFUL: patrickhoopes.com ['/admin/', '/wp-login.php'] ['thinkphp', 'wordpress']
USEFUL: perrysimon.com ['/admin/index.php', '/admin/', '/wp-login.php'] ['wordpress']
USEFUL: phoenixpetfood.com ['/admin/login'] []
[batch 2] 200/3000 useful=4 dead=87
USEFUL: philcrocker.net ['/admin/index.php', '/admin/', '/login.php', '/wp-login.php'] ['wordpress']
USEFUL: pittsburgh-seo.net ['/admin/index.php', '/admin/', '/login.php', '/wp-login.php'] ['wordpress']
USEFUL: primelinkpro.com ['/admin/login.asp', '/admin/index.asp', '/admin/login.aspx'] []
USEFUL: psychotherapie-stuttgart.net ['/admin/index.php', '/admin/', '/wp-login.php'] ['wordpress']
USEFUL: pyizqioh.s2.myxypt.com ['/login.php', '/manage/', '/houtai/', '/dede/'] []
USEFUL: prpseats.com ['/admin/index.php', '/admin/', '/login.php', '/admin/login'] []
USEFUL: primerestorations.com ['/admin/index.php', '/admin/', '/login.php', '/wp-login.php'] ['wordpress']
[batch 2] 400/3000 useful=11 dead=178
USEFUL: r7wpe9zd.s2.myxypt.com ['/admin/', '/login.php', '/manage/', '/houtai/'] []
USEFUL: rabbit.com ['/manage/', '/houtai/', '/dede/', '/user/login'] []
USEFUL: redstarpharm.com ['/admin/'] []
USEFUL: reetu.com.cn ['/admin/login.php', '/admin/login'] []
[batch 2] 600/3000 useful=15 dead=246
USEFUL: regaloop.com ['/admin/index.php', '/admin/', '/wp-login.php'] ['wordpress']
USEFUL: restauracionesnauticas.com ['/admin/index.php', '/admin/', '/login.php', '/wp-login.php'] ['wordpress']
USEFUL: rzm82faw.xypt.top ['/login.php'] []
USEFUL: s2lx5y4c.s2.myxypt.com ['/login.php', '/manage/', '/houtai/', '/dede/'] []
USEFUL: runningpower.com.cn ['/admin/login.asp', '/admin/index.asp', '/admin/login.aspx'] []
USEFUL: salip-industrial.com ['/admin/login.php', '/admin/login'] []
[batch 2] 800/3000 useful=21 dead=299
USEFUL: samsunhk.com ['/admin/'] []
USEFUL: scjqsb.com ['/admin.php'] []
USEFUL: seamou.com ['/admin/login.php', '/login.php', '/admin/login'] []
USEFUL: selfservice.scp-ks.org ['/admin/', '/manage/', '/houtai/', '/admin/login'] []
USEFUL: shaanxiled.com ['/admin.php'] []
[batch 2] 1000/3000 useful=26 dead=350
USEFUL: shengtuogs.com ['/wp-login.php'] ['wordpress']
USEFUL: shareda.cn ['/admin.php', '/login.php'] []
USEFUL: sentry.stgermaincollins.com ['/admin/index.php', '/admin/', '/login.php', '/wp-login.php'] ['wordpress']
USEFUL: shshiqin.com ['/login.php'] []
USEFUL: silverone.com ['/admin/', '/admin/login.asp', '/admin/index.asp', '/admin/login'] []
USEFUL: sisocsemi.com ['/admin/index.php', '/login.php', '/manage/', '/admin/index.asp'] []
USEFUL: siqipower.com ['/admin/login.php', '/admin.php', '/login.php', '/admin/login.asp'] []
USEFUL: slowretail.com ['/admin/', '/wp-login.php'] ['thinkphp', 'wordpress']
[batch 2] 1200/3000 useful=34 dead=455
USEFUL: smilco.net ['/admin/', '/wp-login.php'] ['wordpress']
USEFUL: soat.cn ['/wp-login.php'] ['wordpress']
USEFUL: socalthepolarexpressride.com ['/admin/', '/wp-login.php'] ['wordpress']
USEFUL: spartaled.com ['/admin/login.php', '/manage/', '/houtai/', '/admin/login'] []
USEFUL: special-alloy.net ['/admin/login.php', '/admin/login'] []
USEFUL: sportquake.cn ['/admin/login.php', '/admin/index.php', '/admin.php', '/login.php'] []
USEFUL: sscmchina.com ['/admin.php'] ['thinkphp']
USEFUL: standardsemicon.com ['/admin/', '/admin/login.aspx'] []
[batch 2] 1400/3000 useful=42 dead=515
USEFUL: stbcw.xizang.gov.cn ['/admin/', '/manage/', '/houtai/', '/dede/'] []
USEFUL: store.verdictsearch.com ['/admin/index.php', '/admin/', '/login.php', '/manage/'] ['wordpress']
USEFUL: store.fun-kins.com ['/wp-login.php'] ['wordpress']
[batch 2] 1600/3000 useful=45 dead=606
USEFUL: swbmotorsport.com ['/wp-login.php'] ['wordpress']
USEFUL: swansonvineyards.com ['/admin/index.php', '/admin/', '/login.php', '/wp-login.php'] ['wordpress']
USEFUL: sydrsm.com ['/admin/login.asp', '/admin/index.asp', '/admin/login', '/admin/login.aspx'] []
USEFUL: sz-remo.com ['/admin/', '/login.php', '/manage/', '/houtai/'] []
USEFUL: szylwy.cn ['/admin.php', '/login.php'] []
[batch 2] 1800/3000 useful=50 dead=662
USEFUL: tacfabrication.com ['/admin/', '/wp-login.php'] ['wordpress']
USEFUL: tantramargroup.com ['/admin/', '/wp-login.php'] ['thinkphp', 'wordpress']
USEFUL: tctjhg.com ['/manage/', '/houtai/', '/dede/'] []
USEFUL: tennis.hkinsoft.com ['/admin/'] ['thinkphp']
USEFUL: tennpin.com ['/admin/', '/wp-login.php'] ['wordpress']
USEFUL: texas-tinyhomes.com ['/admin/', '/wp-login.php'] ['wordpress']
USEFUL: thanchospital.com ['/wp-login.php'] []
USEFUL: thaipankitchen.com ['/admin/', '/wp-login.php'] ['wordpress']
[batch 2] 2000/3000 useful=58 dead=742
USEFUL: thebestofblockchain.com ['/admin/', '/wp-login.php'] ['wordpress']
USEFUL: thechurchsrq.com ['/admin/', '/wp-login.php'] ['thinkphp', 'wordpress']
USEFUL: thebrushfactoryonkings.com ['/admin/index.php', '/admin/', '/login.php', '/wp-login.php'] ['wordpress']
USEFUL: thelighthousehome.org ['/admin/index.php', '/admin/', '/login.php', '/wp-login.php'] ['wordpress']
USEFUL: theleadfest.com ['/admin/index.php', '/admin/', '/login.php', '/wp-login.php'] ['wordpress']
USEFUL: themchenrydentist.com ['/admin/', '/wp-login.php'] []
USEFUL: thephilivox.com ['/admin.php', '/login.php', '/wp-login.php'] []
USEFUL: themissionball.org ['/admin/', '/wp-login.php'] ['wordpress']
USEFUL: theopencaseback.com ['/admin/index.php', '/admin/', '/login.php', '/wp-login.php'] ['wordpress']
USEFUL: theposingportal.com ['/admin/', '/admin/login', '/wp-login.php', '/user/login'] ['wordpress']
USEFUL: thesisterhoodband.com ['/admin/', '/wp-login.php'] []
USEFUL: thesmalltools.com ['/admin/index.php', '/admin/', '/login.php', '/wp-login.php'] ['wordpress']
USEFUL: thereserveatwesttbone.com ['/admin/index.php', '/admin/', '/login.php', '/wp-login.php'] ['wordpress']
USEFUL: thequake1021.com ['/wp-login.php'] []
USEFUL: thetwincookingproject.net ['/admin/', '/wp-login.php'] ['wordpress']
USEFUL: theworldopinion.com ['/admin/login.php', '/admin/index.php', '/admin/login.asp', '/admin/index.asp'] ['wordpress']
[batch 2] 2200/3000 useful=74 dead=855
USEFUL: thisbelongsinamuseum.com ['/admin/', '/wp-login.php'] ['pbootcms', 'wordpress']
USEFUL: thinkbar.net ['/admin/login.php', '/admin/index.php', '/admin/'] []
USEFUL: thirdface.com ['/admin/', '/manage/', '/houtai/', '/admin/login'] []
USEFUL: thezelisassembly.com ['/admin/index.php', '/admin/', '/login.php', '/wp-login.php'] ['wordpress']
USEFUL: thompsons.com ['/admin.php', '/login.php', '/manage/', '/houtai/'] []
USEFUL: thuymoctech.com ['/admin/index.php', '/admin/'] []
USEFUL: thunderingjacks.com ['/admin/login'] []
USEFUL: thrivefinancialgrp.com ['/admin/login', '/user/login'] ['wordpress']
USEFUL: thinkovi.com ['/admin/index.php', '/admin/', '/wp-login.php'] ['wordpress']
USEFUL: tiankangi.net ['/admin/'] []
USEFUL: tianminggroup.com ['/login.php'] []
USEFUL: ti2k.com ['/admin/', '/manage/', '/wp-login.php'] ['wordpress']
USEFUL: tianyuyun.com ['/manage/'] []
USEFUL: tiborjankay.com ['/admin/', '/wp-login.php'] ['wordpress']
USEFUL: tibetuprising.org ['/admin/index.php', '/login.php', '/wp-login.php'] ['wordpress']
USEFUL: tiendafutbolmundial.com ['/manage/', '/admin/login.asp', '/admin/index.asp'] []
USEFUL: tigerrug.net ['/admin/index.php', '/admin/', '/login.php', '/wp-login.php'] ['wordpress']
USEFUL: tinboxchina.com ['/admin/index.php', '/admin/', '/login.php', '/wp-login.php'] ['wordpress']
USEFUL: tin-box-manufacturer.com ['/admin/index.php', '/admin/', '/wp-login.php'] ['wordpress']
[batch 2] 2400/3000 useful=93 dead=993
USEFUL: tips2win.uk.com ['/admin/index.php', '/admin/', '/login.php', '/wp-login.php'] ['wordpress']
USEFUL: timmannbuilders.com ['/admin/'] ['wordpress']
USEFUL: tippimaan.com ['/admin/index.php', '/admin/', '/wp-login.php'] ['wordpress']
USEFUL: timwood.com ['/admin/index.php', '/admin/', '/login.php', '/wp-login.php'] ['wordpress']
USEFUL: timmpi.com ['/admin/index.php', '/admin/', '/login.php', '/wp-login.php'] ['wordpress']
USEFUL: tjzych.com ['/admin/', '/manage/', '/houtai/', '/dede/'] []
USEFUL: tkarn.com ['/admin/login'] []
USEFUL: tlxjgd.com ['/admin/'] []
USEFUL: tlv.com ['/user/login'] []
USEFUL: tntn1515.com ['/login.php'] []
USEFUL: tmsbrokers.com ['/user/login'] []
USEFUL: tochishobun.com ['/admin/', '/wp-login.php'] ['wordpress']
USEFUL: tom-electronics.net ['/admin/login.php', '/admin/login'] []
USEFUL: toddcokennel.com ['/admin/index.php', '/admin/', '/login.php', '/wp-login.php'] ['pbootcms', 'wordpress']
USEFUL: tontine-live.prontoavenue.biz ['/manage/', '/houtai/', '/dede/', '/user/login'] []
USEFUL: tonyfouts.com ['/admin/'] ['wordpress']
USEFUL: toocust.com ['/manage/', '/houtai/', '/dede/', '/user/login'] ['wordpress']
USEFUL: tonynewport.com ['/admin/', '/wp-login.php'] ['thinkphp', 'wordpress']
USEFUL: toolur.com ['/admin/login'] []
USEFUL: tooliebonka.com ['/admin/index.php', '/admin/', '/login.php', '/wp-login.php'] ['wordpress']
USEFUL: topelectronicsco.com ['/admin/'] []
USEFUL: topdebrid.com ['/admin/index.php', '/admin/', '/login.php', '/wp-login.php'] ['wordpress']
[batch 2] 2600/3000 useful=115 dead=1119
USEFUL: topide.com ['/user/login'] []
USEFUL: toprank-tech.com ['/admin/'] []
USEFUL: toppcasinobonus.com ['/wp-login.php'] []
USEFUL: topunion-cn.com ['/admin/login.php', '/admin.php', '/login.php', '/admin/login.asp'] []
USEFUL: top1tv.net ['/admin/index.php', '/admin/', '/login.php', '/wp-login.php'] ['wordpress']
USEFUL: torve-hallen.eloomi.com ['/admin/', '/manage/', '/houtai/', '/admin/login'] ['wordpress']
USEFUL: toshasreviews.com ['/login.php', '/manage/', '/houtai/', '/admin/login'] []
USEFUL: toseki-trade.com ['/admin/login.php', '/admin.php', '/login.php', '/admin/login.asp'] []
USEFUL: totalsecuritysg.com ['/user/login'] []
USEFUL: tortoisecapital.com ['/admin/index.php', '/admin/', '/login.php', '/wp-login.php'] ['wordpress']
USEFUL: totalcontest-demo.totalsuite.net ['/admin/index.php', '/admin/', '/login.php', '/wp-login.php'] ['wordpress']
USEFUL: totalsuite.net ['/wp-login.php'] ['wordpress']
USEFUL: totalsurvey-demo.totalsuite.net ['/admin/index.php', '/admin/', '/login.php', '/wp-login.php'] ['wordpress']
USEFUL: townlinecandle.com ['/admin/login'] []
USEFUL: tour1.prettydirty.com ['/admin/login.php', '/admin/index.php', '/admin/', '/admin/login.asp'] []
USEFUL: townandcountrygrooming.com ['/admin/index.php', '/admin/', '/login.php', '/wp-login.php'] ['wordpress']
USEFUL: toysoptout.com ['/admin/login.php', '/admin/index.php'] []
USEFUL: transpenninechallenge.com ['/login.php', '/manage/', '/houtai/', '/dede/'] []
USEFUL: trainhd.com ['/admin/index.php', '/admin/', '/login.php', '/wp-login.php'] ['wordpress']
USEFUL: training.k2ms.com ['/admin/', '/manage/', '/houtai/', '/admin/login'] []
USEFUL: travelinggypsycorgis.com ['/admin/index.php', '/admin/', '/login.php', '/wp-login.php'] ['wordpress']
USEFUL: travelingcubes.com ['/admin/', '/wp-login.php'] ['wordpress']
USEFUL: treefortsystems.com ['/admin/', '/manage/', '/houtai/', '/admin/login'] []
[batch 2] 2800/3000 useful=138 dead=1244
USEFUL: triangleland.org ['/admin/index.php', '/admin/', '/login.php', '/wp-login.php'] ['wordpress']
USEFUL: tribunale.richardgjohnsonllc.com ['/admin.php', '/login.php', '/manage/', '/houtai/'] []
USEFUL: tribeofdumo.com ['/admin/login'] []
USEFUL: tricia.nickmcleanrealestate.com ['/admin/', '/manage/', '/houtai/', '/admin/login'] []
USEFUL: tridentcms.net ['/admin/login.php', '/admin/index.php', '/admin/', '/admin/login.asp'] []
USEFUL: trinitywallstreet.org ['/user/login'] []
USEFUL: trilliumhatchery.com ['/admin/index.php', '/admin/', '/login.php', '/wp-login.php'] ['pbootcms', 'wordpress']
USEFUL: trivium-invest.com ['/admin/index.php', '/admin/', '/login.php', '/wp-login.php'] ['wordpress']
USEFUL: truemountaintraveler.com ['/admin/'] ['wordpress']
USEFUL: trumpbar.com ['/admin/login.php', '/admin/index.php', '/admin/login.asp', '/admin/index.asp'] []
USEFUL: trustlations.com ['/admin/index.php', '/admin/', '/login.php', '/wp-login.php'] ['wordpress']
USEFUL: tswtsp.com ['/admin/', '/manage/', '/houtai/', '/dede/'] []
USEFUL: tt99.me ['/admin/', '/admin.php', '/login.php', '/manage/'] []
USEFUL: tsubaki.net.cn ['/admin/'] []
USEFUL: tube-8com.com ['/manage/', '/houtai/', '/dede/', '/user/login'] ['thinkphp']
USEFUL: tulsafilmfestival.org ['/admin/', '/wp-login.php'] ['wordpress']
USEFUL: tunbiya.com ['/admin/', '/wp-login.php', '/user/login'] ['wordpress']
USEFUL: turteltreff.com ['/wp-login.php'] []
USEFUL: turkishnews.com ['/admin/index.php', '/admin/', '/login.php', '/dede/'] ['wordpress']
USEFUL: turksincanada.com ['/admin/index.php', '/admin/', '/login.php', '/admin/login'] ['wordpress']
[batch 2] 3000/3000 useful=158 dead=1367
[batch 2 done] useful=158 dead=1367 alive=1475 | total_pool: usable=3237 dead=38063
[auto_filter] total=54009 todo=12709 (dead=38063 usable=3237)
USEFUL: www.crayola.com ['/admin/login.asp', '/admin/login', '/user/login'] []
USEFUL: www.deck-garden-furniture.com ['/admin/index.php', '/admin/', '/login.php', '/wp-login.php'] ['wordpress']
USEFUL: www.dldeshui.com ['/admin.php', '/login.php', '/manage/', '/houtai/'] []
USEFUL: www.eb-elec.com ['/admin/'] []
USEFUL: www.drillperfect.net ['/admin/index.php', '/admin/', '/login.php'] ['wordpress']
[batch 3] 200/3000 useful=5 dead=40
USEFUL: www.flortc.com ['/admin/login.php', '/manage/', '/houtai/', '/admin/login'] []
USEFUL: www.flybirdhk.com ['/admin/'] []
USEFUL: www.gokuke.com ['/admin/login.php', '/admin/index.php', '/admin/login.asp', '/admin/index.asp'] []
[batch 3] 400/3000 useful=8 dead=87
USEFUL: www.jm-ig.com ['/admin/'] []
USEFUL: www.jswfjs.com ['/admin.php'] []
[batch 3] 600/3000 useful=10 dead=127
USEFUL: www.maraispoitevin-bicyclette.com ['/admin/index.php', '/admin/'] ['wordpress']
USEFUL: www.millar-law.com ['/admin/index.php', '/admin/', '/wp-login.php'] ['wordpress']
USEFUL: www.mysunwayproperty.com ['/admin/', '/manage/', '/houtai/', '/admin/login'] []
USEFUL: www.nightrun.info ['/admin/', '/wp-login.php'] ['wordpress']
USEFUL: www.nergroup.org ['/admin/index.php', '/admin/', '/login.php', '/wp-login.php'] ['wordpress']
USEFUL: www.parkhurstdining.com ['/admin/index.php', '/admin/', '/login.php', '/wp-login.php'] ['wordpress']
[batch 3] 800/3000 useful=16 dead=180
USEFUL: www.prpseats.com ['/admin/index.php', '/admin/', '/login.php', '/admin/login'] []
USEFUL: www.pat-appleton.com ['/admin/index.php', '/admin/', '/login.php', '/wp-login.php'] ['wordpress']
USEFUL: www.nysawla.org ['/admin/index.php', '/admin/', '/login.php', '/wp-login.php'] ['wordpress']
USEFUL: www.ritmmo.com ['/admin/index.php', '/admin/', '/login.php', '/wp-login.php'] ['pbootcms', 'wordpress']
[batch 3] 1000/3000 useful=20 dead=218
USEFUL: www.simtexmeta.com ['/admin/', '/wp-login.php'] ['wordpress']
USEFUL: www.sportiply.com ['/manage/', '/houtai/', '/dede/', '/user/login'] []
USEFUL: www.sportsbetdc.com ['/manage/', '/houtai/', '/user/login'] []
USEFUL: www.sportsandnews.com ['/houtai/', '/dede/', '/user/login'] []
USEFUL: www.sportwetten1x2.com ['/manage/', '/houtai/', '/dede/', '/user/login'] []
USEFUL: www.spotsignsofak.com ['/admin/login.php', '/admin/index.php', '/admin/login.asp', '/admin/index.asp'] []
USEFUL: www.spreadbit.com ['/manage/', '/houtai/', '/dede/', '/user/login'] []
USEFUL: www.squong.com ['/admin.php', '/login.php', '/manage/', '/houtai/'] []
USEFUL: www.sprayed.com ['/manage/', '/houtai/', '/dede/', '/user/login'] []
USEFUL: www.sss.com ['/admin.php', '/login.php', '/manage/', '/dede/'] []
USEFUL: www.squirrelbooks.com ['/manage/', '/houtai/', '/dede/', '/user/login'] []
USEFUL: www.sruz.com ['/manage/', '/houtai/', '/dede/', '/user/login'] []
USEFUL: www.stagehypnotist.com ['/admin/'] []
USEFUL: www.stableaudio.com ['/admin/'] []
USEFUL: www.srchristianchurch.org ['/admin/index.php', '/admin/', '/login.php', '/wp-login.php'] ['wordpress']
USEFUL: www.staging19.trafficsafetyzone.com ['/admin.php', '/login.php', '/houtai/', '/dede/'] []
USEFUL: www.srilankanaura.com ['/admin/index.php', '/admin/', '/login.php', '/wp-login.php'] ['wordpress']
USEFUL: www.stadioncapital.com ['/admin/index.php', '/admin/', '/login.php', '/wp-login.php'] ['pbootcms', 'wordpress']
USEFUL: www.staderart.com ['/admin/', '/wp-login.php'] ['wordpress']
USEFUL: www.staffino.com ['/admin/index.php', '/admin/', '/login.php', '/manage/'] ['wordpress']
USEFUL: www.steki.cn ['/admin/'] []
USEFUL: www.staffdevelopmentcycle.org ['/wp-login.php'] ['wordpress']
USEFUL: www.stonebrewing.com ['/user/login'] []
USEFUL: www.stickworx.com ['/manage/', '/houtai/', '/dede/'] []
USEFUL: www.stommed.net ['/admin/', '/wp-login.php'] ['wordpress']
USEFUL: www.stitchworld.com ['/manage/', '/houtai/', '/dede/', '/user/login'] []
[batch 3] 1200/3000 useful=46 dead=324
USEFUL: www.stellaeventdesign.com ['/admin/index.php', '/admin/', '/login.php', '/wp-login.php'] ['wordpress']
USEFUL: www.studiocomuzzi.com ['/admin.php', '/manage/', '/houtai/', '/dede/'] []
USEFUL: www.strongnationalmuseumofplay.org ['/admin/'] ['wordpress']
USEFUL: www.suitepro.com ['/admin/'] ['wordpress']
USEFUL: www.stemcellcongress-dresden.org ['/admin/index.php', '/admin/', '/login.php', '/wp-login.php'] ['wordpress']
USEFUL: www.studio77home.com ['/admin/index.php', '/admin/', '/login.php', '/wp-login.php'] ['wordpress']
USEFUL: www.studio-petrichor.com ['/admin/index.php', '/admin/', '/login.php', '/wp-login.php'] []
USEFUL: www.suctionanchor.com ['/admin/', '/manage/', '/wp-login.php'] ['wordpress']
USEFUL: www.sumitechcompany.com ['/admin/index.php', '/admin/', '/login.php', '/wp-login.php'] ['wordpress']
USEFUL: www.suniahassan.com ['/login.php'] []
USEFUL: www.superiordental.com ['/admin/', '/admin/login'] []
USEFUL: www.summittaxplanning.com ['/admin/index.php', '/admin/', '/login.php', '/wp-login.php'] ['wordpress']
USEFUL: www.supplyscience.com ['/admin/login.php', '/admin/index.php', '/admin/', '/admin/login.asp'] []
USEFUL: www.supletivo.net ['/admin/', '/manage/', '/houtai/', '/admin/login'] ['wordpress']
USEFUL: www.superfarma.org ['/admin/', '/manage/', '/houtai/', '/admin/login'] []
USEFUL: www.swansonvineyards.com ['/admin/index.php', '/admin/', '/login.php', '/wp-login.php'] ['wordpress']
USEFUL: www.susannicholas.org ['/admin/index.php', '/admin/', '/admin/login'] []
USEFUL: www.supremeautonaples.com ['/admin/index.php', '/login.php', '/wp-login.php'] ['wordpress']
USEFUL: www.sweets-today.com ['/admin/index.php', '/admin/', '/wp-login.php'] ['wordpress']
USEFUL: www.swissnex.org ['/admin/index.php', '/admin/', '/manage/', '/wp-login.php'] ['wordpress']
USEFUL: www.svetpasa.com ['/admin/', '/admin.php', '/login.php', '/manage/'] []
USEFUL: www.sydrsm.com ['/admin/login.asp', '/admin/index.asp', '/admin/login', '/admin/login.aspx'] []
USEFUL: www.syjiekai.com ['/admin/login.asp', '/admin/index.asp', '/admin/login.aspx'] []
USEFUL: www.suzuki-hvac.com ['/admin/index.php', '/admin/'] ['wordpress']
USEFUL: www.syhwkj.cn ['/admin/', '/admin/login.asp', '/admin/index.asp', '/admin/login.aspx'] []
USEFUL: www.syjpjz.com ['/admin/login.asp', '/admin/index.asp', '/admin/login.aspx'] []
USEFUL: www.sybsolutions.com ['/admin/', '/wp-login.php'] ['thinkphp', 'wordpress']
USEFUL: www.sysxjsy.com ['/admin/', '/admin/login.asp', '/admin/index.asp', '/admin/login.aspx'] []
USEFUL: www.syfcdq.com ['/admin/login.asp', '/admin/index.asp', '/admin/login.aspx'] []
USEFUL: www.sythams.com ['/admin/login.asp', '/admin/index.asp', '/admin/login.aspx'] []
USEFUL: www.szdelijun.com ['/admin/'] []
[batch 3] 1400/3000 useful=77 dead=441
USEFUL: www.tajreed.net ['/admin/', '/admin/login'] []
USEFUL: www.talkalytics.com ['/admin/', '/manage/', '/houtai/', '/admin/login'] []
USEFUL: www.tapamedia.com ['/admin/', '/admin/index.asp', '/houtai/', '/dede/'] []
USEFUL: www.t10bet.com ['/houtai/', '/dede/'] []
USEFUL: www.tarifasdeluz.com ['/admin/index.php', '/admin/', '/login.php', '/wp-login.php'] ['wordpress']
USEFUL: www.tcboydlife.anewrise.com ['/admin/login.php', '/admin/index.php', '/admin/', '/admin.php'] []
USEFUL: www.taxiinsuranceagency.com ['/admin/', '/manage/', '/houtai/', '/admin/login'] []
USEFUL: www.tcomo.com ['/admin/login.php'] []
USEFUL: www.tcjianzhouli.com ['/admin/index.php', '/admin/'] []
USEFUL: www.targetsurvey.com ['/admin/login.php', '/admin/index.php', '/admin/login.asp', '/admin/index.asp'] []
USEFUL: www.targetbalances.com ['/admin/login.php', '/admin/index.php', '/admin/login.asp', '/admin/index.asp'] ['thinkphp']
USEFUL: www.targetgiftcardbalances.com ['/admin/login.php', '/admin/index.php', '/admin/login.asp', '/admin/index.asp'] ['thinkphp']
USEFUL: www.tc3net.com ['/manage/'] ['wordpress']
USEFUL: www.teatimeopera.com ['/wp-login.php'] ['wordpress']
USEFUL: www.teejuana.com ['/admin/index.php', '/admin/'] []
USEFUL: www.teachingpersonnel.org ['/admin/login.php', '/admin/index.php', '/admin/login.asp', '/admin/index.asp'] ['pbootcms']
USEFUL: www.tecnoserv-intl.com ['/admin/', '/wp-login.php'] ['wordpress']
USEFUL: www.teelpumps.com.cn ['/admin/login.php', '/admin/index.php', '/admin/login.asp', '/admin/index.asp'] []
USEFUL: www.teenstone.com ['/admin/', '/manage/', '/houtai/', '/admin/login'] []
USEFUL: www.telepathygames.com ['/admin/login'] []
USEFUL: www.tech-head.com ['/admin/index.php', '/admin/', '/login.php'] ['wordpress']
USEFUL: www.tbspiritsgroup.com ['/wp-login.php'] []
USEFUL: www.terracorpinc.com ['/login.php'] []
USEFUL: www.tendertaste.com ['/admin/login'] []
USEFUL: www.templebethshalomcc.org ['/admin/index.php', '/admin/', '/wp-login.php'] ['wordpress']
USEFUL: www.the-american-interest.com ['/admin/', '/manage/', '/wp-login.php'] ['wordpress']
USEFUL: www.thailandconveyancers.com ['/admin/index.php', '/admin/', '/login.php', '/wp-login.php'] ['wordpress']
USEFUL: www.theabfmfoundation.org ['/admin.php', '/login.php', '/manage/'] []
USEFUL: www.technoriat.org ['/admin/index.php', '/admin/', '/login.php', '/wp-login.php'] ['wordpress']
USEFUL: www.theairfilterstore.com ['/admin.php', '/login.php', '/manage/'] []
[batch 3] 1600/3000 useful=107 dead=571
USEFUL: www.tfec.org ['/admin/index.php', '/admin/'] ['wordpress']
USEFUL: www.theantiquedjourney.com ['/wp-login.php'] ['pbootcms', 'wordpress']
USEFUL: www.theanfieldtalk.com ['/admin/', '/wp-login.php'] ['wordpress']
USEFUL: www.thecontentbug.com ['/admin/', '/manage/', '/wp-login.php'] ['wordpress']
USEFUL: www.thefuturecoins.com ['/admin/login.php', '/admin/index.php', '/admin/', '/admin.php'] []
USEFUL: www.thailandphotographer.com ['/admin/index.php', '/admin/', '/login.php', '/wp-login.php'] ['wordpress']
USEFUL: www.theheartofdallasbowl.techdays2010.com ['/admin/login.php', '/admin/index.php', '/admin/', '/user/login'] []
USEFUL: www.theentrancegate.com ['/admin/login.php', '/login.php', '/admin/login.asp', '/admin/login'] ['wordpress']
USEFUL: www.thecrowdcontroller.com ['/admin/login'] []
USEFUL: www.thehungrytravelerblog.com ['/admin/', '/wp-login.php'] ['wordpress']
USEFUL: www.theinvisiblecollege.com ['/admin.php', '/manage/', '/houtai/', '/dede/'] []
USEFUL: www.themeforest.net ['/admin/', '/admin/login', '/user/login'] []
USEFUL: www.themeparkbeds.com ['/admin.php', '/login.php', '/manage/', '/houtai/'] []
USEFUL: www.thephilivox.com ['/admin.php', '/login.php', '/wp-login.php'] []
USEFUL: www.thegeneratorconnection.org ['/admin/index.php', '/admin/', '/login.php', '/wp-login.php'] ['pbootcms']
USEFUL: www.thesisterhoodband.com ['/admin/', '/wp-login.php'] []
USEFUL: www.therealsocialcompany.com ['/admin/', '/admin/login'] []
USEFUL: www.thesmalltools.com ['/admin/index.php', '/admin/', '/login.php', '/wp-login.php'] ['wordpress']
USEFUL: www.theoceanambassadors.com ['/admin/login.php', '/admin/index.php', '/houtai/', '/wp-login.php'] []
USEFUL: www.thetwincookingproject.net ['/admin/', '/wp-login.php'] ['wordpress']
USEFUL: www.thevergegreeley.com ['/admin/login.php', '/admin/index.php', '/admin/login.asp', '/admin/index.asp'] []
USEFUL: www.thiefproof.com ['/manage/', '/houtai/', '/dede/', '/user/login'] []
[batch 3] 1800/3000 useful=129 dead=705
USEFUL: www.thomascgruber.com ['/admin/index.php', '/admin/', '/login.php', '/wp-login.php'] ['pbootcms', 'wordpress']
USEFUL: www.tianyigps.com ['/admin/', '/admin/login'] []
USEFUL: www.titansesports.com ['/admin/', '/manage/', '/houtai/', '/admin/login'] []
USEFUL: www.tips2win.uk.com ['/admin/index.php', '/admin/', '/login.php', '/wp-login.php'] ['wordpress']
USEFUL: www.tinboxchina.com ['/admin/index.php', '/admin/', '/login.php', '/wp-login.php'] ['wordpress']
USEFUL: www.tinyspin.com ['/manage/', '/houtai/', '/user/login'] []
USEFUL: www.tiptours.com ['/manage/', '/houtai/', '/dede/', '/user/login'] []
USEFUL: www.titanmarketing.com ['/admin/', '/manage/', '/houtai/', '/admin/login'] []
USEFUL: www.titanicbooks.com ['/manage/', '/houtai/', '/dede/', '/user/login'] []
USEFUL: www.tickelopes.com ['/admin/index.php', '/admin/', '/login.php', '/wp-login.php'] ['wordpress']
USEFUL: www.tmsbrokers.com ['/user/login'] []
USEFUL: www.todaydream.com ['/admin/', '/manage/', '/houtai/', '/admin/login'] []
USEFUL: www.tonyfouts.com ['/admin/'] ['wordpress']
USEFUL: www.topbaghome.com ['/admin/login.php', '/admin/index.php', '/admin/login.asp', '/admin/index.asp'] []
USEFUL: www.topnok.com ['/manage/', '/houtai/', '/dede/', '/user/login'] []
USEFUL: www.totalblindsandtint.com ['/admin/index.php', '/admin/', '/login.php', '/wp-login.php'] ['wordpress']
USEFUL: www.tourmalineenterprises.com ['/admin/', '/admin/login', '/wp-login.php', '/user/login'] []
USEFUL: www.totallandclearing.com ['/admin/index.php', '/admin/', '/login.php', '/wp-login.php'] ['pbootcms', 'wordpress']
USEFUL: www.townandcountrygrooming.com ['/admin/index.php', '/admin/', '/login.php', '/wp-login.php'] ['wordpress']
USEFUL: www.travelinggypsycorgis.com ['/admin/index.php', '/admin/', '/login.php', '/wp-login.php'] ['wordpress']
USEFUL: www.toymk.com ['/manage/', '/houtai/', '/dede/', '/user/login'] []
USEFUL: www.trafix.org ['/admin/', '/manage/', '/houtai/', '/admin/login'] []
[batch 3] 2000/3000 useful=151 dead=835
USEFUL: www.treatyourshelf.com ['/admin/login'] []
USEFUL: www.tripamazon.com ['/admin/login.php', '/admin/index.php', '/admin/', '/admin.php'] []
USEFUL: www.travelagencysolutions.com ['/manage/', '/houtai/', '/dede/', '/user/login'] []
USEFUL: www.trophymakers.com ['/admin/login.php', '/admin/index.php', '/admin/', '/admin/index.asp'] []
USEFUL: www.trintec.com ['/admin/login'] []
USEFUL: www.triplib.com ['/admin/', '/manage/', '/houtai/', '/admin/login'] []
USEFUL: www.truemountaintraveler.com ['/admin/'] ['wordpress']
USEFUL: www.triumphant.com ['/manage/', '/houtai/', '/dede/', '/user/login'] []
USEFUL: www.tri-mor.com ['/admin/index.php', '/admin/', '/login.php', '/wp-login.php'] ['wordpress']
USEFUL: www.trulygraphics.com ['/manage/', '/houtai/', '/dede/', '/user/login'] []
USEFUL: www.ttka.com ['/manage/', '/houtai/', '/dede/', '/user/login'] []
USEFUL: www.tst-software.com ['/admin/', '/wp-login.php'] ['wordpress']
USEFUL: www.tumbledee.com ['/admin/index.php', '/admin/', '/login.php', '/wp-login.php'] ['wordpress']
USEFUL: www.tucsonmall.com ['/admin/index.php', '/admin/', '/login.php', '/wp-login.php'] ['wordpress']
USEFUL: www.tunnelbeds.com ['/admin/login', '/user/login'] []
USEFUL: www.turquoisefeather.com ['/admin/login.php', '/admin/', '/login.php', '/admin/login'] []
USEFUL: www.turnone.com ['/admin/login.php', '/admin/index.php', '/admin/', '/admin.php'] []
USEFUL: www.tuiqu.com ['/manage/', '/houtai/', '/dede/', '/user/login'] []
USEFUL: www.tulsacf.org ['/admin/index.php', '/admin/', '/login.php', '/wp-login.php'] ['wordpress']
USEFUL: www.tvweo.com ['/wp-login.php'] ['wordpress']
USEFUL: www.tvlia.com ['/admin/index.php', '/admin/', '/login.php', '/manage/'] ['wordpress']
USEFUL: www.twofishandabox.com ['/wp-login.php'] ['wordpress']
USEFUL: www.txaf.net ['/admin/login.php'] []
USEFUL: www.twaimmigration.com ['/admin/index.php', '/admin/', '/login.php', '/wp-login.php'] ['wordpress']
USEFUL: www.turk5.net ['/admin/login', '/dede/', '/wp-login.php', '/user/login'] []
USEFUL: www.twilighthomes.com ['/manage/', '/houtai/', '/dede/', '/user/login'] []
USEFUL: www.ubuy.com ['/admin/', '/manage/', '/houtai/', '/admin/login'] []
USEFUL: www.uawlocal174.com ['/admin/', '/user/login'] []
USEFUL: www.udora.net ['/admin/login.php', '/admin/index.php', '/admin/', '/admin/login.aspx'] []
USEFUL: www.ued885.com ['/admin/login.php', '/login.php', '/admin/index.asp'] []
USEFUL: www.ufa877.com ['/admin/index.php', '/admin/', '/login.php', '/wp-login.php'] ['wordpress']
USEFUL: www.unisonep.com ['/admin/', '/wp-login.php'] ['wordpress']
USEFUL: www.unpkg.com ['/admin/', '/manage/', '/houtai/', '/dede/'] []
[batch 3] 2200/3000 useful=184 dead=959
USEFUL: www.ugandagigs.com ['/admin/index.php', '/admin/', '/wp-login.php'] ['wordpress']
USEFUL: www.univers-sons.com ['/admin/', '/login.php', '/manage/', '/houtai/'] []
USEFUL: www.unilet.net ['/admin/index.php', '/admin/', '/login.php', '/wp-login.php'] ['wordpress']
USEFUL: www.undisciplinedenvironments.org ['/admin/index.php', '/admin/', '/login.php', '/wp-login.php'] []
USEFUL: www.unitygames.org ['/admin/index.php', '/admin/', '/login.php', '/admin/login'] ['wordpress']
USEFUL: www.uvpunk.com ['/admin/', '/admin/login.asp'] []
USEFUL: www.valve01.com ['/admin/login.aspx'] []
USEFUL: www.ventodisardegna.com ['/admin/', '/wp-login.php'] ['wordpress']
USEFUL: www.valsoia.com ['/admin/index.php', '/admin/', '/login.php', '/wp-login.php'] ['wordpress']
USEFUL: www.va-leaders.com ['/admin/index.php', '/admin/', '/login.php', '/wp-login.php'] ['wordpress']
USEFUL: www.vegasaces.com ['/wp-login.php'] ['wordpress']
USEFUL: www.variux.com ['/admin/index.php', '/admin/', '/login.php', '/wp-login.php'] ['wordpress']
USEFUL: www.verdictsearch.com ['/admin/index.php', '/admin/', '/login.php', '/manage/'] ['wordpress']
USEFUL: www.vonniessecret.com ['/admin/login'] []
USEFUL: www.walk8888.com ['/manage/', '/houtai/', '/dede/', '/user/login'] []
USEFUL: www.walkwiththeking.org ['/admin/', '/wp-login.php'] ['wordpress']
USEFUL: www.wfmedical.com ['/admin/login.php', '/admin/index.php', '/admin/', '/admin.php'] []
USEFUL: www.wawezamovement.org ['/admin/index.php', '/admin/', '/login.php', '/wp-login.php'] []
USEFUL: www.wildwesthackinfest.com ['/admin/index.php', '/admin/', '/login.php', '/wp-login.php'] ['wordpress']
[batch 3] 2400/3000 useful=203 dead=1099
USEFUL: www.xchwulian.com ['/admin/', '/manage/', '/houtai/', '/dede/'] []
USEFUL: www.waypointports.com ['/admin/index.php', '/admin/', '/login.php', '/wp-login.php'] ['wordpress']
USEFUL: www.xdyz.com.cn ['/user/login'] []
USEFUL: www.xinhuanews.com ['/admin.php', '/login.php', '/manage/', '/houtai/'] []
USEFUL: www.xinyuan-valve.com ['/admin.php'] []
USEFUL: www.xinxinjj.com ['/admin/'] []
USEFUL: www.xolv.com ['/admin/index.php', '/admin/', '/login.php', '/wp-login.php'] ['wordpress']
USEFUL: www.xudianchis.com ['/admin/', '/manage/', '/houtai/', '/dede/'] []
USEFUL: www.xmoptics.cn ['/admin/', '/wp-login.php'] ['wordpress']
USEFUL: www.xmgreatrise-matcha.com ['/admin/', '/wp-login.php'] ['wordpress']
USEFUL: www.xxxpxs.com ['/admin/'] []
USEFUL: www.yamaneko-symphony.info ['/wp-login.php'] ['wordpress']
USEFUL: www.yesblueprint.com ['/manage/'] []
USEFUL: www.yicheen.com ['/login.php'] []
USEFUL: www.ynpma.com ['/user/login'] []
USEFUL: www.yaffaknafeh.com ['/admin/index.php', '/admin/', '/login.php', '/wp-login.php'] ['pbootcms', 'wordpress']
USEFUL: www.yourchurch.me ['/admin.php'] []
[batch 3] 2600/3000 useful=220 dead=1225
USEFUL: www.youririshadventure.com ['/admin/', '/wp-login.php'] ['wordpress']
USEFUL: www.yyzlfs.com ['/admin.php'] []
USEFUL: www.yzzght.com ['/admin/', '/manage/', '/houtai/', '/dede/'] []
USEFUL: www.ytukampus.com ['/admin/index.php', '/admin/', '/login.php', '/wp-login.php'] ['wordpress']
USEFUL: www.zdpj.com ['/admin/', '/admin/login.asp', '/admin/index.asp', '/admin/login.aspx'] ['thinkphp']
USEFUL: www.zephrex-d.com ['/user/login'] []
USEFUL: www.zillem.com ['/admin/login.php'] []
USEFUL: www.zhuqit.com ['/admin/', '/admin.php', '/login.php', '/manage/'] []
USEFUL: www.zjszwt.com ['/admin/login.php', '/admin/index.php', '/admin/'] []
USEFUL: www.zivarclub.com ['/admin/index.php', '/admin/', '/login.php', '/wp-login.php'] ['wordpress']
USEFUL: www.zmzkfm.cn ['/admin/index.php', '/admin/'] []
USEFUL: www.zolldeviceregistration.com ['/admin/'] []
USEFUL: www2.catfoodexposed.com ['/admin/', '/manage/', '/houtai/', '/admin/login'] []
USEFUL: www.zogaibgroup.com ['/admin.php', '/login.php', '/wp-login.php', '/admin/login.aspx'] []
USEFUL: www2.ultimatedoghealth.com ['/admin/', '/manage/', '/houtai/', '/admin/login'] []
USEFUL: www2.energyover40.com ['/admin/', '/manage/', '/houtai/', '/dede/'] []
[batch 3] 2800/3000 useful=236 dead=1364
USEFUL: wxp7c.marketuno.com ['/admin/login.php', '/manage/', '/admin/login.aspx'] []
USEFUL: wxbokang.com ['/admin/login.php', '/admin.php', '/login.php', '/admin/login.asp'] []
USEFUL: wx-zbgzsb.com ['/manage/', '/houtai/', '/dede/'] []
USEFUL: wxprince.com ['/manage/', '/admin/login.aspx'] []
USEFUL: wynterjones.com ['/admin/login.php', '/admin/login.asp'] []
USEFUL: wzdnsy.com ['/admin.php'] []
USEFUL: wzg.net.cn ['/admin/index.php', '/admin/', '/manage/', '/houtai/'] []
USEFUL: wzdonghong.com ['/admin/login.php', '/admin.php', '/login.php', '/admin/login.asp'] []
USEFUL: wyattkeusch.com ['/admin/', '/admin/login'] []
USEFUL: www2s.pioneerpetfood.net ['/admin/index.php', '/admin/', '/login.php', '/wp-login.php'] ['wordpress']
USEFUL: x2lr7.marketuno.com ['/admin/login.php'] []
USEFUL: x7lve.com ['/admin/', '/manage/', '/houtai/', '/admin/login'] []
USEFUL: x511m.marketuno.com ['/admin/login.php', '/admin/index.php', '/wp-login.php'] []
USEFUL: xa7mbtto.s5.myxypt.com ['/admin/login.php', '/admin/login'] []
USEFUL: wzjzxh.com ['/admin/login.aspx'] []
USEFUL: x1m2t.marketuno.com ['/admin/login.php', '/admin/index.php', '/admin/', '/admin.php'] []
USEFUL: xawqxh.net ['/user/login'] []
USEFUL: xckv.mn72.com ['/admin/', '/manage/', '/houtai/', '/admin/login'] []
USEFUL: xccjgy.com ['/admin/login.asp', '/admin/index.asp', '/admin/login.aspx'] []
USEFUL: xaszg.com ['/admin/login.php', '/admin/index.php', '/admin/', '/admin.php'] []
USEFUL: xf928.com ['/admin/login.php', '/admin.php', '/login.php', '/admin/login.asp'] []
[batch 3] 3000/3000 useful=257 dead=1475
[batch 3 done] useful=257 dead=1475 alive=1268 | total_pool: usable=3494 dead=39538
[auto_filter] total=54009 todo=10977 (dead=39538 usable=3494)
[auto_filter] total=54009 todo=10977 (dead=39538 usable=3494)
[auto_filter] batch empty, all done
[auto_filter] total=54009 todo=10977 (dead=39538 usable=3494)
[auto_filter] batch empty, all done
[auto_filter] total=54009 todo=10977 (dead=39538 usable=3494)
[auto_filter] batch empty, all done
[auto_filter] total=54009 todo=10977 (dead=39538 usable=3494)
[auto_filter] batch empty, all done
[auto_filter] total=54009 todo=10977 (dead=39538 usable=3494)
[auto_filter] batch empty, all done
[auto_filter] total=54009 todo=10977 (dead=39538 usable=3494)
[auto_filter] batch empty, all done
[auto_filter] total=54009 todo=10977 (dead=39538 usable=3494)
[auto_filter] batch empty, all done
[auto_filter] total=54009 todo=10977 (dead=39538 usable=3494)
[auto_filter] batch empty, all done
[auto_filter] total=54009 todo=10977 (dead=39538 usable=3494)
[auto_filter] batch empty, all done
[batch 0] 200/3000 useful=0 dead=5
[auto_filter] total=54009 todo=10977 (dead=39538 usable=3494)
[auto_filter] batch empty, all done
[auto_filter] total=54009 todo=10977 (dead=39538 usable=3494)
[auto_filter] batch empty, all done
[auto_filter] total=54009 todo=10977 (dead=39538 usable=3494)
[auto_filter] batch empty, all done
[auto_filter] total=54009 todo=10977 (dead=39538 usable=3494)
[auto_filter] batch empty, all done
[auto_filter] total=54009 todo=10977 (dead=39538 usable=3494)
[auto_filter] batch empty, all done
[auto_filter] total=54009 todo=10977 (dead=39538 usable=3494)
[auto_filter] batch empty, all done
[auto_filter] total=54009 todo=10977 (dead=39538 usable=3494)
[auto_filter] batch empty, all done
[batch 0] 400/3000 useful=0 dead=12
[auto_filter] total=54009 todo=10977 (dead=39538 usable=3494)
[batch 0] 600/3000 useful=0 dead=30
[batch 0] 200/3000 useful=0 dead=10
[batch 0] 800/3000 useful=0 dead=47
[batch 0] 400/3000 useful=0 dead=27
[batch 0] 1000/3000 useful=0 dead=59
[batch 0] 600/3000 useful=0 dead=57
[batch 0] 800/3000 useful=0 dead=71
[batch 0] 1200/3000 useful=0 dead=78
[batch 0] 1000/3000 useful=0 dead=82
USEFUL: christiaannobels.com ['/login.php'] ['wordpress']
[batch 0] 1400/3000 useful=1 dead=87
[batch 0] 1600/3000 useful=1 dead=179
USEFUL: cpcontacts.mikeschallenge.com ['/houtai/', '/dede/', '/user/login'] []
USEFUL: cqyudizc.com ['/admin.php'] []
[batch 0] 1200/3000 useful=0 dead=102
USEFUL: craftmall-crafts-craftlinks.com ['/admin/index.php', '/admin/', '/login.php', '/wp-login.php'] ['wordpress']
USEFUL: crf.iadb.org ['/user/login'] []
USEFUL: crispeducation.com ['/admin/index.php', '/admin/', '/wp-login.php'] ['wordpress']
USEFUL: crewtax.net ['/login.php'] []
USEFUL: cream-deluxe.com ['/admin/', '/login.php', '/wp-login.php'] ['wordpress']
[batch 0] 1800/3000 useful=8 dead=326
USEFUL: crutchfield.net ['/admin.php', '/login.php', '/manage/', '/houtai/'] []
USEFUL: cresenergy.com ['/admin/index.php', '/admin/', '/login.php', '/wp-login.php'] ['wordpress']
USEFUL: crescocommunitychapel.com ['/admin/index.php', '/admin/', '/login.php', '/wp-login.php'] ['wordpress']
USEFUL: crntm.com ['/wp-login.php'] ['wordpress']
USEFUL: crystalwizardry.com ['/admin/index.php', '/admin/', '/login.php', '/wp-login.php'] ['wordpress']
USEFUL: currencypriceguide.com ['/admin/', '/manage/', '/houtai/', '/dede/'] []
USEFUL: cryptostatto.com ['/admin/', '/admin/login.asp', '/admin/index.asp', '/admin/login'] []
USEFUL: customers.site5.com ['/login.php'] []
USEFUL: cw40.com ['/admin/', '/manage/', '/houtai/', '/admin/login'] []
USEFUL: cxw0913.com ['/admin/login.php', '/admin/index.php', '/admin/', '/admin/login'] []
USEFUL: czshengao.com ['/login.php'] []
USEFUL: daweiqz.com ['/admin.php'] []
USEFUL: datacurationexperts.com ['/admin/', '/wp-login.php'] ['thinkphp', 'wordpress']
[batch 0] 1400/3000 useful=0 dead=114
[batch 0] 2000/3000 useful=21 dead=439
USEFUL: deng-yuan.com ['/admin/login.php', '/admin/login'] []
USEFUL: diabeticdiscount.com ['/admin/', '/manage/'] []
USEFUL: dfwaa.org ['/admin/', '/admin/login'] ['wordpress']
[batch 0] 1600/3000 useful=0 dead=207
USEFUL: dlashe.mn72.com ['/admin/', '/manage/', '/houtai/', '/admin/login'] []
[batch 0] 2200/3000 useful=25 dead=543
USEFUL: dmsningbo.com ['/admin/login.php', '/admin/login'] []
USEFUL: docs.quadpay.com ['/admin/'] []
USEFUL: cqyudizc.com ['/admin.php'] []
USEFUL: cqzszh.zhongshang114.com ['/admin/login.asp', '/admin/index.asp', '/admin/login.aspx'] []
USEFUL: dobrestrony.info ['/admin/', '/wp-login.php'] ['wordpress']
USEFUL: djswebdesign.com ['/admin/index.php', '/admin/', '/wp-login.php'] ['wordpress']
USEFUL: craftmall-crafts-craftlinks.com ['/admin/index.php', '/admin/', '/login.php', '/wp-login.php'] ['wordpress']
USEFUL: door2usa.com ['/login.php'] []
USEFUL: crf.iadb.org ['/user/login'] []
USEFUL: crispeducation.com ['/admin/index.php', '/admin/', '/wp-login.php'] ['wordpress']
USEFUL: crewtax.net ['/login.php'] []
USEFUL: cream-deluxe.com ['/admin/index.php', '/admin/', '/login.php', '/wp-login.php'] ['wordpress']
USEFUL: dpvandijk.com ['/admin/', '/admin/index.asp', '/wp-login.php'] ['thinkphp', 'wordpress']
[batch 0] 1800/3000 useful=7 dead=353
USEFUL: dreamstores.net ['/admin/login', '/user/login'] ['wordpress']
USEFUL: crescocommunitychapel.com ['/admin/index.php', '/admin/', '/login.php', '/wp-login.php'] ['wordpress']
USEFUL: cresenergy.com ['/admin/index.php', '/admin/', '/login.php', '/wp-login.php'] ['wordpress']
USEFUL: dsyshs.com ['/admin.php'] []
USEFUL: crystalwizardry.com ['/admin/index.php', '/admin/', '/login.php', '/wp-login.php'] ['wordpress']
USEFUL: currencypriceguide.com ['/admin/', '/manage/', '/houtai/', '/dede/'] []
USEFUL: cryptostatto.com ['/admin/', '/admin/login.asp', '/admin/index.asp', '/admin/login'] []
USEFUL: crntm.com ['/wp-login.php'] ['wordpress']
USEFUL: cw40.com ['/admin/', '/manage/', '/houtai/', '/admin/login'] []
USEFUL: dustandennington.com ['/wp-login.php'] ['wordpress']
USEFUL: customers.site5.com ['/login.php'] []
USEFUL: dvalnphj.mn72.com ['/admin/', '/manage/', '/houtai/', '/admin/login'] []
[batch 0] 2400/3000 useful=35 dead=649
USEFUL: cxw0913.com ['/admin/login.php', '/admin/index.php', '/admin/', '/admin/login'] []
USEFUL: e4studio.com ['/admin/index.php', '/admin/', '/admin.php', '/wp-login.php'] []
USEFUL: czshengao.com ['/login.php'] []
USEFUL: eastvenus.com ['/admin.php', '/login.php', '/houtai/', '/dede/'] []
USEFUL: duoluodeyu.com ['/admin/', '/wp-login.php'] ['wordpress']
USEFUL: datacurationexperts.com ['/admin/', '/wp-login.php'] ['thinkphp', 'wordpress']
USEFUL: daweiqz.com ['/admin.php'] []
USEFUL: edcomproductions.com ['/admin/', '/wp-login.php'] ['thinkphp', 'wordpress']
[batch 0] 2000/3000 useful=19 dead=465
USEFUL: deng-yuan.com ['/admin/login.php', '/admin/login'] []
[batch 0] 2600/3000 useful=39 dead=802
USEFUL: denver.567la.com ['/admin/login.php', '/admin/index.php'] []
USEFUL: eicsemi.com ['/admin/'] []
USEFUL: ekb.mn72.com ['/admin/', '/manage/', '/houtai/', '/admin/login'] []
USEFUL: electroloy.com ['/admin/login.php', '/manage/', '/houtai/', '/admin/login'] []
USEFUL: eltabtslo.mn72.com ['/admin/', '/manage/', '/houtai/', '/admin/login'] []
USEFUL: emarketts.com ['/admin/', '/manage/', '/houtai/', '/dede/'] []
USEFUL: diabeticdiscount.com ['/admin/', '/manage/'] []
USEFUL: dfwaa.org ['/admin/login'] ['wordpress']
USEFUL: diamondpainting-art.com ['/admin/index.php', '/admin/', '/login.php', '/wp-login.php'] ['wordpress']
USEFUL: elmessiri.com ['/admin/login.php', '/admin.php', '/admin/login', '/dede/'] []
USEFUL: dlashe.mn72.com ['/admin/', '/manage/', '/houtai/', '/admin/login'] []
USEFUL: dldeshui.com ['/admin.php', '/login.php', '/manage/', '/houtai/'] []
[batch 0] 2200/3000 useful=26 dead=571
USEFUL: dmsningbo.com ['/admin/login.php', '/admin/login'] []
[batch 0] 2800/3000 useful=45 dead=909
USEFUL: docs.quadpay.com ['/admin/'] []
USEFUL: evecasa.com ['/admin/'] []
USEFUL: dobrestrony.info ['/admin/', '/wp-login.php'] ['wordpress']
USEFUL: exeyez.com ['/admin/'] []
USEFUL: ez.osdb.cn ['/admin.php'] []
USEFUL: ezs2019.wl369.com ['/admin.php'] []
USEFUL: ezsite2020.wl369.com ['/admin.php'] []
USEFUL: equippingthechildren.com ['/admin/index.php', '/admin/'] ['wordpress']
USEFUL: fabienne-bister.com ['/admin/', '/wp-login.php'] ['thinkphp', 'wordpress']
USEFUL: djswebdesign.com ['/admin/'] ['wordpress']
USEFUL: fengmaodl.com ['/admin.php', '/login.php', '/manage/', '/houtai/'] []
USEFUL: exaut.com ['/admin/login.php', '/admin/index.php', '/admin/', '/admin.php'] []
USEFUL: door2usa.com ['/login.php'] []
USEFUL: fenghuoruiyi.com ['/admin/'] []
USEFUL: fengruigaoke.cn ['/admin/login.php', '/login.php', '/manage/', '/houtai/'] []
USEFUL: dpvandijk.com ['/admin/', '/admin/index.asp', '/wp-login.php'] ['thinkphp', 'wordpress']
USEFUL: fibre.net ['/admin/index.php', '/admin/'] []
USEFUL: dreamstores.net ['/admin/login', '/user/login'] ['wordpress']
USEFUL: dreamstarproductionsinc.com ['/admin/index.php', '/admin/', '/login.php', '/wp-login.php'] ['wordpress']
USEFUL: dsyshs.com ['/admin.php'] []
USEFUL: finestockhk.com ['/admin/'] []
USEFUL: dustandennington.com ['/wp-login.php'] ['wordpress']
USEFUL: fire.flowganiser.com ['/login.php'] []
USEFUL: dvalnphj.mn72.com ['/admin/', '/manage/', '/houtai/', '/admin/login'] []
USEFUL: finevines.net ['/wp-login.php'] ['pbootcms']
[batch 0] 2400/3000 useful=37 dead=677
USEFUL: e4studio.com ['/admin/index.php', '/admin/', '/admin.php', '/wp-login.php'] []
USEFUL: first-plastics.com ['/admin/login.php', '/login.php', '/manage/', '/houtai/'] []
USEFUL: eastvenus.com ['/admin.php', '/login.php', '/houtai/', '/dede/'] []
USEFUL: duoluodeyu.com ['/wp-login.php'] ['wordpress']
[batch 0] 3000/3000 useful=61 dead=1009
[batch 0 done] useful=61 dead=1009 alive=1930 | total_pool: usable=3555 dead=40547
USEFUL: edcomproductions.com ['/admin/', '/wp-login.php'] ['thinkphp', 'wordpress']
[batch 0] 2600/3000 useful=41 dead=830
USEFUL: eicsemi.com ['/admin/'] []
[auto_filter] total=54009 todo=9907 (dead=40547 usable=3555)
USEFUL: ekb.mn72.com ['/admin/', '/manage/', '/houtai/', '/admin/login'] []
USEFUL: electroloy.com ['/admin/login.php', '/manage/', '/houtai/', '/admin/login'] []
USEFUL: emarketts.com ['/admin/', '/manage/', '/houtai/', '/dede/'] []
USEFUL: ehh-aztms-ac-pr2.jdadelivers.com ['/admin/index.php', '/admin.php', '/login.php', '/manage/'] []
[batch 0] 2800/3000 useful=46 dead=939
USEFUL: evecasa.com ['/admin/'] []
USEFUL: exeyez.com ['/admin/'] []
USEFUL: ez.osdb.cn ['/admin.php'] []
USEFUL: equippingthechildren.com ['/admin/index.php', '/admin/'] ['wordpress']
USEFUL: ezs2019.wl369.com ['/admin.php'] []
USEFUL: ezsite2020.wl369.com ['/admin.php'] []
USEFUL: fabienne-bister.com ['/admin/', '/wp-login.php'] ['thinkphp', 'wordpress']
USEFUL: famgaz-karcher.com ['/admin/index.php', '/admin/', '/login.php', '/wp-login.php'] ['wordpress']
USEFUL: felcosion.com ['/admin/'] []
USEFUL: fengmaodl.com ['/admin.php', '/login.php', '/manage/', '/houtai/'] []
USEFUL: fenghuoruiyi.com ['/admin/'] []
USEFUL: fengruigaoke.cn ['/admin/login.php', '/login.php', '/manage/', '/houtai/'] []
[batch 1] 200/3000 useful=0 dead=14
USEFUL: familyyachtsbrokers.com ['/admin/index.php', '/admin/', '/login.php', '/wp-login.php'] ['wordpress']
USEFUL: fibre.net ['/admin/index.php', '/admin/'] []
USEFUL: finestockhk.com ['/admin/'] []
USEFUL: fire.flowganiser.com ['/login.php'] []
USEFUL: finevines.net ['/admin/', '/wp-login.php'] ['pbootcms']
USEFUL: first-plastics.com ['/admin/login.php', '/login.php', '/manage/', '/houtai/'] []
[batch 0] 3000/3000 useful=64 dead=1038
[batch 0 done] useful=64 dead=1038 alive=1898 | total_pool: usable=3558 dead=40576
[auto_filter] total=54009 todo=9875 (dead=40576 usable=3558)
[batch 1] 400/3000 useful=0 dead=29
USEFUL: marketing.dutchbros.com ['/admin/', '/manage/', '/houtai/', '/admin/login'] []
[batch 1] 200/3000 useful=0 dead=12
USEFUL: matraining.com ['/admin/', '/wp-login.php'] ['wordpress']
USEFUL: matriusproima.com ['/admin/', '/wp-login.php'] ['thinkphp', 'wordpress']
[batch 1] 600/3000 useful=3 dead=100
USEFUL: mccstructural.com ['/admin/', '/wp-login.php'] ['wordpress']
USEFUL: mcsuites.com ['/admin.php', '/login.php', '/manage/', '/houtai/'] []
[batch 1] 400/3000 useful=0 dead=29
USEFUL: mecagrip.com ['/admin/', '/login.php'] ['wordpress']
USEFUL: meridiandiscovery.com ['/admin/', '/wp-login.php'] ['wordpress']
USEFUL: matriusproima.com ['/admin/', '/wp-login.php'] ['thinkphp', 'wordpress']
USEFUL: matraining.com ['/admin/', '/wp-login.php'] ['wordpress']
USEFUL: mewin.net ['/admin/index.php', '/admin/', '/login.php', '/wp-login.php'] ['wordpress']
USEFUL: mgjsgc.com ['/admin/index.php', '/admin/'] []
USEFUL: michaelzhao.cn ['/admin/', '/wp-login.php'] ['wordpress']
USEFUL: meyer-dortmund.net ['/wp-login.php'] ['wordpress']
USEFUL: midtowntirepb.com ['/admin/index.php', '/admin/', '/login.php', '/wp-login.php'] ['wordpress']
[batch 1] 800/3000 useful=12 dead=206
USEFUL: mindpersuasion.com ['/admin/', '/wp-login.php'] ['wordpress']
USEFUL: mindlebanon.org ['/admin/index.php', '/admin/', '/admin/login'] []
[batch 1] 600/3000 useful=2 dead=102
USEFUL: mecagrip.com ['/admin/index.php', '/admin/', '/login.php'] ['wordpress']
USEFUL: missioncontrolspaceservices.com ['/admin/', '/wp-login.php'] ['wordpress']
USEFUL: meridiandiscovery.com ['/admin/', '/wp-login.php'] ['wordpress']
USEFUL: mixker.com ['/admin/', '/manage/', '/houtai/', '/admin/login'] []
USEFUL: mgjsgc.com ['/admin/index.php', '/admin/'] []
USEFUL: mewin.net ['/admin/index.php', '/admin/', '/login.php', '/wp-login.php'] ['wordpress']
USEFUL: meyer-dortmund.net ['/wp-login.php'] ['wordpress']
USEFUL: michaelzhao.cn ['/admin/', '/wp-login.php'] ['wordpress']
USEFUL: midtowntirepb.com ['/admin/index.php', '/admin/', '/login.php', '/wp-login.php'] ['wordpress']
USEFUL: mmh.aquilahotels.com ['/admin/', '/admin/index.asp'] []
USEFUL: mindpersuasion.com ['/admin/', '/wp-login.php'] ['wordpress']
USEFUL: mindlebanon.org ['/admin/index.php', '/admin/', '/admin/login'] []
USEFUL: mondoshop.com ['/admin/login'] []
USEFUL: momarkdevelopment.com ['/admin/index.php', '/admin/', '/login.php', '/wp-login.php'] ['wordpress']
USEFUL: monettiapparel.com ['/admin/login'] []
[batch 1] 800/3000 useful=11 dead=197
[batch 1] 1000/3000 useful=20 dead=289
USEFUL: moneytapmarketing.com ['/admin/'] ['wordpress']
USEFUL: missioncontrolspaceservices.com ['/admin/', '/wp-login.php'] ['wordpress']
USEFUL: mjebhymhm.mn72.com ['/admin/', '/manage/', '/houtai/', '/admin/login'] []
USEFUL: mixker.com ['/admin/', '/manage/', '/houtai/', '/admin/login'] []
USEFUL: moreylawpc.com ['/admin/index.php', '/admin/', '/login.php', '/wp-login.php'] ['wordpress']
USEFUL: moreys.com ['/admin/', '/wp-login.php'] ['wordpress']
USEFUL: mooveup.net ['/admin.php'] ['wordpress']
USEFUL: mmh.aquilahotels.com ['/admin/', '/admin/index.asp'] []
USEFUL: moscarillos.com ['/admin/', '/wp-login.php'] []
USEFUL: mpaustin.org ['/admin/', '/wp-login.php'] ['wordpress']
USEFUL: mondoshop.com ['/admin/login'] []
USEFUL: momarkdevelopment.com ['/admin/index.php', '/admin/', '/login.php', '/wp-login.php'] ['wordpress']
USEFUL: monettiapparel.com ['/admin/login'] []
USEFUL: mrsangiesclassroom.com ['/admin/', '/wp-login.php'] ['thinkphp', 'wordpress']
USEFUL: mpowermarketinggroup.com ['/admin/index.php', '/admin/', '/login.php', '/admin/login'] ['wordpress']
USEFUL: moneytapmarketing.com ['/admin/'] ['wordpress']
USEFUL: mtsrecords.com ['/admin/index.php', '/admin/', '/login.php', '/wp-login.php'] ['wordpress']
[batch 1] 1200/3000 useful=29 dead=391
[batch 1] 1000/3000 useful=19 dead=279
USEFUL: moreys.com ['/admin/', '/wp-login.php'] ['wordpress']
USEFUL: moreylawpc.com ['/admin/index.php', '/admin/', '/login.php', '/wp-login.php'] ['wordpress']
USEFUL: mutantx.net ['/dede/'] ['wordpress']
USEFUL: moscarillos.com ['/admin/', '/wp-login.php'] []
USEFUL: myaccount.trademarkengine.com ['/admin/', '/manage/', '/houtai/', '/admin/login'] []
USEFUL: mycaboconcierge.com ['/admin/', '/wp-login.php'] ['wordpress']
USEFUL: myfurnitureinventory.com ['/admin/', '/wp-login.php'] ['pbootcms', 'wordpress']
USEFUL: mpaustin.org ['/admin/', '/wp-login.php'] ['wordpress']
USEFUL: mrsangiesclassroom.com ['/admin/', '/wp-login.php'] ['thinkphp', 'wordpress']
USEFUL: mpowermarketinggroup.com ['/admin/index.php', '/admin/', '/login.php', '/admin/login'] ['wordpress']
USEFUL: mtsrecords.com ['/admin/index.php', '/admin/', '/login.php', '/wp-login.php'] ['wordpress']
USEFUL: nalmadabooks.com ['/admin/', '/manage/', '/houtai/', '/dede/'] []
[batch 1] 1200/3000 useful=26 dead=393
USEFUL: mycaboconcierge.com ['/admin/', '/wp-login.php'] ['wordpress']
USEFUL: myaccount.trademarkengine.com ['/admin/', '/manage/', '/houtai/', '/admin/login'] []
USEFUL: myfurnitureinventory.com ['/admin/', '/wp-login.php'] ['pbootcms', 'wordpress']
[batch 1] 1400/3000 useful=34 dead=486
USEFUL: nb-casting.com ['/login.php', '/manage/', '/houtai/', '/dede/'] []
USEFUL: nb-mgt.com ['/admin/login.php', '/admin/login'] []
USEFUL: nbkrs.com ['/admin/'] []
USEFUL: nblfcast.com ['/admin/login.php', '/admin/login'] []
USEFUL: nctdz.com ['/admin/login.php', '/admin/index.php', '/admin.php', '/login.php'] []
USEFUL: nalmadabooks.com ['/admin/', '/manage/', '/houtai/', '/dede/'] []
USEFUL: nb-casting.com ['/login.php', '/manage/', '/houtai/', '/dede/'] []
USEFUL: nb-mgt.com ['/admin/login.php', '/admin/login'] []
[batch 1] 1400/3000 useful=32 dead=484
USEFUL: nbkrs.com ['/admin/'] []
USEFUL: nblfcast.com ['/admin/login.php', '/admin/login'] []
USEFUL: niimoo.com ['/admin/login.php', '/admin/login'] []
USEFUL: nctdz.com ['/admin/login.php', '/admin/index.php', '/admin.php', '/login.php'] []
[batch 1] 1600/3000 useful=40 dead=567
USEFUL: ncnsfc.com ['/admin/index.asp', '/admin/login', '/admin/login.aspx', '/user/login'] []
USEFUL: njspare.com ['/login.php'] []
USEFUL: niimoo.com ['/admin/login.php', '/admin/login'] []
USEFUL: njspare.com ['/login.php'] []
[batch 1] 1600/3000 useful=38 dead=560
[batch 1] 1800/3000 useful=41 dead=639
USEFUL: oking-ic.com ['/admin/'] []
USEFUL: oakleystonenorthern.net ['/admin/index.php', '/admin/'] []
USEFUL: online-lamp.com ['/admin/login.php', '/login.php', '/admin/login'] []
USEFUL: onedi.cn ['/admin/login.php', '/admin.php', '/login.php', '/admin/login.asp'] []
USEFUL: oking-ic.com ['/admin/'] []
USEFUL: onthemarksolutions.com ['/admin/login.php', '/admin/index.php', '/admin/', '/admin/login.asp'] []
USEFUL: online-lamp.com ['/admin/login.php', '/login.php', '/admin/login'] []
[batch 1] 1800/3000 useful=40 dead=652
USEFUL: oumagz.com ['/wp-login.php'] []
USEFUL: oakleystonenorthern.net ['/admin/index.php', '/admin/'] []
USEFUL: onedi.cn ['/admin/login.php', '/admin.php', '/login.php', '/admin/login.asp'] []
USEFUL: onthemarksolutions.com ['/admin/login.php', '/admin/index.php', '/admin/', '/admin/login.asp'] []
USEFUL: oumagz.com ['/wp-login.php'] []
[batch 1] 2000/3000 useful=47 dead=713
[batch 1] 2000/3000 useful=44 dead=710
USEFUL: planetcontroller.com ['/login.php'] []
USEFUL: pp.pulleyapp.com ['/login.php'] []
USEFUL: qingfahu.com ['/admin/index.asp', '/houtai/', '/admin/login', '/dede/'] []
[batch 1] 2200/3000 useful=49 dead=728
[batch 1] 2200/3000 useful=45 dead=729
USEFUL: rialziperpanda.com ['/admin/login'] []
USEFUL: rialziperpanda.com ['/admin/login'] []
[batch 1] 2400/3000 useful=50 dead=750
[batch 1] 2400/3000 useful=46 dead=749
[batch 1] 2600/3000 useful=50 dead=759
[batch 1] 2600/3000 useful=46 dead=757
[batch 1] 2800/3000 useful=50 dead=765
[batch 1] 2800/3000 useful=46 dead=764
USEFUL: sts-city.com ['/admin/', '/admin/login'] []
USEFUL: sts-city.com ['/admin/', '/admin/login'] []
[batch 1] 3000/3000 useful=51 dead=772
[batch 1 done] useful=51 dead=772 alive=2177 | total_pool: usable=3606 dead=41319
[auto_filter] total=54009 todo=9084 (dead=41319 usable=3606)
USEFUL: valve01.com ['/admin/login.aspx'] []
USEFUL: vahivb.com ['/admin/', '/wp-login.php'] ['thinkphp', 'wordpress']
USEFUL: vaibhavsingh.net ['/admin/index.php', '/admin/', '/login.php', '/wp-login.php'] ['wordpress']
USEFUL: vamaf.org ['/admin/'] []
[batch 1] 3000/3000 useful=47 dead=770
[batch 1 done] useful=47 dead=770 alive=2183 | total_pool: usable=3605 dead=41346
USEFUL: valsoia.com ['/admin/index.php', '/admin/', '/login.php', '/wp-login.php'] ['wordpress']
USEFUL: vastphotos.com ['/admin/index.php', '/admin/'] []
USEFUL: vb1plj.r14.35.cn ['/admin/', '/admin.php', '/login.php', '/manage/'] []
[auto_filter] total=54009 todo=9058 (dead=41346 usable=3605)
USEFUL: vcfkj.com ['/admin.php', '/login.php', '/manage/', '/houtai/'] []
USEFUL: vb1plj.r14.35.com ['/admin/', '/admin.php', '/login.php', '/manage/'] []
USEFUL: vamaf.org ['/admin/'] []
USEFUL: vanwagenen.com ['/admin/index.php', '/admin/', '/login.php', '/wp-login.php'] ['wordpress']
USEFUL: vastphotos.com ['/admin/index.php', '/admin/'] []
USEFUL: vegasaces.com ['/wp-login.php'] ['wordpress']
USEFUL: vb1plj.r14.35.cn ['/admin/', '/admin.php', '/login.php', '/manage/'] []
USEFUL: vb1plj.r14.35.com ['/admin/', '/admin.php', '/login.php', '/manage/'] []
USEFUL: vcfkj.com ['/admin.php', '/login.php', '/manage/', '/houtai/'] []
USEFUL: verified-motor-vehicle-le65319.blogripley.com ['/manage/', '/houtai/', '/admin/login', '/dede/'] []
USEFUL: vegasaces.com ['/wp-login.php'] ['wordpress']
USEFUL: vanwagenen.com ['/admin/index.php', '/admin/', '/login.php', '/wp-login.php'] ['wordpress']
USEFUL: verdictsearch.com ['/admin/index.php', '/admin/', '/login.php', '/manage/'] ['wordpress']
USEFUL: verticalcircus.com ['/login.php'] []
USEFUL: venuesegypt.com ['/admin/login', '/dede/', '/wp-login.php', '/admin/login.aspx'] []
USEFUL: verified-motor-vehicle-le65319.blogripley.com ['/manage/', '/houtai/', '/admin/login', '/dede/'] []
USEFUL: verdictsearch.com ['/admin/index.php', '/admin/', '/login.php', '/manage/'] ['wordpress']
USEFUL: verticalcircus.com ['/login.php'] []
USEFUL: vf-china.com ['/admin/login.php', '/admin/index.php', '/admin/', '/admin.php'] []
[batch 2] 200/3000 useful=16 dead=142
USEFUL: victoreen.com ['/user/login'] []
USEFUL: victor.nickmcleanrealestate.com ['/admin/', '/manage/', '/houtai/', '/admin/login'] []
USEFUL: vih0d.com ['/admin/', '/manage/', '/houtai/', '/admin/login'] []
USEFUL: videohive.net ['/admin/', '/admin/login', '/user/login'] []
USEFUL: victoryhealthandfitness.org ['/admin/index.php', '/admin/', '/login.php', '/wp-login.php'] ['wordpress']
USEFUL: victor.nickmcleanrealestate.com ['/admin/', '/manage/', '/houtai/', '/admin/login'] []
USEFUL: vikingequipment.com ['/admin/', '/wp-login.php'] ['wordpress']
USEFUL: victoreen.com ['/user/login'] []
USEFUL: vih0d.com ['/admin/', '/manage/', '/houtai/', '/admin/login'] []
USEFUL: vidamarketim.com ['/admin/', '/admin/login.aspx'] []
USEFUL: videohive.net ['/admin/', '/admin/login', '/user/login'] []
USEFUL: victoryhealthandfitness.org ['/admin/index.php', '/admin/', '/login.php', '/wp-login.php'] ['wordpress']
USEFUL: vidamarketim.com ['/admin/', '/admin/login.aspx'] []
USEFUL: vintage-cars-collection.com ['/wp-login.php'] ['wordpress']
USEFUL: vianacoes.com ['/admin/login.php', '/admin/index.php', '/admin/', '/admin/login.asp'] []
USEFUL: vikingequipment.com ['/admin/', '/wp-login.php'] ['wordpress']
[batch 2] 200/3000 useful=17 dead=146
USEFUL: vin-decoder.stylemixthemes.com ['/admin/index.php', '/admin/', '/wp-login.php'] ['wordpress']
USEFUL: vip.nx87.com ['/admin/', '/manage/', '/houtai/', '/admin/login'] []
USEFUL: viqkj.com ['/admin.php', '/login.php', '/manage/', '/houtai/'] []
USEFUL: vintage-cars-collection.com ['/wp-login.php'] ['wordpress']
USEFUL: vinvicard.com ['/admin/', '/login.php', '/admin/login.asp', '/admin/index.asp'] []
USEFUL: vip.nx87.com ['/admin/', '/manage/', '/houtai/', '/admin/login'] []
USEFUL: viqkj.com ['/admin.php', '/login.php', '/manage/', '/houtai/'] []
USEFUL: vin-decoder.stylemixthemes.com ['/admin/index.php', '/admin/', '/wp-login.php'] ['wordpress']
USEFUL: vianacoes.com ['/admin/login.php', '/admin/index.php', '/admin/', '/admin/login.asp'] []
USEFUL: virginia.myonplanu.com ['/admin/'] []
USEFUL: virtualtour.iadb.org ['/user/login'] []
USEFUL: vision-bizmarket.com ['/login.php'] ['wordpress']
USEFUL: vinvicard.com ['/admin/', '/login.php', '/admin/login.asp', '/admin/index.asp'] []
USEFUL: virtualtour.iadb.org ['/user/login'] []
USEFUL: vision-bizmarket.com ['/login.php'] ['wordpress']
USEFUL: vupb7blt.s2.myxypt.com ['/login.php', '/manage/', '/houtai/', '/dede/'] []
USEFUL: vupb7blt.s2.myxypt.com ['/login.php', '/manage/', '/houtai/', '/dede/'] []
USEFUL: vslchina.com.cn ['/dede/', '/wp-login.php', '/admin/login.aspx', '/user/login'] []
USEFUL: watonhome.com ['/admin/login.php', '/login.php', '/admin/login'] []
[batch 2] 400/3000 useful=35 dead=250
USEFUL: watonhome.com ['/admin/login.php', '/login.php', '/admin/login'] []
USEFUL: waypointports.com ['/admin/index.php', '/admin/', '/login.php', '/wp-login.php'] ['wordpress']
[batch 2] 400/3000 useful=27 dead=250
USEFUL: waypointports.com ['/admin/index.php', '/admin/', '/login.php', '/wp-login.php'] ['wordpress']
USEFUL: whitebird.cn ['/admin/login.php', '/login.php', '/admin/login'] []
USEFUL: whitebird.cn ['/admin/login.php', '/login.php', '/admin/login'] []
[batch 2] 600/3000 useful=37 dead=324
USEFUL: wildwesthackinfest.com ['/admin/index.php', '/admin/', '/login.php', '/wp-login.php'] ['wordpress']
USEFUL: wildwesthackinfest.com ['/admin/index.php', '/admin/', '/login.php', '/wp-login.php'] ['wordpress']
USEFUL: wingsingchip.com ['/admin/'] []
USEFUL: wingsingchip.com ['/admin/'] []
[batch 2] 600/3000 useful=31 dead=319
USEFUL: winsun-et.com ['/admin/login.php', '/admin.php', '/login.php', '/admin/login.asp'] []
USEFUL: winsun-et.com ['/admin/login.php', '/admin.php', '/login.php', '/admin/login.asp'] []
USEFUL: wrberkley.com ['/user/login'] []
USEFUL: wrberkley.com ['/user/login'] []
USEFUL: wuxiyuxin.com ['/admin/login.php', '/login.php', '/admin/login'] []
USEFUL: wuxiyuxin.com ['/admin/login.php', '/login.php', '/admin/login'] []
[batch 2] 800/3000 useful=42 dead=362
[batch 2] 800/3000 useful=34 dead=358
USEFUL: www.alejandrofischer.com ['/admin/index.php', '/admin/', '/login.php', '/wp-login.php'] ['wordpress']
USEFUL: www.alejandrofischer.com ['/admin/index.php', '/admin/', '/login.php', '/wp-login.php'] ['wordpress']
USEFUL: www.avarjana.net ['/admin/login.php', '/admin/index.php', '/admin/', '/admin/login.asp'] []
USEFUL: www.avarjana.net ['/admin/login.php', '/admin/index.php', '/admin/', '/admin/login.asp'] []
USEFUL: www.axiomcopyonline.com ['/admin/', '/manage/', '/houtai/', '/admin/login'] []
USEFUL: www.axiomcopyonline.com ['/admin/', '/manage/', '/houtai/', '/admin/login'] []
USEFUL: www.bds.com.cn ['/admin/login.asp'] []
USEFUL: www.bnufr.com ['/user/login'] []
USEFUL: www.bnufr.com ['/user/login'] []
USEFUL: www.bosolei.com ['/admin/', '/wp-login.php'] ['thinkphp', 'wordpress']
USEFUL: www.bosolei.com ['/admin/', '/wp-login.php'] ['thinkphp', 'wordpress']
[batch 2] 1000/3000 useful=48 dead=400
USEFUL: www.bustepagasigillate.com ['/admin/index.php'] []
USEFUL: www.bustepagasigillate.com ['/admin/index.php'] []
[batch 2] 1000/3000 useful=40 dead=389
[batch 2] 1200/3000 useful=49 dead=422
[batch 2] 1200/3000 useful=40 dead=408
USEFUL: www.fivejars.com ['/admin/'] ['wordpress']
USEFUL: www.fivejars.com ['/admin/'] ['wordpress']
[batch 2] 1400/3000 useful=50 dead=424
[batch 2] 1400/3000 useful=41 dead=410
[batch 2] 1600/3000 useful=50 dead=426
[batch 2] 1600/3000 useful=41 dead=411
USEFUL: www.queenseventus.com ['/login.php'] []
[batch 2] 1800/3000 useful=50 dead=430
[batch 2] 1800/3000 useful=42 dead=418
[batch 2] 2000/3000 useful=50 dead=436
USEFUL: www.tcslog.com ['/admin/', '/admin/index.asp', '/admin/login', '/dede/'] []
USEFUL: www.tcslog.com ['/admin/index.php', '/houtai/', '/wp-login.php', '/admin/login.aspx'] []
[batch 2] 2000/3000 useful=43 dead=422
[batch 2] 2200/3000 useful=51 dead=439
[batch 2] 2200/3000 useful=43 dead=427
USEFUL: www.zhhonghu.com ['/admin/', '/manage/', '/houtai/', '/admin/login'] []
USEFUL: www.zhhonghu.com ['/admin/', '/manage/', '/houtai/', '/admin/login'] []
USEFUL: xiangrufood.com ['/admin/login.php', '/admin/index.php'] []
USEFUL: xiangrufood.com ['/admin/login.php'] []
[batch 2] 2400/3000 useful=53 dead=462
USEFUL: xintewei.com ['/manage/'] []
USEFUL: xintewei.com ['/manage/'] []
[batch 2] 2400/3000 useful=46 dead=457
USEFUL: xmgreatrise-matcha.com ['/admin/', '/wp-login.php'] ['wordpress']
USEFUL: xmgreatrise-matcha.com ['/admin/', '/wp-login.php'] ['wordpress']
USEFUL: xn--vcsa105akgt91ivr2a3frs4f77b.com ['/admin/'] []
USEFUL: xn--vcsa105akgt91ivr2a3frs4f77b.com ['/admin/'] []
USEFUL: xn--gnr014fbvu7pa.com ['/admin/', '/wp-login.php'] ['wordpress']
USEFUL: xn--gnr014fbvu7pa.com ['/admin/', '/wp-login.php'] ['wordpress']
USEFUL: xx8v9.com ['/admin/', '/admin.php', '/login.php', '/manage/'] []
USEFUL: xx8v9.com ['/admin/', '/admin.php', '/login.php', '/manage/'] []
[batch 2] 2600/3000 useful=58 dead=521
[batch 2] 2600/3000 useful=50 dead=517
USEFUL: yueyihk.com ['/admin/'] []
USEFUL: yueyihk.com ['/admin/'] []
[batch 2] 2800/3000 useful=59 dead=599
USEFUL: yzhongbo.com ['/admin/login.php', '/admin/login'] []
USEFUL: yzmaode.com ['/admin/login.php', '/admin/login'] []
USEFUL: yzhongbo.com ['/admin/login.php', '/admin/login'] []
USEFUL: yzmaode.com ['/admin/login.php', '/admin/login'] []
[batch 2] 2800/3000 useful=53 dead=594
USEFUL: zephyrhive.com ['/admin/login.php', '/admin/index.php', '/admin/', '/admin.php'] []
USEFUL: zitai-machinery.com ['/user/login'] []
USEFUL: zitai-machinery.com ['/user/login'] []
USEFUL: zkaw.com.cn ['/admin/login.php', '/admin.php', '/login.php', '/admin/login.asp'] []
[batch 2] 3000/3000 useful=62 dead=692
[batch 2 done] useful=62 dead=692 alive=2246 | total_pool: usable=3668 dead=42011
[batch 2] 3000/3000 useful=56 dead=682
[batch 2 done] useful=56 dead=682 alive=2262 | total_pool: usable=3661 dead=42028
[auto_filter] total=54009 todo=8320 (dead=42028 usable=3661)
[auto_filter] batch empty, all done
[auto_filter] total=54009 todo=8320 (dead=42028 usable=3661)
[auto_filter] batch empty, all done
[auto_filter] total=54009 todo=8320 (dead=42028 usable=3661)
[auto_filter] batch empty, all done
[auto_filter] total=54009 todo=8320 (dead=42028 usable=3661)
[auto_filter] batch empty, all done
[auto_filter] total=54009 todo=8320 (dead=42028 usable=3661)
[auto_filter] batch empty, all done
[auto_filter] total=54009 todo=8320 (dead=42028 usable=3661)
[auto_filter] batch empty, all done
[auto_filter] total=54009 todo=8320 (dead=42028 usable=3661)
[auto_filter] batch empty, all done
[auto_filter] total=54009 todo=8320 (dead=42028 usable=3661)
[auto_filter] batch empty, all done
[auto_filter] total=54009 todo=8320 (dead=42028 usable=3661)
[auto_filter] batch empty, all done
[auto_filter] total=54009 todo=8320 (dead=42028 usable=3661)
[auto_filter] batch empty, all done
[auto_filter] total=54009 todo=8320 (dead=42028 usable=3661)
[auto_filter] batch empty, all done
[auto_filter] total=54009 todo=8320 (dead=42028 usable=3661)
[auto_filter] batch empty, all done
[auto_filter] total=54009 todo=8320 (dead=42028 usable=3661)
[auto_filter] batch empty, all done
[auto_filter] total=54009 todo=8320 (dead=42028 usable=3661)
[auto_filter] batch empty, all done
[auto_filter] total=54009 todo=8320 (dead=42028 usable=3661)
[auto_filter] batch empty, all done
[auto_filter] total=54009 todo=8320 (dead=42028 usable=3661)
[auto_filter] batch empty, all done
[auto_filter] total=54009 todo=8320 (dead=42028 usable=3661)
[auto_filter] batch empty, all done
[auto_filter] total=57804 todo=12115 (dead=42028 usable=3661)
[batch 0] 200/3000 useful=0 dead=33
USEFUL: 28s00.com ['/admin/', '/manage/', '/houtai/', '/admin/login'] []
USEFUL: 28s11.com ['/admin/', '/manage/', '/houtai/', '/admin/login'] []
USEFUL: 28s22.com ['/admin/', '/manage/', '/houtai/', '/admin/login'] []
USEFUL: 28s66.com ['/admin/', '/manage/', '/houtai/', '/admin/login'] []
USEFUL: 28s55.com ['/admin/', '/manage/', '/houtai/', '/admin/login'] []
USEFUL: 28s88.com ['/admin/', '/manage/', '/houtai/', '/admin/login'] []
USEFUL: 28s36.com ['/admin/', '/manage/', '/houtai/', '/admin/login'] []
USEFUL: 28s99.com ['/admin/', '/manage/', '/houtai/', '/admin/login'] []
USEFUL: 28s33.com ['/admin/', '/manage/', '/houtai/', '/admin/login'] []
USEFUL: 3hq0.peoplematter.com ['/admin/', '/admin.php', '/login.php', '/manage/'] []
USEFUL: 53pgapp.com ['/admin/', '/admin.php', '/login.php', '/manage/'] []
[batch 0] 400/3000 useful=11 dead=84
USEFUL: 8897d.com ['/admin/', '/admin.php', '/login.php', '/manage/'] []
USEFUL: 9zyo.peoplematter.com ['/admin/', '/admin.php', '/login.php', '/manage/'] []
USEFUL: a4kd.peoplematter.com ['/admin/', '/admin.php', '/login.php', '/manage/'] []
[batch 0] 600/3000 useful=14 dead=146
USEFUL: adps.foreignaffairs.com ['/admin/', '/user/login'] []
USEFUL: adskeeper.com ['/admin/'] []
USEFUL: aicloans.com ['/manage/'] ['wordpress']
USEFUL: americansecuritytoday.com ['/admin/', '/manage/', '/houtai/', '/dede/'] ['wordpress']
USEFUL: amgclothing.caskeygroup.com ['/admin/index.php', '/admin/', '/wp-login.php'] ['wordpress']
[batch 0] 800/3000 useful=19 dead=210
USEFUL: api.screenlyapp.com ['/manage/'] []
USEFUL: api.peoplematter.com ['/admin/', '/admin.php', '/login.php', '/manage/'] []
USEFUL: apt.screenlyapp.com ['/manage/'] []
USEFUL: asix.com ['/user/login'] []
[batch 0] 1000/3000 useful=23 dead=285
USEFUL: ashcroft.com ['/admin/index.php', '/admin/', '/login.php', '/wp-login.php'] ['wordpress']
USEFUL: autodiscover.peoplematter.com ['/admin/', '/admin.php', '/login.php', '/manage/'] []
USEFUL: authorservices.springernature.cn ['/admin/index.php', '/admin/', '/login.php', '/wp-login.php'] ['wordpress']
USEFUL: azaronline.com ['/admin.php'] []
USEFUL: backend-live.foreignaffairs.com ['/admin/', '/user/login'] []
USEFUL: barracudastaffing.com ['/manage/'] ['wordpress']
[batch 0] 1200/3000 useful=29 dead=369
USEFUL: blog.admindroid.com ['/admin/', '/manage/', '/wp-login.php'] ['wordpress']
[batch 0] 1400/3000 useful=30 dead=439
USEFUL: bots.mockuuups.com ['/admin/'] []
USEFUL: bolispring.com ['/admin.php'] []
USEFUL: br.globessl.com ['/admin/index.php', '/admin/', '/wp-login.php'] []
USEFUL: bs1k.peoplematter.com ['/admin/', '/admin.php', '/login.php', '/manage/'] []
USEFUL: buy-sell.live.ledger.com ['/admin.php', '/login.php', '/wp-login.php'] []
[batch 0] 1600/3000 useful=35 dead=482
USEFUL: cdn-live.foreignaffairs.com ['/admin/', '/user/login'] []
USEFUL: cdn-test.foreignaffairs.com ['/admin/', '/user/login'] []
[batch 0] 1800/3000 useful=37 dead=526
USEFUL: cfaprescottvalley.peoplematter.com ['/admin/', '/admin.php', '/login.php', '/manage/'] []
USEFUL: chasesource.com ['/admin/'] ['wordpress']
USEFUL: childrenofthelightghana.org ['/admin/index.php', '/admin/', '/wp-login.php'] ['wordpress']
USEFUL: classicalu.com ['/admin/login.php', '/admin/index.php', '/admin/', '/admin/login.asp'] []
[batch 0] 2000/3000 useful=41 dead=562
USEFUL: clemetrobar.org ['/admin/', '/admin/login', '/wp-login.php', '/user/login'] ['wordpress']
USEFUL: clients.optimumquantvest.com ['/admin/', '/manage/', '/houtai/', '/admin/login'] []
USEFUL: concerts50.com ['/admin/', '/admin/login'] []
USEFUL: cookdproclassic.com ['/admin/', '/wp-login.php'] ['wordpress']
[batch 0] 2200/3000 useful=45 dead=629
USEFUL: cpmteam.com ['/admin/login.php', '/admin/index.php', '/admin/', '/login.php'] []
[batch 0] 2400/3000 useful=46 dead=707
USEFUL: dc-4092cfcf-demo.screenlyapp.com ['/manage/'] []
USEFUL: dc-76104395563d.privisafe.com ['/wp-login.php'] []
USEFUL: deis.screenlyapp.com ['/manage/'] []
USEFUL: de.globessl.com ['/admin/index.php', '/admin/', '/wp-login.php'] []
[batch 0] 2600/3000 useful=50 dead=784
USEFUL: dy8zn.com ['/admin/', '/manage/', '/houtai/', '/admin/login'] []
USEFUL: e0mq.peoplematter.com ['/admin/', '/admin.php', '/login.php', '/manage/'] []
[batch 0] 2800/3000 useful=52 dead=841
USEFUL: ekstrack.org ['/admin/index.php', '/admin/', '/admin.php', '/manage/'] []
USEFUL: epicreads.com ['/admin/login'] []
USEFUL: enrlicensing.com ['/user/login'] []
USEFUL: es.globessl.com ['/admin/index.php', '/admin/', '/wp-login.php'] []
USEFUL: f2fdfhuieiuyf.com ['/admin/', '/admin.php', '/login.php', '/manage/'] []
USEFUL: f18vip.com ['/admin/', '/admin.php', '/login.php', '/houtai/'] []
USEFUL: fastrakstart.org ['/admin.php', '/login.php', '/manage/', '/dede/'] []
USEFUL: fax.com ['/houtai/', '/admin/login', '/dede/', '/user/login'] []
USEFUL: farrarclosings.com ['/login.php', '/wp-login.php'] ['wordpress']
USEFUL: feedback.rencore.com ['/admin/index.php', '/admin/', '/wp-login.php'] ['wordpress']
[batch 0] 3000/3000 useful=62 dead=914
[batch 0 done] useful=62 dead=914 alive=2024 | total_pool: usable=3723 dead=42942
[auto_filter] total=57804 todo=11139 (dead=42942 usable=3723)
USEFUL: isyourrefrigeratorrunning.com ['/admin/login.php'] []
USEFUL: jesusreformation.org ['/admin/index.php', '/admin/', '/login.php', '/wp-login.php'] ['wordpress']
USEFUL: jhom.peoplematter.com ['/admin/', '/admin.php', '/login.php', '/manage/'] []
USEFUL: japan.feintool.com ['/admin/', '/wp-login.php'] ['wordpress']
[batch 1] 200/3000 useful=4 dead=41
USEFUL: josephinepadulanaccari.com ['/admin/index.php', '/admin/', '/wp-login.php'] ['wordpress']
USEFUL: judec.com ['/admin/index.php', '/admin/', '/wp-login.php'] ['pbootcms', 'wordpress']
USEFUL: justbraceit.com ['/admin/index.php', '/admin/', '/login.php', '/wp-login.php'] ['wordpress']
[batch 1] 400/3000 useful=7 dead=94
USEFUL: krauseaz.com ['/login.php'] []
USEFUL: lahoradelmate.com ['/admin/index.php', '/admin/', '/login.php', '/wp-login.php'] ['wordpress']
USEFUL: lcy35.com ['/admin/', '/manage/', '/houtai/', '/admin/login'] []
USEFUL: lb-ftp.peoplematter.com ['/admin/', '/admin.php', '/login.php', '/manage/'] []
USEFUL: latinobets.com ['/manage/', '/houtai/', '/dede/', '/user/login'] []
USEFUL: lb-login2.peoplematter.com ['/admin/', '/admin.php', '/login.php', '/manage/'] []
USEFUL: laudatur.com ['/admin/', '/admin/login'] []
USEFUL: lb-pantheon-splash.peoplematter.com ['/admin/', '/admin.php', '/login.php', '/manage/'] []
USEFUL: lb.peoplematter.com ['/admin/', '/admin.php', '/login.php', '/manage/'] []
USEFUL: lbmaintpage.peoplematter.com ['/admin/', '/admin.php', '/login.php', '/manage/'] []
USEFUL: lbreports.peoplematter.com ['/admin/', '/admin.php', '/login.php', '/manage/'] []
USEFUL: ledger.com ['/manage/'] ['wordpress']
[batch 1] 600/3000 useful=19 dead=140
USEFUL: live-origin.foreignaffairs.com ['/admin/', '/user/login'] []
USEFUL: login.screenlyapp.com ['/manage/'] []
USEFUL: lonehilldentaloffice.com ['/wp-login.php'] ['wordpress']
USEFUL: lifewithflow.com ['/admin/index.php', '/login.php', '/wp-login.php'] ['wordpress']
USEFUL: lovadon.cn ['/admin.php', '/admin/login.asp', '/admin/index.asp', '/admin/login.aspx'] []
USEFUL: lsvw.peoplematter.com ['/admin/', '/admin.php', '/login.php', '/manage/'] []
[batch 1] 800/3000 useful=25 dead=186
USEFUL: m.bankownedproperties.org ['/login.php'] []
USEFUL: mail.bigscootershopbkk.com ['/admin/', '/wp-login.php'] ['wordpress']
USEFUL: mail.peakphysicaltherapy.net ['/admin/index.php', '/admin/', '/admin.php', '/manage/'] []
[batch 1] 1000/3000 useful=28 dead=245
USEFUL: mailsrc.peoplematter.com ['/admin/', '/admin.php', '/login.php', '/manage/'] []
USEFUL: marketplace.quicknode.com ['/admin/', '/admin.php'] []
[batch 1] 1200/3000 useful=30 dead=281
USEFUL: mauiathletics.com ['/admin/index.php', '/admin/', '/login.php', '/wp-login.php'] ['wordpress']
USEFUL: mcleanschoolgear.caskeygroup.com ['/admin/index.php', '/admin/', '/wp-login.php'] ['wordpress']
USEFUL: mg-w.cn ['/admin.php'] []
[batch 1] 1400/3000 useful=33 dead=337
USEFUL: mjwebservices.com ['/admin/index.php', '/admin/', '/login.php', '/wp-login.php'] ['wordpress']
USEFUL: mother-earthproducts.net ['/admin/login'] []
[batch 1] 1600/3000 useful=35 dead=375
USEFUL: my.peoplematter.com ['/admin/', '/admin.php', '/login.php', '/manage/'] []
USEFUL: n8d2.peoplematter.com ['/admin/', '/admin.php', '/login.php', '/manage/'] []
USEFUL: nandupatel.com ['/admin/index.php', '/admin/', '/login.php', '/wp-login.php'] ['wordpress']
[batch 1] 1800/3000 useful=38 dead=419
USEFUL: news.onlinecasino.com ['/admin/index.php', '/admin/', '/wp-login.php'] ['pbootcms', 'wordpress']
USEFUL: njng.myaccountinfo.com ['/admin/', '/manage/', '/houtai/', '/admin/login'] []
USEFUL: northgatesd.net ['/admin/'] []
[batch 1] 2000/3000 useful=41 dead=456
USEFUL: notify.peoplematter.com ['/admin/', '/admin.php', '/login.php', '/manage/'] []
USEFUL: notify2.peoplematter.com ['/admin/', '/admin.php', '/login.php', '/manage/'] []
USEFUL: nsiad.peoplematter.com ['/admin/', '/admin.php', '/login.php', '/manage/'] []
USEFUL: nsflidias0.peoplematter.com ['/admin/', '/admin.php', '/login.php', '/manage/'] []
USEFUL: nsord.peoplematter.com ['/admin/', '/admin.php', '/login.php', '/manage/'] []
USEFUL: nutechprecisionmetals.com ['/admin/index.php', '/admin/', '/login.php', '/wp-login.php'] ['pbootcms']
USEFUL: onebetphilly.com ['/admin/', '/manage/', '/houtai/', '/admin/login'] []
USEFUL: onlinecasino.com ['/admin/index.php', '/admin/', '/wp-login.php'] ['pbootcms', 'wordpress']
USEFUL: online-sop.sunbiz.org ['/admin/', '/manage/', '/houtai/', '/admin/login'] []
USEFUL: onesourcestaffing.com ['/admin/', '/manage/'] ['wordpress']
USEFUL: ose-demo.screenlyapp.com ['/manage/'] []
USEFUL: otlinspectionservice.com ['/admin/index.php', '/admin/', '/login.php', '/wp-login.php'] ['wordpress']
[batch 1] 2200/3000 useful=53 dead=515
USEFUL: pbm-test.peoplematter.com ['/admin/', '/admin.php', '/login.php', '/manage/'] []
USEFUL: peoplematter.com ['/admin/', '/admin.php', '/login.php', '/manage/'] []
USEFUL: photodune.net ['/admin/', '/admin/login', '/user/login'] []
USEFUL: pflame.com ['/admin/index.php', '/admin/', '/login.php', '/wp-login.php'] ['wordpress']
[batch 1] 2400/3000 useful=57 dead=574
USEFUL: pm-vexch02.peoplematter.com ['/admin/', '/admin.php', '/login.php', '/manage/'] []
USEFUL: pm-vexch01.peoplematter.com ['/admin/', '/admin.php', '/login.php', '/manage/'] []
USEFUL: pm-vpn.peoplematter.com ['/admin/', '/admin.php', '/login.php', '/manage/'] []
USEFUL: prcowlb000.peoplematter.com ['/admin/', '/admin.php', '/login.php', '/manage/'] []
USEFUL: prplxlb000.peoplematter.com ['/admin/', '/admin.php', '/login.php', '/manage/'] []
USEFUL: prod.peoplematter.com ['/admin/', '/admin.php', '/login.php', '/houtai/'] []
USEFUL: prshrlb002.peoplematter.com ['/admin/', '/admin.php', '/login.php', '/manage/'] []
USEFUL: purpledemon.org ['/admin/login.aspx', '/user/login'] []
USEFUL: puprime.net ['/admin/index.php', '/admin/', '/manage/', '/houtai/'] []
USEFUL: publiufficio.com ['/admin/index.php', '/admin/', '/login.php'] []
USEFUL: qa.peoplematter.com ['/admin/', '/admin.php', '/login.php', '/manage/'] []
USEFUL: qmbet5.com ['/admin/', '/admin.php', '/login.php', '/manage/'] []
[batch 1] 2600/3000 useful=69 dead=670
USEFUL: rdgj.peoplematter.com ['/admin/', '/admin.php', '/login.php', '/manage/'] []
USEFUL: realtorramonrodriguez.com ['/admin/', '/wp-login.php'] ['wordpress']
USEFUL: redbullring.com ['/admin/index.php', '/admin/', '/wp-login.php'] ['wordpress']
[batch 1] 2800/3000 useful=72 dead=763
USEFUL: reports.peoplematter.com ['/admin/', '/admin.php', '/login.php', '/manage/'] []
USEFUL: richardlimtailoring.com ['/admin/', '/wp-login.php'] ['wordpress']
USEFUL: rtspj.com ['/admin/', '/manage/', '/houtai/', '/admin/login'] []
[batch 1] 3000/3000 useful=75 dead=823
[batch 1 done] useful=75 dead=823 alive=2102 | total_pool: usable=3798 dead=43765
[auto_filter] total=57804 todo=10241 (dead=43765 usable=3798)
USEFUL: tcr.gundrymdtotalrestore.com ['/admin/', '/manage/', '/houtai/', '/admin/login'] []
USEFUL: test-backend.foreignaffairs.com ['/admin/', '/user/login'] []
USEFUL: test.foreignaffairs.com ['/admin/', '/user/login'] []
[batch 2] 200/3000 useful=3 dead=67
USEFUL: thehcgshop.com ['/admin/index.php', '/admin/', '/dede/', '/wp-login.php'] ['wordpress']
USEFUL: tieshangroup.com ['/admin/login.php', '/admin/index.php', '/admin/', '/admin.php'] []
USEFUL: timesharetrap.com ['/admin/index.php', '/admin/', '/login.php', '/wp-login.php'] ['wordpress']
[batch 2] 400/3000 useful=6 dead=112
USEFUL: trustzonepost.xyz ['/login.php'] []
USEFUL: tsrt.peoplematter.com ['/admin/', '/admin.php', '/login.php', '/manage/'] []
USEFUL: tuneboto.com ['/admin/login.php', '/admin/index.php', '/admin.php', '/login.php'] []
USEFUL: twolelectronic.com ['/admin/'] []
USEFUL: twaimmigration.com ['/admin/index.php', '/admin/', '/login.php', '/wp-login.php'] ['wordpress']
USEFUL: ty-bat-chuon84836.blogripley.com ['/manage/', '/houtai/', '/admin/login', '/dede/'] []
USEFUL: txaf.net ['/admin/login.php'] []
USEFUL: twopresents.com ['/admin.php', '/login.php', '/manage/', '/houtai/'] []
[batch 2] 600/3000 useful=14 dead=182
USEFUL: u2q6h3.com ['/admin/', '/manage/', '/houtai/', '/admin/login'] []
USEFUL: u6g9h.com ['/admin/', '/admin.php', '/login.php', '/manage/'] []
USEFUL: ubuy.com ['/admin/', '/manage/', '/houtai/', '/admin/login'] []
USEFUL: ufabetsys.com ['/admin/index.php', '/admin/', '/login.php', '/wp-login.php'] ['wordpress']
USEFUL: ufoxpo.com ['/admin/index.php', '/admin/', '/admin.php', '/login.php'] ['wordpress']
USEFUL: ua.globessl.com ['/admin/index.php', '/login.php'] []
USEFUL: udg-dental.com ['/admin/'] []
USEFUL: ul00.com ['/admin/', '/wp-login.php'] ['wordpress']
USEFUL: upkrrtod.mn72.com ['/admin/', '/manage/', '/houtai/', '/admin/login'] []
USEFUL: umecrinecognition.com ['/admin/', '/manage/', '/houtai/', '/dede/'] ['wordpress']
USEFUL: ugomedia.net ['/admin/index.php', '/admin/', '/login.php', '/wp-login.php'] ['wordpress']
USEFUL: upload.peoplematter.com ['/admin/', '/admin.php', '/login.php', '/manage/'] []
USEFUL: up388.com ['/admin/index.php', '/admin/', '/login.php', '/wp-login.php'] ['wordpress']
[batch 2] 800/3000 useful=27 dead=327
USEFUL: urbanimpact.flywheelsites.com ['/admin/index.php', '/admin/', '/login.php', '/wp-login.php'] ['wordpress']
USEFUL: usa381.cname.ldygw.com ['/admin/', '/manage/', '/houtai/', '/admin/login'] []
USEFUL: urspe.com ['/admin/', '/wp-login.php'] ['wordpress']
USEFUL: up.pioneerpetfood.net ['/admin/index.php', '/admin/', '/login.php', '/wp-login.php'] ['wordpress']
USEFUL: us1.peoplematter.com ['/admin/', '/admin.php', '/login.php', '/manage/'] []
USEFUL: usataxga.com ['/admin.php', '/login.php', '/manage/', '/houtai/'] []
USEFUL: uufim.com ['/admin/', '/manage/', '/houtai/', '/admin/login'] []
USEFUL: uvfu.zr63.com ['/admin/', '/manage/', '/houtai/', '/admin/login'] []
USEFUL: uxkizkzfm.mn72.com ['/admin/', '/manage/', '/houtai/', '/admin/login'] []
USEFUL: uvpunk.com ['/admin/', '/admin/login.asp'] []
USEFUL: v2.info.uniswap.org ['/admin/login.php', '/admin/index.php', '/admin/', '/admin.php'] []
USEFUL: va88.com ['/admin/', '/admin.php', '/login.php', '/manage/'] []
[batch 2] 1000/3000 useful=39 dead=473
USEFUL: vahivb.com ['/admin/', '/wp-login.php'] ['thinkphp', 'wordpress']
USEFUL: va-leaders.com ['/admin/index.php', '/admin/', '/login.php', '/wp-login.php'] ['wordpress']
USEFUL: vaibhavsingh.net ['/admin/index.php', '/admin/', '/login.php', '/wp-login.php'] ['wordpress']
USEFUL: valve01.com ['/admin/login.aspx'] []
USEFUL: valsoia.com ['/admin/index.php', '/admin/', '/login.php', '/wp-login.php'] ['wordpress']
USEFUL: valet.noadsfree.com ['/admin/login.php', '/admin/index.php', '/admin/', '/admin.php'] []
USEFUL: vhiz.peoplematter.com ['/admin/', '/admin.php', '/login.php', '/manage/'] []
USEFUL: virginia.myonplanu.com ['/admin/'] []
USEFUL: virus.screenlyapp.com ['/manage/'] []
USEFUL: vivahr.com ['/admin/', '/login.php', '/manage/'] ['wordpress']
USEFUL: wbc241.com ['/admin/', '/manage/', '/houtai/', '/admin/login'] []
USEFUL: ward34.com ['/admin/', '/wp-login.php'] ['wordpress']
[batch 2] 1200/3000 useful=51 dead=535
USEFUL: wearevinyl.com ['/admin/', '/admin/login', '/wp-login.php', '/user/login'] []
USEFUL: webmail.peoplematter.com ['/admin/', '/admin.php', '/login.php', '/manage/'] []
USEFUL: weelty.com ['/admin/', '/admin/login.asp', '/admin/index.asp', '/admin/login'] []
USEFUL: wendakehelicopter.com ['/admin/index.php', '/admin/', '/login.php', '/wp-login.php'] ['wordpress']
USEFUL: wh-nq4zqgwphnuwby47wwt.my3w.com ['/admin/login.asp', '/admin/index.asp', '/admin/login.aspx', '/user/login'] []
[batch 2] 1400/3000 useful=56 dead=608
USEFUL: worker.screenlyapp.com ['/manage/'] []
[batch 2] 1600/3000 useful=57 dead=652
USEFUL: www.8897d.com ['/admin/', '/admin.php', '/login.php', '/manage/'] []
USEFUL: www.adskeeper.com ['/admin/'] []
USEFUL: www.americansecuritytoday.com ['/admin/', '/manage/', '/houtai/', '/dede/'] ['wordpress']
USEFUL: www.andar.com ['/admin/login'] []
[batch 2] 1800/3000 useful=61 dead=688
USEFUL: www.bolispring.com ['/admin.php'] []
USEFUL: www.bratoto.com ['/admin/', '/login.php', '/admin/login.asp', '/admin/index.asp'] []
USEFUL: www.cesaret.info ['/admin/login.php', '/admin/index.php', '/login.php'] []
[batch 2] 2000/3000 useful=64 dead=729
USEFUL: www.constructionjlbellemare.com ['/admin/', '/manage/', '/houtai/', '/admin/login'] ['wordpress']
USEFUL: www.craftunionpubs.com ['/admin/', '/manage/', '/houtai/', '/admin/login'] []
USEFUL: www.ekstrack.org ['/admin/index.php', '/admin/', '/admin.php', '/manage/'] []
USEFUL: www.enrlicensing.com ['/user/login'] []
USEFUL: www.farrarclosings.com ['/login.php', '/wp-login.php'] ['wordpress']
USEFUL: www.festeja.com ['/login.php', '/manage/', '/houtai/', '/dede/'] []
[batch 2] 2200/3000 useful=70 dead=775
USEFUL: www.formotion.com ['/admin.php', '/login.php', '/wp-login.php'] []
USEFUL: www.foreignaffairs.com ['/admin/', '/user/login'] []
USEFUL: www.fondationloreal.com ['/user/login'] []
USEFUL: www.globessl.com ['/admin/index.php', '/login.php'] []
USEFUL: www.heyzoo.org ['/admin/login.php', '/admin/index.php', '/admin/'] []
USEFUL: www.holidayhealth.com ['/admin/login.asp', '/admin/index.asp', '/admin/login', '/admin/login.aspx'] ['wordpress']
USEFUL: www.hexagoncapitalalliance.com ['/admin/index.php', '/admin/', '/login.php', '/wp-login.php'] ['wordpress']
[batch 2] 2400/3000 useful=77 dead=814
USEFUL: www.ipasingapore.com ['/admin/index.php', '/admin/', '/login.php', '/wp-login.php'] ['wordpress']
USEFUL: www.insightsoptical.com ['/admin/index.php', '/admin/', '/login.php', '/wp-login.php'] ['wordpress']
USEFUL: www.justbraceit.com ['/admin/index.php', '/admin/', '/login.php', '/wp-login.php'] ['wordpress']
USEFUL: www.krauseaz.com ['/login.php'] []
USEFUL: www.ledger.com ['/manage/'] ['wordpress']
USEFUL: www.latinobets.com ['/manage/', '/houtai/', '/dede/', '/user/login'] []
USEFUL: www.klikmusik.com ['/admin/index.php', '/admin/', '/login.php', '/wp-login.php'] ['wordpress']
[batch 2] 2600/3000 useful=84 dead=860
USEFUL: www.marylandoncology.com ['/admin/', '/wp-login.php'] ['wordpress']
USEFUL: www.mg-w.cn ['/admin.php'] []
USEFUL: www.modsls17.com ['/admin/index.php', '/admin/', '/login.php', '/wp-login.php'] ['wordpress']
[batch 2] 2800/3000 useful=87 dead=908
USEFUL: www.onlinecasino.com ['/admin/index.php', '/admin/', '/wp-login.php'] ['pbootcms', 'wordpress']
USEFUL: www.patisuro777.com ['/admin/index.php', '/admin.php', '/login.php', '/wp-login.php'] []
USEFUL: www.photodune.net ['/admin/', '/admin/login', '/user/login'] []
USEFUL: www.pinstructure.com ['/admin/index.php', '/admin/', '/login.php', '/admin/login'] []
USEFUL: www.peoplematter.com ['/admin/', '/admin.php', '/login.php', '/manage/'] []
USEFUL: www.protrition.com ['/admin.php', '/login.php', '/manage/', '/houtai/'] []
USEFUL: www.pflame.com ['/admin/index.php', '/admin/', '/login.php', '/wp-login.php'] ['wordpress']
USEFUL: www.publiufficio.com ['/admin/index.php', '/admin/', '/login.php'] []
USEFUL: www.rasi.com ['/admin/'] []
[batch 2] 3000/3000 useful=96 dead=977
[batch 2 done] useful=96 dead=977 alive=1927 | total_pool: usable=3894 dead=44742
[auto_filter] total=57804 todo=9168 (dead=44742 usable=3894)
USEFUL: zi8ew.com ['/admin/', '/manage/', '/houtai/', '/admin/login'] []
USEFUL: zrediode.com ['/admin/login.php', '/admin/login'] []
[batch 3 done] useful=2 dead=31 alive=135 | total_pool: usable=3896 dead=44773
[auto_filter] total=57804 todo=9135 (dead=44773 usable=3896)
[auto_filter] batch empty, all done
[auto_filter] total=57804 todo=9135 (dead=44773 usable=3896)
[auto_filter] batch empty, all done
[auto_filter] total=57804 todo=9135 (dead=44773 usable=3896)
[auto_filter] batch empty, all done
[auto_filter] total=57804 todo=9135 (dead=44773 usable=3896)
[auto_filter] batch empty, all done
[auto_filter] total=57804 todo=9135 (dead=44773 usable=3896)
[auto_filter] batch empty, all done
[auto_filter] total=57804 todo=9135 (dead=44773 usable=3896)
[auto_filter] batch empty, all done
[auto_filter] total=57804 todo=9135 (dead=44773 usable=3896)
[auto_filter] batch empty, all done
[auto_filter] total=57804 todo=9135 (dead=44773 usable=3896)
[auto_filter] batch empty, all done
[auto_filter] total=57804 todo=9135 (dead=44773 usable=3896)
[auto_filter] batch empty, all done
[auto_filter] total=57804 todo=9135 (dead=44773 usable=3896)
[auto_filter] batch empty, all done
[auto_filter] total=57804 todo=9135 (dead=44773 usable=3896)
[auto_filter] batch empty, all done
[auto_filter] total=57804 todo=9135 (dead=44773 usable=3896)
[auto_filter] batch empty, all done
[auto_filter] total=57804 todo=9135 (dead=44773 usable=3896)
[auto_filter] batch empty, all done
[auto_filter] total=57804 todo=9135 (dead=44773 usable=3896)
[auto_filter] batch empty, all done
[auto_filter] total=57804 todo=9135 (dead=44773 usable=3896)
[auto_filter] batch empty, all done
[auto_filter] total=57804 todo=9135 (dead=44773 usable=3896)
[auto_filter] batch empty, all done
[hook] all filtered, nothing to do
[auto_filter] total=59101 todo=10432 (dead=44773 usable=3896)
[batch 0] 200/3000 useful=0 dead=13
USEFUL: 30-b.com ['/admin.php', '/login.php', '/manage/', '/houtai/'] []
USEFUL: 2icsoftware.com ['/manage/', '/houtai/', '/admin/login', '/dede/'] []
[batch 0] 400/3000 useful=2 dead=38
[batch 0] 600/3000 useful=2 dead=71
USEFUL: alisador.com ['/admin/', '/admin/login', '/admin/login.aspx'] []
[batch 0] 800/3000 useful=3 dead=90
USEFUL: bananadance.com ['/admin/'] []
USEFUL: bapcaitim.com ['/admin/login.aspx'] ['wordpress']
[batch 0] 1000/3000 useful=5 dead=113
USEFUL: bloggingheros.com ['/admin/index.php', '/admin/', '/login.php', '/manage/'] ['wordpress']
USEFUL: btmgg.com ['/manage/', '/houtai/', '/dede/', '/user/login'] ['thinkphp']
[batch 0] 1200/3000 useful=7 dead=126
[batch 0] 1400/3000 useful=7 dead=147
[batch 0] 1600/3000 useful=7 dead=169
USEFUL: christiaannobels.com ['/wp-login.php'] ['wordpress']
USEFUL: cotaland.com ['/admin/index.php', '/admin/', '/login.php', '/wp-login.php'] ['wordpress']
[batch 0] 1800/3000 useful=9 dead=216
USEFUL: cryptoscammers.org ['/admin/login.php', '/admin/index.php', '/admin/'] []
[batch 0] 2000/3000 useful=10 dead=244
USEFUL: diennuocminhanh.com ['/admin/index.php', '/admin/', '/wp-login.php'] ['wordpress']
USEFUL: discount-flea-control.com ['/admin/index.php', '/admin/', '/login.php', '/wp-login.php'] ['wordpress']
USEFUL: drivespark.com ['/admin/index.php'] []
[batch 0] 2200/3000 useful=13 dead=262
USEFUL: educationstaffbank.com ['/admin/'] []
USEFUL: eonline-shopping.com ['/admin/', '/manage/', '/houtai/', '/admin/login'] []
USEFUL: festeja.com ['/login.php', '/manage/', '/houtai/', '/dede/'] []
USEFUL: ezysite.com ['/manage/', '/houtai/', '/admin/login', '/dede/'] ['wordpress']
USEFUL: fieldpalmer.com ['/admin/'] []
USEFUL: f2cfnd.org ['/admin/index.php', '/admin/', '/login.php', '/wp-login.php'] ['pbootcms', 'wordpress']
[batch 0] 2400/3000 useful=19 dead=290
USEFUL: filetransfer.caskeygroup.com ['/admin/index.php', '/admin/', '/wp-login.php'] ['wordpress']
USEFUL: flidias.peoplematter.com ['/admin/', '/admin.php', '/login.php', '/manage/'] []
USEFUL: fmslaborsaver.com ['/login.php'] []
USEFUL: fondationloreal.com ['/user/login'] []
USEFUL: foreignaffairs.com ['/admin/', '/user/login'] []
USEFUL: foodservicedirector.com ['/wp-login.php'] []
USEFUL: formotion.com ['/admin.php', '/login.php', '/wp-login.php'] []
USEFUL: forum.sfgame.com ['/login.php', '/manage/', '/houtai/', '/dede/'] []
USEFUL: franchioffice.com ['/admin/', '/manage/', '/houtai/', '/dede/'] []
USEFUL: freeadultporn.net ['/admin/', '/manage/', '/houtai/', '/dede/'] []
USEFUL: fred.peoplematter.com ['/admin/', '/admin.php', '/login.php', '/manage/'] []
USEFUL: fuelyouremarketing.com ['/admin/', '/manage/', '/houtai/', '/admin/login'] []
[batch 0] 2600/3000 useful=31 dead=349
USEFUL: globessl.com ['/admin/index.php', '/admin/', '/wp-login.php'] []
[batch 0] 2800/3000 useful=32 dead=413
USEFUL: hanonn.com ['/admin/index.php', '/admin/', '/login.php', '/wp-login.php'] ['wordpress']
[batch 0] 3000/3000 useful=33 dead=467
[batch 0 done] useful=33 dead=467 alive=2500 | total_pool: usable=3929 dead=45240
[auto_filter] total=59101 todo=9932 (dead=45240 usable=3929)
USEFUL: jjfox.com ['/admin/'] []
[batch 1] 200/3000 useful=1 dead=18
USEFUL: juridicamente.net ['/admin/login', '/user/login'] ['wordpress']
USEFUL: laboratoire-leanature.com ['/admin/', '/manage/', '/houtai/', '/admin/login'] ['wordpress']
[batch 1] 400/3000 useful=3 dead=53
[batch 1] 600/3000 useful=3 dead=83
[batch 1] 800/3000 useful=3 dead=117
USEFUL: majiccabindolls.com ['/admin/login'] []
USEFUL: mandarina.com ['/admin/index.php', '/admin/', '/login.php', '/wp-login.php'] ['pbootcms', 'wordpress']
[batch 1] 1000/3000 useful=5 dead=145
USEFUL: matsuzuki.com ['/admin/', '/admin/login.asp', '/admin/index.asp', '/admin/login'] []
[batch 1] 1200/3000 useful=6 dead=170
USEFUL: monstersport.net ['/admin/index.php', '/admin/', '/login.php', '/wp-login.php'] ['wordpress']
[batch 1] 1400/3000 useful=7 dead=189
USEFUL: musicinthecity.org ['/admin/'] []
USEFUL: nb.bonuskoder.net ['/admin/'] []
[batch 1] 1600/3000 useful=9 dead=217
USEFUL: novarq.com ['/admin/login'] []
USEFUL: nmcqjy.com ['/admin/login.php', '/admin/index.php', '/admin/', '/admin.php'] []
[batch 1] 1800/3000 useful=11 dead=235
USEFUL: pallantholidaylets.com ['/admin/'] []
[batch 1] 2000/3000 useful=12 dead=257
USEFUL: pooky.com ['/admin/login'] []
[batch 1] 2200/3000 useful=13 dead=275
[batch 1] 2400/3000 useful=13 dead=296
USEFUL: s1.sfgame.com ['/login.php', '/manage/', '/houtai/', '/dede/'] []
USEFUL: s2.sfgame.com ['/login.php', '/manage/', '/houtai/', '/dede/'] []
USEFUL: scarabantiques.com ['/admin/'] []
USEFUL: screenlyapp.com ['/manage/'] []
[batch 1] 2600/3000 useful=17 dead=372
USEFUL: sentry.screenlyapp.com ['/manage/'] []
USEFUL: secure2.peoplematter.com ['/admin/', '/admin.php', '/login.php', '/manage/'] []
USEFUL: serveranfrage.happyware.com ['/admin/index.php', '/admin/', '/login.php', '/wp-login.php'] ['pbootcms', 'wordpress']
USEFUL: sfgame.com ['/login.php', '/manage/', '/houtai/', '/dede/'] []
USEFUL: selectlendingservices.com ['/admin/', '/admin.php', '/login.php', '/manage/'] []
USEFUL: shop.globessl.com ['/admin/index.php', '/admin/', '/wp-login.php'] []
USEFUL: shopkidde.com ['/admin/'] []
USEFUL: signup.screenlyapp.com ['/manage/'] []
USEFUL: seskimo.com ['/admin/index.php', '/admin/', '/login.php'] ['wordpress']
[batch 1] 2800/3000 useful=26 dead=444
USEFUL: sixsigmacouncil.org ['/admin/', '/wp-login.php'] ['wordpress']
USEFUL: smicredentials.com ['/admin/', '/manage/', '/houtai/', '/admin/login'] []
USEFUL: splash.peoplematter.com ['/admin/', '/admin.php', '/login.php', '/manage/'] []
USEFUL: southamptonpropertyassociation.com ['/admin/index.php', '/admin/', '/login.php', '/admin/login'] ['wordpress']
[batch 1] 3000/3000 useful=30 dead=489
[batch 1 done] useful=30 dead=489 alive=2481 | total_pool: usable=3959 dead=45729
[auto_filter] total=59101 todo=9413 (dead=45729 usable=3959)
[batch 2] 200/3000 useful=0 dead=32
USEFUL: tshoppeca.com ['/manage/'] []
USEFUL: tukshop.com ['/admin/'] []
[batch 2] 400/3000 useful=2 dead=61
USEFUL: vinacoiffure.com ['/admin/index.php', '/admin/', '/login.php', '/wp-login.php'] ['wordpress']
[batch 2] 600/3000 useful=3 dead=80
USEFUL: wessexahsn.org ['/admin/', '/admin/login'] []
[batch 2] 800/3000 useful=4 dead=117
USEFUL: www.30-b.com ['/admin.php', '/login.php', '/houtai/', '/dede/'] []
[batch 2] 1000/3000 useful=5 dead=131
USEFUL: www.annedanahy.com ['/admin/', '/wp-login.php'] ['wordpress']
USEFUL: www.astroproxies.com ['/admin/index.php', '/admin/', '/login.php'] []
[batch 2] 1200/3000 useful=7 dead=141
USEFUL: www.chordomauk.org ['/admin/'] []
USEFUL: www.drivespark.com ['/admin/index.php'] []
USEFUL: www.discount-flea-control.com ['/admin/index.php', '/admin/', '/login.php', '/wp-login.php'] ['wordpress']
USEFUL: www.edgwareassociates.com ['/admin/'] []
USEFUL: www.educationalconsulting.org ['/admin/index.php', '/admin/', '/login.php', '/wp-login.php'] ['wordpress']
[batch 2] 1400/3000 useful=12 dead=154
USEFUL: www.gasengineersinscunthorpe.com ['/admin/login', '/user/login'] []
USEFUL: www.guanten.com ['/admin/', '/manage/', '/houtai/', '/admin/login'] []
USEFUL: www.happyware.com ['/admin/login.php', '/admin/index.php', '/admin/', '/admin/login.asp'] []
[batch 2] 1600/3000 useful=15 dead=166
USEFUL: www.itmedicaltechnologies.com ['/manage/'] []
USEFUL: www.justprint.com ['/admin/index.php'] []
[batch 2] 1800/3000 useful=17 dead=179
USEFUL: www.odisseaquotidiana.com ['/admin/', '/admin/login'] []
USEFUL: www.novarq.com ['/admin/login'] []
USEFUL: www.pearsons.com ['/admin/'] []
[batch 2] 2000/3000 useful=20 dead=196
USEFUL: www.santisstore.com ['/admin/', '/admin/login'] []
USEFUL: www.sfgame.com ['/login.php', '/manage/', '/houtai/', '/dede/'] []
USEFUL: www.shopkidde.com ['/admin/'] []
USEFUL: www.shopdarkona.com ['/admin/index.php', '/admin/', '/login.php', '/wp-login.php'] ['wordpress']
[batch 2] 2200/3000 useful=24 dead=237
USEFUL: www.smicredentials.com ['/admin/', '/manage/', '/houtai/', '/admin/login'] []
USEFUL: www.superspacer.com ['/admin/index.php', '/admin/', '/login.php', '/wp-login.php'] ['wordpress']
USEFUL: www.szsmwdy.com ['/admin.php'] []
USEFUL: www.surecargaytoner.com ['/admin/index.php', '/admin/', '/login.php', '/wp-login.php'] ['wordpress']
[batch 2] 2400/3000 useful=28 dead=275
USEFUL: www.thehcgshop.com ['/admin/index.php', '/admin/', '/dede/', '/wp-login.php'] ['wordpress']
USEFUL: www.tuneboto.com ['/admin/login.php', '/admin/index.php', '/admin.php', '/login.php'] []
USEFUL: www.triunfonet.com ['/manage/', '/houtai/', '/dede/', '/user/login'] []
[batch 2] 2600/3000 useful=31 dead=315
USEFUL: www.ward34.com ['/admin/', '/wp-login.php'] ['wordpress']
USEFUL: www.washingtonjournal.org ['/admin/login.php', '/admin/index.php'] []
USEFUL: www.wearevinyl.com ['/admin/', '/admin/login', '/wp-login.php', '/user/login'] []
USEFUL: www.wifhair.com ['/admin/login'] []
USEFUL: www.waterfordhistoricalsociety.com ['/admin/index.php', '/admin/', '/login.php', '/wp-login.php'] ['wordpress']
USEFUL: www.wyze.com ['/admin/login'] []
USEFUL: www.writeupcafe.com ['/admin/login.php', '/admin/index.php', '/admin/'] []
USEFUL: www.wessexahsn.org ['/admin/', '/admin/login'] []
USEFUL: www.y0303.com ['/admin.php'] []
USEFUL: www2.gundrymdtotalrestore.com ['/admin/', '/manage/', '/houtai/', '/admin/login'] []
[batch 2] 2800/3000 useful=41 dead=367
USEFUL: www30.mercantilbanco.com ['/admin/', '/manage/', '/houtai/', '/admin/login'] []
[batch 2] 3000/3000 useful=42 dead=415
[batch 2 done] useful=42 dead=415 alive=2543 | total_pool: usable=4001 dead=46144
[auto_filter] total=59101 todo=8956 (dead=46144 usable=4001)
[auto_filter] batch empty, all done
[auto_filter] total=59101 todo=8956 (dead=46144 usable=4001)
[auto_filter] batch empty, all done
[auto_filter] total=59101 todo=8956 (dead=46144 usable=4001)
[auto_filter] batch empty, all done
[auto_filter] total=59101 todo=8956 (dead=46144 usable=4001)
[auto_filter] batch empty, all done
[auto_filter] total=59101 todo=8956 (dead=46144 usable=4001)
[auto_filter] batch empty, all done
[auto_filter] total=59101 todo=8956 (dead=46144 usable=4001)
[auto_filter] batch empty, all done
[auto_filter] total=59101 todo=8956 (dead=46144 usable=4001)
[auto_filter] batch empty, all done
[auto_filter] total=59101 todo=8956 (dead=46144 usable=4001)
[auto_filter] batch empty, all done
[auto_filter] total=59101 todo=8956 (dead=46144 usable=4001)
[auto_filter] batch empty, all done
[auto_filter] total=59101 todo=8956 (dead=46144 usable=4001)
[auto_filter] batch empty, all done
[auto_filter] total=59101 todo=8956 (dead=46144 usable=4001)
[auto_filter] batch empty, all done
[auto_filter] total=59101 todo=8956 (dead=46144 usable=4001)
[auto_filter] batch empty, all done
[auto_filter] total=59101 todo=8956 (dead=46144 usable=4001)
[auto_filter] batch empty, all done
[auto_filter] total=59101 todo=8956 (dead=46144 usable=4001)
[auto_filter] batch empty, all done
[auto_filter] total=59101 todo=8956 (dead=46144 usable=4001)
[auto_filter] batch empty, all done
[auto_filter] total=59101 todo=8956 (dead=46144 usable=4001)
[auto_filter] batch empty, all done
[auto_filter] total=59101 todo=8956 (dead=46144 usable=4001)
[auto_filter] batch empty, all done
[auto_filter] total=59101 todo=8956 (dead=46144 usable=4001)
USEFUL: 1136710038.rsc.cdn77.org ['/admin/'] ['wordpress']
[batch 0] 200/3000 useful=1 dead=0
[batch 0] 400/3000 useful=1 dead=1
[batch 0] 600/3000 useful=1 dead=6
[batch 0] 800/3000 useful=1 dead=9
[batch 0] 1000/3000 useful=1 dead=10
[batch 0] 1200/3000 useful=1 dead=10
[batch 0] 1400/3000 useful=1 dead=14
[batch 0] 1600/3000 useful=1 dead=19
[batch 0] 1800/3000 useful=1 dead=20
[batch 0] 2000/3000 useful=1 dead=21
[batch 0] 2200/3000 useful=1 dead=23
[batch 0] 2400/3000 useful=1 dead=29
USEFUL: guia-telefonos.com ['/wp-login.php'] []
USEFUL: hedsz.com ['/user/login'] []
USEFUL: henryadamsholidaylets.com ['/admin/'] []
[batch 0] 2600/3000 useful=4 dead=70
USEFUL: hostpapasupport.com ['/manage/'] ['wordpress']
USEFUL: hscjeka.com ['/admin/', '/wp-login.php'] ['wordpress']
[batch 0] 2800/3000 useful=6 dead=105
USEFUL: iad.peoplematter.com ['/admin/', '/admin.php', '/login.php', '/manage/'] []
USEFUL: ing.screenlyapp.com ['/manage/'] []
USEFUL: ing-stage.screenlyapp.com ['/manage/'] []
USEFUL: ing1.screenlyapp.com ['/manage/'] []
USEFUL: ilbertisaac.com ['/manage/'] ['thinkphp', 'wordpress']
USEFUL: insightsoptical.com ['/admin/index.php', '/admin/', '/login.php', '/wp-login.php'] ['wordpress']
USEFUL: int.peoplematter.com ['/admin/', '/admin.php', '/login.php', '/manage/'] []
USEFUL: introca.com ['/admin/index.php', '/admin/', '/login.php', '/wp-login.php'] ['pbootcms']
USEFUL: intranet.accessbrownsville.org ['/admin/index.php', '/admin/', '/login.php', '/wp-login.php'] ['wordpress']
USEFUL: italicnow.com ['/admin.php', '/login.php', '/manage/', '/houtai/'] []
USEFUL: itmedicaltechnologies.com ['/manage/'] []
[batch 0] 3000/3000 useful=17 dead=189
[batch 0 done] useful=17 dead=189 alive=2794 | total_pool: usable=4018 dead=46333
[auto_filter] total=59101 todo=8750 (dead=46333 usable=4018)
[batch 1] 200/3000 useful=0 dead=2
[batch 1] 400/3000 useful=0 dead=4
[batch 1] 600/3000 useful=0 dead=6
[batch 1] 800/3000 useful=0 dead=8
[batch 1] 1000/3000 useful=0 dead=10
USEFUL: mvafghans.users1.50megs.com ['/admin/index.asp'] []
[batch 1] 1200/3000 useful=1 dead=11
[batch 1] 1400/3000 useful=1 dead=13
[batch 1] 1600/3000 useful=1 dead=14
[batch 1] 1800/3000 useful=1 dead=16
[batch 1] 2000/3000 useful=1 dead=18
[batch 1] 2200/3000 useful=1 dead=18
USEFUL: stage.screenlyapp.com ['/manage/'] []
USEFUL: stage.peoplematter.com ['/admin/', '/admin.php', '/login.php', '/manage/'] []
USEFUL: staging.enrlicensing.com ['/user/login'] []
USEFUL: st-annes.uk.com ['/admin/'] []
USEFUL: staging.powerstep.com ['/admin/'] []
USEFUL: stats.screenlyapp.com ['/manage/'] []
[batch 1] 2400/3000 useful=7 dead=76
USEFUL: statebankofcanton.com ['/wp-login.php'] ['wordpress']
USEFUL: stlpartners.com ['/manage/'] ['wordpress']
USEFUL: stopprop70.org ['/admin/index.php', '/admin/', '/login.php', '/wp-login.php'] ['wordpress']
USEFUL: superspacer.com ['/admin/index.php', '/admin/', '/login.php', '/wp-login.php'] ['wordpress']
USEFUL: surecargaytoner.com ['/admin/index.php', '/admin/', '/login.php', '/wp-login.php'] ['wordpress']
[batch 1] 2600/3000 useful=12 dead=119
USEFUL: szsmwdy.com ['/admin.php'] []
[batch 1] 2800/3000 useful=13 dead=142
USEFUL: thissweetlifeofmine.com ['/wp-login.php'] ['wordpress']
[batch 1] 3000/3000 useful=14 dead=142
[batch 1 done] useful=14 dead=142 alive=2844 | total_pool: usable=4032 dead=46475
[auto_filter] total=59101 todo=8594 (dead=46475 usable=4032)
[batch 2] 200/2594 useful=0 dead=2
[batch 2] 400/2594 useful=0 dead=3
[batch 2] 600/2594 useful=0 dead=3
[batch 2] 800/2594 useful=0 dead=4
[batch 2] 1000/2594 useful=0 dead=6
[batch 2] 1200/2594 useful=0 dead=7
[batch 2] 1400/2594 useful=0 dead=9
USEFUL: www.seeker4.com ['/wp-login.php', '/admin/login.aspx', '/user/login'] []
[batch 2] 1600/2594 useful=1 dead=9
[batch 2] 1800/2594 useful=1 dead=9
[batch 2] 2000/2594 useful=1 dead=11
[batch 2] 2200/2594 useful=1 dead=14
USEFUL: y5591.com ['/admin/', '/manage/', '/houtai/', '/admin/login'] []
USEFUL: y5592.com ['/admin/', '/manage/', '/houtai/', '/admin/login'] []
USEFUL: yfix.net ['/manage/', '/houtai/', '/dede/', '/user/login'] []
USEFUL: yf31.peoplematter.com ['/admin/', '/admin.php', '/login.php', '/manage/'] []
USEFUL: ym23x.com ['/admin/', '/manage/', '/houtai/', '/admin/login'] []
USEFUL: youseq.com ['/admin/', '/admin/login'] []
[batch 2] 2400/2594 useful=7 dead=53
USEFUL: zdaya.com ['/manage/'] ['wordpress']
[batch 2 done] useful=8 dead=70 alive=2516 | total_pool: usable=4040 dead=46545
[hook] all filtered, nothing to do
[auto_filter] total=60622 todo=10037 (dead=46545 usable=4040)
USEFUL: 1bettor.com ['/admin/', '/manage/', '/houtai/', '/admin/login'] []
[batch 0] 200/3000 useful=1 dead=21
[batch 0] 400/3000 useful=1 dead=45
USEFUL: abariscan.com ['/admin/index.php', '/admin/', '/login.php', '/wp-login.php'] ['wordpress']
USEFUL: ac-partyconnection.com ['/admin/login.php', '/admin/index.php'] []
USEFUL: admin.androidpalace.org ['/dede/'] []
USEFUL: admin.damnyduncan69.com ['/dede/', '/user/login'] []
USEFUL: admin.foxtollandfines.com ['/login.php', '/houtai/', '/dede/', '/user/login'] []
USEFUL: admin.minecraf.com ['/admin.php', '/login.php', '/manage/', '/dede/'] []
USEFUL: admin.mylicenseite.com ['/login.php', '/houtai/'] []
USEFUL: admin.medicaresources.org ['/admin.php'] []
USEFUL: admin.abeboooks.com ['/admin/login.php', '/admin/index.php', '/admin/', '/admin.php'] []
USEFUL: admin.costc.com ['/admin/login.php', '/admin/index.php', '/admin/', '/admin.php'] []
USEFUL: admin.beljin.com ['/admin/login.php', '/admin/index.php', '/admin/', '/admin/login.aspx'] []
USEFUL: admin.navdisk.com ['/login.php'] []
USEFUL: admin.cnlunch.com ['/admin/login.php', '/admin/index.php', '/admin/', '/admin.php'] []
USEFUL: admin.bodybuildling.com ['/admin/index.php', '/user/login'] []
USEFUL: admin.costoo.com ['/admin/login.php', '/admin/index.php', '/admin/', '/manage/'] []
[batch 0] 600/3000 useful=16 dead=111
USEFUL: admin.mircrosft.com ['/admin/login.php', '/admin/', '/wp-login.php'] []
USEFUL: afrisheahoney.com ['/admin/index.php', '/admin/', '/login.php', '/wp-login.php'] ['pbootcms']
USEFUL: aeremexico.com ['/admin/', '/admin/login.asp', '/admin/login', '/admin/login.aspx'] []
USEFUL: alliedbeverage.com ['/admin.php', '/login.php', '/wp-login.php'] []
USEFUL: amazingmondays.com ['/admin/index.php', '/admin/', '/login.php', '/wp-login.php'] ['wordpress']
USEFUL: altoga.govermentwindow.com ['/admin.php', '/login.php', '/manage/', '/houtai/'] []
USEFUL: altitudemediapromotions.com ['/admin/index.php', '/admin/', '/login.php', '/wp-login.php'] ['wordpress']
USEFUL: apnetting.com ['/admin/', '/wp-login.php'] ['wordpress']
[batch 0] 800/3000 useful=24 dead=139
USEFUL: aqhekove.freemegabytes.com ['/admin/login.php', '/admin/index.php', '/admin/', '/admin.php'] []
USEFUL: ataudesmadrid.com ['/login.php', '/wp-login.php'] ['wordpress']
USEFUL: atrapandosuenos.com ['/admin/index.php', '/admin/', '/login.php', '/wp-login.php'] ['wordpress']
USEFUL: axkanzacatlan.com ['/admin/index.php', '/admin/', '/login.php', '/wp-login.php'] ['wordpress']
USEFUL: barbaraschaffner.com ['/admin/index.php', '/admin/', '/login.php', '/wp-login.php'] ['wordpress']
[batch 0] 1000/3000 useful=29 dead=174
USEFUL: bioagronutricion.com ['/wp-login.php'] []
USEFUL: blogdamyla.com ['/admin/index.php', '/admin/', '/login.php', '/wp-login.php'] ['wordpress']
[batch 0] 1200/3000 useful=31 dead=191
USEFUL: bpaeyehospital.org ['/admin/index.php', '/admin/', '/login.php', '/wp-login.php'] ['wordpress']
USEFUL: buildbydesign.com ['/admin/', '/login.php', '/wp-login.php'] ['wordpress']
USEFUL: c35studio.com ['/admin/index.php', '/admin/', '/login.php', '/wp-login.php'] ['wordpress']
USEFUL: cailang.com.cn ['/admin.php'] []
USEFUL: carignantaxservice.com ['/admin/index.php', '/admin/', '/login.php', '/wp-login.php'] ['wordpress']
USEFUL: carifar.com ['/admin/index.php', '/admin/', '/login.php', '/wp-login.php'] ['wordpress']
[batch 0] 1400/3000 useful=37 dead=202
USEFUL: chamuquillo.com ['/admin/index.php', '/admin/', '/login.php', '/wp-login.php'] ['wordpress']
[batch 0] 1600/3000 useful=38 dead=220
USEFUL: clarkscarcare.com ['/admin/index.php', '/admin/', '/login.php', '/wp-login.php'] ['wordpress']
USEFUL: comncast.com ['/admin/login.php', '/admin/index.php'] []
[batch 0] 1800/3000 useful=40 dead=251
USEFUL: creatorsplanet.net ['/admin/login.php', '/admin/index.php', '/admin/'] []
USEFUL: cristinabezerra.com ['/admin/index.php', '/admin/', '/login.php', '/wp-login.php'] ['wordpress']
USEFUL: curedia.com ['/admin/index.php', '/admin/', '/wp-login.php'] ['wordpress']
USEFUL: cutiechoco.com ['/login.php', '/wp-login.php'] []
USEFUL: cycococo.com ['/admin/', '/wp-login.php'] ['wordpress']
USEFUL: danyduncan69.com ['/login.php', '/manage/', '/user/login'] []
[batch 0] 2000/3000 useful=46 dead=286
USEFUL: desertdiamondsireland.com ['/admin/login'] []
USEFUL: dailymontessori.com ['/admin/index.php', '/admin/', '/login.php', '/wp-login.php'] ['wordpress']
USEFUL: demo.felowes.com ['/admin/login.php'] []
USEFUL: disability-resource.org ['/admin/index.php', '/admin/', '/login.php', '/wp-login.php'] ['wordpress']
USEFUL: dodge.com ['/login.php', '/wp-login.php'] []
USEFUL: dosedebonheur.com ['/login.php', '/wp-login.php'] []
[batch 0] 2200/3000 useful=52 dead=307
[batch 0] 2400/3000 useful=52 dead=493
USEFUL: dydtgc.com ['/admin/'] []
USEFUL: ebizlp.alliedbeverage.com ['/user/login'] []
USEFUL: easdar.com ['/admin/', '/wp-login.php'] ['wordpress']
USEFUL: easyax.com ['/admin/index.php', '/admin/', '/login.php', '/wp-login.php'] ['wordpress']
[batch 0] 2600/3000 useful=56 dead=598
USEFUL: elbiotecnologocurioso.com ['/admin/index.php', '/admin/', '/login.php', '/wp-login.php'] ['wordpress']
USEFUL: energiasolarinc.panelessolaresenmonterrey.com ['/admin/index.php', '/admin/', '/login.php', '/wp-login.php'] ['wordpress']
USEFUL: ez-storage.net ['/admin/index.php', '/admin/', '/login.php', '/wp-login.php'] ['wordpress']
USEFUL: fanditell.com ['/admin/index.php', '/admin/', '/login.php', '/wp-login.php'] ['wordpress']
USEFUL: flextek.com ['/admin/'] ['wordpress']
[batch 0] 2800/3000 useful=61 dead=625
USEFUL: fletesplastering.net ['/admin/index.php', '/admin/', '/login.php', '/wp-login.php'] ['wordpress']
USEFUL: freewave.com ['/admin/index.php', '/admin/', '/login.php', '/wp-login.php'] ['wordpress']
USEFUL: gamepoint.com ['/admin/login.php', '/admin/index.php', '/admin/', '/login.php'] []
[batch 0] 3000/3000 useful=64 dead=641
[batch 0 done] useful=64 dead=641 alive=2295 | total_pool: usable=4104 dead=47186
[auto_filter] total=60622 todo=9332 (dead=47186 usable=4104)
USEFUL: jl768.com ['/admin/', '/manage/', '/houtai/', '/admin/login'] []
USEFUL: jnuojie.com ['/admin.php'] []
USEFUL: kfmx.com ['/manage/'] ['wordpress']
USEFUL: kislepesek.net ['/admin/index.php', '/admin/', '/login.php', '/wp-login.php'] ['wordpress']
[batch 1] 200/3000 useful=4 dead=18
USEFUL: letsdrivenaxos.com ['/admin.php', '/login.php', '/manage/', '/houtai/'] []
[batch 1] 400/3000 useful=5 dead=32
[batch 1] 600/3000 useful=5 dead=48
[batch 1] 800/3000 useful=5 dead=67
USEFUL: meiq14g.cc ['/admin/', '/manage/', '/houtai/', '/admin/login'] []
[batch 1] 1000/3000 useful=6 dead=82
USEFUL: mscales.com ['/admin/', '/manage/', '/houtai/', '/admin/login'] []
[batch 1] 1200/3000 useful=7 dead=93
USEFUL: murraymotive.com ['/admin/', '/wp-login.php'] ['wordpress']
USEFUL: myproviderfinderonline.com ['/dede/', '/user/login'] []
USEFUL: nairlee.com ['/login.php'] ['dedecms']
[batch 1] 1400/3000 useful=10 dead=115
USEFUL: obudowa.com ['/admin.php', '/login.php', '/manage/', '/houtai/'] []
[batch 1] 1600/3000 useful=11 dead=137
USEFUL: okicook.com ['/admin/', '/wp-login.php'] ['wordpress']
[batch 1] 1800/3000 useful=12 dead=171
USEFUL: portalsucceedms.com ['/user/login'] []
[batch 1] 2000/3000 useful=13 dead=195
USEFUL: reraru.com ['/wp-login.php'] ['wordpress']
[batch 1] 2200/3000 useful=14 dead=228
USEFUL: secure.interleasing.com ['/admin/login.php', '/admin/index.php', '/admin/', '/admin.php'] []
[batch 1] 2400/3000 useful=15 dead=245
USEFUL: simplek12.org ['/admin.php', '/manage/', '/user/login'] []
[batch 1] 2600/3000 useful=16 dead=280
USEFUL: spamitalia.com ['/admin/'] ['wordpress']
USEFUL: sslcasa.oncf.net ['/admin.php', '/login.php', '/manage/', '/houtai/'] []
USEFUL: ssefu.cn ['/admin/login.php', '/admin/index.php', '/admin/', '/admin.php'] []
USEFUL: stone-floor-polishing-irvine.com ['/admin/index.php', '/admin/', '/login.php', '/wp-login.php'] ['wordpress']
[batch 1] 2800/3000 useful=20 dead=304
USEFUL: surveymonkey.com ['/user/login'] []
USEFUL: systemsltd.com ['/user/login'] []
[batch 1] 3000/3000 useful=22 dead=330
[batch 1 done] useful=22 dead=330 alive=2648 | total_pool: usable=4126 dead=47516
[auto_filter] total=60622 todo=8980 (dead=47516 usable=4126)
USEFUL: trivot.com ['/admin.php', '/login.php', '/manage/'] []
[batch 2] 200/2980 useful=1 dead=24
USEFUL: vokil.org ['/admin/index.php', '/admin/', '/login.php', '/wp-login.php'] ['wordpress']
[batch 2] 400/2980 useful=2 dead=62
[batch 2] 600/2980 useful=2 dead=81
USEFUL: www.alliedbeverage.com ['/admin.php', '/login.php', '/wp-login.php'] []
[batch 2] 800/2980 useful=3 dead=113
USEFUL: www.chinadinghua.com ['/admin/login.php'] []
[batch 2] 1000/2980 useful=4 dead=127
USEFUL: www.clarkscarcare.com ['/admin/index.php', '/admin/', '/login.php', '/wp-login.php'] ['wordpress']
USEFUL: www.easdar.com ['/admin/', '/wp-login.php'] ['wordpress']
[batch 2] 1200/2980 useful=6 dead=145
USEFUL: www.goodfuse.com ['/admin/index.php', '/admin/', '/login.php', '/wp-login.php'] ['wordpress']
[batch 2] 1400/2980 useful=7 dead=161
USEFUL: www.kcom.org ['/admin.php', '/login.php', '/houtai/', '/dede/'] []
[batch 2] 1600/2980 useful=8 dead=177
USEFUL: www.moneycontrl.com ['/manage/', '/houtai/'] []
USEFUL: www.muniesquipulas.com ['/admin.php', '/manage/', '/houtai/', '/dede/'] []
USEFUL: www.murraymotive.com ['/admin/', '/wp-login.php'] ['wordpress']
USEFUL: www.okicook.com ['/admin/', '/wp-login.php'] ['wordpress']
USEFUL: www.pcb-china.cn ['/admin/', '/admin/login', '/admin/login.aspx'] []
USEFUL: www.planetwidedistress.com ['/admin/index.php', '/admin/', '/login.php', '/wp-login.php'] ['wordpress']
USEFUL: www.pur-gas.org ['/admin.php', '/manage/', '/houtai/', '/user/login'] []
[batch 2] 1800/2980 useful=15 dead=210
USEFUL: www.spamitalia.com ['/admin/'] ['wordpress']
[batch 2] 2000/2980 useful=16 dead=234
USEFUL: www.super-roofers.com ['/admin/', '/manage/', '/houtai/', '/dede/'] []
[batch 2] 2200/2980 useful=17 dead=248
USEFUL: www.tvmcgill.com ['/admin/index.php', '/admin/', '/admin.php', '/login.php'] ['wordpress']
USEFUL: www.xk-trade.com ['/admin/', '/admin/login.asp'] []
[batch 2] 2400/2980 useful=19 dead=275
USEFUL: www77.17tract.net ['/admin.php', '/login.php', '/manage/', '/houtai/'] []
USEFUL: wxlingchang.com ['/manage/', '/admin/login.aspx'] []
USEFUL: xg65tkz.cc ['/admin/', '/manage/', '/houtai/', '/admin/login'] []
USEFUL: xltool.com.cn ['/admin.php'] []
[batch 2] 2600/2980 useful=23 dead=293
USEFUL: y3lyow2.cc ['/admin/', '/manage/', '/houtai/', '/admin/login'] []
USEFUL: yongmeimotor.com ['/admin/login.php', '/admin/index.php', '/admin/', '/admin.php'] []
[batch 2] 2800/2980 useful=25 dead=310
USEFUL: yuegc.com ['/login.php', '/admin/login'] []
USEFUL: zrbrdr3.cc ['/admin/', '/manage/', '/houtai/', '/admin/login'] []
[batch 2 done] useful=27 dead=322 alive=2631 | total_pool: usable=4153 dead=47838
[auto_filter] total=60622 todo=8631 (dead=47838 usable=4153)
[auto_filter] batch empty, all done
[auto_filter] total=60622 todo=8631 (dead=47838 usable=4153)
[auto_filter] batch empty, all done
[auto_filter] total=60622 todo=8631 (dead=47838 usable=4153)
[auto_filter] batch empty, all done
[auto_filter] total=60622 todo=8631 (dead=47838 usable=4153)
[auto_filter] batch empty, all done
[auto_filter] total=60622 todo=8631 (dead=47838 usable=4153)
[auto_filter] batch empty, all done
[auto_filter] total=60622 todo=8631 (dead=47838 usable=4153)
[auto_filter] batch empty, all done
[auto_filter] total=60622 todo=8631 (dead=47838 usable=4153)
[auto_filter] batch empty, all done
[auto_filter] total=60622 todo=8631 (dead=47838 usable=4153)
[auto_filter] batch empty, all done
[auto_filter] total=60622 todo=8631 (dead=47838 usable=4153)
[auto_filter] batch empty, all done
[auto_filter] total=60622 todo=8631 (dead=47838 usable=4153)
[auto_filter] batch empty, all done
[auto_filter] total=60622 todo=8631 (dead=47838 usable=4153)
[auto_filter] batch empty, all done
[auto_filter] total=60622 todo=8631 (dead=47838 usable=4153)
[auto_filter] batch empty, all done
[auto_filter] total=60622 todo=8631 (dead=47838 usable=4153)
[auto_filter] batch empty, all done
[auto_filter] total=60622 todo=8631 (dead=47838 usable=4153)
[auto_filter] batch empty, all done
[auto_filter] total=60622 todo=8631 (dead=47838 usable=4153)
[auto_filter] batch empty, all done
[auto_filter] total=60622 todo=8631 (dead=47838 usable=4153)
[auto_filter] batch empty, all done
[auto_filter] total=60622 todo=8631 (dead=47838 usable=4153)
[auto_filter] batch empty, all done
[hook] all filtered, nothing to do
[hook] all filtered, nothing to do
[auto_filter] total=61761 todo=9770 (dead=47838 usable=4153)
USEFUL: 188bet26.com ['/admin/', '/manage/', '/houtai/', '/dede/'] []
[batch 0] 200/3000 useful=1 dead=11
USEFUL: 500w8955.com ['/admin/', '/manage/', '/houtai/', '/dede/'] []
[batch 0] 400/3000 useful=2 dead=24
USEFUL: 66-game.com ['/admin/login.php', '/admin/index.php', '/admin/', '/admin.php'] []
USEFUL: ac-chemistry.com ['/wp-login.php', '/admin/login.aspx'] []
USEFUL: accfilm.com ['/manage/'] []
[batch 0] 600/3000 useful=5 dead=45
USEFUL: app.pulleyapp.com ['/login.php'] []
USEFUL: author-stage.cedars-sinai.org ['/login.php', '/manage/', '/houtai/', '/dede/'] []
[batch 0] 800/3000 useful=7 dead=62
USEFUL: bizbone.com ['/admin/', '/wp-login.php'] ['wordpress']
[batch 0] 1000/3000 useful=8 dead=72
USEFUL: bjlxj.com ['/admin/login.php', '/admin.php', '/login.php', '/admin/login.asp'] []
USEFUL: boroachina.com ['/admin/login.php', '/admin.php', '/login.php', '/admin/login.asp'] []
[batch 0] 1200/3000 useful=10 dead=79
USEFUL: bwgoil.com ['/admin/index.php', '/admin/', '/admin.php', '/user/login'] []
USEFUL: cardydony.com ['/admin/login.php', '/admin.php', '/login.php', '/admin/login.asp'] []
[batch 0] 1400/3000 useful=12 dead=91
USEFUL: chamin-collections.com ['/admin/index.php', '/admin/', '/login.php', '/wp-login.php'] ['wordpress']
USEFUL: chinastha.com ['/admin/login.php', '/admin/index.php', '/admin/', '/admin.php'] []
[batch 0] 1600/3000 useful=14 dead=104
USEFUL: cp20000.com ['/admin/', '/manage/', '/houtai/', '/dede/'] []
USEFUL: cnchida.com ['/admin/index.php', '/admin/'] []
[batch 0] 1800/3000 useful=16 dead=124
USEFUL: cwsd.net ['/login.php'] []
USEFUL: dachang.com.cn ['/manage/'] []
USEFUL: d8rr.com ['/admin/login.php', '/admin/index.php', '/admin/', '/admin/index.asp'] []
USEFUL: czblss.cn ['/admin/login.php', '/admin.php', '/login.php', '/admin/login.asp'] []
USEFUL: deepcon.com.cn ['/manage/'] []
USEFUL: dishijia.com ['/admin/login.php', '/admin/index.php', '/admin/', '/admin.php'] []
[batch 0] 2000/3000 useful=22 dead=147
USEFUL: dongxy.com ['/admin.php'] []
[batch 0] 2200/3000 useful=23 dead=169
USEFUL: fjjfzy.com ['/login.php'] []
[batch 0] 2400/3000 useful=24 dead=184
USEFUL: ftp.s1309.vhostgo.com ['/admin/login.php', '/admin/index.php', '/admin/', '/admin.php'] []
USEFUL: fyjmtl.com ['/manage/', '/admin/login.asp', '/admin/index.asp', '/houtai/'] []
USEFUL: gaiweichina.com ['/manage/'] []
USEFUL: gbgre.com ['/admin/index.php', '/admin/', '/login.php', '/wp-login.php'] ['wordpress']
USEFUL: globalsurgicalinnovations.com ['/admin.php', '/login.php', '/manage/', '/houtai/'] []
USEFUL: gnrchina.cn ['/login.php'] []
USEFUL: globall.cn ['/admin/login.php', '/admin.php', '/login.php', '/admin/login.asp'] []
USEFUL: goinglongblog.com ['/admin/index.php', '/admin/', '/login.php', '/wp-login.php'] ['thinkphp', 'wordpress']
USEFUL: goodfuse.com ['/admin/index.php', '/admin/', '/login.php', '/wp-login.php'] ['wordpress']
[batch 0] 2600/3000 useful=33 dead=216
USEFUL: gz-lihui.com ['/admin/login.php', '/admin.php', '/login.php', '/admin/login.asp'] []
USEFUL: hanansem.com ['/admin/'] []
[batch 0] 2800/3000 useful=35 dead=257
USEFUL: helivaaranen.com ['/admin/index.php', '/admin/', '/login.php', '/wp-login.php'] ['pbootcms', 'wordpress']
USEFUL: hotpicks2hit.com ['/admin/', '/manage/', '/houtai/', '/admin/login'] []
[batch 0] 3000/3000 useful=37 dead=301
[batch 0 done] useful=37 dead=301 alive=2662 | total_pool: usable=4190 dead=48139
[auto_filter] total=61761 todo=9432 (dead=48139 usable=4190)
USEFUL: jimabrand.com ['/admin/login.php', '/admin.php', '/login.php', '/admin/login.asp'] []
USEFUL: jmdyfls.com ['/admin/login.php', '/admin.php', '/login.php', '/admin/login.asp'] []
USEFUL: junlongfood.com ['/admin/login.php', '/admin.php', '/login.php', '/admin/login.asp'] []
USEFUL: kantsang.com ['/manage/'] []
USEFUL: kddfm.com ['/manage/', '/houtai/', '/dede/'] []
USEFUL: kayashiye.com ['/admin/login.php', '/admin/index.php', '/admin/'] ['dedecms']
[batch 1] 200/3000 useful=6 dead=41
USEFUL: ksltx.cn ['/admin/index.php', '/admin/', '/manage/', '/houtai/'] []
USEFUL: kshuanzheng.com ['/login.php'] []
USEFUL: leadal-tech.com ['/login.php'] []
USEFUL: leapmachine.com ['/admin/login.php', '/admin.php', '/login.php', '/admin/login.asp'] []
[batch 1] 400/3000 useful=10 dead=78
USEFUL: lidijx.com ['/admin/login.php', '/admin/index.php', '/admin/', '/admin.php'] []
[batch 1] 600/3000 useful=11 dead=107
[batch 1] 800/3000 useful=11 dead=137
[batch 1] 1000/3000 useful=11 dead=145
[batch 1] 1200/3000 useful=11 dead=166
USEFUL: mutianqz.com ['/admin/login.php', '/admin/index.php', '/admin/', '/admin.php'] []
[batch 1] 1400/3000 useful=12 dead=187
[batch 1] 1600/3000 useful=12 dead=211
USEFUL: npe-tech.com ['/manage/'] []
USEFUL: ntshtex.com ['/admin/login.php', '/admin.php', '/login.php', '/admin/login.asp'] []
USEFUL: nuiiicecream.com ['/admin/index.php', '/admin/', '/login.php', '/wp-login.php'] ['wordpress']
USEFUL: okayd.com.cn ['/admin/login.php', '/admin/index.php', '/admin/', '/admin.php'] []
USEFUL: ostersz.com ['/admin/login.php', '/admin/index.php', '/admin.php', '/login.php'] []
[batch 1] 1800/3000 useful=17 dead=235
USEFUL: pengjiebags.cn ['/admin/login.php', '/admin/index.php', '/admin/', '/admin.php'] []
[batch 1] 2000/3000 useful=18 dead=257
USEFUL: qfsj.com ['/user/login'] []
USEFUL: publicrisk.com ['/admin/'] ['wordpress']
USEFUL: qdcx.top ['/admin/', '/admin/login.asp', '/admin/index.asp'] []
USEFUL: qnmetal.com ['/admin/login.php', '/admin/index.php', '/admin/', '/admin.php'] []
[batch 1] 2200/3000 useful=22 dead=330
[batch 1] 2400/3000 useful=22 dead=340
[batch 1] 2600/3000 useful=22 dead=352
USEFUL: shqisheng.com ['/admin/login.asp', '/admin/index.asp', '/admin/login.aspx'] []
USEFUL: smartwe.com ['/admin.php', '/login.php'] []
USEFUL: smacon.cn ['/admin/login.php', '/admin.php', '/login.php', '/admin/login.asp'] []
USEFUL: smartchat.com.cn ['/admin/login.php', '/admin/index.php', '/admin/', '/admin.php'] []
[batch 1] 2800/3000 useful=26 dead=364
USEFUL: suzukijyuuken.com ['/login.php'] ['wordpress']
[batch 1] 3000/3000 useful=27 dead=378
[batch 1 done] useful=27 dead=378 alive=2595 | total_pool: usable=4217 dead=48517
[auto_filter] total=61761 todo=9027 (dead=48517 usable=4217)
USEFUL: trysic.com ['/admin/login.php', '/admin.php', '/login.php', '/admin/login.asp'] []
USEFUL: twzp.com ['/admin/login.php', '/admin/index.php', '/admin/'] []
USEFUL: txxinan.com ['/admin/', '/manage/', '/admin/login.asp', '/admin/index.asp'] []
[batch 2] 200/3000 useful=3 dead=38
USEFUL: uniquors.com ['/admin.php'] []
USEFUL: visint.com.cn ['/admin/'] []
[batch 2] 400/3000 useful=5 dead=66
USEFUL: waltrend.com ['/admin.php'] []
USEFUL: web.s1309.vhostgo.com ['/admin/login.php', '/admin/index.php', '/admin/', '/admin.php'] []
USEFUL: weldersworldwide.com ['/admin/index.asp'] []
USEFUL: weiyun2013.com ['/admin/login.php', '/admin/index.php', '/admin/index.asp', '/wp-login.php'] []
USEFUL: westonsci.com ['/admin.php', '/login.php'] []
[batch 2] 600/3000 useful=10 dead=88
[batch 2] 800/3000 useful=10 dead=104
[batch 2] 1000/3000 useful=10 dead=115
USEFUL: www.chamin-collections.com ['/admin/index.php', '/admin/', '/login.php', '/wp-login.php'] ['wordpress']
USEFUL: www.cngma.com ['/admin/login.php', '/admin/index.php', '/admin/', '/admin.php'] []
[batch 2] 1200/3000 useful=12 dead=129
[batch 2] 1400/3000 useful=12 dead=141
USEFUL: www.i-webcenters.com ['/admin/login.php', '/admin/index.php', '/admin.php', '/login.php'] []
[batch 2] 1600/3000 useful=13 dead=162
USEFUL: www.nuiiicecream.com ['/admin/index.php', '/admin/', '/login.php', '/wp-login.php'] ['wordpress']
[batch 2] 1800/3000 useful=14 dead=176
USEFUL: www.publicrisk.com ['/admin/'] ['wordpress']
USEFUL: www.scdx.net ['/admin/', '/admin/index.asp'] []
USEFUL: www.sh-temp.com ['/login.php'] []
[batch 2] 2000/3000 useful=17 dead=184
[batch 2] 2200/3000 useful=17 dead=195
USEFUL: www.uobtalent.com ['/user/login'] []
USEFUL: www.xpj09993.com ['/admin/', '/manage/', '/houtai/', '/dede/'] []
USEFUL: www.yb4544.com ['/admin/', '/manage/', '/houtai/', '/dede/'] []
[batch 2] 2400/3000 useful=20 dead=209
USEFUL: www.yxcarav.com ['/admin/login.php', '/admin/index.php'] []
USEFUL: wxgr.cn ['/admin/login.php', '/admin/index.php', '/admin/', '/admin.php'] []
USEFUL: xinganxf.com ['/admin/login.php', '/admin.php', '/login.php', '/admin/login.asp'] []
USEFUL: xinhengbicycle.com ['/admin/login.php', '/admin.php', '/admin/login.asp', '/admin/index.asp'] []
USEFUL: xpj09993.com ['/admin/', '/manage/', '/houtai/', '/dede/'] []
[batch 2] 2600/3000 useful=25 dead=237
USEFUL: xuanhuachina.com ['/admin/index.php', '/admin/', '/login.php', '/wp-login.php'] ['wordpress']
USEFUL: yb4544.com ['/admin/', '/manage/', '/houtai/', '/dede/'] []
USEFUL: yb1500.com ['/admin/', '/manage/', '/houtai/', '/dede/'] []
USEFUL: yh4966.com ['/admin/', '/manage/', '/houtai/', '/dede/'] []
USEFUL: yitaowenhua.com ['/admin/login.php', '/admin/index.php', '/admin/', '/admin/login'] ['wordpress']
[batch 2] 2800/3000 useful=30 dead=261
[batch 2] 3000/3000 useful=30 dead=295
[batch 2 done] useful=30 dead=295 alive=2675 | total_pool: usable=4247 dead=48812
[auto_filter] total=61761 todo=8702 (dead=48812 usable=4247)
[auto_filter] batch empty, all done
[auto_filter] total=61761 todo=8702 (dead=48812 usable=4247)
[auto_filter] batch empty, all done
[auto_filter] total=61761 todo=8702 (dead=48812 usable=4247)
[auto_filter] batch empty, all done
[auto_filter] total=61761 todo=8702 (dead=48812 usable=4247)
[auto_filter] batch empty, all done
[auto_filter] total=61761 todo=8702 (dead=48812 usable=4247)
[auto_filter] batch empty, all done
[auto_filter] total=61761 todo=8702 (dead=48812 usable=4247)
[auto_filter] batch empty, all done
[auto_filter] total=61761 todo=8702 (dead=48812 usable=4247)
[auto_filter] batch empty, all done
[auto_filter] total=61761 todo=8702 (dead=48812 usable=4247)
[auto_filter] batch empty, all done
[auto_filter] total=61761 todo=8702 (dead=48812 usable=4247)
[auto_filter] batch empty, all done
[auto_filter] total=61761 todo=8702 (dead=48812 usable=4247)
[auto_filter] batch empty, all done
[auto_filter] total=61761 todo=8702 (dead=48812 usable=4247)
[auto_filter] batch empty, all done
[auto_filter] total=61761 todo=8702 (dead=48812 usable=4247)
[auto_filter] batch empty, all done
[auto_filter] total=61761 todo=8702 (dead=48812 usable=4247)
[auto_filter] batch empty, all done
[auto_filter] total=61761 todo=8702 (dead=48812 usable=4247)
[auto_filter] batch empty, all done
[auto_filter] total=61761 todo=8702 (dead=48812 usable=4247)
[auto_filter] batch empty, all done
[auto_filter] total=61761 todo=8702 (dead=48812 usable=4247)
[auto_filter] batch empty, all done
[auto_filter] total=61761 todo=8702 (dead=48812 usable=4247)
[auto_filter] batch empty, all done
[auto_filter] total=61761 todo=8702 (dead=48812 usable=4247)
[batch 0] 200/3000 useful=0 dead=8
[batch 0] 400/3000 useful=0 dead=15
[batch 0] 600/3000 useful=0 dead=24
[batch 0] 800/3000 useful=0 dead=33
USEFUL: bijie.qgggw.com ['/admin/', '/manage/', '/houtai/', '/dede/'] []
[batch 0] 1000/3000 useful=1 dead=36
[batch 0] 1200/3000 useful=1 dead=43
USEFUL: chang-dong.cn ['/admin/login.php', '/admin/index.php', '/admin/', '/admin.php'] []
[batch 0] 1400/3000 useful=2 dead=53
USEFUL: cn-sem.cn ['/admin/login.php', '/admin/index.php', '/admin/', '/admin.php'] []
[batch 0] 1600/3000 useful=3 dead=54
[batch 0] 1800/3000 useful=3 dead=56
USEFUL: dongbeixinmi.com ['/manage/', '/admin/login.asp', '/houtai/'] []
[batch 0] 2000/3000 useful=4 dead=66
[batch 0] 2200/3000 useful=4 dead=67
[batch 0] 2400/3000 useful=4 dead=70
[batch 0] 2600/3000 useful=4 dead=70
USEFUL: hsdq.net ['/admin/'] []
USEFUL: huayong.net ['/wp-login.php'] []
USEFUL: ibustan.com ['/login.php', '/wp-login.php'] []
[batch 0] 2800/3000 useful=7 dead=100
USEFUL: isosqtgroup.com ['/admin/index.php', '/admin/'] []
USEFUL: jdfsmart.com ['/admin/login.php', '/admin.php', '/login.php', '/admin/login.asp'] []
USEFUL: jcm-ck.com ['/admin.php', '/login.php', '/manage/', '/wp-login.php'] []
[batch 0] 3000/3000 useful=10 dead=131
[batch 0 done] useful=10 dead=131 alive=2859 | total_pool: usable=4257 dead=48943
[auto_filter] total=61761 todo=8561 (dead=48943 usable=4257)
[batch 1] 200/3000 useful=0 dead=1
[batch 1] 400/3000 useful=0 dead=8
