
     
      
               
!!!!!!
!"£$%^
!"£$%^&*()
!@#$%
!@#$%^
!@#$%^&
!@#$%^&*
!@#$%^&*(
!@#$%^&*()
!QAZ1qaz
!QAZ2wsx
!QAZxsw2
!QAZzaq1
######
#1BITCH
#1angel
#1baby
#1babygirl
#1babygurl
#1baller
#1bitch
#1brat
#1chick
#1cutie
#1daddy
#1dancer
#1diva
#1girl
#1gurl
#1hottie
#1love
#1lover
#1mommy
#1monkey
#1nigga
#1pimp
#1player
#1princess
#1sexy
#1shorty
#1star
#1stunna
#1wifey
$$$$$$
$money
$money$
$uperman
&hearts
&hearts;
*****
******
*******
********
*********
**********
*angel*
*bitch*
*chocolate*
*iloveyou*
*love*
*password*
*pink*
*princess*
*star*
++++++
------
.....
......
.......
........
..........
/.,mnb
/.,mnbvcxz
//////
0.0.0.
0000
00000
000000
0000000
00000000
000000000
0000000000
00000000000
000000000000
000000000000000
0000000001
00000001
00000007
00000008
0000001
0000007
000000a
000001
000002
000003
000004
000005
000006
000007
000008
000009
00000a
00001
000010
000011
00001111
000012
00001234
000013
000014
000015
000016
000017
000018
000019
00002
000021
000022
000023
000024
000026
000027
000028
00005
000069
00007
00008
00009
0001000
000111
000111222
00012
000123
000143
000222
000333
000420
000555
000619
000666
000777
000786
000888
000999
00100
001001
001002
001002003
001007
001100
00110011
001122
00112233
0011223344
001123
00114477
001200
00123
001234
00123456
00123456789
001300
001800
001905
001972
001973
001974
001975
001976
001977
001978
001979
001980
001981
001982
001983
001984
001985
001986
001987
001988
001989
001990
001991
001992
001993
001994
001995
001996
002002
002100
002200
002233
002300
002500
002516
002524
002525
002526
002528
002529
003300
005005
006900
006969
007007
007007007
007008
007123
007700
007bond
008008
008800
009009
009900
009988
00998877
010010
010012
01010
010100
010101
01010101
010102
010103
010104
010105
010106
010107
010108
010109
01011981
01011983
01011984
01011985
01011986
01011987
01011988
01011989
01011990
01011991
01011992
01012006
01012007
01012008
010176
010177
010178
010179
010180
010181
010182
010183
010184
010185
010186
010187
010188
010189
010190
010191
010192
010193
010194
010195
010196
010197
010198
010199
010200
010201
01020102
010202
010203
0102030
01020304
0102030405
010203040506
010203040506070809
010204
010205
010206
010207
010208
010209
01021985
01021986
01021987
01021988
01021989
01021990
01021991
01021992
01021993
010278
010279
010280
010281
010282
010283
010284
010285
010286
010287
010288
010289
010290
010291
010292
010293
010294
010295
010296
010297
010301
010302
010303
010304
010305
010306
010307
010308
010309
01031985
01031986
01031987
01031988
01031989
01031990
01031991
01031992
01031994
010378
010379
010380
010381
010382
010383
010384
010385
010386
010387
010388
010389
010390
010391
010392
010393
010394
010395
010396
010397
010400
010402
010403
010404
010405
010406
010407
010408
010409
01041985
01041986
01041987
01041988
01041989
01041990
01041991
01041992
01041993
01041994
010477
010478
010479
010480
010481
010482
010483
010484
010485
010486
010487
010488
010489
010490
010491
010492
010493
010494
010495
010496
010497
010501
010502
010503
010504
010505
010506
010507
010508
010509
01051984
01051986
01051987
01051988
01051989
01051990
01051991
01051992
01051993
010577
010579
010580
010581
010582
010583
010584
010585
010586
010587
010588
010589
010590
010591
010592
010593
010594
010595
010596
010601
010602
010603
010604
010605
010606
010607
010608
010609
01061985
01061987
01061988
01061990
01061992
010678
010679
010680
010681
010682
010683
010684
010685
010686
010687
010688
010689
010690
010691
010692
010693
010694
010695
010696
010701
010704
010705
010706
010707
010708
010709
01071983
01071985
01071986
01071987
01071988
01071989
01071990
01071991
01071992
01071993
010780
010781
010782
010783
010784
010785
010786
010787
010788
010789
010790
010791
010792
010793
010794
010795
010796
010797
010800
010801
010803
010804
010805
010806
010807
010808
010809
01081986
01081988
01081989
01081990
01081991
01081992
01081993
01081995
010877
010879
010880
010881
010882
010883
010884
010885
010886
010887
010888
010889
010890
010891
010892
010893
010894
010895
010896
010901
010903
010904
010905
010906
010907
010908
01091986
01091987
01091988
01091989
01091990
01091991
01091992
01091993
01091995
01092007
010979
010981
010982
010983
010984
010985
010986
010987
010988
010989
010990
010991
010992
010993
010994
010995
010996
011001
011002
011003
011004
011005
011006
011007
011008
011011
01101984
01101985
01101986
01101987
01101989
01101990
01101991
01101993
011077
011078
011079
011080
011081
011082
011083
011084
011085
011086
011087
011088
011089
011090
011091
011092
011093
011094
011095
011096
011101
011102
011103
011105
011106
011107
011108
011111
01111990
01111992
011180
011181
011182
011183
011184
011185
011186
011187
011188
011189
011190
011191
011192
011193
011194
011195
011201
011202
011203
011204
011205
011206
011207
011208
01121985
01121986
01121987
01121989
01121992
011279
011280
011281
011282
011283
011284
011285
011286
011287
011288
011289
011290
011291
011292
011293
011294
011295
011296
011306
011307
011381
011386
011387
011388
011389
011390
011391
011392
011393
011404
011405
011406
011407
011408
011483
011485
011486
011487
011488
011489
011490
011491
011492
011494
011495
011496
011504
011505
011506
011507
011579
011580
011581
011582
011584
011585
011586
011587
011588
011589
011590
011591
011592
011593
011594
011596
011604
011606
011607
011679
011681
011682
011683
011684
011685
011686
011687
011688
011689
011690
011691
011692
011693
011695
011703
011704
011705
011706
011707
011783
011784
011785
011786
011787
011788
011789
011790
011791
011792
011793
011794
011804
011806
011807
011808
011882
011883
011884
011885
011886
011887
011888
011889
011890
011891
011892
011893
011894
011895
011896
011903
011905
011906
011907
011908
011975
011976
011977
011978
011979
011980
011981
011982
011983
011984
011985
011986
011987
011988
011989
011990
011991
011992
011993
011994
011995
011996
012001
012004
012005
012006
012007
012008
012009
012012
012012012
012081
012083
012086
012087
012088
012089
012090
012091
012092
012093
012094
012100
012101
012103
012104
012105
012106
012107
012108
012109
012177
012179
012180
012182
012184
012185
012186
012187
012188
012189
012190
012191
012192
012193
012194
012195
012201
012204
012205
012206
012207
012208
012282
012283
012284
012285
012286
012287
012288
012289
012290
012291
012292
012293
012294
01230
012300
01230123
012303
012304
012305
012306
012307
012308
0123123
01233210
01234
012345
0123456
01234560
01234567
012345678
0123456789
01234567890
012345678910
01236
012365
0123654
0123654789
012369
0123698745
012379
012382
012383
012384
012385
012386
012387
012388
012389
012390
012391
012392
012393
012394
012396
012403
012404
012405
012406
012407
012478
012480
012481
012482
012483
012484
012485
012486
012487
012488
012489
012490
012491
012492
012493
012494
012495
012496
012504
012505
012506
012507
012508
012569
012579
012580
012582
012583
012584
012585
012586
012587
012588
012589
012590
012591
012592
012593
012594
012595
012596
012602
012604
012605
012606
012607
012608
012678
012682
012683
012684
012685
012686
012687
012688
012689
012690
012691
012692
012693
012694
012701
012704
012705
012706
012707
012708
012781
012782
012784
012785
012786
012787
012788
012789
012790
012791
012792
012793
012794
012795
012803
012805
012806
012807
012808
012880
012882
012883
012884
012885
012886
012887
012888
012889
012890
012891
012892
012893
012894
012905
012906
012907
012980
012981
012985
012986
012987
012988
012989
012990
012991
012992
012993
013006
013013
013084
013085
013086
013087
013088
013089
013090
013091
013092
013093
013104
013181
013182
013183
013184
013185
013186
013187
013188
013189
013190
013191
013192
013193
013195
013579
014344
014402785
01470147
01470258
014702580369
0147258
0147258369
01477410
01478
014785
0147852
01478520
0147852369
014789
01478963
0147896325
0159753
016016
019283
0192837465
01love
020102
020103
020104
020105
020106
020107
020108
02011987
02011989
02011990
02011991
02011992
02011993
020180
020181
020182
020183
020184
020185
020186
020187
020188
020189
020190
020191
020192
020193
020194
020195
020196
020202
02020202
020203
020204
020205
020206
020207
020208
020209
02021985
02021986
02021987
02021988
02021989
02021990
02021991
02021992
02021993
02021994
02022002
020276
020277
020278
020279
020280
020281
020282
020283
020284
020285
020286
020287
020288
020289
020290
020291
020292
020293
020294
020295
020296
020298
020301
020302
020303
020304
020305
020306
020307
020308
02031983
02031987
02031988
02031989
02031990
02031991
02031992
02031993
02031994
020378
020379
020380
020381
020382
020383
020384
020385
020386
020387
020388
020389
020390
020391
020392
020393
020394
020395
020396
020397
020399
020402
020404
020405
020406
020407
020408
020409
02041985
02041986
02041987
02041988
02041989
02041990
02041991
02041992
02041993
02041994
020478
020479
020480
020481
020482
020483
020484
020485
020486
020487
020488
020489
020490
020491
020492
020493
020494
020495
020496
020497
020501
020502
020503
020504
020505
020506
020507
020508
020509
02051985
02051987
02051988
02051989
02051990
02051991
02051992
02051993
02051994
020575
020578
020579
020580
020581
020582
020583
020584
020585
020586
020587
020588
020589
020590
020591
020592
020593
020594
020595
020596
020600
020601
020602
020603
020604
020605
020606
020607
020608
020609
02061984
02061985
02061986
02061987
02061988
02061989
02061990
02061991
02061992
02061993
02061994
020677
020680
020681
020682
020683
020684
020685
020686
020687
020688
020689
020690
020691
020692
020693
020694
020695
020696
020697
020698
020702
020703
020704
020705
020706
020707
020708
020709
02071987
02071988
02071989
02071990
02071991
02071992
02071993
020778
020780
020781
020782
020783
020784
020785
020786
020787
020788
020789
020790
020791
020792
020793
020794
020795
020796
020797
020801
020802
020803
020804
020805
020806
020807
020808
020809
02081984
02081986
02081987
02081988
02081989
02081990
02081991
02081992
02081993
02081994
02081995
020877
020879
020880
020881
020882
020883
020884
020885
020886
020887
020888
020889
020890
020891
020892
020893
020894
020895
020896
020902
020903
020904
020905
020906
020907
020908
02091985
02091986
02091988
02091991
02091992
02091993
020978
020979
020980
020981
020982
020983
020984
020985
020986
020987
020988
020989
020990
020991
020992
020993
020994
020995
020996
021002
021003
021004
021005
021006
021007
021008
02101984
02101985
02101986
02101987
02101988
02101989
02101990
02101991
02101992
02101993
02101994
021021
021076
021078
021079
021080
021081
021082
021083
021084
021085
021086
021087
021088
021089
021090
021091
021092
021093
021094
021095
021096
021097
021098
021102
021103
021104
021105
021106
021107
021108
021109
02111987
02111988
02111989
02111990
021177
021178
021179
021180
021181
021182
021183
021184
021185
021186
021187
021188
021189
021190
021191
021192
021193
021194
021195
021196
021197
021198
021200
021202
02120212
021203
021204
021205
021206
021207
021208
02121985
02121986
02121987
02121988
02121990
02121991
02121992
02121993
02121994
021229
021278
021279
021280
021281
021282
021283
021284
021285
021286
021287
021288
021289
021290
021291
021292
021293
021294
021295
021296
021303
021304
021305
021306
021307
021378
021381
021382
021383
021384
021385
021386
021387
021388
021389
021390
021391
021392
021396
021400
021401
021402
02140214
021403
021404
021405
021406
021407
021408
021409
021477
021478
021479
021481
021482
021483
021484
021485
021486
021487
021488
021489
021490
021491
021492
021493
021494
021495
021496
021497
021498
021503
021504
021505
021506
021507
021508
021509
021580
021581
021583
021584
021585
021586
021587
021588
021589
021590
021591
021592
021593
021594
021595
021601
021602
021604
021605
021606
021607
021608
021679
021680
021681
021682
021683
021684
021685
021686
021687
021688
021689
021690
021691
021692
021693
021694
021695
021705
021706
021707
021708
021780
021782
021783
021784
021785
021786
021787
021788
021789
021790
021791
021792
021793
021794
021796
021803
021804
021805
021806
021807
021808
021881
021882
021883
021884
021885
021886
021887
021888
021889
021890
021891
021892
021893
021894
021895
021900
021904
021905
021906
021907
021974
021975
021976
021977
021978
021979
021980
021981
021982
021983
021984
021985
021986
021987
021988
021989
021990
021991
021992
021993
021994
021995
021996
022002
022004
022005
022006
022007
022008
022080
022082
022083
022084
022085
022086
022087
022088
022089
022090
022091
022092
022103
022104
022105
022106
022107
022181
022183
022184
022185
022186
022187
022188
022189
022190
022191
022192
022193
022194
022202
022205
022206
022207
022282
022284
022285
022286
022287
022288
022289
022290
022291
022292
022294
022300
022302
022303
022304
022305
022306
022307
022308
022382
022383
022384
022385
022386
022387
022388
022389
022390
022391
022392
022393
022404
022405
022406
022407
022408
022477
022482
022483
022484
022485
022486
022487
022488
022489
022490
022491
022492
022493
022494
022495
022502
022503
022505
022506
022507
022508
022583
022584
022585
022586
022587
022588
022589
022590
022591
022592
022594
022595
022604
022605
022606
022607
022608
022678
022682
022683
022684
022685
022686
022687
022688
022689
022690
022691
022692
022693
022694
022704
022705
022706
022707
022708
022783
022784
022785
022786
022787
022788
022789
022790
022791
022792
022793
022796
022802
022803
022804
022805
022806
022807
022808
022880
022882
022884
022885
022886
022887
022888
022889
022890
022891
022892
022896
022908
022988
022992
023023
023536333
02468
024680
0246810
02580258
02588520
025896
0258963
030102
030103
030104
030105
030106
030107
030108
030109
03011989
03011990
03011994
030177
030178
030181
030182
030183
030184
030185
030186
030187
030188
030189
030190
030191
030192
030193
030194
030195
030196
030197
030201
030202
030203
030204
030205
030206
030207
030208
03021984
03021990
03021991
03021992
03021993
030281
030282
030283
030284
030285
030286
030287
030288
030289
030290
030291
030292
030293
030294
030295
030296
030302
030303
03030303
030304
030305
030306
030307
030308
030309
03031985
03031986
03031987
03031988
03031989
03031990
03031991
03031992
03031993
03031995
030378
030379
030380
030381
030382
030383
030384
030385
030386
030387
030388
030389
030390
030391
030392
030393
030394
030395
030396
030397
030399
030400
030403
030404
030405
030406
030407
030408
03041986
03041987
03041989
03041990
03041991
03041992
030480
030481
030482
030483
030484
030485
030486
030487
030488
030489
030490
030491
030492
030493
030494
030495
030496
030497
030502
030503
030504
030505
030506
030507
030508
030509
03051987
03051988
03051989
03051990
03051992
03051993
030577
030578
030579
030580
030581
030582
030583
030584
030585
030586
030587
030588
030589
030590
030591
030592
030593
030594
030595
030596
030597
030600
030601
030602
030603
030604
030605
030606
030607
030608
030609
03061985
03061986
03061987
03061988
03061990
03061991
03061992
03061993
03061994
030677
030679
030680
030681
030682
030683
030684
030685
030686
030687
030688
030689
030690
030691
030692
030693
030694
030695
030696
030697
030699
030703
030704
030705
030706
030707
030708
030709
03071986
03071988
03071989
03071990
03071991
030779
030780
030781
030782
030783
030784
030785
030786
030787
030788
030789
030790
030791
030792
030793
030794
030795
030796
030797
030801
030802
030803
030804
030805
030806
030807
030808
030809
03081984
03081986
03081987
03081989
03081990
03081991
03081992
03081993
03081994
03081996
030880
030881
030882
030883
030884
030885
030886
030887
030888
030889
030890
030891
030892
030893
030894
030895
030896
030897
030900
030901
030902
030903
030904
030905
030906
030907
030908
03091984
03091985
03091986
03091987
03091988
03091989
03091990
03091991
03091992
03091994
030974
030979
030980
030981
030982
030983
030984
030985
030986
030987
030988
030989
030990
030991
030992
030993
030994
030995
030996
031001
031003
031004
031005
031006
031007
031008
03101984
03101985
03101986
03101987
03101988
03101989
03101990
03101991
031078
031079
031080
031081
031082
031083
031084
031085
031086
031087
031088
031089
031090
031091
031092
031093
031094
031095
031096
031098
031100
031102
031103
03110311
031104
031105
031106
031107
031108
03111989
03111991
03112007
031177
031178
031179
031180
031181
031182
031183
031184
031185
031186
031187
031188
031189
031190
031191
031192
031193
031194
031195
031196
031197
031199
031202
031203
031204
031205
031206
031207
031208
03121987
03121988
03121989
03121990
03121991
03121992
03121994
031276
031277
031278
031279
031280
031281
031282
031283
031284
031285
031286
031287
031288
031289
031290
031291
031292
031293
031294
031295
031296
031297
031303
031304
031305
031306
031307
031381
031382
031383
031384
031385
031386
031387
031388
031389
031390
031391
031392
031393
031403
031404
031405
031406
031407
031408
031479
031481
031483
031484
031485
031486
031487
031488
031489
031490
031491
031492
031503
031504
031505
031506
031507
031579
031580
031583
031584
031585
031586
031587
031588
031589
031590
031591
031592
031593
031594
031595
031596
031602
031604
031605
031606
031607
031682
031683
031684
031685
031686
031687
031688
031689
031690
031691
031692
031693
031694
031703
031704
031705
031706
031707
031708
031781
031782
031783
031784
031785
031786
031787
031788
031789
031790
031791
031792
031794
031795
031802
031804
031805
031806
031807
031808
031881
031883
031884
031885
031886
031887
031888
031889
031890
031891
031892
031893
031894
031903
031904
031905
031906
031907
031908
031976
031977
031978
031979
031980
031981
031982
031983
031984
031985
031986
031987
031988
031989
031990
031991
031992
031993
031994
031995
031996
031997
032003
032004
032005
032006
032007
032008
032009
032081
032082
032084
032085
032086
032087
032088
032089
032090
032091
032092
032093
032099
032103
032104
032105
032106
032107
0321654987
032180
032181
032182
032183
032184
032185
032186
032187
032188
032189
032190
032191
032192
032193
032203
032205
032206
032207
032208
032209
032281
032282
032283
032284
032285
032286
032287
032288
032289
032290
032291
032292
032293
032295
032302
032303
032304
032305
032306
032307
032308
032380
032382
032383
032384
032385
032386
032387
032388
032389
032390
032391
032392
032393
032394
032395
032396
032403
032404
032405
032406
032407
032480
032481
032482
032483
032484
032485
032486
032487
032488
032489
032490
032491
032492
032493
032494
032495
032502
032503
032504
032505
032506
032507
032581
032582
032583
032584
032585
032586
032588
032589
032590
032591
032592
032593
032594
032603
032604
032605
032606
032607
032608
032680
032681
032682
032684
032685
032686
032687
032688
032689
032690
032691
032692
032693
032694
032704
032705
032706
032707
032708
032780
032781
032782
032783
032784
032785
032786
032787
032788
032789
032790
032791
032792
032804
032805
032806
032807
032878
032882
032883
032884
032886
032887
032888
032889
032890
032891
032892
032893
032894
032895
032898
032903
032904
032905
032906
032908
032982
032984
032985
032986
032987
032988
032989
032990
032991
032992
032993
032994
032995
033003
033007
033008
033079
033081
033083
033084
033085
033086
033087
033088
033089
033090
033091
033092
033093
033094
033095
033180
033184
033186
033187
033188
033189
033190
033191
033192
033193
033195
0385985
03kids
040102
040103
040104
040105
040106
040107
040108
040109
04011989
04011990
04011991
04011994
040181
040182
040183
040184
040185
040186
040187
040188
040189
040190
040191
040192
040193
040194
040195
040196
040202
040203
040204
040205
040206
040207
040208
040209
04021988
04021989
04021990
04021991
040279
040280
040281
040282
040283
040284
040285
040286
040287
040288
040289
040290
040291
040292
040293
040294
040295
040296
040302
040303
040304
040305
040306
040307
040308
04031988
04031989
04031993
040381
040382
040383
040384
040385
040386
040387
040388
040389
040390
040391
040392
040393
040394
040395
040396
040401
040403
040404
04040404
040405
040406
040407
040408
040409
04041985
04041986
04041987
04041988
04041989
04041990
04041991
04041992
04041994
04041995
040478
040479
040480
040481
040482
040483
040484
040485
040486
040487
040488
040489
040490
040491
040492
040493
040494
040495
040496
040498
040501
040502
040503
040504
040505
040506
040507
040508
040509
04051984
04051985
04051987
04051988
04051989
04051990
04051991
04051992
04051993
040580
040581
040582
040583
040584
040585
040586
040587
040588
040589
040590
040591
040592
040593
040594
040595
040596
040597
040602
040603
040604
040605
040606
040607
040608
040609
04061986
04061987
04061989
04061991
04061992
04061993
040678
040679
040680
040681
040682
040683
040684
040685
040686
040687
040688
040689
040690
040691
040692
040693
040694
040695
040696
040701
040702
040704
040705
040706
040707
040708
040709
04071987
04071988
04071989
04071990
04071991
040779
040780
040781
040782
040783
040784
040785
040786
040787
040788
040789
040790
040791
040792
040793
040794
040795
040797
040800
040801
040802
040803
040804
040805
040806
040807
040808
040809
04081986
04081987
04081988
04081990
04081992
04081993
040879
040880
040881
040882
040883
040884
040885
040886
040887
040888
040889
040890
040891
040892
040893
040894
040895
040896
040897
040902
040903
040904
040905
040906
040907
040908
04091986
04091989
04091990
04091991
040977
040978
040979
040981
040982
040983
040984
040985
040986
040987
040988
040989
040990
040991
040992
040993
040994
040995
040996
041002
041004
041005
041006
041007
041008
04101987
04101988
04101989
04101990
04101991
041031
041078
041080
041081
041082
041083
041084
041085
041086
041087
041088
041089
041090
041091
041092
041093
041094
041095
041096
041099
041102
041103
041104
041105
041106
041107
041108
04111985
04111989
04111991
041179
041180
041181
041182
041183
041184
041185
041186
041187
041188
041189
041190
041191
041192
041193
041194
041195
041196
041197
041200
041201
041202
041203
041204
041205
041206
041207
041208
04121985
04121986
04121987
04121989
04121990
04121991
04121992
041278
041279
041280
041281
041282
041283
041284
041285
041286
041287
041288
041289
041290
041291
041292
041293
041294
041295
041296
041297
041299
041304
041306
041307
041380
041382
041383
041384
041385
041386
041387
041388
041389
041390
041391
041392
041393
041394
041396
041404
041405
041406
041407
041481
041482
041483
041484
041485
041486
041487
041488
041489
041490
041491
041492
041494
041504
041506
041507
041508
041579
041580
041581
041582
041583
041584
041585
041586
041587
041588
041589
041590
041591
041592
041593
041596
041604
041605
041606
041607
041608
041680
041682
041683
041684
041685
041686
041687
041688
041689
041690
041691
041692
041693
041694
041695
041704
041706
041707
041708
041783
041784
041785
041786
041787
041788
041789
041790
041791
041792
041793
041794
041804
041805
041806
041807
041808
041880
041883
041885
041886
041887
041888
041889
041890
041891
041892
041893
041894
041895
041896
041898
041903
041906
041907
041908
041975
041976
041977
041978
041979
041980
041981
041982
041983
041984
041985
041986
041987
041988
041989
041990
041991
041992
041993
041994
041995
041996
041997
042002
042003
042004
04200420
042005
042006
042007
042008
042078
042082
042083
042084
042085
042086
042087
042088
042089
042090
042091
042092
042093
042101
042103
042104
042105
042106
042107
042108
042181
042183
042184
042185
042186
042187
042188
042189
042190
042191
042192
042193
042194
042195
042204
042205
042206
042207
042208
042280
042282
042283
042284
042285
042286
042287
042288
042289
042290
042291
042292
042293
042294
042295
042304
042305
042306
042307
042378
042381
042383
042384
042385
042386
042387
042388
042389
042390
042391
042392
042393
042404
042405
042406
042407
042408
042484
042485
042486
042487
042488
042489
042490
042491
042492
042493
042494
042506
042507
042583
042584
042585
042586
042587
042588
042589
042590
042591
042592
042593
042595
042603
042605
042606
042607
042681
042682
042683
042684
042685
042686
042687
042688
042689
042690
042691
042692
042693
042694
042695
042696
042702
042703
042706
042707
042708
042781
042784
042785
042786
042787
042788
042789
042790
042791
042792
042793
042794
042801
042803
042804
042805
042806
042807
042808
042879
042881
042882
042883
042884
042885
042886
042887
042888
042889
042890
042891
042892
042893
042895
042896
042900
042904
042905
042906
042907
042982
042983
042984
042985
042986
042987
042988
042989
042990
042991
042992
042993
042994
043005
043006
043007
043083
043085
043086
043087
043088
043089
043090
043091
043092
043093
050102
050104
050105
050106
050107
050108
05011986
05011987
05011989
05011990
05011991
05011993
050180
050181
050182
050183
050184
050185
050186
050187
050188
050189
050190
050191
050192
050193
050194
050195
050196
050203
050204
050205
050206
050207
050208
05021985
05021988
05021991
05021992
05021993
050279
050281
050282
050283
050284
050285
050286
050287
050288
050289
050290
050291
050292
050293
050294
050295
050296
050303
050304
050305
050306
050307
050308
05031987
05031988
05031989
05031990
05031991
05031993
050378
050380
050381
050382
050383
050384
050385
050386
050387
050388
050389
050390
050391
050392
050393
050394
050395
050396
050399
050402
050403
050404
050405
050406
050407
050408
05041988
05041989
05041990
05041993
050481
050482
050483
050484
050485
050486
050487
050488
050489
050490
050491
050492
050493
050494
050495
050496
050500
050501
050502
050503
050504
050505
05050505
050506
050507
050508
050509
05051985
05051986
05051987
05051988
05051989
05051990
05051991
05051993
05051994
05052005
050575
050578
050579
050580
050581
050582
050583
050584
050585
050586
050587
050588
050589
050590
050591
050592
050593
050594
050595
050596
050597
050600
050602
050603
050604
050605
050606
050607
050608
050609
05061985
05061986
05061987
05061988
05061989
05061990
05061991
05061992
050679
050680
050681
050682
050683
050684
050685
050686
050687
050688
050689
050690
050691
050692
050693
050694
050695
050696
050703
050704
050705
050706
050707
050708
050709
05071988
05071989
05071992
050780
050781
050782
050783
050784
050785
050786
050787
050788
050789
050790
050791
050792
050793
050794
050795
050796
050802
050803
050804
050805
050806
050807
050808
050809
05081987
05081989
05081990
05081991
05081992
05081994
050878
050879
050880
050881
050882
050883
050884
050885
050886
050887
050888
050889
050890
050891
050892
050893
050894
050895
050896
050898
050902
050903
050904
050905
050906
050907
050908
05091984
05091986
05091989
05091990
05091991
05091994
050978
050979
050980
050981
050982
050983
050984
050985
050986
050987
050988
050989
050990
050991
050992
050993
050994
050995
050996
051004
051005
051006
051007
051008
05101985
05101987
05101988
05101989
05101990
05101991
05101993
051079
051080
051081
051082
051083
051084
051085
051086
051087
051088
051089
051090
051091
051092
051093
051094
051095
051096
051100
051102
051103
051104
051105
051106
051107
051108
05111986
05111987
05111993
051177
051179
051180
051181
051182
051183
051184
051185
051186
051187
051188
051189
051190
051191
051192
051193
051194
051195
051196
051200
051201
051202
051203
051204
051205
051206
051207
051208
05121983
05121986
05121987
05121988
05121989
05121990
05121991
05121992
05121993
051276
051277
051278
051279
051280
051281
051282
051283
051284
051285
051286
051287
051288
051289
051290
051291
051292
051293
051294
051295
051296
051305
051306
051307
051382
051383
051384
051385
051386
051387
051388
051389
051390
051391
051392
051393
051394
051402
051403
051404
051405
051406
051407
051408
051479
051480
051482
051483
051484
051485
051486
051487
051488
051489
051490
051491
051492
051493
051495
051496
051497
051503
051504
051505
051506
051507
051509
051580
051581
051584
051585
051586
051587
051588
051589
051590
051591
051592
051593
051595
051599
051605
051606
051607
051680
051683
051684
051685
051686
051687
051688
051689
051690
051691
051692
051693
051695
051703
051705
051706
051707
051708
051782
051783
051784
051785
051786
051787
051788
051789
051790
051791
051792
051793
051801
051802
051803
051805
051806
051807
051881
051883
051884
051886
051887
051888
051889
051890
051891
051892
051893
051894
051896
051901
051904
051905
051906
051907
051976
051977
051978
051979
051980
051981
051982
051983
051984
051985
051986
051987
051988
051989
051990
051991
051992
051993
051994
051995
051996
051997
052003
052004
052005
052006
052007
052008
052081
052083
052084
052085
052086
052087
052088
052089
052090
052091
052092
052093
052094
052103
052104
052105
052106
052107
052108
052181
052182
052183
052184
052185
052186
052187
052188
052189
052190
052191
052192
052193
052194
052202
052204
052205
052206
052207
052279
052284
052285
052286
052287
052288
052289
052290
052291
052292
052293
052294
052299
052303
052305
052306
052307
052378
052382
052383
052384
052385
052386
052387
052388
052389
052390
052391
052392
052393
052394
052395
052403
052405
052406
052407
052408
052478
052480
052481
052483
052484
052485
052486
052487
052488
052489
052490
052491
052492
052493
052494
052495
052497
052501
052502
052503
052505
052506
052507
052508
052579
052582
052584
052585
052586
052587
052588
052589
052590
052591
052592
052593
052594
052595
052596
052601
052603
052604
052605
052606
052607
052608
052678
052680
052682
052683
052684
052685
052686
052687
052688
052689
052690
052691
052692
052693
052700
052703
052705
052706
052707
052780
052783
052784
052785
052786
052787
052788
052789
052790
052791
052792
052793
052794
052804
052805
052806
052807
052808
052880
052882
052884
052885
052886
052887
052888
052889
052890
052891
052892
052893
052894
052904
052905
052906
052907
052983
052984
052985
052986
052987
052988
052989
052990
052991
052992
052993
053006
053079
053084
053085
053086
053087
053088
053089
053090
053091
053092
053103
053105
053178
053184
053185
053186
053187
053188
053189
053190
053191
053192
053193
053195
05mustang
060101
060102
060103
060104
060105
060106
060107
060108
06011987
06011990
060179
060180
060181
060182
060183
060184
060185
060186
060187
060188
060189
060190
060191
060192
060193
060194
060195
060196
060197
060201
060202
060203
060204
060205
060206
060207
060208
06021985
06021986
06021987
06021988
06021989
06021990
06021992
060279
060280
060281
060282
060283
060284
060285
060286
060287
060288
060289
060290
060291
060292
060293
060294
060295
060296
060300
060303
060304
060305
060306
060307
060308
060309
06031985
06031990
06031991
06031992
06031994
060379
060380
060381
060382
060383
060384
060385
060386
060387
060388
060389
060390
060391
060392
060393
060394
060395
060402
060403
060404
060405
060406
060407
060408
06041987
06041988
06041989
06041990
06041992
060480
060481
060482
060483
060484
060485
060486
060487
060488
060489
060490
060491
060492
060493
060494
060495
060496
060502
060503
060504
060506
060507
060508
06051987
06051988
06051989
06051990
06051991
06051993
060579
060581
060582
060583
060584
060585
060586
060587
060588
060589
060590
060591
060592
060593
060594
060595
060596
060599
060600
060602
060603
060604
060605
060606
06060606
060607
060608
060609
06061983
06061984
06061986
06061987
06061989
06061990
06061991
06061992
06061993
06061994
060675
060678
060679
060680
060681
060682
060683
060684
060685
060686
060687
060688
060689
060690
060691
060692
060693
060694
060695
060696
060697
060698
060702
060703
060704
060705
060706
060707
060708
060709
06071985
06071986
06071990
06071991
06071993
060775
060777
060778
060779
060780
060781
060782
060783
060784
060785
060786
060787
060788
060789
060790
060791
060792
060793
060794
060795
060796
060800
060802
060803
060804
060805
060806
060807
060808
060809
06081987
06081988
06081989
06081990
06081991
06081992
06081993
06082005
060877
060880
060881
060882
060883
060884
060885
060886
060887
060888
060889
060890
060891
060892
060893
060894
060895
060896
060901
060902
060903
060904
060905
060906
060907
060909
06091989
06091990
06091991
060977
060980
060981
060982
060983
060984
060985
060986
060987
060988
060989
060990
060991
060992
060993
060994
060995
060996
061004
061005
061006
061007
061008
06101987
06101988
06101989
06101990
06101991
06101993
061078
061079
061080
061081
061082
061083
061084
061085
061086
061087
061088
061089
061090
061091
061092
061093
061094
061095
061096
061100
061102
061103
061104
061105
061106
061107
06111988
061178
061179
061180
061181
061182
061183
061184
061185
061186
061187
061188
061189
061190
061191
061192
061193
061194
061195
061196
061197
061201
061202
061203
061204
061205
061206
061207
061208
06121984
06121986
06121987
06121988
06121989
06121993
061275
061276
061277
061279
061280
061281
061282
061283
061284
061285
061286
061287
061288
061289
061290
061291
061292
061293
061294
061295
061296
061299
061303
061305
061306
061382
061384
061385
061386
061387
061388
061389
061390
061391
061392
061393
061403
061404
061405
061406
061407
061408
061478
061482
061483
061484
061485
061486
061487
061488
061489
061490
061491
061492
061493
061494
061495
061505
061506
061507
061582
061583
061584
061585
061586
061587
061588
061589
061590
061591
061593
061594
061595
061601
061603
061604
061605
061606
061607
061679
061682
061683
061685
061686
061687
061688
061689
061690
061691
061692
061693
061700
061704
061706
061780
061782
061783
061784
061785
061786
061787
061788
061789
061790
061791
061792
061793
061794
061805
061806
061807
061884
061885
061886
061887
061888
061889
061890
061891
061892
061894
061904
061905
061906
061907
061976
061977
061978
061979
061980
061981
061982
061983
061984
061985
061986
061987
061988
061989
061990
061991
061992
061993
061994
061995
061996
062000
062001
062003
062004
062005
062006
062007
062008
062009
062083
062084
062085
062086
062087
062088
062089
062090
062091
062092
062093
062102
062103
062104
062105
062106
062107
062108
062181
062182
062183
062184
062185
062186
062187
062188
062189
062190
062191
062192
062193
062195
062202
062203
062204
062205
062206
062207
062278
062281
062282
062284
062285
062286
062287
062288
062289
062290
062291
062292
062293
062294
062296
062301
062303
062305
062306
062307
062308
062380
062381
062382
062383
062384
062385
062386
062387
062388
062389
062390
062391
062392
062393
062403
062404
062405
062406
062407
062479
062480
062481
062483
062484
062485
062486
062487
062488
062489
062490
062491
062492
062493
062494
062495
062503
062504
062505
062506
062507
062580
062581
062582
062583
062584
062585
062586
062587
062588
062589
062590
062591
062592
062593
062602
062604
062605
062606
062681
062682
062683
062684
062685
062686
062687
062688
062689
062690
062691
062692
062693
062694
062695
062699
062703
062705
062706
062707
062779
062781
062782
062783
062785
062786
062787
062788
062789
062790
062791
062792
062793
062803
062804
062806
062807
062808
062881
062882
062883
062884
062885
062886
062887
062888
062889
062890
062891
062892
062893
062905
062906
062907
062980
062981
062982
062983
062984
062985
062986
062987
062988
062989
062990
062991
062992
062993
062994
062995
063006
063007
063081
063082
063083
063085
063086
063087
063088
063089
063090
063091
063092
070100
070103
070104
070105
070106
070107
070108
07011988
07011990
07011992
070181
070182
070183
070184
070185
070186
070187
070188
070189
070190
070191
070192
070193
070194
070195
070196
070197
070202
070203
070204
070205
070206
070207
070208
070209
07021985
07021987
07021988
07021989
07021990
07021991
07021992
07021995
070279
070281
070282
070283
070284
070285
070286
070287
070288
070289
070290
070291
070292
070293
070294
070295
070296
070298
070303
070304
070305
070306
070307
070308
07031985
07031989
07031990
07031991
07031992
07031993
070380
070382
070383
070384
070385
070386
070387
070388
070389
070390
070391
070392
070393
070394
070395
070401
070402
070403
070404
070405
070406
070407
070408
07041986
07041988
07041989
07041992
070479
070481
070482
070483
070484
070485
070486
070487
070488
070489
070490
070491
070492
070493
070494
070495
070496
070502
070503
070504
070505
070506
070507
070508
07051986
07051987
07051990
07051991
07051992
07051994
070580
070581
070582
070583
070584
070585
070586
070587
070588
070589
070590
070591
070592
070593
070594
070595
070596
070602
070603
070604
070605
070606
070607
070608
07061990
07061993
070681
070682
070683
070684
070685
070686
070687
070688
070689
070690
070691
070692
070693
070694
070695
070696
070701
070702
070703
070704
070705
070706
070707
07070707
070708
07071983
07071987
07071988
07071989
07071990
07071991
07071992
07071994
07071995
07072007
070777
070778
070779
070780
070781
070782
070783
070784
070785
070786
070787
070788
070789
070790
070791
070792
070793
070794
070795
070796
070797
070800
070803
070804
070805
070806
070807
070808
070809
07081986
07081987
07081988
07081989
07081990
07081991
07081992
070878
070880
070882
070883
070884
070885
070886
070887
070888
070889
070890
070891
070892
070893
070894
070895
070896
070901
070902
070903
070904
070905
070906
070907
07091988
07091990
07091991
070979
070980
070981
070982
070983
070984
070985
070986
070987
070988
070989
070990
070991
070992
070993
070994
070995
071003
071004
071005
071006
071007
071008
07101987
07101988
07101989
07101990
07101993
071078
071080
071081
071082
071083
071084
071085
071086
071087
071088
071089
071090
071091
071092
071093
071094
071095
071096
071102
071103
071104
071105
071106
071107
071108
071177
071179
071180
071181
071182
071183
071184
071185
071186
071187
071188
071189
071190
071191
071192
071193
071194
071195
071196
071197
071198
071202
071203
071204
071205
071206
071207
071208
07121987
07121989
07121990
07121991
071277
071278
071279
071280
071281
071282
071283
071284
071285
071286
071287
071288
071289
071290
071291
071292
071293
071294
071295
071302
071306
071384
071385
071386
071387
071388
071389
071390
071391
071392
071393
071394
071401
071404
071405
071406
071407
071421
071480
071482
071483
071484
071485
071486
071487
071488
071489
071490
071491
071493
071503
071504
071505
071506
071507
071581
071583
071584
071585
071586
071587
071588
071589
071590
071591
071592
071594
071595
071604
071605
071606
071607
071683
071684
071685
071686
071687
071688
071689
071690
071691
071692
071693
071704
071705
071706
071707
071727
071781
071783
071784
071785
071786
071787
071788
071789
071790
071791
071792
071793
071805
071806
071807
071882
071883
071884
071885
071886
071887
071888
071889
071890
071891
071892
071893
071894
071902
071903
071905
071906
071908
071978
071979
071980
071981
071982
071983
071984
071985
071986
071987
071988
071989
071990
071991
071992
071993
071994
071995
071996
072002
072003
072005
072006
072007
072082
072083
072084
072085
072086
072087
072088
072089
072090
072091
072092
072093
072094
072101
072103
072104
072105
072106
072107
072181
072185
072186
072187
072188
072189
072190
072191
072192
072193
072205
072206
072207
072281
072284
072285
072286
072287
072288
072289
072290
072291
072292
072294
072305
072306
072307
072378
072380
072381
072382
072384
072385
072386
072387
072388
072389
072390
072391
072392
072393
072394
072404
072405
072406
072407
072479
072481
072482
072483
072484
072485
072486
072487
072488
072489
072490
072491
072492
072494
072502
072503
072505
072506
072583
072585
072586
072587
072588
072589
072590
072591
072592
072593
072595
072602
072603
072605
072606
072607
072681
072682
072685
072686
072687
072688
072689
072690
072691
072692
072693
072702
072704
072705
072706
072707
072779
072782
072783
072784
072785
072786
072787
072788
072789
072790
072791
072792
072803
072804
072805
072806
072807
072882
072884
072886
072888
072889
072890
072891
072892
072893
072904
072905
072906
072907
072980
072982
072983
072985
072986
072987
072988
072989
072990
072991
072992
072993
073006
073007
073083
073085
073086
073087
073088
073089
073090
073091
073092
073104
073179
073180
073183
073184
073185
073186
073187
073188
073189
073190
073191
073192
07775000
07baby
0800reverse
080102
080103
080104
080105
080106
080107
080108
08011987
08011991
080180
080181
080182
080183
080184
080185
080186
080187
080188
080189
080190
080191
080192
080193
080194
080195
080196
080197
080202
080203
080204
080205
080206
080207
080208
08021987
08021989
08021990
08021991
08021993
08021995
080280
080281
080282
080283
080284
080285
080286
080287
080288
080289
080290
080291
080292
080293
080294
080295
080296
080301
080302
080303
080304
080305
080306
080307
080308
080309
08031987
08031988
08031989
08031990
08031991
08031992
08031993
080377
080380
080381
080382
080383
080384
080385
080386
080387
080388
080389
080390
080391
080392
080393
080394
080395
080396
080401
080402
080403
080404
080405
080406
080407
080408
08041987
08041988
08041990
08041992
08041993
080480
080481
080482
080483
080484
080485
080486
080487
080488
080489
080490
080491
080492
080493
080494
080495
080496
080497
080500
080502
080503
080504
080505
080506
080507
080508
080509
08051985
08051986
08051987
08051989
08051990
08051991
08051992
08051995
080581
080582
080583
080584
080585
080586
080587
080588
080589
080590
080591
080592
080593
080594
080595
080596
080602
080603
080604
080605
080606
080607
080608
08061984
08061985
08061988
08061989
08061991
08061992
08061993
080680
080681
080682
080683
080684
080685
080686
080687
080688
080689
080690
080691
080692
080693
080694
080695
080696
080703
080704
080705
080706
080707
080708
08071986
08071987
08071989
08071992
080779
080782
080783
080784
080785
080786
080787
080788
080789
080790
080791
080792
080793
080794
080795
080796
080800
080802
080803
080804
080805
080806
080807
080808
08080808
080809
08081986
08081987
08081988
08081989
08081990
08081991
08081992
08081994
08082008
080873
080875
080876
080877
080878
080879
080880
080881
080882
080883
080884
080885
080886
080887
080888
080889
080890
080891
080892
080893
080894
080895
080896
080897
080898
080900
080901
080902
080903
080904
080905
080906
080907
080908
080910
08091986
08091987
08091988
08091989
08091990
08091991
08091992
080976
080977
080979
080980
080981
080982
080983
080984
080985
080986
080987
080988
080989
080990
080991
080992
080993
080994
080995
080996
081002
081003
081004
081005
081006
081007
081008
081012
08101984
08101985
08101989
08101990
08101991
081077
081079
081080
081081
081082
081083
081084
081085
081086
081087
081088
081089
081090
081091
081092
081093
081094
081095
081096
081101
081102
081103
081104
081105
081106
081107
081108
081178
081179
081180
081181
081182
081183
081184
081185
081186
081187
081188
081189
081190
081191
081192
081193
081194
081195
081197
081200
081201
081202
081203
081204
081205
081206
081207
081208
08121984
08121986
08121987
08121988
08121989
08121990
08121991
08121992
081278
081279
081280
081281
081282
081283
081284
081285
081286
081287
081288
081289
081290
081291
081292
081293
081294
081295
081296
081297
081304
081305
081306
081380
081383
081384
081385
081386
081387
081388
081389
081390
081391
081392
081393
081394
081403
081404
081405
081406
081407
081408
081479
081481
081483
081484
081486
081487
081488
081489
081490
081491
081492
081493
081494
081495
081499
081502
081503
081504
081505
081506
081507
081579
081580
081582
081584
081585
081586
081587
081588
081589
081590
081591
081592
081595
081596
081602
081603
081604
081605
081606
081607
081608
081677
081680
081682
081683
081684
081685
081686
081687
081688
081689
081690
081691
081692
081693
081694
081702
081703
081704
081705
081706
081707
081778
081782
081784
081785
081786
081787
081788
081789
081790
081791
081792
081793
081794
081796
081801
081802
081803
081804
081805
081806
081807
081808
081828
081878
081881
081882
081883
081884
081886
081887
081888
081889
081890
081891
081892
081893
081894
081900
081904
081905
081906
081907
081973
081975
081977
081978
081979
081980
081981
081982
081983
081984
081985
081986
081987
081988
081989
081990
081991
081992
081993
081994
081995
081996
081997
082003
082005
082006
082007
082008
082082
082084
082085
082086
082087
082088
082089
082090
082091
082092
082094
082104
082105
082106
082107
082108
082180
082184
082185
082186
082187
082188
082189
082190
082191
082192
082193
082194
082199
082203
082204
082205
082206
082207
082208
082279
082280
082281
082283
082284
082285
082286
082287
082288
082289
082290
082291
082292
082303
082304
082306
082307
082379
082380
082382
082383
082384
082385
082386
082387
082388
082389
082390
082391
082392
082393
082394
082402
082405
082406
082407
082482
082484
082485
082486
082487
082488
082489
082490
082491
082492
082493
082494
082500
082501
082503
082505
082506
082507
082508
082580
082582
082584
082585
082586
082587
082588
082589
082590
082591
082592
082593
082595
082603
082604
082605
082606
082607
082681
082682
082683
082685
082686
082687
082688
082689
082690
082691
082692
082693
082694
082703
082704
082705
082706
082782
082783
082784
082785
082786
082787
082788
082789
082790
082791
082792
082793
082795
082801
082803
082804
082805
082806
082807
082808
082878
082880
082881
082882
082883
082884
082885
082886
082887
082888
082889
082890
082891
082892
082893
082899
082905
082906
082907
082980
082981
082982
082984
082985
082986
082987
082988
082989
082990
082991
082992
082993
082994
083003
083004
083006
083076
083079
083080
083083
083084
083085
083086
083087
083088
083089
083090
083091
083093
083102
083106
083181
083182
083184
083185
083186
083187
083188
083189
083190
083191
083192
083193
083195
08baby
08runit
090101
090102
090103
090104
090105
090106
090107
090108
09011987
09011991
090181
090182
090183
090184
090185
090186
090187
090188
090189
090190
090191
090192
090193
090194
090195
090197
090203
090204
090205
090206
090207
090208
090209
09021987
09021989
09021990
09021991
090278
090280
090281
090282
090283
090284
090285
090286
090287
090288
090289
090290
090291
090292
090293
090294
090295
090296
090302
090303
090304
090305
090306
090307
090308
09031987
09031990
09031993
090380
090381
090382
090383
090384
090385
090386
090387
090388
090389
090390
090391
090392
090393
090394
090395
090396
090401
090403
090404
090405
090406
090407
090408
090409
09041985
09041987
09041988
09041989
09041990
09041991
09041992
09041993
090477
090479
090481
090482
090483
090484
090485
090486
090487
090488
090489
090490
090491
090492
090493
090494
090495
090496
090502
090503
090504
090505
090506
090507
090508
09051985
09051988
09051994
090577
090578
090580
090581
090582
090583
090584
090585
090586
090587
090588
090589
090590
090591
090592
090593
090594
090595
090596
090600
090602
090603
090604
090605
090606
090607
090608
09061987
09061988
09061989
09061990
09061992
09061993
090678
090680
090681
090682
090683
090684
090685
090686
090687
090688
090689
090690
090691
090692
090693
090694
090695
090696
090702
090703
090704
090705
090706
090707
090708
09071987
09071988
09071991
09071992
09071993
090779
090781
090782
090783
090784
090785
090786
090787
090788
090789
090790
090791
090792
090793
090794
090796
090801
090802
090803
090804
090805
090806
090807
090808
09081985
09081988
09081989
09081990
09081991
09081994
090877
090880
090881
090882
090883
090884
090885
090886
090887
090888
090889
090890
090891
090892
090893
090894
090895
090897
090900
090901
090902
090903
090904
090905
090906
090907
090908
090909
09090909
09091984
09091985
09091986
09091987
09091988
09091989
09091990
09091991
09091992
09091993
09091994
090976
090977
090978
090979
090980
090981
090982
090983
090984
090985
090986
090987
090988
090989
090990
090991
090992
090993
090994
090995
090996
090999
091003
091004
091005
091006
091007
091011
09101987
09101988
09101989
09101990
09101991
091078
091079
091080
091081
091082
091083
091084
091085
091086
091087
091088
091089
091090
091091
091092
091093
091094
091095
091096
091097
091100
091101
091102
091103
091104
091105
091106
091107
091108
09110911
09111982
09111989
09111992
09111993
091177
091179
091180
091181
091182
091183
091184
091185
091186
091187
091188
091189
091190
091191
091192
091193
091194
091195
091196
091201
091202
091203
091204
091205
091206
091207
09121986
09121988
09121990
09121991
09121993
091276
091277
091278
091279
091280
091281
091282
091283
091284
091285
091286
091287
091288
091289
091290
091291
091292
091293
091294
091295
091296
091298
091303
091304
091305
091306
091378
091381
091382
091383
091384
091385
091386
091387
091388
091389
091390
091391
091392
091395
091402
091404
091405
091406
091407
091480
091482
091483
091484
091485
091486
091487
091488
091489
091490
091491
091492
091493
091494
091501
091502
091505
091506
091507
091508
091581
091582
091583
091584
091585
091586
091587
091588
091589
091590
091591
091592
091593
091603
091605
091606
091607
091680
091682
091685
091686
091687
091688
091689
091690
091691
091692
091693
091694
091703
091705
091706
091707
091708
091779
091780
091781
091782
091783
091784
091785
091786
091787
091788
091789
091790
091791
091792
091793
091802
091803
091804
091805
091806
091807
091883
091884
091885
091886
091887
091888
091889
091890
091891
091892
091893
091894
091895
091899
091903
091904
091905
091906
091907
091908
091929
091975
091976
091977
091978
091979
091980
091981
091982
091983
091984
091985
091986
091987
091988
091989
091990
091991
091992
091993
091994
091995
091996
091997
091998
092003
092004
092005
092006
092007
092081
092082
092083
092084
092085
092086
092087
092088
092089
092090
092091
092092
092093
092102
092103
092104
092105
092106
092107
092178
092179
092181
092182
092184
092185
092186
092187
092188
092189
092190
092191
092192
092193
092194
092196
092201
092203
092204
092205
092206
092207
092281
092282
092283
092284
092285
092286
092287
092288
092289
092290
092291
092292
092293
092295
092300
092302
092303
092304
092305
092306
092307
092379
092380
092381
092382
092383
092384
092385
092386
092387
092388
092389
092390
092391
092392
092393
092394
092395
092404
092405
092406
092407
092477
092478
092480
092482
092483
092484
092485
092486
092487
092488
092489
092490
092491
092492
092493
092494
092495
092502
092504
092505
092506
092507
092580
092581
092582
092583
092584
092585
092586
092587
092588
092589
092590
092591
092592
092593
092594
092603
092604
092605
092606
092607
092677
092678
092680
092681
092682
092683
092684
092685
092686
092687
092688
092689
092690
092691
092692
092693
092702
092703
092704
092705
092706
092707
092778
092781
092782
092783
092784
092785
092786
092787
092788
092789
092790
092791
092792
092793
092794
092802
092803
092805
092806
092807
092879
092881
092882
092883
092884
092886
092887
092888
092889
092890
092891
092892
092893
092894
092901
092903
092905
092906
092907
092979
092981
092982
092983
092984
092985
092986
092987
092988
092989
092990
092991
092992
092994
092995
093005
093080
093081
093083
093084
093085
093086
093087
093088
093089
093090
093091
093092
093093
098098
098123
09876
098765
0987654
09876543
098765432
0987654321
098890
09baby
09runit
0o0o0o
0o9i8u
0o9i8u7y
0okm9ijn
0range
1
100%angel
100%bitch
100%cool
100%cute
100%love
100%me
100%sexy
10000
100000
1000000
10000000
100001
10008000
100100
100100100
100101
100102
100103
100104
100105
100106
100107
100108
100110
10011001
10011984
10011985
10011988
10011989
10011990
10011991
10011992
10011993
100123
100175
100176
100177
100178
100179
100180
100181
100182
100183
100184
100185
100186
100187
100188
100189
100190
100191
100192
100193
100194
100195
100196
100198
100199
100200
100200300
100201
100202
100203
100204
100205
100206
100207
100208
10021002
10021986
10021987
10021988
10021989
10021990
10021991
10021992
10021993
10021995
100277
100278
100279
100280
100281
100282
100283
100284
100285
100286
100287
100288
100289
100290
100291
100292
100293
100294
100295
100296
100297
100298
100300
100301
100302
100303
100304
100305
100306
100307
100308
10031985
10031986
10031987
10031988
10031989
10031990
10031991
10031992
10031993
10031994
100375
100378
100379
100380
100381
100382
100383
100384
100385
100386
100387
100388
100389
100390
100391
100392
100393
100394
100395
100396
100397
100398
100400
100402
100403
100404
100405
100406
100407
100408
10041004
10041986
10041987
10041988
10041989
10041990
10041991
10041992
10041993
10041994
100475
100476
100477
100478
100479
100480
100481
100482
100483
100484
100485
100486
100487
100488
100489
100490
100491
100492
100493
100494
100495
100496
100497
100500
100501
100502
100503
100504
100505
100506
100507
100508
10051005
10051984
10051987
10051988
10051989
10051990
10051991
10051992
10051994
100577
100578
100579
100580
100581
100582
100583
100584
100585
100586
100587
100588
100589
100590
100591
100592
100593
100594
100595
100596
100601
100602
100603
100604
100605
100606
100607
100608
10061984
10061985
10061987
10061989
10061990
10061991
10061992
10061994
100677
100678
100679
100680
100681
100682
100683
100684
100685
100686
100687
100688
100689
100690
100691
100692
100693
100694
100695
100696
100700
100702
100703
100704
100705
100706
100707
100708
10071007
10071985
10071986
10071987
10071988
10071989
10071990
10071991
10071992
10071993
100777
100779
100780
100781
100782
100783
100784
100785
100786
100787
100788
100789
100790
100791
100792
100793
100794
100795
100796
100797
100800
100802
100803
100804
100805
100806
100807
100808
10081987
10081988
10081990
10081991
10081992
10081993
10081994
100874
100876
100877
100878
100879
100880
100881
100882
100883
100884
100885
100886
100887
100888
100889
100890
100891
100892
100893
100894
100895
100896
100897
100898
100899
100901
100903
100904
100905
100906
100907
100908
10091009
10091984
10091985
10091989
10091991
10091992
10091993
100975
100976
100977
100979
100980
100981
100982
100983
100984
100985
100986
100987
100988
100989
100990
100991
100992
100993
100994
100995
100996
100999
100grand
100pre
100preteamare
1010
10100
101000
101001
101002
101003
101004
101005
101006
101007
101008
10101
101010
1010101
10101010
1010101010
101011
101012
10101979
10101980
10101982
10101983
10101984
10101985
10101986
10101987
10101988
10101989
10101990
10101991
10101992
10101993
10101994
10101995
101020
10102003
10102004
101022
1010220
101023
101026
101027
101028
101029
101030
101031
101033
10105
101068
101069
101070
101072
101073
101074
101075
101076
101077
101078
101079
101080
101081
101082
101083
101084
101085
101086
101087
101088
101089
101090
101091
101092
101093
101094
101095
101096
101097
101098
101099
101100
101101
101102
101103
101104
101105
101106
101107
101108
101110
10111011
101112
10111213
10111984
10111985
10111987
10111988
10111989
10111990
10111991
10111992
10111993
10111994
10112007
101121
101123
101128
101130
101173
101174
101175
101176
101177
101178
101179
101180
101181
101182
101183
101184
101185
101186
101187
101188
101189
101190
101191
101192
101193
101194
101195
101196
101197
101198
101199
101200
101201
101202
101203
101204
101205
101206
101207
101208
101210
10121012
101213
101214
101216
101218
101219
10121982
10121983
10121984
10121985
10121986
10121987
10121988
10121989
10121990
10121991
10121992
10121993
10121994
10121995
101222
101223
101228
101229
10123
101230
101231
101232
101234
101273
101274
101275
101276
101277
101278
101279
101280
101281
101282
101283
101284
101285
101286
101287
101288
101289
101290
101291
101292
101293
101294
101295
101296
101297
101298
101299
101300
101301
101302
101303
101304
101305
101306
101307
101308
10131013
101315
101375
101377
101378
101379
101380
101381
101382
101383
101384
101385
101386
101387
101388
101389
101390
101391
101392
101393
101394
101395
101396
101399
101400
101401
101402
101403
101404
101405
101406
101407
10141014
101416
101424
101477
101478
101479
101480
101481
101482
101483
101484
101485
101486
101487
101488
101489
101490
101491
101492
101493
101494
101495
101497
101500
101502
101503
101504
101505
101506
101507
101510
10151015
101520
101525
1015476
101575
101576
101577
101578
101579
101580
101581
101582
101583
101584
101585
101586
101587
101588
101589
101590
101591
101592
101593
101594
101595
101596
101597
101598
101599
101600
101601
101602
101603
101604
101605
101606
101607
101608
10161016
101676
101677
101678
101679
101680
101681
101682
101683
101684
101685
101686
101687
101688
101689
101690
101691
101692
101693
101694
101695
101696
101698
101699
101703
101704
101705
101706
101707
101772
101777
101778
101779
101780
101781
101782
101783
101784
101785
101786
101787
101788
101789
101790
101791
101792
101793
101794
101795
101796
101797
101798
101800
101801
101802
101803
101804
101805
101806
101807
101808
10181018
101876
101877
101878
101879
101880
101881
101882
101883
101884
101885
101886
101887
101888
101889
101890
101891
101892
101893
101894
101895
101896
101897
101898
101901
101902
101903
101904
101905
101906
101907
101908
10191019
101922
101971
101972
101973
101974
101975
101976
101977
101978
101979
101980
101981
101982
101983
101984
101985
101986
101987
101988
101989
101990
101991
101992
101993
101994
101995
101996
101997
101998
101dalmations
101lalala
1020
102000
102001
102002
102003
102004
102005
102006
102007
102008
102010
10201020
102022
10203
102030
10203040
1020304050
102030405060
102076
102077
102078
102079
102080
102081
102082
102083
102084
102085
102086
102087
102088
102089
102090
102091
102092
102093
102094
102095
102096
102099
1021
102100
102101
102102
102103
102104
102105
102106
102107
102108
10211021
102175
102177
102178
102179
102180
102181
102182
102183
102184
102185
102186
102187
102188
102189
102190
102191
102192
102193
102194
102195
102196
102197
102199
102200
102201
102202
102203
102204
102205
102206
102207
102208
102210
10221022
102276
102277
102278
102279
102280
102281
102282
102283
102284
102285
102286
102287
102288
102289
102290
102291
102292
102293
102294
102295
102296
102299
102300
102301
102302
102303
102304
102305
102306
102307
102308
102310
10231023
102365
102369
102374
102375
102376
102377
102378
102379
102380
102381
102382
102383
102384
102385
102386
102387
102388
102389
102390
102391
102392
102393
102394
102395
102396
102397
102398
102399
1024
102400
102401
102402
102403
102404
102405
102406
102407
102408
10241024
102476
102477
102478
102479
102480
102481
102482
102483
102484
102485
102486
102487
102488
102489
102490
102491
102492
102493
102494
102495
102496
102497
102498
102499
1025
102500
102501
102502
102503
102504
102505
102506
102507
102508
10251025
102522
102524
102525
102526
102527
102528
102529
102530
102531
102576
102577
102578
102579
102580
102581
102582
102583
102584
102585
102586
102587
102588
102589
102590
102591
102592
102593
102594
102595
102596
102597
102599
102600
102601
102602
102603
102604
102605
102606
102607
102608
10261026
102674
102675
102676
102678
102679
102680
102681
102682
102683
102684
102685
102686
102687
102688
102689
102690
102691
102692
102693
102694
102695
102696
102698
102699
102700
102701
102702
102703
102704
102705
102706
102707
10271027
102778
102779
102780
102781
102782
102783
102784
102785
102786
102787
102788
102789
102790
102791
102792
102793
102794
102795
102796
102800
102801
102802
102803
102804
102805
102806
102807
102808
10281028
102870
102874
102876
102877
102878
102879
102880
102881
102882
102883
102884
102885
102886
102887
102888
102889
102890
102891
102892
102893
102894
102895
102896
102897
102898
102899
102900
102902
102903
102904
102905
102906
102907
102908
10291029
102938
10293847
1029384756
102976
102977
102978
102979
102980
102981
102982
102983
102984
102985
102986
102987
102988
102989
102990
102991
102992
102993
102994
102995
102996
102999
103000
103001
103002
103003
103004
103005
103006
103007
103010
10301030
103075
103076
103078
103079
103080
103081
103082
103083
103084
103085
103086
103087
103088
103089
103090
103091
103092
103093
103094
103095
103096
103099
103100
103101
103102
103103
103104
103105
103106
103107
103177
103178
103179
103180
103181
103182
103183
103184
103185
103186
103187
103188
103189
103190
103191
103192
103193
103194
103195
103196
103197
103198
104104
105105
106106
107107
108108
108642
109109
109876
10987654321
109876543210
10demayo
10fingers
10toes
10years
110011
11001100
110022
110100
110101
110102
110103
110104
110105
110106
110107
110108
110110
11011101
11011987
11011989
11011990
11011991
11011993
11011994
110131
110133
110177
110178
110179
110180
110181
110182
110183
110184
110185
110186
110187
110188
110189
110190
110191
110192
110193
110194
110195
110196
110197
1101990
110200
110202
110203
110204
110205
110206
110207
110208
11021102
11021981
11021985
11021986
11021987
11021988
11021989
11021990
11021991
11021992
11021993
11021995
110230
110276
110277
110278
110279
110280
110281
110282
110283
110284
110285
110286
110287
110288
110289
110290
110291
110292
110293
110294
110295
110296
110298
110299
110301
110302
110303
110304
110305
110306
110307
110308
11031986
11031987
11031989
11031990
11031991
11031992
11031993
11031994
110376
110377
110378
110379
110380
110381
110382
110383
110384
110385
110386
110387
110388
110389
110390
110391
110392
110393
110394
110395
110396
110397
110400
110402
110403
110404
110405
110406
110407
110408
11041104
11041986
11041987
11041988
11041989
11041990
11041991
11041992
11041993
110427
110475
110478
110479
110480
110481
110482
110483
110484
110485
110486
110487
110488
110489
110490
110491
110492
110493
110494
110495
110496
110497
110498
110499
1105
110500
110501
110502
110503
110504
110505
110506
110507
110508
11051105
11051984
11051987
11051989
11051990
11051991
11051992
11051993
11051994
110576
110577
110578
110579
110580
110581
110582
110583
110584
110585
110586
110587
110588
110589
110590
110591
110592
110593
110594
110595
110596
110597
110598
110599
110601
110602
110603
110604
110605
110606
110607
110608
11061106
11061986
11061987
11061988
11061989
11061990
11061991
11061992
11061993
110675
110676
110677
110678
110679
110680
110681
110682
110683
110684
110685
110686
110687
110688
110689
110690
110691
110692
110693
110694
110695
110696
110697
110698
110699
110701
110702
110703
110704
110705
110706
110707
110708
11071985
11071987
11071990
11071991
11071992
11071994
110777
110778
110779
110780
110781
110782
110783
110784
110785
110786
110787
110788
110789
110790
110791
110792
110793
110794
110795
110796
110797
110798
110800
110802
110803
110804
110805
110806
110807
110808
11081108
11081985
11081987
11081988
11081989
11081990
11081991
11081992
11081993
11081994
110826
110876
110877
110878
110879
110880
110881
110882
110883
110884
110885
110886
110887
110888
110889
110890
110891
110892
110893
110894
110895
110896
110897
110898
110901
110902
110903
110904
110905
110906
110907
11091109
11091984
11091986
11091987
11091988
11091989
11091990
11091991
11091993
11092006
110930
110975
110976
110977
110978
110979
110980
110981
110982
110983
110984
110985
110986
110987
110988
110989
110990
110991
110992
110993
110994
110995
110996
110997
111000
111001
111002
111003
111004
111005
111006
111007
111008
11101978
11101984
11101986
11101987
11101988
11101989
11101990
11101991
11101992
11101993
11101994
111032
111076
111078
111079
111080
111081
111082
111083
111084
111085
111086
111087
111088
111089
111090
111091
111092
111093
111094
111095
111096
1111
111100
11110000
111101
111102
111103
111104
111105
111106
111107
111108
11111
111110
111111
1111111
11111111
111111111
1111111111
11111111111
111111111111
111111111111111
1111111111111111
1111112
1111117
111111a
111112
1111122222
111113
111115
111116
111119
11111984
11111986
11111987
11111988
11111989
11111990
11111991
11111993
11111994
11111a
11112
111122
11112222
111123
11114444
11115
111169
111175
111176
111177
111178
111179
111180
111181
111182
111183
111184
111185
111186
111187
111188
111189
111190
111191
111192
111193
111194
111195
111196
111197
111199
1111990
1111991
11119999
111200
111201
111202
111203
111204
111205
111206
111207
111208
111211
11121112
11121150
111213
11121314
1112131415
111214
111215
11121983
11121984
11121985
11121986
11121987
11121988
11121989
11121990
11121991
11121992
11121993
11121994
11121995
11122
111221
111222
111222333
111223
111224
111227
111228
111229
11123
111230
111231
111232
111233
111234
111276
111277
111278
111279
111280
111281
111282
111283
111284
111285
111286
111287
111288
111289
111290
111291
111292
111293
111294
111295
111296
111298
111299
111303
111304
111305
111306
111333
111376
111377
111378
111379
111381
111382
111383
111384
111385
111386
111387
111388
111389
111390
111391
111392
111393
111395
111399
111403
111404
111405
111406
111407
111408
111415
111444
111477
111478
111479
111480
111481
111482
111483
111484
111485
111486
111487
111488
111489
111490
111491
111492
111493
111494
111495
111496
111498
111502
111503
111504
111505
111506
111507
111508
111555
111576
111579
111580
111581
111582
111583
111584
111585
111586
111587
111588
111589
111590
111591
111592
111593
111594
111595
111601
111602
111603
111604
111605
111606
111607
111666
111678
111680
111681
111682
111683
111684
111685
111686
111687
111688
111689
111690
111691
111692
111693
111694
111695
111702
111703
111704
111705
111706
111707
111708
111777
111778
111779
111781
111782
111783
111784
111785
111786
111787
111788
111789
111790
111791
111792
111793
111794
111795
111797
111800
111801
111802
111803
111804
111805
111806
111807
111879
111880
111881
111882
111883
111884
111885
111886
111887
111888
111889
111890
111891
111892
111893
111894
111895
111904
111905
111906
111907
111969
111972
111973
111974
111975
111976
111977
111978
111979
111980
111981
111982
111983
111984
111985
111986
111987
111988
111989
111990
111991
111992
111993
111994
111995
111996
111997
111999
111aaa
111qqq
112000
112001
112002
112003
112004
112005
112006
112007
112008
11201120
112074
112076
112077
112078
112079
112080
112081
112082
112083
112084
112085
112086
112087
112088
112089
112090
112091
112092
112093
112094
112095
112096
112098
112099
1121
112100
112101
112102
112103
112104
112105
112106
112107
112108
11211
112111
11211121
112112
11212
112121
112122
112123
112131
112143
112175
112177
112178
112180
112181
112182
112183
112184
112185
112186
112187
112188
112189
112190
112191
112192
112193
112194
112195
112197
112198
112199
1121990
1121991
1121992
1121993
1121994
1122
112200
112201
112202
112203
112204
112205
112206
112207
112208
11221
112211
11221122
112212
11222
11223
112233
11223300
1122333
1122334
11223344
1122334455
112233445566
112233445566778899
11223355
11223366
112233a
112234
1122345
112244
112255
112266
112274
112275
112276
112277
112278
112279
112280
112281
112282
112283
112284
112285
112286
112287
112288
112289
112290
112291
112292
112293
112294
112295
112297
112299
112300
112301
112302
112303
112304
112305
112306
112307
112308
112311
11231123
11234
112345
1123456
11235
112358
11235813
1123581321
112358132134
112369
112376
112377
112378
112379
112380
112381
112382
112383
112384
112385
112386
112387
112388
112389
112390
112391
112392
112393
112394
112395
112396
112399
1124
112400
112401
112402
112403
112404
112405
112406
112407
112408
112411
11241124
112475
112476
112477
112478
112479
112480
112481
112482
112483
112484
112485
112486
112487
112488
112489
112490
112491
112492
112493
112494
112495
112497
112500
112501
112502
112503
112504
112505
112506
112507
112508
112511
11251125
112519
112520
112522
112524
112525
112526
112527
112528
112529
112530
112532
112568
112577
112578
112579
112580
112581
112582
112583
112584
112585
112586
112587
112588
112589
112590
112591
112592
112593
112594
112595
112596
112597
112599
112600
112601
112602
112603
112604
112605
112606
112607
11261126
112678
112679
112680
112681
112682
112683
112684
112685
112686
112687
112688
112689
112690
112691
112692
112693
112694
112695
112696
1127
112700
112701
112702
112703
112704
112705
112706
112707
112708
11271127
112778
112779
112780
112781
112782
112783
112784
112785
112786
112787
112788
112789
112790
112791
112792
112793
112794
112795
112796
112797
112799
112800
112801
112802
112803
112804
112805
112806
112807
112808
112811
11281128
112875
112876
112877
112878
112879
112880
112881
112882
112883
112884
112885
112886
112887
112888
112889
112890
112891
112892
112893
112894
112895
112897
112898
112900
112901
112902
112903
112904
112905
112906
112907
11291129
112977
112978
112979
112980
112981
112982
112983
112984
112985
112986
112987
112988
112989
112990
112991
112992
112993
112994
112995
113001
113002
113004
113005
113006
113007
11301130
113077
113078
113079
113080
113081
113082
113083
113084
113085
113086
113087
113088
113089
113090
113091
113092
113093
113094
113095
113096
113113
11331133
113322
113355
11335577
1133557799
11341134
114114
114411
11441144
114433
114455
114477
11500
11501112
11501150
115115
115599
116116
116688
117117
11771554
118118
11880
119119
119900
119911
119922
119988
11bravo
12000
120000
12001200
120100
120101
120102
120103
120104
120105
120106
120107
120108
12011201
12011986
12011987
12011988
12011989
12011990
12011991
12011993
12011994
120120
120120120
120130
120131
120176
120177
120178
120179
120180
120181
120182
120183
120184
120185
120186
120187
120188
120189
120190
120191
120192
120193
120194
120195
120196
120197
120199
120200
120201
120202
120203
120204
120205
120206
120207
120208
12021202
12021985
12021986
12021987
12021988
12021989
12021990
12021991
12021992
12021994
12021995
120276
120277
120278
120279
120280
120281
120282
120283
120284
120285
120286
120287
120288
120289
120290
120291
120292
120293
120294
120295
120296
120297
120299
120300
120301
120302
120303
120304
120305
120306
120307
120308
12031203
12031986
12031987
12031988
12031989
12031990
12031991
12031992
12031993
120377
120378
120379
120380
120381
120382
120383
120384
120385
120386
120387
120388
120389
120390
120391
120392
120393
120394
120395
120396
120397
120398
120399
120400
120401
120402
120403
120404
120405
120406
120407
120408
12041204
12041982
12041984
12041985
12041987
12041988
12041989
12041990
12041991
12041992
12041993
12041994
12041995
120475
120476
120477
120478
120479
120480
120481
120482
120483
120484
120485
120486
120487
120488
120489
120490
120491
120492
120493
120494
120495
120496
120498
120499
120500
120501
120502
120503
120504
120505
120506
120507
120508
12051205
12051985
12051986
12051987
12051988
12051989
12051990
12051991
12051992
12051993
12051994
120575
120576
120577
120578
120579
120580
120581
120582
120583
120584
120585
120586
120587
120588
120589
120590
120591
120592
120593
120594
120595
120596
120597
120598
120599
120600
120601
120602
120603
120604
120605
120606
120607
120608
12061206
12061986
12061987
12061988
12061989
12061990
12061991
12061992
12061993
12061994
120675
120677
120678
120679
120680
120681
120682
120683
120684
120685
120686
120687
120688
120689
120690
120691
120692
120693
120694
120695
120696
120697
120699
120701
120702
120703
120704
120705
120706
120707
120708
12071985
12071986
12071988
12071989
12071990
12071991
120776
120777
120778
120779
120780
120781
120782
120783
120784
120785
120786
120787
120788
120789
120790
120791
120792
120793
120794
120795
120796
120797
120798
120800
120801
120802
120803
120804
120805
120806
120807
120808
12081208
12081983
12081985
12081986
12081987
12081988
12081989
12081990
12081991
12081992
12081993
12081994
12081995
120876
120877
120878
120879
120880
120881
120882
120883
120884
120885
120886
120887
120888
120889
120890
120891
120892
120893
120894
120895
120896
120897
120898
120899
120900
120902
120903
120904
120905
120906
120907
120908
12091209
12091985
12091986
12091988
12091989
12091990
12091991
12091992
120976
120977
120978
120979
120980
120981
120982
120983
120984
120985
120986
120987
120988
120989
120990
120991
120992
120993
120994
120995
120996
120997
120998
120999
1210
121000
121001
121002
121003
121004
121005
121006
121007
121008
121012
12101210
12101982
12101984
12101985
12101986
12101987
12101988
12101989
12101990
12101991
12101992
12101993
12101994
121032
121074
121075
121076
121077
121078
121079
121080
121081
121082
121083
121084
121085
121086
121087
121088
121089
121090
121091
121092
121093
121094
121095
121096
121097
121098
121099
121100
121101
121102
121103
121104
121105
121106
121107
121108
121111
12111211
12111984
12111985
12111986
12111987
12111988
12111989
12111990
12111991
12111992
12111993
12111994
12111995
121121
121174
121176
121177
121178
121179
121180
121181
121182
121183
121184
121185
121186
121187
121188
121189
121190
121191
121192
121193
121194
121195
121196
121197
121198
1211988
121199
1212
12120
121200
121201
121202
121203
121204
121205
121206
121207
121208
121209
12121
121210
121211
121212
1212121
12121212
1212121212
1212123
121213
121214
121218
12121980
12121983
12121984
12121985
12121986
12121987
12121988
12121989
12121990
12121991
12121992
12121993
12121994
12121995
12122
121220
121221
121223
121224
121228
121229
12123
121230
121231
1212312121
121232
121233
121234
121245
12125
121267
121269
121271
121272
121273
121274
121275
121276
121277
121278
121279
121280
121281
121282
121283
121284
121285
121286
121287
121288
121289
121290
121291
121292
121293
121294
121295
121296
121297
121298
121299
1213
121300
121301
121302
121303
121304
121305
121306
121307
121308
121312
12131213
121314
12131415
1213141516
121315
121316
121318
121321
1213456
121376
121377
121378
121379
121380
121381
121382
121383
121384
121385
121386
121387
121388
121389
121390
121391
121392
121393
121394
121395
121396
121399
1214
121400
121401
121402
121403
121404
121405
121406
121407
121408
121412
12141214
121415
121416
121417
121418
12141989
121425
121428
121475
121476
121477
121478
121479
121480
121481
121482
121483
121484
121485
121486
121487
121488
121489
121490
121491
121492
121493
121494
121495
121496
121498
121499
121500
121501
121502
121503
121504
121505
121506
121507
121508
121512
12151215
121514
121516
121517
121518
1215225
121576
121577
121578
121579
121580
121581
121582
121583
121584
121585
121586
121587
121588
121589
121590
121591
121592
121593
121594
121595
121596
121599
1216
121600
121602
121603
121604
121605
121606
121607
121608
12161216
121618
121673
121677
121678
121679
121680
121681
121682
121683
121684
121685
121686
121687
121688
121689
121690
121691
121692
121693
121694
121695
121696
121697
121699
121700
121701
121702
121703
121704
121705
121706
121707
12171217
121718
121719
121779
121780
121781
121782
121783
121784
121785
121786
121787
121788
121789
121790
121791
121792
121793
121794
121799
1218
121800
121801
121802
121803
121804
121805
121806
121807
121808
12181218
121820
121822
121824
121874
121875
121876
121877
121878
121879
121880
121881
121882
121883
121884
121885
121886
121887
121888
121889
121890
121891
121892
121893
121894
121895
121896
121897
121898
121899
121900
121901
121902
121903
121904
121905
121906
121907
121908
12191219
121967
121969
121970
121971
121972
121973
121974
121975
121976
121977
121978
121979
121980
121981
121982
121983
121984
121985
121986
121987
121988
121989
121990
121991
121992
121993
121994
121995
121996
121997
121998
121999
1220
122000
122001
122002
122003
122004
122005
122006
122007
122008
12201220
122076
122077
122078
122079
122080
122081
122082
122083
122084
122085
122086
122087
122088
122089
122090
122091
122092
122093
122094
122095
122096
122097
122099
1221
122100
122101
122102
122103
122104
122105
122106
122107
122108
122112
12211221
122122
122123
122133
122177
122178
122179
122180
122181
122182
122183
122184
122185
122186
122187
122188
122189
122190
122191
122192
122193
122194
122195
122196
122197
122199
122200
122201
122202
122203
122204
122205
122206
122207
122208
122222
122224
122277
122278
122279
122280
122281
122282
122283
122284
122285
122286
122287
122288
122289
122290
122291
122292
122293
122294
122295
122299
1223
122300
122301
122302
122303
122304
122305
122306
122307
122308
12231223
122333
1223334444
122334
12234
122345
1223456
122376
122377
122378
122379
122380
122381
122382
122383
122384
122385
122386
122387
122388
122389
122390
122391
122392
122393
122394
122395
122396
122397
122399
1224
122400
122401
122402
122403
122404
122405
122406
122407
122412
12241224
122436
122471
122475
122477
122478
122479
122480
122481
122482
122483
122484
122485
122486
122487
122488
122489
122490
122491
122492
122493
122494
122495
122496
122498
122500
122501
122502
122503
122504
122505
122506
122507
122508
122512
12251225
122522
122523
122525
122526
122527
122528
122529
122530
122531
122532
122575
122577
122578
122579
122580
122581
122582
122583
122584
122585
122586
122587
122588
122589
122590
122591
122592
122593
122594
122595
122596
122598
122599
1226
122600
122601
122602
122603
122604
122605
122606
122607
122608
12261226
122676
122677
122678
122679
122680
122681
122682
122683
122684
122685
122686
122687
122688
122689
122690
122691
122692
122693
122694
122695
122696
122699
122700
122701
122702
122703
122704
122705
122706
122707
122708
12271227
122778
122779
122780
122781
122782
122783
122784
122785
122786
122787
122788
122789
122790
122791
122792
122793
122794
122795
122796
122797
122799
122800
122801
122802
122803
122804
122805
122806
122807
122808
12281228
122874
122877
122878
122879
122880
122881
122882
122883
122884
122885
122886
122887
122888
122889
122890
122891
122892
122893
122894
122895
122896
122898
122899
122900
122901
122903
122904
122905
122906
122907
122976
122978
122979
122980
122981
122982
122983
122984
122985
122986
122987
122988
122989
122990
122991
122992
122993
122994
122995
122999
123
123!@#
1230
12300
123000
123001
123003
123004
123005
123006
123007
123012
1230123
12301230
1230456
123075
123076
123077
123078
123079
123080
123081
123082
123083
123084
123085
123086
123087
123088
123089
123090
123091
123092
123093
123094
123095
123096
123098
123099
1231
123100
123101
123102
123103
123104
123105
123106
123107
12311231
12312
123123
1231230
12312300
1231231
12312312
12312312121
123123123
123123123123
123123321
1231234
12312345
123123456
123123a
123123m
123125
123143
123147
123159
123171
123174
123177
123178
123179
123180
123181
123182
123183
123184
123185
123186
123187
123188
123189
123190
123191
123192
123193
123194
123195
123196
123197
1231987
123199
1231990
1231991
1231993
1231994
12321
123212
1232123
12321232
123234
123258
123321
1233210
12332100
1233211
12332112
123321123
123321123321
123321a
123333
12334
123345
1233456
123369
1234
12340
123400
12341
123412
1234123
12341234
123412341234
123412345
12343
123432
1234321
12344
12344321
123444
123445
1234456
12345
12345+
123450
1234500
1234509876
123451
1234512
12345123
1234512345
123451234512345
123452
123453
123454
123454321
1234546
123455
1234554321
1234555
1234556
123456
123456*
123456+
123456.
1234560
12345600
1234561
12345612
123456123
123456123456
1234562
123456321
123456456
1234565
12345654321
1234566
123456654
123456654321
12345666
1234567
12345670
12345671
12345677
12345678
123456780
123456788
1234567889
123456789
123456789*
123456789+
123456789.
1234567890
1234567890-
1234567890-=
12345678900
123456789000
12345678901
1234567890123
123456789012345
12345678901234567890
1234567890987654321
1234567891
12345678910
1234567891011
123456789101112
12345678912
123456789123
1234567891234
12345678912345
123456789123456
1234567891234567
123456789123456789
1234567898
12345678987654321
1234567899
123456789987
123456789987654321
123456789A
123456789a
123456789abc
123456789b
123456789c
123456789d
123456789e
123456789f
123456789g
123456789h
123456789j
123456789k
123456789l
123456789m
123456789n
123456789o
123456789p
123456789q
123456789r
123456789s
123456789t
123456789w
123456789y
123456789z
12345678a
12345678j
12345678k
12345678m
12345679
123456798
1234567A
1234567a
1234567b
1234567c
1234567d
1234567j
1234567k
1234567l
1234567m
1234567p
1234567q
1234567s
1234567t
1234567u
1234567y
1234568
123456852
12345687
12345689
1234569
12345698
123456987
123456@
123456A
123456B
123456C
123456D
123456E
123456J
123456K
123456L
123456M
123456R
123456S
123456T
123456a
123456aa
123456ab
123456abc
123456as
123456asd
123456b
123456c
123456d
123456e
123456f
123456g
123456h
123456i
123456j
123456k
123456l
123456m
123456n
123456o
123456p
123456q
123456qwerty
123456r
123456s
123456t
123456v
123456w
123456x
123456y
123456z
123457
1234576
1234578
12345789
123458
123459
123459876
12345A
12345M
12345R
12345a
12345abc
12345abcde
12345b
12345c
12345d
12345e
12345f
12345g
12345h
12345i
12345j
12345k
12345l
12345love
12345m
12345n
12345o
12345p
12345q
12345qwert
12345r
12345s
12345six
12345t
12345v
12345w
12345x
12345y
12345z
12346
123465
123467
12346789
12347
123478
1234789
12348765
123489
12349
1234a
1234ab
1234abc
1234abcd
1234asd
1234asdf
1234five
1234go
1234love
1234me
1234qw
1234qwe
1234qwer
1234zxcv
12351235
12354
123546
12355
123555
12356
123564
123567
12356789
123569
1235789
123579
12358
123580
1235813
123581321
123589
12365
123654
123654123
1236547
12365478
123654789
1236547890
123654987
123654a
123666
123678
12369
123698
1236987
12369874
123698741
123698745
123700
12378
123789
123789456
1237895
123789654
123852
123888
12389
123890
123963
123987
123987456
123999
123ABC
123QWE
123_abc
123a123
123a456
123aaa
123abc
123abc!
123abc.
123abc123
123abc456
123abcd
123angel
123asd
123asdf
123ass
123baby
123bitch
123blue
123bob
123boots
123cat
123chris
123cool
123cute
123dance
123dog
123ert
123ewq
123four
123hello
123hot
123iloveme
123iloveu
123iloveyou
123itsme
123kdd
123kid
123kids
123kissme
123lol
123love
123luv
123me
123me123
123mom
123mudar
123pass
123password
123pimp
123pink
123qaz
123qwe
123qwe123
123qweasd
123qweasdzxc
123qwer
123qwerty
123red
123sam
123sexy
123smile
123star
123wer
123wwe
123xxx
123xyz
123zxc
124124
124356
12451245
12456
124563
124567
12456789
12457
124578
124578963
124589
124680
124689
125125
1251993
12521252
12541254
125478
125634
125678
125689
12581258
125874
12589
125896
126126
12691269
127127
12789
128128
12898
12demayo
12fuckyou
12gauge
12hat93
12love
12many
12monkeys
12qw34er
12qwas
12qwaszx
12qwerty
12roses
12step
12stones
12three
130000
130106
130107
13011301
13011987
13011990
130130
130181
130183
130184
130185
130186
130187
130188
130189
130190
130191
130192
130193
130194
130195
130196
130204
130205
130206
13021302
13021987
13021988
13021989
13021990
13021992
13021993
130280
130282
130283
130284
130285
130286
130287
130288
130289
130290
130291
130292
130293
130294
130295
130306
130307
13031303
13031989
13031990
13031991
13031992
13031993
130332
130379
130380
130382
130383
130384
130385
130386
130387
130388
130389
130390
130391
130392
130393
130394
130395
130406
130407
130408
13041987
13041989
13041991
130480
130481
130482
130483
130484
130485
130486
130487
130488
130489
130490
130491
130492
130493
130494
130495
130496
130500
130505
130506
130507
13051986
13051987
13051988
13051990
13051991
13051992
13051994
130580
130581
130582
130583
130584
130585
130586
130587
130588
130589
130590
130591
130592
130593
130594
130595
130605
130606
130608
13061985
13061987
13061989
13061990
13061992
130680
130682
130683
130684
130685
130686
130687
130688
130689
130690
130691
130692
130693
130694
130695
130707
13071987
13071988
13071990
13071991
13071992
13071993
130780
130781
130782
130783
130784
130785
130786
130787
130788
130789
130790
130791
130792
130793
130794
130795
130805
130806
13081308
13081986
13081988
13081990
13081991
13081993
130880
130882
130883
130884
130885
130886
130887
130888
130889
130890
130891
130892
130893
130894
130895
130904
130905
130906
130907
13091309
13091987
13091990
13091991
13091994
130981
130982
130983
130984
130985
130986
130987
130988
130989
130990
130991
130992
130993
130994
130995
130996
131004
131006
131007
13101310
13101984
13101986
13101987
13101988
13101989
13101990
13101991
13101992
13101993
13101994
13101995
131079
131080
131081
131082
131083
131084
131085
131086
131087
131088
131089
131090
131091
131092
131093
131094
131095
131104
131106
131107
13111985
13111988
13111989
13111990
13111991
13111992
13111993
131130
131131
131180
131181
131182
131183
131184
131185
131186
131187
131188
131189
131190
131191
131192
131193
131194
131195
131196
131203
131205
131206
131207
131211
131213
13121312
13121984
13121985
13121989
13121990
13121991
13121992
131232
131281
131282
131283
131284
131285
131286
131287
131288
131289
131290
131291
131292
131293
131294
131295
131296
1313
13131
131313
13131313
1313131313
131314
131400
131413
13141314
131415
13141516
131416
131417
131420
131421
13143344
1314520
1314521
13151315
131517
131518
13161316
131619
13181318
131978
131979
131980
131982
131983
131984
131985
131986
131987
131988
131989
131990
131991
131992
131993
131994
131995
131996
132005
132007
13201320
13211321
132123
132132
13221322
13231323
132333
13241324
132435
13243546
13245
132456
13245768
132465
132465798
132513
13251325
132523
132525
132526
132527
132528
132529
132530
132531
13261326
13281328
13291329
13301330
133113
13311331
133133
134134
13456
134567
13456789
134625
134679
134679258
1346795
134679852
1346798520
135135
135246
13571357
1357246
13572468
135789
13579
135790
1357900
1357908642
135791
1357911
135791113
1357913579
135792
135792468
1357924680
135795
135798
135798642
135799
136136
13681449049
13691369
137137
13791379
137946
13795
137955
138138
13879428
13971397
13dejulio
13demarzo
13demayo
13love
140105
140106
140107
140108
14011986
14011990
14011992
140182
140183
140184
140185
140186
140187
140188
140189
140190
140191
140192
140193
140194
140195
140196
140200
140202
140203
140204
140205
140206
140207
140208
140209
14021402
14021986
14021987
14021988
14021989
14021990
14021991
14021992
14021993
14021994
14022007
140280
140282
140283
140284
140285
140286
140287
140288
140289
140290
140291
140292
140293
140294
140295
140296
140298
140305
140306
140307
14031987
14031990
14031992
140383
140384
140385
140386
140387
140388
140389
140390
140391
140392
140393
140394
140395
140396
140404
140406
140407
140408
14041404
14041986
14041987
14041989
14041990
14041991
14041992
14045
140482
140483
140484
140485
140486
140487
140488
140489
140490
140491
140492
140493
140494
140495
140505
140506
140507
140508
14051987
14051989
14051990
14051993
140581
140583
140584
140585
140586
140587
140588
140589
140590
140591
140592
140593
140594
140595
140596
140603
140606
140607
14061986
14061988
14061989
14061990
14061991
14061992
140682
140683
140684
140685
140686
140687
140688
140689
140690
140691
140692
140693
140694
140695
140696
140705
140706
140707
14071986
14071987
14071988
14071991
140782
140783
140784
140785
140786
140787
140788
140789
140790
140791
140792
140793
140794
140795
140804
140805
140806
140807
14081987
14081988
14081990
140880
140881
140882
140883
140884
140885
140886
140887
140888
140889
140890
140891
140892
140893
140894
140896
140906
140907
14091987
14091988
14091989
14091990
14091991
14091994
140980
140982
140983
140984
140985
140986
140987
140988
140989
140990
140991
140992
140993
140994
140995
141000
141004
141006
141007
14101410
14101985
14101986
14101987
14101988
14101989
14101990
14101991
14101992
14101993
14101994
141029
141081
141082
141083
141084
141085
141086
141087
141088
141089
141090
141091
141092
141093
141094
141095
141105
141106
141107
14111411
14111986
14111987
14111989
14111990
14111991
14111994
14111995
141178
141181
141182
141183
141184
141185
141186
141187
141188
141189
141190
141191
141192
141193
141194
141195
141200
141201
141203
141205
141206
141207
14121412
14121985
14121987
14121988
14121989
14121990
14121991
14121992
14121993
14121994
141230
141231
141233
141280
141282
141283
141284
141285
141286
141287
141288
141289
141290
141291
141292
141293
141294
141295
141312
1414
14141
141414
14141414
141512
14151415
141516
14151617
141518
141523
141618
141620
14171417
141978
141979
141980
141981
141982
141983
141984
141985
141986
141987
141988
141989
141990
141991
141992
141993
141994
141995
141996
141997
142005
142006
14201420
14211421
142142
142314
14231423
14241424
142434
14251425
142522
142523
142525
142526
142527
142528
142529
142530
142531
142532
142536
142536789
14271427
142857
143
143000
14301430
143123
143135
143143
143143143
1432
14321
143214
14321432
14322
14323
14324
143244
143247
14325
143256
14331433
143333
143341
14344
143440
143441
143442
143443
143444
143445
143445254
1434456
143446
143447
143448
143456
1434ever
1435254
14354
143555
14356
143567
143637
143666
14369
14371437
143777
143888
143alex
143angel
143babe
143baby
143chris
143dad
143david
143eric
143forever
143god
143iloveyou
143ilu
143james
143jason
143jesus
143joe
143john
143josh
143justin
143love
143mark
143mike
143mom
143ryan
143you
144000
144144
145145
14521452
145236
145263
14531453
145623
145632
145678
14569
147110
147123
147147
147147147
14725
147258
1472583
14725836
147258369
1472583690
147369
147369258
147456
1475369
1475963
147741
147789
14781478
14785
147852
1478520
1478523
14785236
147852369
1478523690
147852963
14789
147895
147896
1478963
14789632
147896321
147896325
1478965
14789653
14791479
147963
148635
14defebrero
14demayo
14febrero
14jesus
14love
15000
150000
15001500
150105
150106
150107
15011986
15011992
150129
150150
150183
150184
150185
150186
150187
150188
150189
150190
150191
150192
150193
150194
150195
150196
150203
150204
150206
150207
15021987
15021988
15021989
15021990
15021991
15021992
150281
150282
150283
150284
150285
150286
150287
150288
150289
150290
150291
150292
150293
150294
150295
150296
150305
150306
150307
150308
15031988
15031990
15031991
15031993
150382
150383
150384
150385
150386
150387
150388
150389
150390
150391
150392
150393
150394
150395
150406
150407
15041986
15041987
15041988
15041990
15041993
15041994
150481
150482
150483
150485
150486
150487
150488
150489
150490
150491
150492
150493
150494
150495
150496
150505
150506
150507
15051985
15051987
15051988
15051990
15051992
150580
150583
150584
150585
150586
150587
150588
150589
150590
150591
150592
150593
150594
150595
150596
150606
150607
15061985
15061989
15061990
15061991
150679
150680
150682
150683
150684
150685
150686
150687
150688
150689
150690
150691
150692
150693
150694
150695
150705
150706
150707
15071985
15071989
15071991
15071992
150780
150781
150782
150783
150784
150785
150786
150787
150788
150789
150790
150791
150792
150793
150794
150795
150796
150804
150805
150807
15081989
15081990
15081991
150880
150882
150883
150884
150885
150886
150887
150888
150889
150890
150891
150892
150893
150894
150895
150896
150905
150906
150907
15091509
15091987
15091988
15091989
15091990
150980
150981
150982
150983
150984
150985
150986
150987
150988
150989
150990
150991
150992
150993
150994
150995
151004
151005
151006
151007
15101985
15101986
15101987
15101988
15101989
15101990
15101991
15101992
15101993
151080
151081
151082
151083
151084
151085
151086
151087
151088
151089
151090
151091
151092
151093
151094
151095
151096
151105
151106
151107
15111989
15111990
15111991
15111992
15111993
151180
151182
151183
151184
151185
151186
151187
151188
151189
151190
151191
151192
151193
151194
151195
151204
151205
151206
151207
15121512
15121982
15121984
15121985
15121986
15121987
15121988
15121989
15121990
15121991
15121992
15121993
15121994
151230
151280
151281
151282
151283
151284
151285
151286
151287
151288
151289
151290
151291
151292
151293
151294
151295
151413
1515
15151
151515
15151515
1515151515
151516
15155
15161516
151617
15161718
151618
151719
151821
151978
151979
151980
151981
151982
151983
151984
151985
151986
151987
151988
151989
151990
151991
151992
151993
151994
151995
151996
152008
15201520
152025
152030
152152
152207
15231523
15241524
152515
15251525
152524
152525
152526
152527
152528
152529
152530
152531
152532
152535
15253545
15261526
153015
153153
15321532
153246
153351
153426
153624
153759
154154
15421542
155155
155555
156156
156789
157157
157359
157953
158158
15901590
159123
159159
159159159
15926
159263
159263487
159357
159357123
159357258
159357258456
159357456
15935746
1593575
159357852
159369
159456
159487
15951
15963
159630
159632
1596321
1596357
159654
159753
1597530
15975300
159753123
159753159753
1597532
15975321
1597532486
159753258
159753258456
1597532684
159753456
159753456852
15975346
1597534682
1597535
159753654
159753852
159753852456
159789
159852
15987
159874
1598741
1598753
15987532
159875321
159951
159963
15love
160000
160107
160108
16011990
16011992
160182
160183
160184
160185
160186
160187
160188
160189
160190
160191
160192
160193
160194
160195
160196
160202
160206
160207
16021987
16021989
16021990
16021991
16021993
160282
160283
160284
160285
160286
160287
160288
160289
160290
160291
160292
160293
160294
160295
160296
160306
16031990
16031992
16031993
160382
160383
160385
160386
160387
160388
160389
160390
160391
160392
160393
160394
160395
160405
16041985
16041987
16041988
16041990
16041991
160482
160483
160484
160485
160486
160487
160488
160489
160490
160491
160492
160493
160494
160495
160496
160505
160506
160507
16051990
16051991
16051992
16051993
16051994
160527
160582
160583
160584
160585
160586
160587
160588
160589
160590
160591
160592
160593
160594
160595
160606
160607
16061987
16061989
16061991
16061992
160678
160681
160682
160683
160684
160685
160686
160687
160688
160689
160690
160691
160692
160693
160694
160695
16071989
16071990
160780
160782
160783
160784
160785
160786
160787
160788
160789
160790
160791
160792
160793
160794
160795
160806
160807
160808
16081987
16081988
16081989
16081991
16081992
16081995
160881
160882
160883
160884
160885
160886
160887
160888
160889
160890
160891
160892
160893
160894
160895
160896
160906
160907
16091988
16091990
16091992
160980
160981
160982
160983
160984
160985
160986
160987
160988
160989
160990
160991
160992
160993
160994
161004
161005
161006
16101987
16101988
16101989
16101990
16101991
16101992
16101993
16101994
161080
161082
161083
161084
161085
161086
161087
161088
161089
161090
161091
161092
161093
161094
161095
161106
161107
16111987
16111988
16111989
16111992
161180
161181
161182
161183
161184
161185
161186
161187
161188
161189
161190
161191
161192
161193
161194
161195
161204
161205
161206
161207
16121985
16121987
16121988
16121989
16121990
16121991
16121992
16121993
16121994
161281
161282
161284
161285
161286
161287
161288
161289
161290
161291
161292
161293
161294
161295
161296
161514
1616
161616
16161616
16171617
161718
161820
161821
161980
161982
161983
161984
161985
161986
161987
161988
161989
161990
161991
161992
161993
161994
161995
161996
162006
16241624
162524
162525
162526
162527
162530
162534
162636
165165
167943
168168
16candles
170000
170107
17011987
17011988
17011989
17011991
17011992
170183
170184
170185
170186
170187
170188
170189
170190
170191
170192
170193
170194
170195
170205
170206
170207
17021988
17021989
17021990
17021991
17021993
17021994
170282
170284
170285
170286
170287
170288
170289
170290
170291
170292
170293
170294
170295
170296
170305
170306
170307
17031989
17031991
17031992
170380
170381
170382
170384
170385
170386
170387
170388
170389
170390
170391
170392
170393
170394
170395
170404
170406
170407
17041987
17041989
17041990
17041991
170480
170482
170483
170484
170485
170486
170487
170488
170489
170490
170491
170492
170493
170494
170495
170505
170506
17051987
17051991
17051992
17051993
170582
170583
170584
170585
170586
170587
170588
170589
170590
170591
170592
170593
170594
170595
170605
170606
170608
17061989
17061990
17061991
17061993
170682
170683
170684
170685
170686
170687
170688
170689
170690
170691
170692
170693
170694
170695
170696
170705
170706
170707
17071986
17071989
17071990
17071992
170782
170783
170784
170785
170786
170787
170788
170789
170790
170791
170792
170793
170795
170796
170805
170806
170807
170808
17081945
17081988
17081989
17081990
17081991
17081992
170845
170879
170880
170881
170882
170883
170884
170885
170886
170887
170888
170889
170890
170891
170892
170893
170894
170895
170896
170905
17091987
17091990
17091991
17091992
170980
170981
170982
170983
170984
170985
170986
170987
170988
170989
170990
170991
170992
170993
170994
171007
17101986
17101987
17101989
17101990
17101991
17101992
17101993
17101994
17101995
171079
171082
171083
171084
171085
171086
171087
171088
171089
171090
171091
171092
171093
171094
171095
171105
171106
171107
17111986
17111987
17111988
17111989
17111990
17111991
17111992
17111993
171131
171171
171181
171182
171183
171184
171185
171186
171187
171188
171189
171190
171191
171192
171193
171194
171195
171204
171205
171206
171207
17121986
17121987
17121988
17121989
17121990
17121991
17121992
17121993
171280
171283
171284
171285
171286
171287
171288
171289
171290
171291
171292
171293
171294
171295
171296
1717
17171
171717
17171717
171817
17181718
171819
17181920
171979
171980
171981
171982
171983
171984
171985
171986
171987
171988
171989
171990
171991
171992
171993
171994
171995
171996
172004
172525
172528
172529
172530
172737
172839
172839456
17317071
173173
177155
17891789
17931793
179324865
17dejulio
180000
18001800
180106
180107
180108
18011988
18011991
180180
180182
180183
180185
180186
180187
180188
180189
180190
180191
180192
180193
180194
180195
180206
180207
18021987
18021988
18021989
18021990
18021991
18021992
18021993
180282
180283
180284
180285
180286
180287
180288
180289
180290
180291
180292
180293
180294
180295
180305
180306
180307
18031987
18031988
18031990
18031992
180383
180384
180385
180386
180387
180388
180389
180390
180391
180392
180393
180394
180395
180396
180406
18041988
18041989
18041990
18041991
18041992
18041993
180483
180484
180485
180486
180487
180488
180489
180490
180491
180492
180493
180494
180495
180496
180505
180506
180507
18051987
18051988
18051989
18051990
18051992
18051995
180583
180584
180585
180586
180587
180588
180589
180590
180591
180592
180593
180594
180595
180596
180605
180606
180607
18061988
18061990
18061991
18061993
180680
180683
180684
180685
180686
180687
180688
180689
180690
180691
180692
180693
180694
180695
180696
180706
180707
18071987
18071989
18071991
18071992
18071993
180781
180783
180784
180785
180786
180787
180788
180789
180790
180791
180792
180793
180794
180795
180803
180805
180806
180807
180808
18081988
18081992
180880
180881
180882
180883
180884
180885
180886
180887
180888
180889
180890
180891
180892
180893
180894
180895
180904
180905
180906
18091987
18091989
18091990
18091991
18091992
18091993
180979
180981
180982
180983
180984
180985
180986
180987
180988
180989
180990
180991
180992
180993
180994
180995
181002
181004
181006
181007
18101987
18101988
18101989
18101990
18101991
18101992
18101993
181080
181081
181082
181083
181084
181085
181086
181087
181088
181089
181090
181091
181092
181093
181094
181095
181104
181106
181107
18111985
18111987
18111988
18111989
18111990
18111991
18111992
18111993
18111994
18112529
181181
181182
181183
181184
181185
181186
181187
181188
181189
181190
181191
181192
181193
181194
181195
181196
181204
181205
181206
181207
18121812
18121984
18121985
18121986
18121987
18121988
18121989
18121990
18121991
18121992
18121994
181279
181281
181282
181283
181284
181285
181286
181287
181288
181289
181290
181291
181292
181293
181294
181295
18181
181818
18181818
18191819
181920
181976
181979
181981
181982
181983
181984
181985
181986
181987
181988
181989
181990
181991
181992
181993
181994
181995
181996
182005
182007
182008
18211821
182182
18231823
182520
182523
182525
182526
182527
182528
182529
182530
182531
18271827
18273645
182838
182blink
183183
183461
183729
183club
18436572
187187
187211
188118
18811881
188888
18dejunio
18dummy
190000
19001900
190105
190107
19011989
19011990
19011992
190184
190185
190186
190187
190188
190189
190190
190191
190192
190193
190194
190202
190206
190208
19021988
19021990
19021991
19021992
19021993
190282
190283
190284
190285
190286
190287
190288
190289
190290
190291
190292
190293
190294
190295
190305
190306
190308
19031903
19031988
19031989
19031990
19031991
19031992
19031993
190382
190383
190384
190385
190386
190387
190388
190389
190390
190391
190392
190393
190394
190395
190405
190408
19041986
19041988
19041991
19041992
19041993
19041994
190483
190484
190485
190486
190487
190488
190489
190490
190491
190492
190493
190494
190495
190496
190505
190506
190507
19051905
19051986
19051987
19051988
19051989
19051990
19051991
19051992
19051993
190581
190582
190583
190584
190585
190586
190587
190588
190589
190590
190591
190592
190593
190594
190595
190606
190607
19061988
19061989
19061990
19061991
19061992
190679
190682
190683
190684
190685
190686
190687
190688
190689
190690
190691
190692
190693
190694
190695
190706
190707
19071907
19071987
19071988
19071989
19071990
19071991
19071993
19071994
190783
190784
190785
190786
190787
190788
190789
190790
190791
190792
190793
190794
190795
190805
190806
190807
19081908
19081987
19081988
19081989
19081991
19081994
190880
190881
190882
190883
190884
190885
190886
190887
190888
190889
190890
190891
190892
190893
190894
190895
190904
190906
190907
19091986
19091988
19091989
19091990
19091991
19091992
19091993
19091994
190979
190980
190981
190982
190983
190984
190985
190986
190987
190988
190989
190990
190991
190992
190993
190994
190995
191005
191006
191007
19101910
19101984
19101986
19101987
19101988
19101989
19101990
19101991
19101992
19101993
191081
191082
191083
191084
191085
191086
191087
191088
191089
191090
191091
191092
191093
191094
191095
191104
191105
191106
191107
19111987
19111988
19111989
19111990
19111991
19111992
19111993
191132
191181
191182
191183
191184
191185
191186
191187
191188
191189
191190
191191
191191191
191192
191193
191194
191195
191199
191203
191205
191206
191207
19121912
19121984
19121985
19121986
19121987
19121988
19121989
19121990
19121991
19121992
19121993
19122532
191232
191282
191283
191284
191285
191286
191287
191288
191289
191290
191291
191292
191293
191294
191295
191296
191817
191919
19191919
1919365
191975
191976
191977
191979
191980
191981
191982
191983
191984
191985
191986
191987
191988
191989
191990
191991
191992
191993
191994
191995
192000
192006
19201920
192021
19231923
19241924
19251925
192525
192526
192527
192528
192530
192531
19281928
192837
19283746
192837465
1928374655
192939
193746
19541954
19561956
1957chevy
19581958
19591959
19601960
19621962
19631963
19641964
19651965
19661966
196666
196700
19671967
19681968
196900
19691969
196969
197000
19701970
19711971
19721972
197300
19731973
197346
197346825
19735
197355
197400
19741974
197500
19751975
197530
197532
197600
19761976
197628
197666
197676
1977
197700
197711
197712
19771977
19772520
197730
197777
1978
197800
197811
197812
19781978
197828
197878
1979
197900
197909
197911
19791979
197922
19792522
197928
197929
197979
1980
19800
198000
198001
198005
198010
198011
198012
19801980
198022
198023
198024
198025
19802523
198026
198027
198028
198029
198080
1981
198100
198102
198103
198106
198110
198111
198112
19811981
198120
198122
198123
198124
198125
19812524
198126
198127
1982
198200
198201
198205
198206
198207
198210
198211
198212
198219
19821982
198220
198221
198222
198223
198224
198225
19822525
198226
198227
198282
1983
198300
198302
198303
198306
198307
198308
198310
198311
198312
198318
198319
19831983
198320
198321
198322
198323
198324
198325
19832526
198326
198383
1984
198400
198401
198402
198403
198404
198405
198408
198410
198411
198412
198413
198415
198416
198417
198418
198419
19841984
19841985
198420
198421
198422
198423
198424
198425
19842527
198426
198427
198428
198430
19844
198444
198484
1985
19850
198500
198501
198502
198503
198505
198506
198507
198508
198509
198510
198511
198512
198513
198514
198515
198517
198518
198519
19851985
19851986
19851987
198520
198521
198522
198523
198524
198525
19852528
198526
198527
198528
198530
19855
198555
198585
1986
198600
198601
198602
198603
198604
198605
198606
198607
198608
198609
198610
198611
198612
198613
198614
198615
198616
198617
198618
198619
19861986
198620
19862006
198621
198622
198623
198624
198625
19862529
198626
198627
198628
198629
198630
198666
198686
1987
198700
198701
198702
198703
198704
198705
198706
198707
198708
198709
19871
198710
198711
198712
1987123
198713
198714
198715
198716
198717
198718
198719
19871987
198720
19872005
19872006
198721
198722
198723
198724
198725
19872530
198726
198727
198728
198729
198730
198731
198765
19877
198777
198787
198788
1988
198800
198801
198802
198803
198804
198805
198806
198807
198808
198809
198810
198811
198812
198813
198814
198815
198816
198817
198818
198819
19881988
198820
198821
198822
198823
198824
198825
198826
198827
198828
198829
198830
198831
198855
19888
198888
1989
19890
198900
198901
198902
198903
198904
198905
198906
198907
198908
198909
19891
198910
198911
198912
1989123
198913
198914
198915
198916
198917
198918
198919
19891989
19891990
198920
19892007
198921
198922
198923
198924
198925
19892532
198926
198927
198928
198929
198930
198932
198989
19899
198999
1990
19900
199000
199001
199002
199003
199005
199006
199007
199008
199009
19901
199010
199011
199012
1990123
199013
199014
199015
199016
199017
199018
199019
19901990
19901991
19901992
199020
199021
199022
199023
199024
199025
19902533
199026
199027
199028
199029
199030
199031
199090
1991
19910
199100
199101
199102
199103
199104
199105
199106
199107
199108
199109
19911
199110
199111
199112
199113
199114
199115
199116
199117
199118
199119
19911991
19911992
19912
199120
199121
199122
199123
199124
199125
19912534
199126
199127
199128
199129
199130
199131
199191
199199
1992
19920
199200
199201
199202
199203
199204
199205
199206
199207
199208
199209
19921
199210
199211
199212
199213
199214
199215
199216
199217
199218
199219
19921992
19921993
19921994
19922
199220
19922007
19922008
199221
199222
199223
199224
199225
19922535
199226
199227
199228
199229
19922991
199230
199292
1993
19930
199300
199301
199302
199303
199304
199305
199306
199307
199308
19931
199310
199311
199312
199313
199314
199315
199316
199317
199318
199319
19931993
19931995
199320
19932007
199321
199322
199323
199324
199325
199326
199327
199328
199329
19933
199330
199333
199393
19940
199400
199401
199402
199403
199404
199405
199406
199407
199408
199409
19941
199410
199411
199412
1994123
199413
199414
199415
199416
199417
199418
199419
19941993
19941994
19941995
199420
199421
199422
199423
199424
199425
199426
199427
199428
199429
199430
19944
19945
199456
199494
199500
199501
199502
199503
199504
199505
199506
199507
199508
19951
199510
199511
199512
199513
199514
199515
199516
199517
199518
199519
19951995
19951996
199520
19952008
199521
199522
199523
199524
199525
199526
199527
199528
199530
19955
199595
199600
199605
199608
199610
199611
199612
199613
199614
19961996
19962007
199622
199623
199625
199626
199696
199710
199712
19971997
19981998
1999
19991999
19999
199999
1BABYGIRL
1BITCH
1BLOOD
1Jesus
1LOVE
1LOVER
1PASSWORD
1PRINCESS
1Q2W3E
1Q2W3E4R
1QAZ2WSX
1a1a1a
1a2a3a
1a2a3a4a
1a2b3c
1a2b3c4d
1a2b3c4d5e
1a2s3d
1a2s3d4f
1aaaaa
1aaliyah
1aaron
1abcdefg
1adrian
1alexander
1alexis
1allah
1alyssa
1amanda
1amber
1america
1andonly
1andrea
1andrew
1angel
1angels
1anthony
1antonio
1apple
1april
1asdfg
1asdfgh
1asdfghjkl
1ashley
1asshole
1austin
1babyboo
1babyboy
1babydoll
1babygirl
1babygurl
1babylove
1babyphat
1badass
1badbitch
1badboy
1badgirl
1bailey
1balla
1baller
1banana
1barbie
1baseball
1basketball
1batman
1beast
1beautiful
1beauty
1bella
1bettyboop
1bigdaddy
1bigdick
1bigdog
1bitch
1bitches
1black
1blessed
1blonde
1blood
1bobby
1booboo
1booger
1boricua
1bowwow
1brandon
1britt
1brittany
1brooklyn
1brother
1brownie
1bubba
1bubbles
1buddy
1budlight
1bulldog
1bunny
1buster
1butterfly
1butthead
1cameron
1candy
1carebear
1carlos
1cecream
1champ
1chance
1charles
1charlie
1cheer
1cheese
1chelsea
1cherry
1chica
1chick
1chicken
1child
1chivas
1chocolate
1chris
1chrisbrown
1christ
1christian
1computer
1cookie
1cor13
1cowboy
1cowboys
1cowgirl
1crazy
1crazybitch
1crystal
1cupcake
1cutie
1cutiepie
1cuttie
1daddy
1daddysgirl
1daisy
1dakota
1dallas
1dance
1dancer
1daniel
1danielle
1danny
1daughter
1david
1death
1denise
1derful
1destiny
1diamond
1dipset
1dollar
1dolphin
1dontknow
1dragon
1dream
1dreamer
1drpepper
1drummer
1dumbass
1edward
1elephant
1elizabeth
1emily
1eminem
1faith
1family
1fatass
1fatboy
1fatcat
1father
1flower
1football
1forever
1forgot
1forme
1freak
1freedom
1friend
1friends
1fucker
1fuckoff
1fuckyou
1gabby
1gabriel
1gangsta
1garcia
1gateway
1gemini
1george
1goddess
1grandma
1green
1guitar
1hailey
1hannah
1happy
1harley
1hater
1hateu
1hateyou
1heart
1heather
1heaven
1hello
1hellokitty
1honda
1honey
1horse
1hotbabe
1hotbitch
1hotboy
1hotchick
1hotdog
1hotgirl
1hotmama
1hotmomma
1hottie
1hotty
1houston
1hunter
1icecream
1ilove
1iloveme
1iloveu
1iloveyou
1inlove
1jackass
1jackson
1jacob
1james
1jasmine
1jason
1jayden
1jennifer
1jeremy
1jessica
1jessie
1jesus
1johnny
1jonathan
1jordan
1joseph
1joshua
1junior
1justin
1katie
1kayla
1kevin
1killa
1killer
1kisses
1kitten
1kitty
1knight
1l0v3y0u
1ladybug
1lakers
1latina
1lauren
1life1love
1life2live
1lilmama
1logan
1lollipop
1loser
1love
1love!
1love1
1love1life
1love2
1love4ever
1love4life
1love4me
1love4u
1lovebaby
1lovebug
1lovechris
1loved
1lovee
1lovegod
1lovehim
1lovejesus
1lovely
1loveme
1lovemike
1lovemom
1lover
1lovers
1loves
1loveu
1loveyou
1lucky
1luv4me
1luvme
1luvyou
1madison
1maggie
1marcus
1marie
1marine
1mariposa
1martin
1master
1matthew
1melissa
1mexican
1mexico
1michael
1michelle
1mickey
1midnight
1million
1miracle
1missy
1molly
1momma
1mommy
1money
1monique
1monkey
1monster
1moretime
1morgan
1mother
1muffin
1mustang
1mylove
1myspace
1natalie
1nathan
1nation
1newlife
1newyork
1nicholas
1nicole
1nigga
1nikki
1nonly
1number
1nurse
1ofakind
1oliver
1olivia
1omarion
1onelove
1orange
1panther
1passion
1password
1password1
1patrick
1peace
1peaches
1peanut
1penguin
1pepper
1person
1pickle
1pimpin
1pinky
1pitbull
1playa
1playboy
1player
1poohbear
1pookie
1popcorn
1pothead
1precious
1pretty
1prince
1princess
1promise
1pumpkin
1puppy
1purple
1pussy
1q1q1q
1q1q1q1q
1q2w3e
1q2w3e4
1q2w3e4r
1q2w3e4r5
1q2w3e4r5t
1q2w3e4r5t6y
1q2w3e4r5t6y7u
1q2w3e4r5t6y7u8i
1q2w3e4r5t6y7u8i9o0p
1qa2ws
1qa2ws3ed
1qaz!QAZ
1qaz1qaz
1qaz2w
1qaz2wsx
1qaz2wsx3edc
1qaz@WSX
1qazZAQ!
1qazwsx
1qazxc
1qazxsw2
1qazzaq1
1queen
1queenb
1qwert
1qwerty
1qwertyu
1qwertyuiop
1rabbit
1raiders
1rainbow
1rebecca
1rebelde
1redhead
1redneck
1redrose
1renee
1richard
1robert
1rocker
1rockstar
1rockyou
1runner
1samantha
1sammy
1sarah
1sassy
1savage
1savior
1school
1scooby
1scooter
1secret
1sexy1
1sexybaby
1sexybitch
1sexygirl
1sexygurl
1sexylady
1sexyma
1sexymama
1sexyme
1shadow
1shannon
1shawn
1shithead
1shorty
1shot1kill
1sierra
1singer
1single
1sister
1skater
1smile
1smokey
1snoopy
1soccer
1softball
1space
1spongebob
1stborn
1steven
1stkiss
1stlady
1stlove
1strawberry
1stunna
1stunner
1stupid
1sugar
1summer
1sunflower
1sunshine
1superman
1superstar
1sweet
1sweetie
1sweety
1tattoo
1taylor
1teacher
1teddybear
1texas
1thing
1thomas
1tiffany
1tiger
1tigers
1tigger
1tim412
1timothy
1tinker
1tinkerbell
1travis
1treehill
1trinity
1truelove
1trueluv
1trulove
1truluv
1truth
1turtle
1tweety
1tyler
1vanessa
1victor
1victoria
1walker
1westside
1whatever
1wifey
1william
1winner
1woman
1world
1xavier
1yankee
1yankees
1yellow
1zxcvbnm
2000
20000
200000
2000000
200002
200005
200006
200007
200008
20002000
20007
20008
20009
2001
200100
200101
200105
200106
200107
200108
20011985
20011988
20011989
20011990
20011991
20011992
20012001
20012002
200182
200183
200184
200185
200186
200187
200188
200189
200190
200191
200192
200193
200194
200195
200197
2002
200200
200202
200204
200205
200206
200207
200208
20021985
20021986
20021987
20021988
20021989
20021991
20021993
20021994
20021995
200220
20022002
20022004
200230
200282
200283
200284
200285
200286
200287
200288
200289
200290
200291
200292
200293
200294
200295
2003
200300
200304
200306
200307
20031985
20031989
20031990
20031992
20031995
20032003
20032004
20032006
200383
200384
200385
200386
200387
200388
200389
200390
200391
200392
200393
200394
200395
2004
200400
200404
200405
200406
200407
200408
20041988
20041989
20041990
20041991
20041992
20042004
20042005
200481
200482
200483
200484
200485
200486
200487
200488
200489
200490
200491
200492
200493
200494
200495
2005
200500
200501
200503
200504
200505
200506
200507
200508
20051986
20051987
20051988
20051989
20051990
20051991
20051993
20052005
20052006
200581
200582
200583
200584
200585
200586
200587
200588
200589
200590
200591
200592
200593
200594
200595
2006
200600
200603
200605
200606
200607
200612
20061985
20061986
20061988
20061989
20061990
20061991
20061994
20062006
20062007
200679
200680
200682
200683
200684
200685
200686
200687
200688
200689
200690
200691
200692
200693
200694
200695
2006baby
2007
200700
200706
200707
200708
200711
20071987
20071988
20071989
20071990
20071991
20071992
20071993
20072007
20072008
200727
200781
200782
200783
200784
200785
200786
200787
200788
200789
200790
200791
200792
200793
200794
200795
2007baby
2008
200800
200804
200805
200806
200808
200810
20081987
20081989
20081990
20081991
20081993
20082008
20082009
200879
200880
200881
200883
200884
200885
200886
200887
200888
200889
200890
200891
200892
200893
200894
200895
200896
2009
200903
200904
200906
200907
20091987
20091989
20091993
20092009
200980
200982
200983
200984
200985
200986
200987
200988
200989
200990
200991
200992
200993
200994
200995
2010
201000
201005
201006
201007
201010
20101985
20101987
20101988
20101989
20101990
20101991
20101992
20101993
20101994
201020
20102010
20102525
201030
201080
201081
201082
201083
201084
201085
201086
201087
201088
201089
201090
201091
201092
201093
201094
201095
201102
201104
201105
201106
201107
20111985
20111987
20111989
20111991
20111992
20112011
201133
201181
201182
201183
201184
201185
201186
201187
201188
201189
201190
201191
201192
201193
201194
201195
201201
201202
201203
201205
201206
201207
201208
20121984
20121986
20121987
20121988
20121989
20121990
20121991
20121992
20121993
20121994
20122012
201280
201281
201282
201283
201284
201285
201286
201287
201288
201289
201290
201291
201292
201293
201294
201295
201296
201314
20142014
201980
201981
201982
201983
201984
201985
201986
201987
201988
201989
201990
201991
201992
201993
201994
201995
2020
202010
20202
202020
20202020
202021
202120
20212021
202122
20212223
202202
202520
202526
202527
202528
202529
202530
202531
20302030
203040
203203
204060
205205
20demayo
210000
210105
210106
210107
21011986
21011987
21011990
21011992
210180
210181
210183
210184
210185
210186
210187
210188
210189
210190
210191
210192
210193
210194
210195
210196
210205
210206
210207
210210
21021988
21021989
21021990
21021991
21021992
21022102
210280
210282
210283
210284
210285
210286
210287
210288
210289
210290
210291
210292
210293
210294
210295
210296
210306
210307
21031988
21031989
21031992
21031994
21031995
21032103
210332
210379
210380
210382
210383
210384
210385
210386
210387
210388
210389
210390
210391
210392
210393
210394
210395
210396
210405
210406
210407
21041988
21041989
21041990
21041991
21041993
21042104
210482
210483
210484
210485
210486
210487
210488
210489
210490
210491
210492
210493
210494
210495
210505
210506
210507
21051985
21051988
21051989
21051991
21051992
21052105
210580
210581
210582
210583
210584
210585
210586
210587
210588
210589
210590
210591
210592
210593
210594
210595
210596
210607
21061989
21061990
21061991
21061993
210678
210680
210682
210683
210684
210685
210686
210687
210688
210689
210690
210691
210692
210693
210694
210695
210696
210705
210706
210707
21071987
21071988
21071989
21071991
21071992
210781
210782
210783
210784
210785
210786
210787
210788
210789
210790
210791
210792
210793
210794
210795
210803
210805
210806
210807
21081986
21081988
21081990
21081991
21081992
210881
210882
210884
210885
210886
210887
210888
210889
210890
210891
210892
210893
210894
210895
210896
210905
210906
210907
21091987
21091988
21091990
21091991
21091992
21091993
210981
210982
210983
210984
210985
210986
210987
210988
210989
210990
210991
210992
210993
210994
210995
211006
211007
211008
21101984
21101986
21101987
21101989
21101990
21101991
21101992
21101993
21101994
211079
211080
211081
211082
211083
211084
211085
211086
211087
211088
211089
211090
211091
211092
211093
211094
211095
211106
211107
211111
21111986
21111987
21111988
21111989
21111993
211183
211184
211185
211186
211187
211188
211189
211190
211191
211192
211193
211194
211195
2111988
2111993
2112
211200
211202
211205
211206
211207
21121
211211
211212
21121985
21121988
21121989
21121990
21121991
21121992
21121993
21121994
211221
21122112
211231
211234
211282
211283
211284
211285
211286
211287
211288
211289
211290
211291
211292
211293
211294
211295
211296
211980
211982
211983
211984
211985
211986
211987
211988
211989
211990
211991
211992
211993
211994
211995
211996
212004
21202120
2121
21212
212121
21212121
2121989
2121990
2121993
2121994
212212
21222122
212223
212224
212224236
212224236248
2122242362482510
212300
212321
21232123
212324
212325
212327
212421
21242124
212426
212521
21252125
212526
212528
212529
212530
213141
213213
213456
214143
214214
214365
21436587
215215
215487
217217
218218
219219
21love
220022
220103
220105
220106
220107
220108
22011987
22011988
22011990
220182
220183
220184
220185
220186
220187
220188
220189
220190
220191
220192
220193
220194
220195
220196
220202
220204
220205
220206
220207
220208
22021989
22021990
22021991
22021992
22021993
22021997
220220
220282
220283
220284
220285
220286
220287
220288
220289
220290
220291
220292
220293
220294
220295
220296
220303
220305
220306
220307
220308
22031988
22031989
22031990
22031991
220383
220384
220385
220386
220387
220388
220389
220390
220391
220392
220393
220394
220395
220396
220405
220406
220407
220408
22041987
22041990
22041991
22041992
22041993
220481
220482
220483
220484
220485
220486
220487
220488
220489
220490
220491
220492
220493
220494
220495
220496
220504
220505
220506
220507
22051987
22051989
22051990
22051992
22051993
22052205
220580
220581
220582
220583
220584
220585
220586
220587
220588
220589
220590
220591
220592
220593
220594
220595
220606
220607
220608
22061989
22061990
22061991
22061993
220680
220682
220683
220684
220685
220686
220687
220688
220689
220690
220691
220692
220693
220694
220695
220705
220706
220707
22071986
22071987
22071989
22071990
22071992
22071993
22071994
220780
220781
220782
220783
220784
220785
220786
220787
220788
220789
220790
220791
220792
220793
220794
220795
220796
220804
220805
220806
22081987
22081989
22081990
22081991
22081992
22081994
220882
220883
220884
220885
220886
220887
220888
220889
220890
220891
220892
220893
220894
220895
220903
220906
220907
22091988
22091989
22091991
22091992
220978
220981
220982
220983
220984
220985
220986
220987
220988
220989
220990
220991
220992
220993
220994
220995
221003
221005
221006
221007
22101985
22101986
22101987
22101988
22101989
22101990
22101991
22101992
22101993
22101994
221022
22102210
221033
221081
221082
221083
221084
221085
221086
221087
221088
221089
221090
221091
221092
221093
221094
221095
221100
221103
221104
221105
221106
221107
22111987
22111988
22111989
22111990
22111991
22111993
221122
22112211
221131
221133
221177
221180
221181
221182
221183
221184
221185
221186
221187
221188
221189
221190
221191
221192
221193
221194
221195
221196
221200
221202
221204
221205
221206
221207
22121983
22121985
22121987
22121988
22121989
22121990
22121991
22121992
22121993
22121994
221221
22122212
221230
221280
221281
221282
221283
221284
221285
221286
221287
221288
221289
221290
221291
221292
221293
221294
221295
221296
221972
221975
221977
221979
221980
221981
221982
221983
221984
221985
221986
221987
221988
221989
221990
221991
221992
221993
221994
221995
221996
221997
222000
222111
2222
22222
222222
2222222
22222222
222222222
2222222222
222222222222222
222223
22223333
22224444
222324
222333
222422
222426
222444
222525
222526
222528
222530
222555
222666
222777
222888
222999
223223
223300
223311
223322
22332233
22334
223344
22334455
223355
223366
223456
22362236
224224
224236
224236248
224422
22442244
224433
224455
224466
22446688
224488
225225
225522
22552255
225566
225577
225588
22558800
226688
227567
228822
228899
22cute
22love
22sexy
230105
230106
230107
23011989
23011990
23011991
23011992
230182
230183
230184
230185
230186
230187
230188
230189
230190
230191
230192
230193
230194
230195
230196
230205
230206
230207
23021987
23021988
23021989
23021990
23021991
230230
230281
230282
230283
230284
230285
230286
230287
230288
230289
230290
230291
230292
230293
230294
230295
230296
230303
230305
230306
230307
23031989
23031990
23031991
23031993
23031994
230323
230380
230381
230382
230383
230384
230385
230386
230387
230388
230389
230390
230391
230392
230393
230394
230395
230405
230406
230407
23041986
23041988
23041989
23041990
23041991
23041992
23041993
230479
230482
230483
230484
230485
230486
230487
230488
230489
230490
230491
230492
230493
230494
230495
230496
230503
230504
230506
230508
23051987
23051988
23051989
23051990
23051991
23051992
23051994
23052305
230581
230582
230583
230584
230585
230586
230587
230588
230589
230590
230591
230592
230593
230594
230595
230605
230606
230607
23061987
23061989
23061990
23061992
230681
230682
230683
230684
230685
230686
230687
230688
230689
230690
230691
230692
230693
230694
230695
230705
230707
23071988
23071990
23071991
23071993
230780
230781
230782
230783
230784
230785
230786
230787
230788
230789
230790
230791
230792
230793
230794
230795
230805
230806
230808
23081987
23081988
23081989
23081990
23081991
23081992
23081993
23081994
230880
230881
230882
230883
230884
230885
230886
230887
230888
230889
230890
230891
230892
230893
230894
230895
230896
230905
230906
230907
23091988
23091989
23091990
23091991
23091992
23091994
230980
230981
230982
230983
230984
230985
230986
230987
230988
230989
230990
230991
230992
230993
230994
230995
231000
231004
231005
231006
231007
23101985
23101986
23101987
23101988
23101989
23101990
23101991
23101992
23101993
23101994
231023
23102310
231080
231081
231082
231083
231084
231085
231086
231087
231088
231089
231090
231091
231092
231093
231094
231095
231102
231103
231105
231106
231107
23111987
23111989
23111990
23111991
23111992
23111993
231123
23112311
231131
231177
231178
231181
231182
231183
231184
231185
231186
231187
231188
231189
231190
231191
231192
231193
231194
231195
231200
231205
231206
231207
23121984
23121985
23121987
23121988
23121989
23121990
23121991
23121992
23121993
23121994
23122312
231229
23123
231231
231233
231280
231281
231282
231283
231284
231285
231286
231287
231288
231289
231290
231291
231292
231293
231294
231295
231296
231323
231978
231980
231981
231982
231983
231984
231985
231986
231987
231988
231989
231990
231991
231992
231993
231994
231995
231996
231997
2323
23232
232323
23232323
2323232323
23242324
232425
23242526
232426
232428
232523
23252325
232525
232526
232527
232528
232529
232530
232532
23262326
232629
23272327
233223
23322332
233233
234234
234432
23452345
23456
234561
234567
2345678
23456789
235235
235689
235711
236236
236589
23dejunio
23isback
23jordan
23love
240105
240106
24011989
24012401
240183
240184
240185
240186
240187
240188
240189
240190
240191
240192
240193
240194
240195
240205
240206
240207
24021984
24021986
24021987
24021988
24021990
24021992
240282
240283
240284
240285
240286
240287
240288
240289
240290
240291
240292
240293
240294
240295
240296
240306
240307
24031988
24031990
24031991
24031992
240382
240383
240384
240385
240386
240387
240388
240389
240390
240391
240392
240393
240394
240395
240396
240404
240406
240407
24041986
24041987
24041989
24041990
24041991
24041992
24041993
240480
240481
240482
240483
240484
240485
240486
240487
240488
240489
240490
240491
240492
240493
240494
240495
240504
240505
240506
240508
24051986
24051988
24051989
24051990
24051991
24051994
240583
240584
240585
240586
240587
240588
240589
240590
240591
240592
240593
240594
240595
240596
240606
240607
24061985
24061986
24061988
24061991
24061992
24061994
240682
240683
240684
240685
240686
240687
240688
240689
240690
240691
240692
240693
240694
240695
240705
240706
240707
24071987
24071990
24071991
24071992
240781
240782
240783
240784
240785
240786
240787
240788
240789
240790
240791
240792
240793
240794
240795
240796
240806
240807
24081987
24081989
24081991
24081992
240881
240882
240883
240884
240885
240886
240887
240888
240889
240890
240891
240892
240893
240894
240895
240905
240906
24091989
24091990
24091991
24091992
240981
240982
240983
240984
240985
240986
240987
240988
240989
240990
240991
240992
240993
240994
241004
241005
241006
241007
24101984
24101986
24101987
24101988
24101989
24101990
24101991
24101992
24101993
24101994
241024
24102410
24102528
241080
241081
241082
241083
241084
241085
241086
241087
241088
241089
241090
241091
241092
241093
241094
241095
241096
241104
241105
241106
241107
24111987
24111988
24111989
24111990
24111991
24111992
241131
241181
241182
241183
241184
241185
241186
241187
241188
241189
241190
241191
241192
241193
241194
241195
241200
241204
241205
241206
241207
24121986
24121987
24121988
24121989
24121990
24121991
24121992
24121993
24122412
241280
241281
241282
241283
241284
241285
241286
241287
241288
241289
241290
241291
241292
241293
241294
241295
241296
24152415
24162416
241980
241981
241982
241983
241984
241985
241986
241987
241988
241989
241990
241991
241992
241993
241994
241995
241996
241997
242007
2424
24242
242424
24242424
242522
242524
24252425
242525
242526
242527
242528
242529
242530
242531
242628
24282428
24434
245245
245678
246135
246246
246789
2468
24680
246800
246801
2468013579
246802
24681
246810
24681012
2468101214
246812
2468123
24681234
246813
24681357
246813579
24681379
246824
24682468
24685
246855
24688642
246888
24689
246890
246891
24692469
247247
247365
248248
24862486
248624862
24865
248655
249900
24992499
249999
24demayo
24gordon
24hours
24seven
250000
250107
25011990
25011993
25012501
250182
250183
250184
250185
250186
250187
250188
250189
250190
250191
250192
250193
250194
250195
250206
250207
25021987
25021990
25021992
250250
250281
250284
250285
250286
250287
250288
250289
250290
250291
250292
250293
250294
250295
250303
250306
250307
25031992
25031994
250382
250383
250384
250385
250386
250387
250388
250389
250390
250391
250392
250393
250394
250395
250396
250405
250407
25041987
25041990
250481
250482
250483
250485
250486
250487
250488
250489
250490
250491
250492
250493
250494
250495
250496
250505
250506
250507
25051987
25051989
25051990
25051991
25051993
25052505
250580
250581
250582
250583
250584
250585
250586
250587
250588
250589
250590
250591
250592
250593
250594
250595
250605
250606
250607
25061987
25061989
25061990
25061991
25061992
250682
250683
250684
250685
250686
250687
250688
250689
250690
250691
250692
250693
250694
250695
250705
25071987
25071989
25071990
25071992
250780
250781
250783
250784
250785
250786
250787
250788
250789
250790
250791
250792
250793
250794
250795
250800
250806
250807
25081987
25081988
25081990
25081991
250878
250880
250881
250882
250883
250884
250885
250886
250887
250888
250889
250890
250891
250892
250893
250894
250895
250904
250905
250906
25091989
25091990
25091991
25092509
250981
250982
250983
250984
250985
250986
250987
250988
250989
250990
250991
250992
250993
250994
250995
251003
251005
251006
251007
251008
25101985
25101986
25101987
25101988
25101989
25101990
25101991
25101992
25101993
25101994
25102510
251031
251078
251079
251080
251081
251082
251083
251084
251085
251086
251087
251088
251089
251090
251091
251092
251093
251094
251095
251096
251104
251105
251106
251107
25111982
25111986
25111988
25111989
25111991
251125
25112511
251178
251179
251180
251181
251182
251183
251184
251185
251186
251187
251188
251189
251190
251191
251192
251193
251194
251195
251200
251203
251204
251205
251206
251207
25121986
25121987
25121988
25121989
25121990
25121991
25121992
25121993
25122512
251280
251281
251282
251283
251284
251285
251286
251287
251288
251289
251290
251291
251292
251293
251294
251295
25132513
25141971
25142514
25152515
25162516
25171974
25172517
25182518
25191976
25192519
251975
251979
251980
251981
251982
251983
251984
251985
251986
251987
251988
251989
251990
251991
251992
251993
251994
251995
251996
252000
25201977
25202520
252100
25211978
25212521
252200
25221979
252222
25222522
252300
25231980
252325
25232523
252400
25241981
252423
252425
25242524
2525
252500
252510
252512
252513
25251325
25251982
25252
252520
252521
252522
252523
252524
252525
25252525
2525252525
252526
252527
252528
252529
252530
252531
252532
25255
252600
25261983
252625
25262526
25262527
252626
252627
252628
252700
25271984
25272527
25272528
252728
252729
252800
25281985
252825
25282528
25282529
252828
252900
25291986
252925
25292529
25292530
253000
253012
25301987
253025
25302530
253100
25311988
25312531
25312532
25321989
25322532
253253
25331990
25332533
25341991
25342534
25352535
253545
25362536
25372537
25382538
25392539
25402540
25412541
254254
25512551
255225
25522552
255255
256256
257257
25800
258000
25800852
258025
25802580
258123
258147
258258
258258258
258369
258456
25846
258654
258741
258789
25879
258852
25896
258963
258963147
25cent
25tolife
260105
260107
260108
26011986
26011990
26011991
26011993
260181
260182
260183
260185
260186
260187
260188
260189
260190
260191
260192
260193
260194
260195
260196
260206
26021988
26021990
26021992
260284
260285
260286
260287
260288
260289
260290
260291
260292
260293
260294
260295
26031987
26031989
26031990
26031991
26031992
260381
260382
260383
260384
260385
260386
260387
260388
260389
260390
260391
260392
260393
260394
260396
260405
260407
26041988
26041990
260482
260483
260484
260485
260486
260487
260488
260489
260490
260491
260492
260493
260494
260495
260506
260507
260508
26051987
26051989
26051991
26051994
260580
260583
260584
260585
260586
260587
260588
260589
260590
260591
260592
260593
260594
260595
260606
260607
26061987
26061989
26061990
26061991
26061992
26061994
260681
260683
260684
260685
260686
260687
260688
260689
260690
260691
260692
260693
260694
260695
260707
26071988
26071990
26071991
260781
260782
260783
260784
260785
260786
260787
260788
260789
260790
260791
260792
260793
260794
260795
260796
260804
260806
260807
26081989
26081992
260883
260884
260885
260886
260887
260888
260889
260890
260891
260892
260893
260894
260895
260896
26091988
26091990
260981
260982
260983
260984
260985
260986
260987
260988
260989
260990
260991
260992
260993
260994
260996
261003
261007
26101987
26101989
26101990
26101991
26101992
26101993
26101994
261080
261081
261082
261083
261084
261085
261086
261087
261088
261089
261090
261091
261092
261093
261094
261095
261104
261105
261106
261107
26111989
26111990
26111991
26111992
261126
261180
261181
261182
261183
261184
261185
261186
261187
261188
261189
261190
261191
261192
261193
261194
261195
261204
261205
261206
261207
26121986
26121988
26121989
26121990
26121991
26121992
261232
261281
261282
261283
261284
261285
261286
261287
261288
261289
261290
261291
261292
261293
261294
261295
261296
261979
261980
261981
261982
261983
261984
261985
261986
261987
261988
261989
261990
261991
261992
261993
261994
261995
261996
262524
262526
262527
262528
262529
26262
262626
26262626
262632
26272627
262728
263732
263737
26842684
269269
270106
270107
270108
27011989
27011990
27011991
27011992
270181
270183
270184
270185
270186
270187
270188
270189
270190
270191
270192
270193
270194
270195
270205
270206
270208
27021987
27021990
27021991
27021992
270284
270285
270286
270287
270288
270289
270290
270291
270292
270293
270294
270295
270304
270306
270307
27031985
27031989
27031992
27031993
270380
270381
270383
270384
270385
270386
270387
270388
270389
270390
270391
270392
270393
270394
270395
270405
27041987
27041989
27041990
27041993
270482
270483
270484
270485
270486
270487
270488
270489
270490
270491
270492
270493
270494
270495
270496
270505
270506
270507
27051988
27051990
27051991
270580
270581
270583
270584
270585
270586
270587
270588
270589
270590
270591
270592
270593
270594
270595
270596
270606
27061990
270682
270685
270686
270687
270688
270689
270690
270691
270692
270693
270694
270695
270706
270707
27071987
27071988
27071989
27071990
27071991
27071992
27071993
270779
270782
270784
270785
270786
270787
270788
270789
270790
270791
270792
270793
270794
270795
270805
270806
270807
270808
27081987
27081989
27081990
27081991
27081992
27081993
270883
270884
270885
270886
270887
270888
270889
270890
270891
270892
270893
270894
270905
27091989
27091990
27091991
27091993
270982
270983
270984
270985
270986
270987
270988
270989
270990
270991
270992
270993
270994
270995
270996
271005
271006
271007
27101986
27101987
27101988
27101989
27101990
27101991
27101992
27101993
271027
271080
271081
271082
271083
271084
271085
271086
271087
271088
271089
271090
271091
271092
271093
271094
271095
271105
271106
271107
27111987
27111988
27111989
27111990
27111991
27111992
271127
271179
271180
271182
271183
271184
271185
271186
271187
271188
271189
271190
271191
271192
271193
271194
271195
271205
271206
271207
27121985
27121986
27121989
27121990
27121991
27121992
27121993
27121994
271231
271279
271280
271281
271282
271283
271284
271285
271286
271287
271288
271289
271290
271291
271292
271293
271294
271295
271296
271727172717
271980
271981
271982
271983
271984
271985
271986
271987
271988
271989
271990
271991
271992
271993
271994
271995
271996
272523
272529
272531
272727
27272727
272829
274539
277227
27deabril
280103
280106
280107
28011991
28011992
280180
280181
280183
280184
280185
280186
280187
280188
280189
280190
280191
280192
280193
280194
280195
280204
280206
280208
28021986
28021988
28021990
28021991
280280
280282
280283
280284
280285
280286
280287
280288
280289
280290
280291
280292
280293
280294
280295
280296
280306
280307
28031988
28031989
28031990
28031993
28031994
280384
280385
280386
280387
280388
280389
280390
280391
280392
280393
280394
280395
280396
280406
280407
28041988
28041991
28041993
280482
280483
280484
280485
280486
280487
280488
280489
280490
280491
280492
280493
280494
280495
280496
280505
280506
28051987
28051989
28051991
28051992
280580
280581
280582
280583
280584
280585
280586
280587
280588
280589
280590
280591
280592
280593
280594
280595
280596
280603
280607
28061990
28061991
280683
280684
280685
280686
280687
280688
280689
280690
280691
280692
280693
280694
280695
280696
280706
280707
28071989
28071990
28071991
28071992
280783
280784
280785
280786
280787
280788
280789
280790
280791
280792
280793
280794
280795
280804
280805
280806
280807
280808
28081988
28081989
28081990
28081991
28081992
280878
280882
280883
280884
280885
280886
280887
280888
280889
280890
280891
280892
280893
280894
280895
280905
280906
280907
28091989
28091990
28091991
28091992
28091994
280982
280983
280984
280985
280986
280987
280988
280989
280990
280991
280992
280993
280994
280995
281004
281005
281006
281007
28101986
28101987
28101989
28101990
28101991
28101992
28101993
28101994
281028
281081
281082
281083
281084
281085
281086
281087
281088
281089
281090
281091
281092
281093
281094
281095
281096
281105
281106
281107
28111986
28111988
28111990
28111991
281128
281131
281179
281181
281182
281184
281185
281186
281187
281188
281189
281190
281191
281192
281193
281194
281195
281196
281203
281204
281205
281206
281207
28121985
28121987
28121988
28121990
28121991
28121993
281281
281282
281283
281284
281285
281286
281287
281288
281289
281290
281291
281292
281293
281294
281295
2813308004
281978
281979
281980
281981
281982
281983
281984
281985
281986
281987
281988
281989
281990
281991
281992
281993
281994
281995
281996
282524
282527
282528
282529
282530
282531
282828
28282828
28292829
282930
28462846
284655
28dejulio
290000
290105
29011990
29011992
290183
290185
290186
290187
290188
290189
290190
290191
290192
290193
290194
290195
290196
290284
290288
290292
290307
29031989
29031990
29031992
290382
290383
290385
290386
290387
290388
290389
290390
290391
290392
290393
290394
290395
290406
29041990
29041993
290482
290483
290484
290485
290486
290487
290488
290489
290490
290491
290492
290493
290494
290495
290496
290506
29051987
29051990
29051992
29051993
290581
290582
290583
290584
290585
290586
290587
290588
290589
290590
290591
290592
290593
290594
290595
290606
290607
29061989
29061990
29061993
290683
290684
290685
290686
290687
290688
290689
290690
290691
290692
290693
290694
290695
29071990
290782
290783
290784
290785
290786
290787
290788
290789
290790
290791
290792
290793
290794
290795
29081988
29081989
29081990
29081993
29081994
290880
290881
290884
290885
290886
290887
290888
290889
290890
290891
290892
290893
290894
290895
290905
290906
290907
29091987
29091988
29091989
29091992
290929
290981
290982
290983
290984
290985
290986
290987
290988
290989
290990
290991
290992
290993
290994
290995
291005
291006
29101987
29101989
29101990
29101991
29101992
29101993
291080
291081
291082
291083
291084
291085
291086
291087
291088
291089
291090
291091
291092
291093
291094
291095
291103
291106
29111987
29111991
29111993
29111994
291180
291181
291182
291183
291184
291185
291186
291187
291188
291189
291190
291191
291192
291193
291194
291195
291196
291205
291206
291207
29121984
29121986
29121987
29121988
29121989
29121990
29121991
29121992
29121993
29121994
291281
291282
291283
291284
291285
291286
291287
291288
291289
291290
291291
291292
291293
291294
291295
291979
291981
291982
291983
291984
291985
291986
291987
291988
291989
291990
291991
291992
291993
291994
291995
291996
292529
292929
29292929
29demayo
2CUTE4U
2HOT4U
2SEXY4U
2angel
2angels
2apples
2babies
2babyboys
2babygirls
2bad4u
2balls
2bananas
2beautiful
2become1
2bfree
2bitch
2bitches
2blessed
2bloved
2blueeyes
2boobies
2boobs
2bornot2b
2boys1girl
2brothers
2children
2cookies
2cool
2cool4school
2cool4u
2cool4you
2crazy
2crazy4u
2crunk
2cute
2cute4u
2cute4you
2daughters
2fast2furious
2fast4u
2fast4you
2fine4u
2flowers
2fly4u
2fresh
2friends
2funny
2gether
2gether4ever
2girls
2girls1boy
2good4u
2good4you
2greeneyes
2happy
2hearts
2heaven
2horses
2hot2handle
2hot4tv
2hot4u
2hot4you
2hott4u
2hottie
2inlove
2kids
2kids4me
2kisses
2kittens
2kitties
2kool4u
2kute4u
2lovely
2loveme
2lover
2lovers
2loves
2loveu
2loveyou
2lucky
2manykids
2monkey
2monkeys
2morrow
2much4u
2muchlove
2mylove
2ndbase
2ndchance
2pac4ever
2pac4life
2pacshakur
2password
2pretty
2princess
2puppies
2purple
2sassy
2sexi4u
2sexii
2sexxy
2sexy
2sexy4u
2sexy4you
2short
2simple
2sisters
2smart
2smart4u
2stars
2stupid
2sweet
2sweet4u
2thick
2turtles
2twins
2wsx3edc
2xtreme
2years
3.1416
300000
3000gt
300106
300107
30011990
300184
300185
300186
300187
300188
300189
300190
300191
300192
300193
300194
300195
300196
300300
300303
300305
300306
300307
30031988
30031989
30031990
30031993
300330
300383
300384
300385
300386
300387
300388
300389
300390
300391
300392
300393
300394
300395
300407
30041987
30041990
30041991
30041992
300480
300481
300482
300483
300484
300485
300486
300487
300488
300489
300490
300491
300492
300493
300494
300495
30051989
30051990
30051991
300582
300584
300585
300586
300587
300588
300589
300590
300591
300592
300593
300594
300595
300596
300606
300607
30061987
30061989
30061991
300680
300683
300684
300685
300686
300687
300688
300689
300690
300691
300692
300693
300694
300695
300696
300780
300783
300784
300785
300786
300787
300788
300789
300790
300791
300792
300793
300794
300795
300807
30081992
300880
300882
300883
300884
300885
300886
300887
300888
300889
300890
300891
300892
300893
300894
30091988
30091991
300981
300983
300984
300985
300986
300987
300988
300989
300990
300991
300992
300993
300994
300995
301004
301006
30101986
30101987
30101988
30101989
30101990
30101991
30101992
30101993
30101994
301030
301079
301080
301081
301082
301083
301084
301085
301086
301087
301088
301089
301090
301091
301092
301093
301094
301095
301096
301103
301105
301106
301107
30111987
30111990
30111992
301130
301180
301182
301183
301184
301185
301186
301187
301188
301189
301190
301191
301192
301193
301194
301195
301203
301205
301206
301207
30121986
30121987
30121988
30121989
30121990
30121991
30121992
30121994
301230
30123012
301276
301280
301282
301283
301284
301285
301286
301287
301288
301289
301290
301291
301292
301293
301294
301295
301984
301985
301986
301987
301988
301989
301990
301991
301992
301993
301994
302010
302302
302525
303030
30303030
303132
303303
303677
304304
305305
305mia
305miami
306090
30624700
30seconds
30secondstomars
30stm
31011989
31011990
310181
310184
310185
310186
310187
310188
310189
310190
310191
310192
310193
310194
310195
310196
310307
310310
31031987
31031988
31031990
310382
310383
310384
310385
310386
310387
310388
310389
310390
310391
310392
310393
310394
310395
31051989
31051990
310582
310583
310584
310585
310586
310587
310588
310589
310590
310591
310592
310593
310594
310595
310706
31071987
31071989
31071991
31071993
31071994
310780
310782
310783
310784
310785
310786
310787
310788
310789
310790
310791
310792
310793
310794
310795
31081988
31081989
31081991
31081992
310857
310882
310883
310884
310885
310886
310887
310888
310889
310890
310891
310892
310893
310894
310895
311005
31101986
31101987
31101988
31101989
31101990
31101991
31101992
31101993
311081
311082
311083
311084
311085
311086
311087
311088
311089
311090
311091
311092
311093
311094
311095
311200
311203
311205
311206
311207
31121985
31121986
31121987
31121988
31121990
31121991
31121992
31121993
31121994
311280
311282
311283
311284
311285
311286
311287
311288
311289
311290
311291
311292
311293
311294
311295
311311
311420
311985
311986
311987
311988
311989
311990
311991
311992
311993
311994
3121990
312312
313131
31313131
313233
313313
313326
313326339
313354
3135134162
314159
3141592654
314314
315315
316316
316497
316619
317317
317537
318318
31minutos
320320
321000
32103210
321123
321321
321321321
32145
321456
321456987
3214789
321478965
3215987
321654
321654987
321987
321990
321993
321cba
323232
32323232
323323
324324
325325
326159487
326326
326435
326598
331133
331984
331992
331993
331994
332211
332233
333000
333111
333221
333222
3333
33333
333333
3333333
33333333
333333333
3333333333
333444
333456
333555
333666
333666999
333777
333888
333999
3344520
334455
33445566
335577
335599
336633
336699
341987
341988
342435
343434
34343434
343536
345345
345543
34567
345678
3456789
35080508
351987
351989
351993
353535
354313
354354
3571138
357159
357357
357753
357911
35793579
357951
360360
360flip
362436
362514
363636
36363636
365214
365365
365412
366366
36912
3691215
369123
369147
369258
369258147
369303
369369
369369369
369741
369852
369852147
36987
369874
3698741
36987412
369874125
369963
36mafia
3705smart
371991
373737
378378
381990
383838
391989
393939
3amigos
3angels
3babies
3bears
3blindmice
3boys
3brothers
3children
3daughters
3daysgrace
3doorsdown
3friends
3girls
3horses
3iverson
3kids
3kings
3kittens
3libras
3lizabeth
3min3m
3monkeys
3p1c1zzle
3pointer
3puppies
3rdbase
3rdward
3sisters
3stars
3stooges
3wishes
4-ever
400000
404040
405060
411411
414141
414243
414428
4144284312
415263
415415
419419
420
420000
420024
420247
420420
420420420
4204life
420666
42069
4206969
420bitch
420love
420pot
420smoke
420time
420weed
421421
4221466
423423
424242
42424242
426624
426hemi
431987
43211234
43214321
434343
441988
441990
4421210
442244
443322
44332211
444222
444333
4444
44444
444444
4444444
44444444
444444444
4444444444
444455
44445555
44448888
444555
444555666
444666
444777
444888
444999
445544
44554455
445566
44556677
446688
451986
451988
451991
45454
454545
45454545
45456
454647
45612
456123
4561230
456123789
456258
456321
456456
456456456
456654
45678
456789
4567890
456789123
456838
45683968
456852
4568520
456963
456987
458458
461989
464646
46464646
46709394
471988
471991
474747
47474747
475869
4815162342
481993
484848
48484848
48624862
48625
494949
49ers
49ers1
4always
4angels
4babies
4brothers
4children
4christ
4eternity
4evame
4evaurs
4ever
4ever1
4ever21
4everfriends
4everhis
4everinlove
4everlove
4everluv
4everme
4evermine
4evermore
4everu
4everurs
4everus
4everyoung
4everyours
4family
4forever
4freedom
4friends
4getit
4getmenot
4girls
4given
4gotten
4horsemen
4jesus
4kids
4leafclover
4life
4me2know
4me2no
4me2use
4meonly
4money
4monkeys
4mykids
4mylove
4myself
4myspace
4peace
4rockyou
4runner
4seasons
4shizzle
4sisters
4stars
4thofjuly
4twenty
4u2nvme
4uiwill
4wheeler
50 cent
50-cent
50000
500000
500500
501501
504boy
504boyz
504girl
505050
50505050
505505
506070
50CENT
50_cent
50cent
50cent1
50cent123
50cent50
50cents
50gunit
51-wfhs
51-wfhs123
51-wfhs2024
51-wfhs2025
51-wfhs2026
51-wfhs888
5101520
5101992
510510
5121314
5121989
5121990
512512
513513
5150
51500
51505150
51515
515151
515253
515515
5155210
51555
51huilife
51huilife123
51huilife2024
51huilife2025
51huilife2026
51huilife888
51wfhs
51wfhs123
51wfhs2024
51wfhs2025
51wfhs2026
51wfhs888
520025
5201314
5203344
520520
520530
5211314
521521
521985
521990
523252
523523
523698741
525252
52525252
525254
5254143
52545254
525525
525600
526526
528528
52hoova
535353
53638332
5377422
541236
541236987
541987
541988
541991
54321
543210
543211
5432112345
543216
54321a
545454
54545454
546546
547896321
551984
551985
551986
551988
551989
551990
551991
551992
551993
551994
552005
55378008
554433
554466
555000
5550123
555111
5551212
555222
555333
555444
5555
55555
555551
555555
5555555
55555555
555555555
5555555555
555555555555555
555556
55556666
555666
555666777
555777
555888
555999
556556
5566183
556644
556655
55665566
556656
556677
55667788
556688
556699
55chevy
56123
561990
561992
561993
563214789
56565
565656
56565656
565758
56581111
567482
567567
56785678
56789
567890
567891
5678910
5678dance
5683
568300
56835683
5683love
568923
569874
571993
575757
575859
57chevy
581994
584520
5845201314
585858
58585858
587846
595959
5alive
5angels
5babies
5children
5demayo
5fingers
5five5
5girls
5letras
5poppin
5stars
5thgrade
5thward
5times
600000
606060
60cent
613613
615243
616161
616263
6166212
61892
619316
619619
619619619
619916
619rey
623623
62489782
626262
62626262
635241
6354772
636363
641987
6424235
642653
646464
64impala
651988
654123
654312
65432
654321
6543210
6543211
654321a
654321j
654321m
654456
654654
654789
654852
654987
654987321
655321
656565
65mustang
661986
661987
661988
661989
661991
661992
665544
666
666000
666111
666123
6661313
666222
666333
666420
666422
666444
666555
66666
666665
666666
6666666
66666666
666666666
6666666666
666666a
666669
666777
666888
666999
666devil
666satan
667788
66778899
669966
66mustang
671guam
676767
678678
67890
678901
678910
67camaro
67chevy
67mustang
67shelby
686868
68camaro
68mustang
691988
691989
691992
695847
6969
696900
69696
696969
69696969
6969696969
696969a
699669
69966996
69baby
69camaro
69charger
69chevelle
69chevy
69eyes
69love
69mustang
6children
6cyclemind
6grade
6letters
6poppin
6string
6thgrade
6voltios
700000
700007
707070
708090
709394
711711
7121993
7127000
713713
7142128
717171
717273
7177214
718293
721990
721994
7237362
727272
72chevy
731991
737373
73997399
741000
741023
7410258
74107410
741085
7410852
74108520
741085209630
7410852963
741123
741147
74123
741230
741236
7412369
74123698
741236985
741236987
741258
741258963
741369
7415963
741741
741852
7418520
7418529
74185296
741852963
7418529630
741953
741963
741963852
741991
742141189
742617000027
746997643
747474
748159263
748596
751953
751989
751994
753159
753214
7532159
753357
753753
753951
7539510
753951456
753951852
753951852456
7552525
757575
759153
765432
7654321
76543210
767676
770077
770880
771988
771989
771990
771991
771992
771993
774411
775533
7758258
7758521
776655
7767874
777000
777111
777222
777333
777444
777555
777666
7777
77777
777777
7777777
77777777
777777777
7777777777
777777777777777
77777778
77778888
777888
777888999
7779311
777999
777jesus
778877
77887788
778899
781227
781987
781992
784512
7845120
784512963
784951623
785412
785612
786110
786123
786786
786786786
787878
78787878
7878978
787898
787899
789000
789012
78910
7891011
789123
789123456
7891235
789321
78945
789456
7894561
78945612
789456123
7894561230
7894562
789456321
789456a
7895123
78952
789520
789521
78963
789632
7896321
78963214
789632145
789632147
78965
789654
789654123
7896541230
789789
789789789
789852
789852123
789963
789987
791346
794613
794613258
794613852
79513
797979
79797979
7angels
7eleven
7heaven
7seven
7seven7
7stars
7thgrade
7thheaven
7things
7thward
800000
800008
800800
808080
80808080
808808
808state
809809
80sbaby
81237
817817
818181
818283
818818
8188216
821995
82465
824655
82468246
828282
831831
83266
837829318
838383
841009
841101
841109
841123
84265
842655
84268426
848484
850101
850123
850214
850501
850910
851007
851008
851010
851016
851025
851026
851027
851030
851101
851102
851103
851104
851108
851109
851120
851126
851202
851212
851216
85200
852000
85200258
8520456
85208520
852123
852147
852258
852369
852456
852456753951
8524567913
852456951753
85246
852654
852741
852741963
852852
852963
852963741
858585
85858585
860123
860126
860202
860326
860328
860331
860404
860501
860512
860601
860614
860617
860621
860723
860804
860806
860812
860827
860902
860920
861001
861002
861005
861011
861012
861022
861026
861027
861030
861102
861105
861106
861108
861109
861112
861116
861118
861119
861120
861122
861125
861126
861129
861201
861202
861204
861206
861207
861208
861209
861210
861211
861212
861215
861216
861217
861221
861226
86248624
8675309
8675309a
868686
870101
870102
870116
870121
870126
870202
870203
870209
870306
870313
870315
870330
870425
870510
870516
870521
870603
870606
870615
870617
870618
870621345
870701
870707
870708
870807
870811
870825
870828
870908
870926
870930
871001
871004
871006
871007
871008
871009
871010
871013
871016
871017
871022
871023
871025
871026
871027
871028
871101
871102
871103
871104
871108
871109
871120
871122
871123
871126
871129
871130
871201
871202
871205
871206
871210
871212
871219
871226
871229
871231
875421
876543
87654321
878787
880088
880101
880102
880108
880112
880118
880121
880123
880125
880126
880203
880208
880209
880212
880214
880217
880220
880221
880223
880303
880319
880321
880322
880331
880404
880406
880410
880418
880419
880423
880425
880428
880430
880502
880505
880509
880510
880511
880512
880516
880520
880522
880524
880527
880528
880610
880612
880618
880621
880622
880623
880628
880630
880701
880702
880707
880708
880712
880718
880720
880722
880725
880727
880729
880802
880803
880805
880806
880807
880808
880810
880811
880813
880817
880818
880819
880821
880824
880825
880826
880827
880830
880831
880901
880903
880905
880906
880907
880908
880909
880910
880911
880912
880914
880916
880918
880919
880920
880921
880922
880923
880924
880927
880928
880929
881001
881002
881003
881004
881005
881006
881007
881009
881010
881011
881013
881015
881016
881017
881018
881019
881020
881021
881022
881025
881026
881027
881028
881029
881030
881031
881101
881102
881103
881104
881105
881106
881107
881108
881109
881110
881111
881112
881113
881114
881115
881116
881117
881118
881119
881120
881121
881122
881123
881125
881126
881128
881129
881130
8811967
881201
881203
881204
881205
881206
881207
881208
881209
881210
881211
881212
881213
881214
881215
881216
881218
881219
881220
881221
881222
881223
881224
881225
881226
881228
881229
881230
881231
881988
881989
881990
881992
881994
88224646
885522
887766
888000
888111
888222
888333
888444
888555
888666
888777
8888
88888
888888
8888888
88888888
888888888
8888888888
888889
88889999
888999
889900
889977
889988
88998899
890101
890104
890107
890123
890124
890210
890211
890215
890218
890227
890316
890321
890325
890330
890408
890412
890413
890420
890426
890502
890503
890504
890505
890621
890628
890710
890712
890717
890718
890720
890731
890808
890822
890890
890901
890905
890907
890908
890909
890910
890911
890913
890926
890929
890iop
891001
891002
891003
891004
891005
891006
891007
891008
891009
891010
891011
891012
891013
891016
891017
891018
891022
891023
891024
891025
891026
891027
891028
891029
891030
891031
891101
891102
891103
891106
891107
891108
891109
891110
891111
891112
891116
891117
891118
891120
891121
891122
891124
891125
891128
891129
891130
891202
891205
891208
891209
891211
891212
891214
891215
891216
891218
891219
891221
891222
891225
891226
891228
891230
891989
895623
89631139
898989
89898989
89mustang
8;k,iyd
8ball
8balls
8eight
8letters
8oojkiyd
8seconds
8thgrade
900000
900111
900120
900121
900206
900215
900320
900424
900511
900515
900609
900709
900728
900809
900818
900821
900900
900908
900909
900911
900915
900922
900925
901004
901005
901008
901010
901011
901012
901013
901015
901016
901018
901019
901020
901022
901024
901030
901101
901103
901105
901106
901107
901108
901109
901110
901112
901113
901115
901123
901124
901201
901210
901211
901212
901213
901218
90210
902100
906090
908070
909090
90909090
910317
910513
910515
910910
911002
9110024
911007
911030
911109
911111
911119
911221
911231
911911
911911911
911turbo
9121992
916916
918273
918273645
919191
919293
9199218
920322
920920
92631043
92702689
929292
930930
938271
939393
949494
951123
951159
95123
951236
951357
951623
951753
951753456
951753852
951753852456
951951
959595
95civic
95mustang
963123
96321
963210
963214
9632147
96321478
963214785
963258
963258741
963321
963369
963741
963741852
963852
96385274
963852741
9638527410
963963
963963963
968574
969696
96969696
97531
975310
976431
979797
97chevy
97mustang
98188729
985632
986532
987123
987321
987321654
987410
987412
9874123
98741236
987412365
98745
987456
987456123
987456321
9874563210
9875321
98765
987654
987654123
9876543
98765432
987654321
9876543210
98765432100
9876543211
987654321a
98769876
987789
987987
987987987
989898
98989898
98degrees
98honda
98mustang
990099
991199
991984
991985
991986
991987
991988
991989
991991
991992
991994
995511
996633
998877
99887766
998899
999000
999111
999333
999444
999555
999666
999666333
999777
999888
999888777
9999
99998888
99999
999990
999991
999998
999999
9999999
99999999
999999999
9999999999
999999999999999
99civic
99mustang
99problems
99redballoons
9lives
9thward
<div><embed src=\\
<table style=\\
??????
@@@@@@
@hotmail
@hotmail.com
@yahoo
@yahoo.com
A12345
A123456
A123456789
A1B2C3D4
AAAAA
AAAAAA
AALIYAH
AALIYAH1
AARON
AARON1
ABC123
ABC123abc
ABCD1234
ABCDE
ABCDEF
ABCDEFG
ABCDEFGH
ABCabc123
ABIGAIL
ABRAHAM
ACUARIO
ADIDAS
ADOLFO
ADRIAN
ADRIAN1
ADRIANA
ADRIANNA
ADRIANO
AFRODITA
AGOSTO
AGUILA
AGUILAS
AILEEN
ALABAMA
ALBERT
ALBERTO
ALDRIN
ALEJANDRA
ALEJANDRO
ALEX12
ALEX123
ALEXA
ALEXANDER
ALEXANDER1
ALEXANDRA
ALEXANDRE
ALEXANDRU
ALEXIA
ALEXIS
ALEXIS1
ALFONSO
ALFRED
ALFREDO
ALIANZA
ALICIA
ALISHA
ALISON
ALIYAH
ALLAH
ALLEN
ALLISON
ALLSTAR
ALONDRA
ALONSO
ALUCARD
ALVAREZ
ALVARO
ALVIN
ALWAYS
ALYSSA
ALYSSA1
AMALIA
AMANDA
AMANDA1
AMARILLO
AMBER
AMBER1
AMELIA
AMERICA
AMERICA1
AMIGAS
AMIGOS
AMISTAD
AMORCITO
AMORE
AMORES
AMORMIO
AMORSITO
ANAHI
ANAMARIA
ANDERSON
ANDRE
ANDRE1
ANDREA
ANDREA1
ANDREEA
ANDREI
ANDREITA
ANDRES
ANDREW
ANDREW1
ANGEL
ANGEL07
ANGEL1
ANGEL12
ANGEL123
ANGEL13
ANGEL15
ANGEL2
ANGEL23
ANGEL3
ANGEL7
ANGELA
ANGELA1
ANGELBABY
ANGELES
ANGELICA
ANGELINA
ANGELITA
ANGELITO
ANGELO
ANGELS
ANGELS1
ANGIE
ANGIE1
ANIMAL
ANIMALS
ANITA
ANIYAH
ANNETTE
ANNIE
ANTHONY
ANTHONY1
ANTOINE
ANTONIA
ANTONIO
ANTONIO1
ANTONY
AOL123
APPLE
APPLE1
APPLES
APRIL
AQUARIUS
ARACELI
ARCANGEL
ARCHIE
ARGENTINA
ARIANA
ARIANNA
ARIEL
ARIES
ARLENE
ARMANDO
ARMANI
ARNOLD
ARSENAL
ARTHUR
ARTURO
ASD123
ASDFG
ASDFGH
ASDFGHJKL
ASHANTI
ASHLEE
ASHLEIGH
ASHLEY
ASHLEY1
ASHTON
ASSHOLE
ASSHOLE1
ASTIG
ASTRID
ATLANTA
AUDREY
AUGUST
AURORA
AUSTIN
AUSTIN1
AUSTRALIA
AUTUMN
AVENTURA
AVRIL
AWESOME
AZUCENA
Aaliyah
Aaliyah1
Aaron
Aaron1
Abc123
Abercrombie
Aberdeen
Abigail
Adrian
Adriana
Adrianna
Ahcq-scm
Ahcq-scm123
Ahcqscm
Ahcqscm123
Alabama
Alaska
Albert
Alejandra
Alejandro
Alexander
Alexander1
Alexandra
Alexandria
Alexia
Alexis
Alexis1
Alfredo
Alicia
Alisha
Allison
Alucard
Alyssa
Alyssa1
Amanda
Amanda1
Amber
Amber1
Amelia
America
America1
Anderson
Andre
Andrea
Andreas
Andres
Andrew
Andrew1
Angel
Angel1
Angel12
Angel123
Angel2
Angela
Angelica
Angelina
Angelito
Angelo
Angels
Angelus
Angie
Animal
Animals
Annabelle
Annette
Annie
Anthony
Anthony1
Antoinette
Antonia
Antonio
Antonio1
Apollo
Apple1
Apples
April
Aquarius
Archie
Arianna
Arizona
Armando
Arnold
Arsenal
Arsenal1
Ashanti
Ashlee
Ashleigh
Ashley
Ashley1
Ashton
Athena
Atlanta
Aubrey
Audrey
August
Aurora
Austin
Austin1
Australia
Autumn
Awesome
BABES
BABIES
BABY01
BABY08
BABY1
BABY11
BABY12
BABY123
BABY13
BABY14
BABY15
BABY21
BABY23
BABYBLUE
BABYBOO
BABYBOY
BABYBOY1
BABYCAKES
BABYDOLL
BABYFACE
BABYGIRL
BABYGIRL1
BABYGIRL12
BABYGIRL13
BABYGIRL2
BABYGURL
BABYGURL1
BABYKO
BABYLOVE
BABYPHAT
BABYPHAT1
BADASS
BADAZZ
BADBITCH
BADBOY
BADBOY1
BADGIRL
BADMAN
BAILEY
BAILEY1
BALLER
BALLER1
BALLIN
BALLIN1
BAMBAM
BANANA
BANANAS
BANDIT
BARBARA
BARBIE
BARBIE1
BARCELONA
BARNEY
BASEBALL
BASEBALL1
BASKET
BASKETBALL
BATISTA
BATMAN
BATMAN1
BATTLE
BAUTISTA
BBBBBB
BEATRICE
BEATRIZ
BEAUTIFUL
BEAUTIFUL1
BEAUTY
BEBITA
BEBITO
BECKHAM
BELINDA
BELLA
BELLA1
BELLOTA
BENFICA
BENJAMIN
BERENICE
BERNARD
BERNARDO
BESTFRIEND
BESTFRIENDS
BETHANY
BETTY
BETTYBOOP
BETTYBOOP1
BEVERLY
BEYONCE
BHABES
BHABY
BHEBHE
BIANCA
BIGBOY
BIGBOY1
BIGDADDY
BIGDICK
BIGDOG
BIGRED
BILLABONG
BILLIE
BILLY
BINTANG
BIRTHDAY
BISMILLAH
BITCH
BITCH1
BITCH123
BITCH2
BITCH69
BITCHES
BITCHES1
BITCHY
BITEME
BLACK
BLACK1
BLACKY
BLANCA
BLESSED
BLESSED1
BLINK182
BLONDIE
BLOOD
BLOOD1
BLOOD5
BLOODS
BLOODZ
BLOSSOM
BLUE123
BLUE13
BLUE22
BOBBY
BOBBY1
BOBESPONJA
BOBMARLEY
BOMBOM
BOMBON
BONBON
BONITA
BONNIE
BOOBIE
BOOBOO
BOOBOO1
BOOGER
BOOGIE
BOOKIE
BOOMER
BOOSIE
BOOTY
BORICUA
BORICUA1
BOSSY1
BOSTON
BOWWOW
BOWWOW1
BRADLEY
BRANDI
BRANDON
BRANDON1
BRANDY
BRASIL
BRATZ
BRATZ1
BRAYAN
BRAZIL
BREANNA
BREBRE
BRENDA
BRIAN
BRIAN1
BRIANA
BRIANNA
BRIANNA1
BRIBRI
BRIDGET
BRITNEY
BRITTANY
BRITTANY1
BRITTNEY
BROKEN
BRONCOS
BROOKE
BROOKLYN
BROOKLYN1
BROTHER
BROWN
BROWN1
BROWNIE
BRUNO
BRYAN
BRYANT
BUBBA
BUBBA1
BUBBLE
BUBBLEGUM
BUBBLES
BUBBLES1
BUDDY
BUDDY1
BUDLIGHT
BUGSBUNNY
BULLDOG
BULLDOGS
BULLET
BULLSHIT
BUNBURY
BUNNY
BUNNY1
BURBUJA
BUSTER
BUSTER1
BUTTER
BUTTERCUP
BUTTERFLY
BUTTERFLY1
BUTTONS
BYRON
BabyGirl
BabyGurl
Babyblue
Babyboy
Babydoll
Babygirl
Babygirl1
Babygurl
Baihaitun100
Baihaitun100123
Bailey
Bailey1
Baller
Ballin
Banana
Bandit
Barbara
Barbie
Barbie1
Barcelona
Barney
Baseball
Basketball
Batista
Batman
Bdfuyang
Bdfuyang123
Beatriz
Beautiful
Beautiful1
Beauty
Beckham
Belinda
Bella
Bella1
Benfica
Benjamin
Bernard
Bethany
BettyBoop
Beyonce
Bianca
Billabong
Billie
Billy
Birthday
Biscuit
Bitch
Bitch1
Bitches
Bjhzsv
Bjhzsv123
Bjry168
Bjry168123
Blackie
Blessed
Blessed1
Blink182
Blondie
Blondie1
Blossom
Bobbie
Bobby1
Bonnie
BooBoo
Boogie
Boomer
Boricua
Boston
Bowwow
Bradley
Brandi
Brandon
Brandon1
Brandy
Brandy1
Braves
Brazil
Breanna
Brenda
Brendan
Brian
Brian1
Briana
Brianna
Brianna1
Bridget
Britney
Brittany
Brittany1
Brittney
Brodie
Broncos
Brooke
Brooklyn
Brooklyn1
Brownie
Bryan
Bubble
Bubblegum
Bubbles
Bubbles1
Buddy
Buddy1
Bulldog
Bulldogs
Busted
Buster
Buster1
Buttercup
Butterfly
Butterfly1
Buttons
C123456
CABALLO
CAITLIN
CALDERON
CALIENTE
CALIFORNIA
CALLUM
CALVIN
CAMERON
CAMERON1
CAMILA
CAMILLE
CAMILO
CAMPANITA
CANADA
CANCER
CANDACE
CANDY
CANDY1
CANDYGIRL
CANELA
CANTIK
CAPRICORN
CAPRICORNIO
CARAJO
CARAMEL
CARAMELO
CAREBEAR
CAREBEAR1
CARINA
CARITO
CARLA
CARLITA
CARLITOS
CARLO
CARLOS
CARLOS1
CARMEL
CARMELO
CARMEN
CAROL
CAROLINA
CAROLINE
CARRIE
CARSON
CARTER
CASEY
CASHMONEY
CASPER
CASSANDRA
CASSIDY
CASSIE
CASSIE1
CASTILLO
CASTRO
CAT123
CATALINA
CATDOG
CATHERINE
CATHY
CECILIA
CEDRIC
CELESTE
CELTIC
CELTIC1888
CELTICFC
CELULAR
CESAR
CHACHA
CHAMPION
CHANCE
CHANEL
CHANGE
CHARLENE
CHARLES
CHARLES1
CHARLIE
CHARLIE1
CHARLOTTE
CHARLY
CHARMED
CHAVEZ
CHECHE
CHEEKY
CHEER
CHEER1
CHEESE
CHELLE
CHELSEA
CHELSEA1
CHERRIES
CHERRY
CHERRY1
CHERYL
CHESKA
CHESTER
CHEYENNE
CHICAGO
CHICHI
CHICKEN
CHICKEN1
CHIKIS
CHIKITA
CHILDREN
CHINA
CHINGY
CHINITA
CHINO
CHIQUI
CHIQUITA
CHIVAS
CHIVAS1
CHLOE
CHOCOLATE
CHOCOLATE1
CHOPPER
CHRIS
CHRIS1
CHRIS12
CHRIS123
CHRIS15
CHRISB
CHRISB1
CHRISBROWN
CHRISSY
CHRIST
CHRISTIAN
CHRISTIAN1
CHRISTINA
CHRISTINE
CHRISTMAS
CHRISTOPHER
CHRISTY
CHUBBY
CHUCHO
CHUCKY
CHULA1
CHUNKY
CIARA
CINDERELLA
CINDY
CINTA
CINTAKU
CINTHIA
CINTHYA
CLAIRE
CLASSOF07
CLASSOF08
CLASSOF09
CLAUDIA
CLAYTON
CLIFFORD
CLOVER
COCACOLA
COFFEE
COLDPLAY
COLLEEN
COLLEGE
COLOMBIA
COLOMBIA1
COMPAQ
COMPAQ1
COMPTON
COMPUTADORA
COMPUTER
COMPUTER1
CONEJITA
CONEJO
CONNIE
CONNOR
CONSUELO
CONTRASEÑA
CONVERSE
COOKIE
COOKIE1
COOKIES
COOPER
CORAZON
COREY
CORONA
CORTEZ
COSITA
COTTON
COURTNEY
COURTNEY1
COWBOY
COWBOYS
COWBOYS1
CRAZY
CRAZY1
CREATIVE
CRISTAL
CRISTIAN
CRISTINA
CRISTO
CRUZAZUL
CRYSTAL
CRYSTAL1
CUDDLES
CUPCAKE
CUPCAKE1
CURTIS
CUTEAKO
CUTEGIRL
CUTEKO
CUTEME
CUTIE
CUTIE1
CUTIEPIE
CUTIEPIE1
CUTIES
CUTTIE
CYNTHIA
Caitlin
California
Callie
Calvin
Cameron
Cameron1
Camille
Canada
Canbe
Canbe123
Cancer
Candice
Candy
Candy1
Capricorn
Carlos
Carmen
Carolina
Caroline
Carrie
Carter
Casey
Casper
Cassandra
Cassidy
Cassie
Catarina
Catherine
Cecilia
Celeste
Celtic
Chance
Chandler
Charles
Charles1
Charlie
Charlie1
Charlotte
Charmed
Charmed1
Cheerleader
Cheese
Chelsea
Chelsea1
Chengtech
Chengtech123
Cherry
Chester
Cheyenne
Chicago
Chicken
Chicken1
Chinanaisi
Chinanaisi123
Chiquita
Chloe
Chloe1
Chn-top
Chn-top123
Chntop
Chntop123
Chocolate
Chocolate1
Chris
Chris1
ChrisBrown
Chrissy
Christ
Christian
Christian1
Christina
Christine
Christmas
Christopher
Christy
Cinderella
Cinnamon
Cixingkeji
Cixingkeji123
Claire
Claudia
Clayton
Clifford
Cloud1
Cn-hunters
Cn-hunters123
Cnhunters
Cnhunters123
Colombia
Computer
Connor
Cookie
Cooper
Copper
Cos-pak
Cos-pak123
Cospak
Cospak123
Cotcchina
Cotcchina123
Courtney
Courtney1
Cowboys
Cowboys1
Cricket
Cristian
Cristina
Cristo
Crystal
Crystal1
Cuddles
Curtis
Cutie
Cynthia
CyoiydgTv
D123456
DADDY
DADDY1
DADDYSGIRL
DADDYYANKEE
DAISY
DAISY1
DAKOTA
DAKOTA1
DALLAS
DALLAS1
DALTON
DAMARIS
DAMIAN
DAMIEN
DAMION
DANCE
DANCER
DANCER1
DANGER
DANICA
DANIEL
DANIEL1
DANIELA
DANIELITA
DANIELITO
DANIELLA
DANIELLE
DANIELLE1
DANILO
DANNY
DANNY1
DANTE
DARIO
DARIUS
DARKANGEL
DARKNESS
DARLING
DARNELL
DARRELL
DARREN
DARRYL
DARWIN
DAVID
DAVID1
DAYANA
DAYDAY
DEANDRE
DEANNA
DEBBIE
DEBORAH
DECEMBER
DECLAN
DEEDEE
DELACRUZ
DELETE
DELFIN
DENISA
DENISE
DENISE1
DENISSE
DENNIS
DENVER
DEREK
DERRICK
DESHAWN
DESIREE
DESMOND
DESTINEE
DESTINY
DESTINY1
DETROIT
DEVIN
DEVON
DEXTER
DIABLO
DIAMOND
DIAMOND1
DIAMONDS
DIANA
DIANA1
DIANITA
DIANNE
DICIEMBRE
DIEGO
DIESEL
DILLON
DIMPLE
DIMPLES
DINAMO
DIOSESAMOR
DIOSITO
DIOSMEAMA
DIPSET
DIPSET1
DISNEY
DIVINA
DIVINE
DOCTOR
DODGERS
DODGERS1
DOGGY
DOLLAR
DOLPHIN
DOLPHINS
DOMINGO
DOMINIC
DOMINIQUE
DONALD
DONDON
DONKEY
DONNA
DONNIE
DONOMAR
DONOVAN
DORAEMON
DOUGLAS
DRAGON
DRAGON1
DRAGONS
DREAMER
DREAMS
DRPEPPER
DULCE
DURANGO
DUSTIN
DWAYNE
DYLAN
Daddy1
Daisy
Daisy1
Dakota
Dallas
Damian
Damien
Dance
Dancer
Dancer1
Dancing
Danger
Daniel
Daniel1
Daniela
Danielle
Danielle1
Danny
Danny1
Darius
Darkness
Darren
Dashengjianshe
Dashengjianshe123
David
David1
Dawson
Deanna
Debbie
Deborah
December
Denise
Dennis
Derrick
Desiree
Destiny
Destiny1
Detroit
Dexter
Diablo
Diamond
Diamond1
Diamonds
Diana
Diesel
Dillon
Diosesamor
Disney
Dolphin
Dolphin1
Dolphins
Dolphins1
Dominic
Dominic1
Dominique
Domino
Donald
Donnie
Donovan
Doraemon
Dougie
Douglas
Dragon
Dragon1
Dragons
Dreamer
Dreams
Duncan
Dustin
Dustin1
Dwayne
Dylan
EAGLES
EAGLES1
EASTSIDE
ECLIPSE
ECUADOR
EDDIE
EDDIE1
EDGAR
EDISON
EDITH
EDUARDO
EDWARD
EDWARD1
EDWIN
EEYORE
ELAINE
ELAMOR
ELEMENT
ELENA
ELEPHANT
ELIANA
ELIJAH
ELIZABETH
ELIZABETH1
ELVIRA
EMANUEL
EMERALD
EMILIO
EMILY
EMINEM
EMMANUEL
EMOTIONAL
ENGLAND
ENRIQUE
ERICA
ERICK
ERICKA
ERIKA
ERNEST
ERNESTO
ESCORPION
ESMERALDA
ESPERANZA
ESTEBAN
ESTEFANIA
ESTELA
ESTHER
ESTRADA
ESTRELLA
ESTRELLAS
ESTRELLITA
ETHAN
EUGENE
EUNICE
EVELIN
EVELYN
Eagles
Eduardo
Edward
Eeyore
Elaine
Eleai
Eleai123
Element
Elijah
Elizabeth
Elizabeth1
Ellie
Elliott
Emily
Emily1
Eminem
Eminem1
Emmanuel
England
Esther
Estrella
Eugene
Evanescence
Evelyn
FABIAN
FABIOLA
FAITH
FALCON
FALCONS
FALLOUTBOY
FAMILIA
FAMILY
FAMILY1
FANNY
FASHION
FATASS
FATBOY
FATBOY1
FATCAT
FATHER
FATIMA
FEBRERO
FEBRUARY
FELICIA
FELICIDAD
FELIPE
FELIX
FERCHA
FERGIE
FERNANDA
FERNANDEZ
FERNANDO
FERRARI
FIORELLA
FIREMAN
FISHING
FLAKA
FLAKITA
FLAQUITA
FLORENCE
FLORES
FLORICIENTA
FLORIDA
FLOWER
FLOWER1
FLOWERS
FLUFFY
FOOTBALL
FOOTBALL1
FOREVER
FOREVER1
FRANCES
FRANCIS
FRANCISCO
FRANCO
FRANK
FRANKIE
FRANKIE1
FRANKLIN
FREAKY
FREDDIE
FREDDY
FREEDOM
FRESH
FRESH1
FRESITA
FRIEND
FRIENDS
FRIENDS1
FRIENDSHIP
FRIENDSTER
FROGGY
FUCKER
FUCKING
FUCKLOVE
FUCKLOVE1
FUCKLOVE13
FUCKME
FUCKOFF
FUCKOFF1
FUCKU
FUCKU1
FUCKU2
FUCKYOU
FUCKYOU!
FUCKYOU1
FUCKYOU2
FUTBOL
Falcon
Familia
Family
Family1
Fantasy
Fashion
Fatima
February
Felicia
Fenglanjs
Fenglanjs123
Fernanda
Fernando
Ferrari
Filipa
Florida
Florida1
Flower
Flowers
Fluffy
Football
Football1
Forever
Forever1
France
Frances
Francis
Francisco
Frank
Frankie
Franklin
Freckles
Freddie
Freddy
Freedom
Freedom1
Friends
Friends1
Friendship
FuckYou
Fuckyou
Fuckyou2
Fzmetal
Fzmetal123
G-UNIT
G-unit
GABBY
GABRIEL
GABRIEL1
GABRIELA
GABRIELLA
GABRIELLE
GANDA
GANDAKO
GANGSTA
GANGSTA1
GANGSTER
GARCIA
GARFIELD
GATEWAY
GATITA
GATITO
GEMINI
GEMINIS
GENERAL
GENESIS
GENIUS
GEORGE
GEORGE1
GEORGIA
GERALD
GERALDINE
GERARD
GERARDO
GERMAN
GERRARD
GERSON
GETMONEY
GETMONEY1
GHETTO
GIANNA
GIBSON
GIGGLES
GILBERT
GINGER
GIOVANNI
GIRLS
GISELA
GISELLE
GIZMO
GLADYS
GLAMOROUS
GLENDA
GLITTER
GLORIA
GODBLESS
GODDESS
GODISGOOD
GODISLOVE
GOLDEN
GOLDIE
GONZALES
GONZALEZ
GONZALO
GOOGLE
GORDA
GORDIS
GORDITA
GORDO
GORDO1
GORDON
GORGEOUS
GRACE
GRACIA
GRACIE
GRACIELA
GRAHAM
GRANDAD
GRANDMA
GRANDMA1
GRANNY
GRECIA
GREEN
GREEN1
GREENDAY
GREGORY
GUADALUPE
GUATEMALA
GUERRERO
GUILLERMO
GUITAR
GUSTAVO
GUYANA
Gabby
Gabriel
Gabriel1
Gabriela
Gabriella
Gabrielle
Gangsta
Garcia
Garfield
Garrett
Gateway
Gdrongda
Gdrongda123
Gemini
Genesis
George
George1
Georgia
Georgie
Georgina
Gerald
Gerard
Germany
Gerrard
Gerrard8
Giggles
Gilbert
Ginger
Ginger1
Giovanni
Gizmo
Gizmo1
Glamorous
Glitter
Gloria
Godbless
Goddess
Godis1
Godisgood
Godislove
Godlovesme
Goglobalcn
Goglobalcn123
Goldie
Gordon
Gothic
Grace
Gracie
Grandad
Grandma
Green1
GreenDay
Greenday
Greenday1
Gregory
Griffin
Guatemala
Guitar
Gustavo
Gx-jx
Gx-jx123
Gxjx
Gxjx123
Gymnastics
Gzzqswkj
Gzzqswkj123
HAHAHA
HAILEY
HAMILTON
HAMSTER
HANDSOME
HANNA
HANNAH
HANNAH1
HAPPINESS
HAPPY
HAPPY1
HARDCORE
HARLEM
HARLEY
HARLEY1
HARMONY
HAROLD
HARRIS
HARRISON
HARRY
HARRYPOTTER
HARVEY
HASSAN
HATERS
HAWAII
HAYDEN
HAYLEY
HAZEL
HEART
HEARTS
HEATHER
HEATHER1
HEAVEN
HECTOR
HELENA
HELLO
HELLO1
HELLOKITTY
HELPME
HENRY
HERCULES
HERMIONE
HERMOSA
HERNANDEZ
HERRERA
HERSHEY
HEYHEY
HILARY
HILLARY
HIPHOP
HITMAN
HOCKEY
HOLAS
HOLLA
HOLLA1
HOLLIE
HOLLISTER
HOLLY
HOLLYWOOD
HOMERO
HOMIES
HONDA
HONDURAS
HONEY
HONEY1
HONEYKO
HORSES
HOT123
HOTBOY
HOTCHICK
HOTDOG
HOTGIRL
HOTMAIL
HOTMAMA
HOTPINK
HOTSTUFF
HOTTIE
HOTTIE1
HOTTIE12
HOUSTON
HOWARD
HUEVOS
HUMBERTO
HUMMER
HUNTER
HUNTER1
HUSTLER
Hailey
Hallo
Halloween
Hamilton
Hamster
Hannah
Hannah1
Hanson
Happy
Happy1
Hardcore
Harley
Harley1
Harmony
Harold
Harrison
HarryPotter
Harvey
Hawaii
Hayden
Hayley
Hcz168
Hcz168123
Hearts
Heather
Heather1
Heaven
Hebeihuajiu
Hebeihuajiu123
Hector
Hefu56
Hefu56123
Helena
Hello
Hello!
Hello1
HelloKitty
Hellokitty
Hermione
Hershey
Hfjh120
Hfjh120123
Hfjinggong
Hfjinggong123
Hilary
Hkkanglilai
Hkkanglilai123
Hnhuawang
Hnhuawang123
Hockey
Hogwarts
Hollie
Holly
Hollywood
Honey
Honey1
Hongguanjixie
Hongguanjixie123
Hongshengss
Hongshengss123
Horses
Hotmail
Hottie
Hottie1
Houston
Houston1
Hpyq
Hpyq123
Hr-times
Hr-times123
Hrtimes
Hrtimes123
Huanyouche
Huanyouche123
Hubeijinheng
Hubeijinheng123
Hunter
Hunter1
Hzzlcn
Hzzlcn123
I LOVE YOU
ICECREAM
ICEMAN
IHATEYOU
ILOVE
ILOVE1
ILOVECHRIS
ILOVEGOD
ILOVEHIM
ILOVEHIM1
ILOVEJESUS
ILOVEJOSH
ILOVEMATT
ILOVEME
ILOVEME1
ILOVEME2
ILOVEMYSELF
ILOVEU
ILOVEU1
ILOVEU2
ILOVEYOU
ILOVEYOU!
ILOVEYOU1
ILOVEYOU2
ILUVME
ILUVU
ILUVU2
ILUVYOU
ILoveYou
IMISSYOU
INCUBUS
INGRID
INLOVE
INLOVE1
INTERNET
INUYASHA
IRELAND
IRENE
IROCK
IRVING
ISAAC
ISABEL
ISABELLA
ISAIAH
ISAIAH1
ISMAEL
ISRAEL
ITALIA
ITZEL
IUBIRE
IVERSON
IVERSON3
IVONNE
Icecream
Iloveme
Iloveu
Iloveyou
Iloveyou!
Iloveyou1
Iloveyou2
Internet
InuYasha
Inuyasha
Inuyasha1
Ireland
Isabel
Isabella
Isabella1
Isabelle
Isaiah
Israel
Itachi
Iverson
Iverson3
J12345
J123456
JACKASS
JACKIE
JACKIE1
JACKSON
JACOB
JACOB1
JACQUELINE
JAIDEN
JAIME
JAJAJA
JAMAICA
JAMAL
JAMES
JAMES1
JAMIE
JANELLE
JANET
JANETH
JANICE
JANINE
JANJAN
JANUARY
JASMIN
JASMINE
JASMINE1
JASON
JASON1
JASPER
JAVIER
JAVIER1
JAYDEN
JAYDEN1
JAYJAY
JAYLEN
JAYSON
JAZMIN
JAZMINE
JAZZY
JAZZY1
JEFFERSON
JEFFERY
JEFFREY
JEHOVA
JENIFER
JENJEN
JENNIFER
JENNIFER1
JENNY
JENNY1
JEREMIAH
JEREMY
JEREMY1
JERMAINE
JEROME
JERRY
JERRY1
JERSEY
JESSE
JESSE1
JESSICA
JESSICA1
JESSIE
JESSY
JESUCRISTO
JESUS
JESUS1
JESUS7
JESUS777
JESUSCHRIST
JHONATAN
JIMENA
JIMENEZ
JIMMY
JIMMY1
JJJJJ
JJJJJJ
JOANA
JOANNA
JOANNE
JOAQUIN
JOCELYN
JOEJOE
JOEJONAS
JOHANA
JOHANNA
JOHNCENA
JOHNCENA1
JOHNNY
JOHNNY1
JOHNPAUL
JOHNSON
JOKER
JONAS
JONASBROTHERS
JONATAN
JONATHAN
JONATHAN1
JONES
JONJON
JORDAN
JORDAN1
JORDAN23
JORGE
JOSE123
JOSE13
JOSELUIS
JOSEPH
JOSEPH1
JOSHUA
JOSHUA1
JOSIAH
JOSUE
JOYCE
JOYJOY
JUANCARLOS
JUANCHO
JUANITA
JUANITO
JUANJOSE
JUANPABLO
JUDITH
JULIAN
JULIAN1
JULIANA
JULIE
JULIET
JULIETA
JULIO
JULISSA
JULIUS
JUNIOR
JUNIOR1
JUNJUN
JUPITER
JUSTICE
JUSTIN
JUSTIN1
JUSTINE
JUSTME
JUVENTUS
Jackass
Jackie
Jackie1
Jackson
Jackson1
Jacob
Jamaica
James
James1
Jamie
Janice
January
Jasmin
Jasmine
Jasmine1
Jason
Jason1
Jasper
Jasper1
Javier
JayJay
Jayden
Jazmin
Jazmine
Jeanette
Jefferson
Jeffery
Jeffrey
Jeffrey1
Jehovah
Jellybean
Jenna
Jennifer
Jennifer1
Jenny
Jeremiah
Jeremy
Jeremy1
Jermaine
Jerome
Jesse
Jessica
Jessica1
Jessie
Jessie1
Jesucristo
Jesus
Jesus1
Jesus7
Jesus777
JesusChrist
Jesusfreak
Jesusis1
Jesuslovesme
Jewels
Jiandaoshi
Jiandaoshi123
Jillian
Jimmy
Jinhuaruitong
Jinhuaruitong123
Jmguoguo
Jmguoguo123
Jnjzjg
Jnjzjg123
Joanna
Joanne
Jocelyn
Johanna
John Cena
John316
John3:16
JohnCena
Johnathan
Johnny
Johnny1
Johnson
Jonathan
Jonathan1
Jordan
Jordan1
Jordan23
Joseph
Joseph1
Josephine
Joshua
Joshua1
Joyalltire
Joyalltire123
Js-dd
Js-dd123
Jsdd
Jsdd123
Jtec
Jtec123
Julian
Juliana
Julie
Junior
Junior1
Justice
Justice1
Justin
Justin1
Justine
K123456
KAITLYN
KARATE
KAREEM
KAREN
KARINA
KARITO
KARLA
KARLITA
KAROLINA
KATELYN
KATHERINE
KATHLEEN
KATHRYN
KATHY
KATIE
KATKAT
KATRINA
KAYKAY
KAYLA
KAYLA1
KAYLEE
KAYLEIGH
KEEKEE
KEISHA
KEITH
KELLY
KELSEY
KELVIN
KENDALL
KENDRA
KENDRICK
KENNEDY
KENNETH
KENNY
KENNY1
KENZIE
KEVIN
KEVIN1
KIARA
KIERAN
KILLA
KILLA1
KILLER
KILLER1
KIMBERLY
KIMBERLY1
KIMMIE
KIMMY
KINGKONG
KIRSTY
KISSES
KISSES1
KISSME
KISSME1
KISSMYASS
KITKAT
KITTEN
KITTY
KITTY1
KITTYCAT
KKKKKK
KNIGHT
KOBE24
KOOLAID
KRISTEN
KRISTINA
KRISTINE
KRISTY
KRYSTAL
KUCING
Kagome
Kaitlyn
Kakashi
Karen
Karina
Katelyn
Katherine
Kathleen
Kathryn
Katie
Katie1
Katrina
Kayla
Kaylee
Kayleigh
Kbangbox
Kbangbox123
Keisha
Kelly
Kelsey
Kendra
Kennedy
Kenneth
Kenny
Kevin
Kevin1
Kieran
Killer
Kimberley
Kimberly
Kirsten
Kisses
Kitten
Kittens
Kitty
Kitty1
Kristen
Kristin
Kristina
Kristine
Krystal
Kurama
Kzjx8
Kzjx8123
L123456
LACOSTE
LACRIMOSA
LADYBUG
LADYBUG1
LAKERS
LAKERS1
LALALA
LALITO
LALOCA
LAMEJOR
LAMONT
LANCE
LANDON
LANENA
LANGGA
LARRY
LASHAY
LASVEGAS
LATINA
LATINA1
LATINO
LATOYA
LATRICE
LAURA
LAURA1
LAUREN
LAURITA
LAVENDER
LAWRENCE
LEANDRO
LEANNE
LEBRON
LEBRON23
LEELEE
LEGOLAS
LEILANI
LENNON
LEONARD
LEONARDO
LEONEL
LESLIE
LESTAT
LESTER
LETICIA
LETMEIN
LEWIS
LIBERTAD
LIBRA
LILBIT
LILFIZZ
LILIAN
LILIANA
LILJAY
LILLIAN
LILLY
LILMAMA
LILMAMA1
LILMAN
LILMAN1
LILMOMMA
LILONE
LILRED
LILSEXY
LILWAYNE
LINDA
LINDA1
LINDSAY
LINDSEY
LINKINPARK
LIPGLOSS
LITTLE
LIVERPOOL
LIZARD
LIZBETH
LIZETH
LIZZIE
LOCURA
LOGAN
LOKITA
LOL123
LOLIPOP
LOLITA
LOLLIPOP
LOLLYPOP
LONDON
LONELY
LOPEZ
LOPEZ1
LOQUITA
LORENA
LORENITA
LORENZO
LORRAINE
LOSER
LOSER1
LOUIE
LOUISE
LOULOU
LOURDES
LOVE
LOVE01
LOVE06
LOVE07
LOVE08
LOVE09
LOVE1
LOVE10
LOVE101
LOVE11
LOVE12
LOVE123
LOVE1234
LOVE13
LOVE14
LOVE143
LOVE15
LOVE16
LOVE17
LOVE18
LOVE21
LOVE22
LOVE23
LOVE24
LOVE4EVER
LOVE69
LOVEABLE
LOVEBUG
LOVEHURTS
LOVELESS
LOVELIFE
LOVELOVE
LOVELY
LOVELY1
LOVEME
LOVEME1
LOVEME2
LOVER
LOVER1
LOVERBOY
LOVERGIRL
LOVERS
LOVERS1
LOVES
LOVESUCKS
LOVEU
LOVEU1
LOVEU2
LOVEYA
LOVEYOU
LOVEYOU1
LOVEYOU2
LOVING
LUCAS
LUCERO
LUCIA
LUCKY
LUCKY1
LUCKY13
LUCKY7
LUDACRIS
LUISA
LUISITO
LUNITA
LUPITA
LYNLYN
Ladybug
Lakers
Lampard
Landon
Laura
Lauren
Lauren1
Lawrence
Leanne
Legolas
Leonardo
Leslie
Lestat
Lets you update your FunNotes and more!
Liberty
Liliana
Lilly
Lincoln
Linda
Lindsay
Lindsey
Link-in
Link-in123
Linkin
Linkin123
LinkinPark
Linkopto
Linkopto123
Lipgloss
Lisoexpo
Lisoexpo123
Little1
Liverpool
Liverpool1
Lizzie
Logan
Logan1
Logitech
Lollipop
London
Longuang
Longuang123
Lorenzo
Lorraine
Louise
Louise1
Love
Lovely
Lovely1
Loveme
Lover
Lover1
Lovers
Loveyou
Lucifer
Lucky
Lucky1
Lucky13
Lucky7
Ludacris
Lzjx
Lzjx123
M12345
M123456
MACMAC
MADALINA
MADISON
MADISON1
MADONNA
MADRID
MAEMAE
MAFER
MAGALY
MAGANDA
MAGGIE
MAGGIE1
MAGODEOZ
MAHAL
MAHALKITA
MAHALKO
MAHALQ
MAKAVELI
MAKAYLA
MALACHI
MALCOLM
MALDITA
MALIK
MAMACITA
MAMAPAPA
MAMASITA
MAMITA
MANCHESTER
MANDY
MANMAN
MANNY
MANOLO
MANUEL
MANUEL1
MANUELA
MANUNITED
MANUTD
MANZANA
MARCEL
MARCELA
MARCELO
MARCH
MARCO
MARCOS
MARCUS
MARCUS1
MARGARET
MARGARITA
MARIA
MARIA1
MARIAH
MARIAJOSE
MARIAM
MARIAN
MARIANA
MARIBEL
MARICAR
MARICEL
MARICELA
MARIE
MARIE1
MARIEL
MARIELA
MARILYN
MARIMAR
MARINA
MARINES
MARIO
MARIO1
MARION
MARIPOSA
MARISA
MARISOL
MARISSA
MARITA
MARITZA
MARJORIE
MARLBORO
MARLEN
MARLENE
MARLEY
MARLON
MARQUEZ
MARQUIS
MARSHALL
MARTHA
MARTIN
MARTIN1
MARTINA
MARTINEZ
MARVIN
MARYANN
MARYJANE
MASTER
MATEMATICA
MATRIX
MATTHEW
MATTHEW1
MAUREEN
MAURICE
MAURICIO
MAXINE
MAXWELL
MAYMAY
MAYRA
MCKENZIE
MEANDYOU
MEDICINA
MEDINA
MEGAN
MEGAN1
MELANIE
MELINA
MELINDA
MELISA
MELISSA
MELISSA1
MELODY
MELVIN
MEMEME
MENDEZ
MENDOZA
MERCEDES
METALLICA
MEXICAN
MEXICO
MEXICO1
MHINE
MIAMOR
MIBEBE
MICHAEL
MICHAEL1
MICHEAL
MICHEL
MICHELLE
MICHELLE1
MICKEY
MICKEY1
MICKEYMOUSE
MIDNIGHT
MIERDA
MIGUEL
MIGUEL1
MIGUELITO
MIHAELA
MIKE123
MIKEY
MIKEY1
MILAGROS
MILDRED
MILENA
MILLER
MILLIE
MILLONARIOS
MILLOS
MILTON
MINERVA
MINNIE
MINNIE1
MIRACLE
MIRANDA
MIREYA
MIRIAM
MISAEL
MISSISSIPPI
MISSY
MISSY1
MITCHELL
MMMMM
MMMMMM
MNBVCXZ
MOISES
MOLINA
MOLLY
MOLLY1
MOM123
MOMDAD
MOMMY
MOMMY1
MOMMY2
MONALISA
MONDAY
MONEY
MONEY1
MONICA
MONIKA
MONIQUE
MONIQUE1
MONKEY
MONKEY1
MONKEY12
MONKEY2
MONKEYS
MONSE
MONSERRAT
MONSTER
MONTANA
MOOKIE
MOOMOO
MORADO
MORALES
MORENA
MORENITA
MORENO
MORGAN
MORGAN1
MORRIS
MORRISON
MOTHER
MOTHER1
MOTOROLA
MUFFIN
MUHAMMAD
MUNECA
MURPHY
MURRAY
MUSIC
MUSIC1
MUSICA
MUSTANG
MY2KIDS
MY3KIDS
MYBABY
MYBABY1
MYCHEMICALROMANCE
MYFAMILY
MYGIRL
MYKIDS
MYLIFE
MYLOVE
MYLOVE1
MYNAME
MYPICS
MYSELF
MYSPACE
MYSPACE1
MYSPACE123
MYSTUFF
Mackenzie
Maddie
Madison
Madison1
Madonna
Maggie
Maggie1
Makayla
Malachi
Manchester
Manuel
Marcus
Margaret
Maria
Mariah
Mariana
Marie
Marie1
Marilyn
Marina
Marines
Mariposa
Marissa
Marley
Marquis
Marshall
Martha
Martin
Martinez
Marvin
Master
Matrix
Matthew
Matthew1
Mattie
Maurice
Maverick
Maxwell
Megan
Megan1
Meijialin
Meijialin123
Melanie
Melissa
Melissa1
Melody
Mercedes
Merlin
Metallica
Mexico
Mexico1
Michael
Michael1
Michaela
Micheal
Michele
Michelle
Michelle1
Michigan
Mickey
Mickey1
Midnight
Miguel
Miller
Millie
Minnie
Miranda
Miriam
Missy
Misty1
Mitchell
Mollie
Molly
Molly1
Mommy1
Money
Money1
Monica
Monique
Monkey
Monkey1
Monkeys
Monster
Monster1
Montana
Morgan
Morgan1
Mother
Motorola
Muffin
Mun17
Mun17123
Murphy
Mustang
Mustang1
MyStuff
Myspace
NACIONAL
NADIA
NADINE
NAENAE
NANCY
NANITA
NARUTO
NASCAR
NATALIA
NATALIE
NATALY
NATASHA
NATHAN
NATHAN1
NATHANIEL
NAUGHTY
NAVARRO
NAYELI
NAYNAY
NEGRITA
NEGRITO
NEISHA
NELLY
NELLY1
NELSON
NEMESIS
NENITA
NESTOR
NEVAEH
NEWCASTLE
NEWNEW
NEWPORT
NEWYORK
NEWYORK1
NICHOLAS
NICHOLAS1
NICHOLE
NICOLA
NICOLAS
NICOLE
NICOLE1
NIGGA
NIGGA1
NIGGER
NIKITA
NIKKI
NIKKI1
NIRVANA
NISSAN
NOKIA
NOLOVE
NORMAN
NORTE14
NOTHING
NOVEMBER
NOVIEMBRE
NUMBER1
NURSING
Nadine
Naruto
Naruto1
Nasonic
Nasonic123
Natalia
Natalie
Natalie1
Natasha
Nathan
Nathan1
Nathaniel
Naughty
Nbzhongxin
Nbzhongxin123
Nelson
Nevaeh
NewYork
Newcastle
Newport
Nibbles
Nicholas
Nicholas1
Nichole
Nicola
Nicolas
Nicole
Nicole1
Nightmare
Nikita
Nikki
Nintendo
Nirvana
Norman
November
Number1
OAKLAND
OCTOBER
OCTUBRE
OLIMPIA
OLIVER
OLIVIA
OLIVIA1
OMARION
OMARION1
ONELOVE
ONLINE
ORANGE
ORLANDO
ORTEGA
OSCAR
OSCAR1
OSITO
OSWALDO
OUTLAW
October
Oliver
Oliver1
Olivia
Olivia1
Omarion
Orange
Orlando
Orlando1
P@ssw0rd
P@ssword
PABLO
PACHECO
PACMAN
PAKISTAN
PALOMA
PAMELA
PANAMA
PANCHO
PANDA
PANGET
PANGIT
PANTERA
PANTHER
PANTHERS
PAOLA
PAOLITA
PAPICHULO
PAPITO
PARADISE
PARAMORE
PARIS
PARKER
PAROLA
PASAWAY
PASSION
PASSW0RD
PASSWORD
PASSWORD1
PASSWORD12
PASSWORD123
PASSWORD2
PASSWORD3
PATITO
PATRICE
PATRICIA
PATRICIO
PATRICK
PATRICK1
PATTY
PAULA
PAULINA
PAULINE
PEACE
PEACHES
PEACHES1
PEACHY
PEANUT
PEANUT1
PEBBLES
PEBBLES1
PEDRO
PEEWEE
PELUCHE
PELUSA
PENELOPE
PEOPLE
PEPITO
PEPPER
PEPPER1
PEREIRA
PERFECT
PERLA
PERRITO
PERRO
PERROS
PERSONAL
PETER
PHILIP
PHILIPS
PHILLIP
PHILLY
PHOENIX
PICTURE
PICTURES
PIERRE
PIGLET
PIKACHU
PIMP123
PIMPIN
PIMPIN1
PINEAPPLE
PINK11
PINK12
PINK123
PINK13
PINKIE
PINKY
PINKY1
PIOLIN
PISCES
PITBULL
PLAYBOY
PLAYBOY1
PLAYER
PLAYER1
PLAYGIRL
PLEASE
PLEASURE
POGIAKO
POISON
POKEMON
POLICE
POLLITA
POLLITO
POLLO
PONCHO
POOCHIE
POOH12
POOHBEAR
POOHBEAR1
POOKIE
POOKIE1
POOPOO
POPCORN
POPEYE
POPPY
PORTUGAL
POTTER
PPPPPP
PRECIOSA
PRECIOUS
PRECIOUS1
PRESTON
PRETTY
PRETTY1
PRETTYGIRL
PRINCE
PRINCE1
PRINCES
PRINCESA
PRINCESITA
PRINCESS
PRINCESS1
PRINCESS12
PRINCESS13
PRINCESS2
PRISCILLA
PRIVATE
PROMISE
PUCCA
PUERTORICO
PUMAS
PUMPKIN
PUNKIN
PUPPIES
PUPPY
PURPLE
PURPLE1
PUSSY
PUSSY1
PUSSYCAT
Pa$$w0rd
Pa55w0rd
Pa55word
Packers
Pamela
Panic!
Panther
Panthers
Paradise
Parker
Passion
Passw0rd
Password
Password!
Password01
Password1
Password12
Password123
Password2
Passwort
Patches
Patrice
Patricia
Patrick
Patrick1
Pauline
Peaches
Peaches1
Peanut
Peanut1
Pebbles
Pebbles1
Penguin
Pepper
Pepper1
Perfect
Phantom
Phillip
Phoebe
Phoenix
Pictures
Pierre
Piglet
Pikachu
Pineapple
Pinky
Playboy
Pokemon
PoohBear
Poohbear
Poohbear1
Pookie
Popcorn
Portugal
Post-harvest
Post-harvest123
Postharvest
Postharvest123
Potter
Pr1ncess
Precious
Precious1
Preston
Pretty
Prince
Princesa
Princess
Princess!
Princess1
Priscilla
Pumpkin
Puppies
Purple
Purple1
QAZWSX
QUEEN
QUEEN1
QUEENS
QWE123
QWERT
QWERTY
QWERTY1
QWERTY123
QWERTYUIOP
Qdlidong
Qdlidong123
Qianliyu
Qianliyu123
Qiaobenkeji
Qiaobenkeji123
Queenie
Quincy
RABBIT
RACHEL
RACHELLE
RAFAEL
RAHASIA
RAIDERS
RAIDERS1
RAINBOW
RAINBOW1
RAKISTA
RAMIREZ
RAMMSTEIN
RAMON
RAMONA
RAMOS
RANDY
RANGER
RANGERS
RANGERS1
RANITA
RAQUEL
RASHAD
RAULTEAMO4
RAVEN
RAYMOND
RAYMOND1
RAYRAY
RAYRAY1
REALMADRID
REBECA
REBECCA
REBELDE
REBELDE1
RED123
REDRUM
REDSOX
REGGAE
REGGAETON
REGGIE
REGINA
REMEMBER
RENATA
RENATO
RENEE
RENEE1
RESPECT
REY619
REYNALDO
RICARDO
RICARDO1
RICHARD
RICHARD1
RICHIE
RICKY
RICKY1
RIHANNA
RIVERA
ROBBIE
ROBERT
ROBERT1
ROBERTA
ROBERTO
ROBINSON
ROCHELLE
ROCIO
ROCK YOU
ROCKER
ROCKERS
ROCKME
ROCKON
ROCKSTAR
ROCKSTAR1
ROCKU
ROCKY
ROCKY1
ROCKYOU
ROCKYOU!
ROCKYOU1
RODNEY
RODOLFO
RODRIGO
RODRIGUEZ
ROGELIO
ROGER
ROLAND
ROLANDO
ROMANCE
ROMEO
ROMERO
ROMINA
ROMMEL
RONALD
RONALDINHO
RONALDO
RONALDO7
RONNIE
RONNIE1
ROONEY
ROSADO
ROSARIO
ROSEMARY
ROSITA
ROWENA
ROXANA
ROXANNE
RUBEN
RUNESCAPE
RUSSELL
Rabbit
Rachael
Rachel
Rachel1
Rafael
Raiders
Raiders1
Rainbow
Rainbow1
Rammstein
Randall
Ranger
Rangers
Rangers1
Raquel
Rascal
Raymond
Raymond1
Reading
Rebecca
Rebecca1
Rebelde
Reggie
Regina
Rhiannon
Ricardo
Richard
Richard1
Richie
Rifutaoci
Rifutaoci123
Rihanna
Riley1
Robbie
Robert
Robert1
Roberto
Rochelle
RockYou
RockYou!
Rocker
Rocket
Rockon
Rockstar
Rocky
Rocky1
Rockyou
Rockyou!
Rodney
Rodrigo
Rodriguez
Romance
Ronald
Ronaldinho
Ronaldo
Ronaldo7
Ronnie
Rooney
Rosemary
Roxanne
Russell
S12345
S123456
SABRINA
SAGITARIO
SAINTS
SAKURA
SALAZAR
SALINAS
SALOME
SALVADOR
SAM123
SAMANTHA
SAMANTHA1
SAMARA
SAMMIE
SAMMY
SAMMY1
SAMSAM
SAMSON
SAMSUNG
SAMUEL
SANCHEZ
SANDRA
SANDRA1
SANDY
SANDY1
SANTANA
SANTIAGO
SANTOS
SAPPHIRE
SARAH
SARITA
SASHA
SASHA1
SASSY
SASSY1
SASUKE
SAVAGE
SAVAGE1
SAVANNAH
SAYANG
SCARFACE
SCHOOL
SCOOBY
SCOOBY1
SCOOBYDOO
SCOOTER
SCORPIO
SCORPION
SCOTLAND
SCOTT
SCOTTY
SCRAPPY
SEBASTIAN
SECRET
SECRETO
SELENA
SELENE
SELINA
SEPTEMBER
SEPTIEMBRE
SERENA
SERENITY
SERGIO
SEVEN7
SEXY
SEXY#1
SEXY01
SEXY07
SEXY08
SEXY1
SEXY10
SEXY101
SEXY11
SEXY12
SEXY123
SEXY13
SEXY14
SEXY15
SEXY16
SEXY17
SEXY21
SEXY22
SEXY23
SEXY69
SEXYASS
SEXYBABE
SEXYBABY
SEXYBACK
SEXYBITCH
SEXYBITCH1
SEXYBOY
SEXYGIRL
SEXYGIRL1
SEXYGURL
SEXYLADY
SEXYLOVE
SEXYMAMA
SEXYMAMA1
SEXYME
SEXYME1
SEXYRED
SHADOW
SHADOW1
SHAKIRA
SHALOM
SHANE
SHANIA
SHANICE
SHANNON
SHANNON1
SHARON
SHASHA
SHAWN
SHAWN1
SHAWNA
SHAWTY
SHAYSHAY
SHEENA
SHEILA
SHELBY
SHELLY
SHERRY
SHERYL
SHIRLEY
SHITHEAD
SHOPPING
SHORTIE
SHORTY
SHORTY1
SHORTY13
SIDNEY
SIERRA
SILVER
SILVIA
SIMBA
SIMONE
SIMPLE
SIMPLEPLAN
SIMPSONS
SINEAD
SINGER
SINGLE
SINGLE1
SISTER
SKATE
SKITTLES
SKYLINE
SLAYER
SLIDESHOW
SLIPKNOT
SMALLVILLE
SMILE
SMILES
SMILEY
SMOKE1
SMOKEY
SMOKEY1
SNICKERS
SNIPER
SNOOPY
SNOOPY1
SNOWBALL
SNOWMAN
SNUGGLES
SOCCER
SOCCER1
SOFIA
SOFTBALL
SOLEDAD
SOLOMON
SOLOYO
SONIA
SOPHIA
SOPHIE
SOSEXY
SOULMATE
SOUTH13
SOUTHSIDE
SOUTHSIDE1
SOUTHSIDE13
SPANKY
SPARKLE
SPARKY
SPECIAL
SPEEDY
SPENCER
SPIDER
SPIDERMAN
SPIDERMAN1
SPONGE
SPONGEBOB
SPONGEBOB1
SPORTING
SPORTS
SSSSSS
STACEY
STANLEY
STAR12
STAR123
STARS
STARWARS
STEAUA
STEELERS
STELLA
STEPH
STEPHANIE
STEPHANIE1
STEPHEN
STEVE
STEVEN
STEVEN1
STRAWBERRY
STUART
STUPID
STUPID1
SUCCESS
SUGAR
SUMMER
SUNDAY
SUNFLOWER
SUNSET
SUNSHINE
SUNSHINE1
SUPER
SUPERMAN
SUPERMAN1
SUPERSTAR
SUR13
SURENO13
SURSIDE13
SUSANA
SUZANNE
SWEET
SWEET1
SWEET16
SWEETGIRL
SWEETHEART
SWEETIE
SWEETIE1
SWEETNESS
SWEETPEA
SWEETS
SWEETY
SYDNEY
SYMONE
Sabrina
Sakura
Samantha
Samantha1
Sammie
Sammy
Sammy1
Samsung
Samuel
Sanchez
Sandra
Santiago
Sapphire
Sarah
Sasuke
Savannah
Savannah1
Scarface
School
Scooby
Scooter
Scooter1
Scorpio
Scotland
Scotland1
Scotty
Sdmj
Sdmj123
Sdxtly
Sdxtly123
Sebastian
Secret
Selena
September
Serena
Serenity
Sergio
Shadow
Shadow1
Shaggy
Shakira
Shanguoying
Shanguoying123
Shanice
Shannon
Shannon1
Sharon
Shawty
Shelby
Shelley
Shicone
Shicone123
Shiloh
Shimingchina
Shimingchina123
Shlonggang
Shlonggang123
Shopping
Shorty
Shorty1
Shzyjjzz
Shzyjjzz123
Sierra
Silkmachine
Silkmachine123
Silver
Silverplus-intl
Silverplus-intl123
Silverplusintl
Silverplusintl123
Simone
Simple
Simpsons
Sinead
Single
Skipper
Skippy
Skittles
Skxclean
Skxclean123
Skyline
Slayer
Slipknot
Smallville
Smile
Smiles
Smiley
Smokey
Smokey1
Snickers
Snoopy
Snowball
Snuggles
Soccer
Soccer1
Softball
Softball1
Sophia
Sophie
Sophie1
Spanky
Sparkle
Sparky
Special1
Speedy
Spencer
Spencer1
Spider
Spiderman
Spongebob
Spongebob1
Sporting
Stacey
Stad
Stad123
Stanley
Steelers
Stella
Stephanie
Stephanie1
Stephen
Stephen1
Steve
Steven
Steven1
Strawberry
Summer
Summer07
Summer1
Sunflower
Sunshine
Sunshine1
Superman
Superman1
Superstar
Sweet
Sweet16
Sweetheart
Sweetie
Sweetness
Sweetpea
Sweets
Sweety
Swimming
Sydney
Sylvester
Szxmx
Szxmx123
TABITHA
TAGGED
TAMARA
TAMIKA
TAMMY
TANIA
TANNER
TASHA
TASHA1
TATIANA
TATTOO
TAURUS
TAYLOR
TAYLOR1
TAYTAY
TAZMANIA
TE AMO
TEADORO
TEAMO
TEAMOBEBE
TEAMOMUCHO
TEDDY
TEDDY1
TEDDYBEAR
TEETEE
TEIUBESC
TEKIERO
TENNIS
TEODIO
TEQUIERO
TEQUIEROMUCHO
TEQUILA
TERESA
TERRANCE
TERRELL
TERRENCE
TERRY
TEXAS1
TEXT ONLY AD
THALIA
THEBEST
THEBOSS
THEGAME
THEKING
THEONE
THERESA
THEROCK
THOMAS
THOMAS1
THOMPSON
THUGLIFE
THUMPER
THUNDER
TIERRA
TIESTO
TIFFANY
TIFFANY1
TIGER
TIGERS
TIGGER
TIGGER1
TIMMY
TIMOTHY
TINKER
TINKER1
TINKERBELL
TINTIN
TITANIC
TOKIOHOTEL
TOMMY
TOOTIE
TORRES
TOSHIBA
TOYOTA
TRACEY
TRACY
TRAVIESA
TRAVIS
TRAVIS1
TREVOR
TRICIA
TRINIDAD
TRINITY
TRINITY1
TRISHA
TRISKELION
TRISTAN
TRIXIE
TROUBLE
TRUELOVE
TRUSTNO1
TUCKER
TURTLE
TWEETY
TWEETY1
TWEETY2
TWEETYBIRD
TWILIGHT
TWINKLE
TWINS
TWISTER
TYLER
TYLER1
TYRELL
TYRONE
Tabitha
Taiaojituan
Taiaojituan123
Taiso
Taiso123
Tamara
Tanner
Tasha
Tatiana
Taylor
Taylor1
Teddy
Teddybear
Teresa
Terrell
Thailand
Theresa
Thomas
Thomas1
Thumper
Thumper1
Thunder
Thunder1
Tianlinfeiye
Tianlinfeiye123
Tiffany
Tiffany1
Tiger1
Tigers
Tigger
Tigger1
Tigger2
Timothy
Timothy1
Tinker
Tinker1
Tinkerbell
Titanic
TokioHotel
Tommy
Tongde
Tongde123
Torres
Tracey
Travis
Travis1
Trevor
Trinity
Trinity1
Trisha
Tristan
Tristan1
Trixie
Trouble
Truelove
Trunks
Trustno1
Tucker
Turtle
Tweety
Tweety1
Twilight
Twinkle
Tyler
Tyler1
Tyrone
ULISES
UNDERTAKER
UNIQUE
UNITED
USA123
Undertaker
VALENCIA
VALENTIN
VALENTINA
VALENTINE
VALERIA
VALERIE
VAMPIRE
VANESA
VANESSA
VANESSA1
VANILLA
VARGAS
VEGETA
VENEZUELA
VERITO
VERONICA
VICENTE
VICKY
VICTOR
VICTOR1
VICTORIA
VICTORIA1
VINCENT
VIOLET
VIOLETA
VIRGIN
VIRGINIA
VIRGO
VIRIDIANA
VIVIAN
VIVIANA
VOLLEYBALL
Valentine
Valerie
Vampire
Vampires
Vanessa
Vanilla
Vegeta
Veronica
Victor
Victoria
Victoria1
Vikings
Vincent
Virginia
Vktalent
Vktalent123
Volleyball
WALKER
WALKER1
WALLACE
WALTER
WANKER
WARREN
WARRIOR
WARRIORS
WAYNE
WEDDING
WEED420
WELCOME
WELCOME1
WENDY
WESLEY
WESTLIFE
WESTSIDE
WESTSIDE1
WHATEVER
WHATEVER1
WHITNEY
WICKED
WIFEY1
WILDCATS
WILLIAM
WILLIAM1
WILLIAMS
WILLIE
WILLIE1
WILSON
WINDOWS
WINNER
WINNIE
WINSTON
WINTER
WIZARD
WONDERFUL
Wanzhengdq
Wanzhengdq123
Weipurenzheng
Weipurenzheng123
Welcome1
Wesley
Westlife
Whatever
Whiskers
Whitney
Wildcats
William
William1
Williams
Willie
Willow
Wilson
Winnie
Winston
Wolverine
Wuzizuifood
Wuzizuifood123
Www
Www123
XAVIER
XAVIER1
XBOX360
XIMENA
XIOMARA
XXXXX
XXXXXX
Xavier
Xbox360
YADIRA
YAHOO
YAHOO1
YAMAHA
YANDEL
YANKEE
YANKEES
YANKEES1
YANYAN
YASMIN
YAZMIN
YELLOW
YELLOW1
YESENIA
YOLANDA
YOURMOM
YOUROCK
YOYOYO
YUGIOH
YULIANA
YVETTE
YVONNE
Yankees
Yankees1
Yellow
Yhhuixin
Yhhuixin123
Yingdatest
Yingdatest123
Yurenmed
Yurenmed123
Yurundianqi
Yurundianqi123
Yvette
Yvonne
Yz-li
Yz-li123
Yzli
Yzli123
ZACEFRON
ZACHARY
ZAQ!1qaz
ZAQ!2wsx
ZOEY101
ZXCVBN
ZXCVBNM
ZZZZZZ
Zachary
Zachary1
Zj-xgj
Zj-xgj123
Zjxgj
Zjxgj123
Zonessoft
Zonessoft123
______
`123456
`1234567890-=
a-town
a00000
a000000
a11111
a111111
a121212
a123123
a123321
a1234
a12345
a123456
a1234567
a12345678
a123456789
a1a1a1
a1a2a3
a1a2a3a4
a1a2a3a4a5
a1b2c3
a1b2c3d
a1b2c3d4
a1b2c3d4e5
a1b2c3d4e5f6
a1l2e3x4
a1s2d3
a1s2d3f4
a1s2d3f4g5
a23456
a3eilm2s2y
a4tech
a54321
a654321
a666666
a696969
a7x4life
a7xa7x
a7xrocks
a987654321
a;sldkfj
aa1234
aa12345
aa123456
aaa111
aaa123
aaaa
aaaa1111
aaaaa
aaaaa1
aaaaaa
aaaaaa1
aaaaaaa
aaaaaaaa
aaaaaaaaa
aaaaaaaaaa
aaaaaaaaaaaaaaa
aaabbb
aaasss
aabbcc
aabbccdd
aakash
aaliya
aaliyah
aaliyah01
aaliyah05
aaliyah06
aaliyah07
aaliyah08
aaliyah1
aaliyah12
aaliyah123
aaliyah2
aaliyah22
aaliyah3
aaliyah4
aaliyah5
aaliyah7
aangel
aanmelden
aapjes
aardbei
aardvark
aaron
aaron!
aaron01
aaron02
aaron04
aaron05
aaron06
aaron07
aaron08
aaron1
aaron10
aaron11
aaron12
aaron123
aaron13
aaron14
aaron15
aaron16
aaron17
aaron18
aaron19
aaron2
aaron21
aaron22
aaron23
aaron24
aaron27
aaron3
aaron4
aaron5
aaron6
aaron69
aaron7
aaron8
aaronb
aaronc
aaroncarter
aarond
aarone
aarong
aaronh
aaronj
aaronjames
aaronjohn
aaronlee
aaronm
aaronn
aaronp
aaronpaul
aaronr
aarons
aaronteamo
aaronw
aarron
aassdd
aastha
aayush
ab1234
ab12345
ab123456
ab1ga1l
ababab
abacus
abagail
abalos
abang
abangsayang
abarca
abaybay
abayomi
abbey
abbey1
abbey123
abbeyroad
abbie
abbie1
abbie123
abbies
abbigail
abbigale
abbott
abby
abby01
abby02
abby03
abby04
abby05
abby06
abby07
abby08
abby09
abby1
abby11
abby12
abby123
abby1234
abby13
abby14
abby15
abby16
abby18
abby2005
abby21
abby22
abby23
abbyabby
abbycat
abbydog
abbygail
abbygirl
abbyrose
abc
abc-123
abc.123
abc12
abc123
abc123!
abc123!@#
abc123.
abc1234
abc12345
abc123456
abc123456789
abc123@
abc123abc
abc123abc123
abc123def
abc123def456
abc123xyz
abc321
abc456
abc789
abc@123
abc_123
abcabc
abcd
abcd12
abcd123
abcd1234
abcd12345
abcdabcd
abcde
abcde1
abcde123
abcde12345
abcdef
abcdef1
abcdef123
abcdefg
abcdefg1
abcdefg123
abcdefgh
abcdefgh1
abcdefghi
abcdefghij
abcdefghijk
abcdefghijkl
abcdefghijklmn
abcdefghijklmno
abcdefghijklmnop
abcdefghijklmnopqrstuvwxyz
abceasyas123
abcxyz
abdallah
abdiel
abdoul
abdul
abdulla
abdullah
abecedar
abecedario
abegail
abejita
abelardo
abelha
abelito
abella
abellana
abelteamo
abercrombie
aberdeen
aberdeen1
aberdeen1903
aberdeenfc
abgsyg
abhie
abhishek
abi123
abigael
abigail
abigail01
abigail05
abigail06
abigail1
abigail12
abigail123
abigail13
abigail2
abigail3
abigail4
abigal
abigale
abigayle
abilene
abimael
abing
abiodun
abiola
abita
abner
abnormal
abogada
abogado
aboutme
abracadabra
abraham
abraham1
abrahan
abrakadabra
abrantes
abraxas
abrazame
abrete
abretesesamo
abreu
abrianna
abril
abril12
abril14
abril16
abril17
abril18
abril19
abril20
abril23
abrilita
absalon
abscbn
absinthe
absolut
absolute
abster
abstract
abuabu
abubakar
abudhabi
abuela
abuelita
abuelito
abuelo
abundance
abygail
acacia
acadea
academia
academica
academy
academy1
acapulco
acasa
acceber
accent
accept
access
access1
accessdenied
accion
accord
accord1
accordion
account
account1
accountancy
accountant
accounting
accounts
acdc123
acdcrocks
ace123
aceace
aceboy
aceman
aceofspades
acer123
acevedo
achie
achiever
achilles
achmad
achtung
acidburn
acidrain
acilegna
acinad
acinom
acinorev
acirema
acissej
acissej1
ackeem
ackerman
acmilan
acnaib
acolyte
acores
acorns
acosta
acoustic
acrobat
acting
acting1
action
action1
actionman
activate
active
active1
actress
actress1
actriz
acts238
acuario
acular
acura
acura1
acurarsx
ada123
adaada
adaaja
adaband
adadad
adadech
adadeh
adagio
adair
adalberto
adalgisa
adalid
adam
adam01
adam03
adam04
adam05
adam06
adam07
adam08
adam09
adam1
adam10
adam11
adam12
adam123
adam1234
adam13
adam14
adam143
adam15
adam16
adam17
adam18
adam19
adam20
adam21
adam22
adam23
adam2326
adam24
adam69
adamadam
adamant
adamaris
adambrody
adamishot
adamjames
adamlee
adams
adams1
adamsandler
adamski
adamson
adanteamo
adawiyah
addbot
addict
addicted
addicted2u
addiction
addidas
addie
addie1
addison
addison1
address
addyson
adeade
adebayor
adela
adelaida
adelaide
adelante
adelapopescu
adele
adelfa
adelia
adelin
adelina
adelina1
adeline
adelino
adelita
adella
adelle
adelutza
adelyn
ademir
adeola
adette
adevar
adewale
adgjmp
adgjmptw
adi123
adiadi
adiana
adibah
adicto
adidas
adidas1
adidas10
adidas11
adidas12
adidas123
adidas13
adidas14
adidas2
adidas22
adidas23
adidas3
adidas69
adidas7
adidass
adiel
adikako
adikku
adiksayo
adiktus
adila
adilah
adilene
adilson
adina
adinda
ading
adinuta
adinutza
adio123
adios
adison
adisor
adita
aditya
aditza
aditzu
adivina
adivinha
adkins
admin
admin1
admin123
admin888
administracion
administrador
administrator
admiral
admire
adnama
adnan
adnana
adnerb
adobo
adolf
adolfhitler
adolfo
adolfo1
adonai
adonay
adonis
adonis1
adoption
adorable
adorable1
adoracion
adoro-te
adorote
adrain
adrean
adrenalin
adrenalina
adrenaline
adria
adrian
adrian01
adrian04
adrian05
adrian06
adrian07
adrian08
adrian1
adrian10
adrian11
adrian12
adrian123
adrian13
adrian14
adrian15
adrian16
adrian17
adrian18
adrian2
adrian21
adrian22
adrian23
adrian24
adrian3
adrian4
adrian5
adrian7
adriana
adriana1
adriana12
adriana123
adriana13
adriana2
adriancito
adriane
adrianita
adriann
adrianna
adrianna1
adrianne
adriano
adrianteamo
adriel
adrielle
adrien
adrienn
adrienne
adrienne1
adris
adrix
adryan
adryana
advance
advanced
advantage
advent
adventist
adventista
adventure
advertising
advincula
advisory
advocate
adyady
adytza
adytzu
aeagle
aeiou
aeiou1
aeiou123
aeioua
aeiouy
aekara
aekara21
aeonflux
aerdna
aerial
aerials
aerith
aero87
aerobics
aeron
aeroplane
aeropostale
aerosmith
aerosmith1
aerospace
aeslehc
aezakmi
afc1903
afcajax
affection
affinity
affleck
afgan
afganistan
afghan
afghanistan
afi123
afifah
afiqah
afireinside
afonso
africa
africa1
african
africana
africano
africanqueen
afrika
afrodita
afrodite
afroman
aftellen
afterglow
afterlife
aftermath
aftershock
again
agape
agape1
agapelove
agapito
agassi
agata
agatha
agenda
agent
agent007
agent1
agent47
agente
agente007
agentx44
aggelos
aggie
aggie06
aggie1
aggies
aggies1
aggies12
agnes
agnes1
agness
agnieszka
agnusdei
agostinho
agosto
agosto11
agosto19
agosto20
agosto26
agosto29
agree
agriculture
agripina
agronomia
aguacate
aguadilla
aguamarina
aguascalientes
aguaviva
agueda
aguila
aguilar
aguilar1
aguilas
aguilas1
aguilas10
aguilera
aguinaldo
aguirre
agumon
agung
agusta
agustin
agustina
agustine
agusto
agustus
ahcq-scm
ahcq-scm123
ahcq-scm2024
ahcq-scm2025
ahcq-scm2026
ahcq-scm888
ahcqscm
ahcqscm123
ahcqscm2024
ahcqscm2025
ahcqscm2026
ahcqscm888
ahmad
ahmad1
ahmed
ahmed1
ahmet
ahnjaewook
ahnne
ahojky
ahtnamas
ahuevo
aicila
aicirtap
aidan
aidan03
aidan04
aidan05
aidan06
aidan1
aidan12
aidee
aideen
aiden
aiden04
aiden05
aiden06
aiden07
aiden1
aiden123
aiden2
aiden3
aidualc
aiesha
aikawa
aikido
aikman
aikman8
ailatan
aileen
aileen1
ailene
ailish
ailton
ailyn
aiman
aimee
aimee1
aimee123
aimeelou
aimhigh
ainah
ainara
ainhoa
ainokea
ainsley
aioria
airah
airair
airam
airbag
airborne
airborne1
airborne82
airboy
airbud
airbus
aircadets
aircraft
airdrie
aireen
airelav
airene
airforce
airforce1
airforce2
airgear
airhead
airhead1
airish
airjordan
airjordan23
airline
airman
airmax
airmax95
airplane
airplane1
airport
airsoft
airtel
airwalk
airwaves
airwolf
aisha
aisha1
aishah
aisheteru
aishiteru
aishling
aishteru
aishwarya
aisling
aislinn
aissatou
aisteru
aisyah
aitutaki
aiurea
aiverson
aiverson3
aivilo
aiyana
aiyanna
aiypwzqp
aizel
aj1234
aj4ever
ajaaja
ajajaj
ajedrez
ajeng
ajmclean
ajolie
ajperez
aka123
aka1908
akachan
akademiks
akamaru
akane
akanishi
akasha
akatsuki
akbar
akcent
akeem
akeem1
akemi
akhira
akhtar
akhwat
akiko
akilah
akinka
akinkalang
akinto
akintoh
akira
akira1
akirah
akire
akisha
akmal
akoako
akoaycute
akoaypogi
akocute
akogwapo
akoikaw
akoito
akolang
akomismo
akon123
akonga
akopogi
akosua
akoto
akotoh
akp1973
akrho
akshay
aku123
akuaku
akucantik
akucinta
akucintakamu
akudandia
akulah
akulupa
akuma
akuntansi
akusayangkamu
akusukakamu
alabala
alabama
alabama1
alabama3
alabanza
alabaster
alacran
alacranes
aladdin
aladdin1
aladin
aladino
alain
alaina
alaina1
alaine
alaiza
alajuela
alakazam
alakpa
alamak
alameda
alamierda
alamin
alan
alan1
alan12
alan123
alan13
alan17
alan23
alana
alana1
alanah
alanalan
alancito
alani
alania
alanis
alanis1
alaniz
alanna
alanna1
alannah
alannah1
alansmith
alante
alanteamo
alapag
alarcon
alarmclock
alasdair
alaska
alaska1
alastair
alayna
alayna1
alaysia
alazae
albacazapada
albana
albani
albania
albania1
albanian
albano
albany
albastru
albatros
albatross
albeiro
albert
albert1
albert12
albert123
albert2
albert3
alberta
alberth
albertina
albertito
alberto
alberto1
alberto2
albertoteamo
albertz
albina
albino
albinuta
albinutza
albion
albita
alborada
albright
albufeira
album
alcala
alcantara
alcapone
alcaraz
alcatel
alcatras
alcatraz
alcazar
alchemist
alchemy
alcides
alcohol
alcohol1
alcoholic
alcool
aldair
aldama
aldana
aldebaran
alden
aldershot
aldin
aldina
aldine
aldito
aldoteamo
aldous
aldred
aldren
aldrian
aldrich
aldridge
aldrin
aldrine
aldwin
ale123
aleah
aleahim
aleale
alebrije
alecia
alecita
alecks
alecs
alecsandra
alecsandru
aleena
aleesha
aleeya
alegna
alegra
alegre
alegria
aleida
aleigh
aleigha
aleihs
aleinad
aleiram
aleirbag
aleisha
aleja
alejan
alejandr
alejandra
alejandra1
alejandra13
alejandra2
alejandrateamo
alejandria
alejandrina
alejandrita
alejandrito
alejandro
alejandro1
alejandro123
alejandro2
alejandro7
alejandrosanz
alejandroteamo
alejis
alejita
alejito
alejo
alejos
alejoteamo
alekos
aleks
aleksa
aleksandar
aleksander
aleksandra
aleli
alelie
aleluia
aleluya
aleman
alemanha
alemania
alemap
alemar
alena
alentejo
alerta
alesana
alesandra
alesandro
alesanz
alesha
aleshia
alesia
alesita
aleska
aless
alessa
alessandra
alessandro
alessia
alessio
alessita
aleteamo
alethea
alethia
alex
alex#1
alex00
alex01
alex02
alex03
alex04
alex05
alex06
alex07
alex08
alex09
alex1
alex10
alex101
alex11
alex12
alex123
alex1234
alex12345
alex13
alex14
alex143
alex15
alex16
alex17
alex18
alex19
alex1991
alex1992
alex1994
alex1995
alex1996
alex1998
alex2
alex20
alex2000
alex2002
alex2003
alex2004
alex2005
alex2006
alex2007
alex2008
alex21
alex22
alex23
alex24
alex25
alex2539
alex26
alex27
alex28
alex29
alex31
alex33
alex44
alex4eva
alex4ever
alex5
alex55
alex666
alex69
alex7
alex77
alex87
alex88
alex89
alex90
alex91
alex92
alex93
alex94
alex95
alex96
alex97
alex98
alex99
alexa
alexa1
alexa12
alexa123
alexa2
alexaa
alexalex
alexan
alexander
alexander!
alexander01
alexander1
alexander12
alexander123
alexander2
alexander3
alexander5
alexander6
alexander7
alexander8
alexandr
alexandra
alexandra1
alexandra123
alexandra2
alexandre
alexandrea
alexandria
alexandrina
alexandrion
alexandrita
alexandrite
alexandro
alexandros
alexandru
alexas
alexbaby
alexband
alexcia
alexei
alexes
alexey
alexi
alexia
alexia1
alexia2
alexie
alexies
alexis
alexis!
alexis00
alexis01
alexis02
alexis03
alexis04
alexis05
alexis06
alexis07
alexis08
alexis09
alexis1
alexis10
alexis11
alexis12
alexis123
alexis13
alexis14
alexis15
alexis16
alexis17
alexis18
alexis2
alexis21
alexis22
alexis23
alexis24
alexis25
alexis3
alexis4
alexis5
alexis6
alexis7
alexis8
alexis9
alexis97
alexis98
alexis99
alexishot
alexiss
alexisteamo
alexita
alexito
alexius
alexiz
alexjames
alexjr
alexlove
alexo
alexrider
alexs
alexsa
alexsander
alexsandra
alexsis
alexteamo
alexubago
alexus
alexus1
alexuta
alexutu
alexutz
alexutza
alexutzu
alexx
alexxa
alexxis
alexxx
alexy
alexys
alexz
alexzander
aleyda
aleyna
alezita
alfabet
alface
alfalfa
alfaomega
alfaro
alfaromeo
alfayomega
alfian
alfie
alfie1
alfie12
alfie123
alfiemoon
alfons
alfonsina
alfonso
alfonso1
alfonsoherrera
alfonzo
alfred
alfred1
alfreda
alfredito
alfredo
alfredo1
alfredoteamo
algarve
algebra
algebra1
algene
algeria
algerie
algernon
algundia
alhambra
alhamdulillah
alheli
ali123
aliados
aliaga
aliah
aliali
alialiali
aliana
alianna
alianza
alianzacorazon
alianzalima
alias
alibaba
alicante
alicat
alice
alice1
alice123
alice2
alicea
aliceacademy
alicecooper
alicecullen
alices
alicia
alicia07
alicia1
alicia12
alicia123
alicia13
alicia2
alicia22
alicia3
alicia5
aliciakeys
alida
aliehs
alien
alien1
aliens
aliens1
alienware
aliesha
aligator
alijah
alijah1
alika
alikat
alimac
alina
alina1
alinaa
alinalin
alinas
alinda
aline
alinus
alinush
alinuta
alinutz
alinutza
alipin
alipio
alireza
alirio
alisa
alisa1
alisha
alisha1
alisha123
alishia
alisia
alison
alison1
alison123
alissa
alissa1
alisson
alistair
alister
alita
alitas
alito
alive
alivia
alivia1
aliya
aliyah
aliyah1
aliza
alizae
alize
alize1
alizee
alizon
aljane
aljean
aljhon
aljohn
aljon
alkaline
alkaline3
alkalinetrio
alkohol
alkqn
all4fun
all4god
all4him
all4jesus
all4love
all4me
all4one
all4you
allaboutme
alladin
allah
allah1
allah123
allah786
allahakbar
allahis1
allahswt
allahu
allahuakbar
allain
allaine
allalone
allamerican
allan
allan1
allan123
allana
allanah
allans
allblack
allblacks
allboutme
allday
allegra
allegro
allen
allen03
allen07
allen08
allen1
allen11
allen12
allen123
allen13
allen2
allen20
allen21
allen22
allen23
allen3
allena
allenb
allendale
allene
alleni
alleni3
alleniverson
allens
alley
alley1
alleycat
alleycat1
alleyesonme
alleyne
allforlove
allforone
allforyou
allgood
alliah
alliana
alliance
allie
allie1
allie123
allie2
alliecat
allied
alligator
allison
allison1
allison123
allison2
allison3
allison7
allissa
allisson
allister
alliyah
allme
allmine
allmine1
allmine2
allmylife
allmylove
allofus
allowed
allright
allsaints
allsop
allstar
allstar1
allstar12
allstar2
allstar23
allstar7
allstars
allstars1
allstarz
allstate
alltel
alltel1
allthat
alltheway
allure
ally
ally12
ally123
ally13
allycat
allyn
allysa
allysha
allyson
allyson1
allyssa
allyza
alma123
almada
almadelia
almar
almario
almarosa
almas
almateamo
almazan
almeda
almeida
almendra
almendrita
almera
almeria
almighty
almighty1
almira
almita
almond
almonds
almonte
almost
almost1
almost18
almudena
aloalo
alocate
alocin
aloevera
aloha
aloha1
aloha123
aloha808
alohaa
alohamora
alohas
alohomora
alojado
alona
alondra
alondra1
alondrita
alone
alone1
alone4ever
aloneagain
alones
along
along1
alonsito
alonso
alonso1
alonso14
alonzo
alonzo1
aloysius
alpacino
alpha
alpha1
alpha123
alpha2
alphabet
alphachi
alphagam
alphakapparho
alphaomega
alphaphi
alphas
alphie
alphonse
alphonso
alpina
alpine
alpine1
alquimia
alquimista
alquran
already
alrick
alright
alrighty
alskdj
alskdjfhg
alston
altagracia
altair
altamirano
altavista
alteclansing
alterego
alternative
alternativo
altezza
althea
altima
altima1
altoids
altontowers
altosax
alucard
alumni
alupigus
alvarado
alvarez
alvarez1
alvarito
alvaro
alvaro1
alvaroteamo
alves
alvhin
alvin
alvin1
alvin123
alvina
alvine
alvino
alvins
always
always1
always2
always3
always4
always7
alwaysandforever
alwayslove
alwaysme
alwayssmile
alwayz
alwin
alwina
aly123
alyana
alyanna
alycia
alyna
alynutza
alysa
alyse
alysha
alysha1
alyshia
alysia
alyson
alyson1
alyssa
alyssa00
alyssa01
alyssa02
alyssa03
alyssa04
alyssa05
alyssa06
alyssa07
alyssa08
alyssa1
alyssa10
alyssa11
alyssa12
alyssa123
alyssa13
alyssa14
alyssa15
alyssa17
alyssa18
alyssa2
alyssa21
alyssa22
alyssa23
alyssa3
alyssa4
alyssa5
alyssa6
alyssa7
alyssa8
alyssa99
alysse
alyssia
alyza
alyzza
alzira
am1234
amabel
amable
amada
amadeo
amadeus
amado
amador
amadora
amadou
amairani
amairany
amalia
amalie
amalina
amamam
amanah
amancio
amanda
amanda!
amanda.
amanda01
amanda05
amanda06
amanda07
amanda08
amanda09
amanda1
amanda10
amanda11
amanda12
amanda123
amanda13
amanda14
amanda15
amanda16
amanda17
amanda18
amanda19
amanda2
amanda20
amanda21
amanda22
amanda23
amanda24
amanda25
amanda27
amanda3
amanda4
amanda5
amanda6
amanda69
amanda7
amanda8
amanda87
amanda88
amanda89
amanda9
amanda99
amandajane
amandajo
amandalee
amandalynn
amandas
amandeep
amandine
amandita
amando
amandote
amanecer
amanha
amani
amani1
amante
amantes
amapola
amara
amara1
amarah
amaral
amaranta
amarante
amarelo
amaresvivir
amaretto
amari
amari1
amaria
amarie
amarilis
amarilla
amarillo
amarillo1
amarion
amaris
amaro
amarte
amarteduele
amaru
amaterasu
amateur
amatista
amauri
amaury
amaya
amaya1
amayrani
amazed
amazing
amazing1
amazinggrace
amazon
amazona
amazonas
amazone
amb123
ambar
ambassador
ambato
amber
amber!
amber01
amber05
amber06
amber07
amber08
amber09
amber1
amber10
amber101
amber11
amber12
amber123
amber13
amber14
amber15
amber16
amber17
amber18
amber2
amber21
amber22
amber23
amber24
amber3
amber4
amber5
amber6
amber69
amber7
amber8
amber9
amberb
amberc
amberd
amberdawn
amberdog
amberg
amberh
amberj
amberk
amberl
amberlee
amberly
amberlyn
amberlynn
amberm
ambermarie
amberp
amberr
amberrose
ambers
amberw
ambiente
ambika
ambition
ambitious
ambot
ambotlang
ambotnimo
ambots
ambotsaimo
ambrose
ambrosia
ambrosio
ambulance
ambush
amc123
ameena
ameer
ameera
ameerah
amelia
amelia1
amelia123
amelie
amelita
america
america#1
america01
america1
america10
america11
america12
america123
america13
america14
america15
america16
america2
america21
america22
america3
america4
america5
america7
america8
america9
americacampeon
americadecali
american
american1
americana
americaneagle
americangirl
americanidiot
americanidol
americanista
americano
americanpie
americas
americayya
americo
americus
amerie
amerik
amerika
amerika1
amethyst
ameyalli
amfufu
amiable
amicizia
amidala
amidamaru
amiel
amiera
amiga
amigable
amigamia
amigas
amigas1
amigas4ever
amigasporsiempre
amigasx100pre
amigasxsiempre
amigo
amigo1
amigos
amigos1
amigos123
amigosporsiempre
amigosx100pre
amiguis
amiguita
amiguitas
amiguito
amiguitos
amihan
amilcar
amilia
amina
aminah
aminata
amine
aminlove
aminta
amira
amirah
amireal
amirkhan
amirul
amisha
amista
amistad
amistad1
amistades
amistoso
amitaf
amitie
amiyah
amiyumi
amizade
ammar
amnesia
amo-te
amoadios
amoajesus
amoaluis
amoamifamilia
amoamimama
amochito
amoeba
amoelrock
amolamusica
amolavida
amomivida
amonra
amor
amor01
amor07
amor1
amor10
amor11
amor12
amor123
amor1234
amor13
amor14
amor15
amor16
amor17
amor18
amor19
amor2
amor20
amor2007
amor2008
amor21
amor22
amor23
amor24
amor25
amor26
amor28
amor4ever
amor69
amor77
amora
amoramor
amorcito
amorcito1
amordaminhavida
amordelbueno
amordemae
amordemivida
amorderey
amore
amore1
amoree
amoremio
amores
amores1
amoresperros
amoreterno
amori
amorim
amorimposible
amorlibre
amorlindo
amorloco
amorlove
amormeu
amormio
amormio1
amorosa
amoroso
amorplatonico
amorporsiempre
amorprohibido
amorr
amorreal
amors
amorsecreto
amorsito
amorsote
amorteamo
amorverdadero
amorx100pre
amorxsiempre
amoryamistad
amoryodio
amorypaz
amorzao
amorzinho
amorzito
amorzote
amoshi
amote
amoteandre
amotefabio
amotejoao
amoteluis
amotemt
amotemuito
amotenuno
amotepedro
amotetiago
amour
amoure
amoureuse
amoureux
amours
amp123
ampamp
amparito
amparo
ampness
amrdiab
amrita
amstel
amster
amsterdam
amsterdam1
amute
amy123
amy1234
amyamy
amybaby
amyjane
amylee
amylee1
amyleigh
amylou
amylouise
amylynn
amymarie
amyrose
amysue
ana
ana maria
ana123
ana1234
ana1995
anaana
anabanana
anabantha
anabel
anabel1
anabela
anabelen
anabell
anabella
anabelle
anacarolina
anacatarina
anacecilia
anaclaudia
anacleta
anacleto
anaconda
anacris
anacristina
anaderol
anaeli
anafilipa
anagabriela
anagaby
anaheim
anahera
anahi
anahi1
anahis
anahy
anaid
anaira
anairam
anairda
anais
anaisa
anaisabel
anaitat
anajulia
anakaren
anakarina
anakin
anakin1
anakko
anakku
anakonda
analaura
analee
anali
analia
analie
analilia
analis
analisa
analise
analiz
analiza
anallely
analou
analsex
analu
analucia
analuisa
analuz
analy
analyn
anamae
anamar
anamaria
anamarie
anamay
anamika
ananan
ananas
anand
ananda
ananta
anapaola
anapatricia
anapaula
anaranjado
anaraquel
anarchy
anarchy1
anarchy99
anarita
anarkia
anarosa
anarose
anarquia
anasilva
anasofia
anastacia
anastacio
anastasia
anastasia1
anasus
anateamo
anateresa
anathema
anatomia
anatomy
anavrin
anaxor
anaya
anaya1
anayeli
anberlin
anchalee
ancheta
anchor
anchorage
ancient
ancuta
ancutza
and123
andalucia
andang
andaya
andebol
andeng
ander
anders
andersen
anderson
anderson1
anderson2
andersson
andhika
andie
andien
andii
andika
andina
anding
andini
andino
andita
andone
andone1
andong
andorinha
andorra
andoy
andr33a
andr3a
andr3w
andra
andrada
andrade
andrae
andras
andre
andre1
andre10
andre11
andre12
andre123
andre13
andre14
andre15
andre16
andre18
andre2
andre22
andre23
andre3
andre3000
andre4
andre5
andrea
andrea.
andrea01
andrea03
andrea04
andrea05
andrea06
andrea07
andrea08
andrea1
andrea10
andrea11
andrea12
andrea123
andrea13
andrea14
andrea15
andrea16
andrea17
andrea18
andrea2
andrea20
andrea21
andrea22
andrea23
andrea24
andrea25
andrea29
andrea3
andrea5
andrea6
andrea7
andrea8
andrea88
andrea95
andrean
andreas
andreas1
andreateamo
andrecito
andree
andreea
andreeea
andrei
andreia
andreina
andreita
andreiutza
andrej
andres
andres1
andres10
andres12
andres123
andres13
andres14
andres18
andres2
andres21
andres23
andresa
andresfelipe
andresito
andress
andresteamo
andreutza
andrew
andrew!
andrew.
andrew00
andrew01
andrew02
andrew03
andrew04
andrew05
andrew06
andrew07
andrew08
andrew09
andrew1
andrew10
andrew11
andrew12
andrew123
andrew1234
andrew13
andrew14
andrew15
andrew16
andrew17
andrew18
andrew19
andrew2
andrew20
andrew21
andrew22
andrew23
andrew24
andrew25
andrew26
andrew27
andrew28
andrew29
andrew3
andrew33
andrew4
andrew5
andrew6
andrew69
andrew7
andrew77
andrew8
andrew87
andrew88
andrew9
andrew99
andrews
andrews1
andrex
andrey
andreya
andreyutza
andrez
andrezinho
andri
andria
andrian
andriana
andrick
andrie
andrina
andris
andro
android
androide
andromeda
andros
andru
andrusca
andruta
andrutza
andry
andthen
anduta
andutza
andwhat
andy
andy01
andy05
andy06
andy07
andy08
andy1
andy10
andy11
andy12
andy123
andy13
andy14
andy15
andy16
andy17
andy18
andy19
andy21
andy22
andy23
andy25
andy69
andy88
andyandy
andyboy
andylove
andyman
andypanda
andypandy
andyroddick
andys
andyteamo
andyy
aneehs
aneesa
anela
anelka
anemix
anemona
anerol
anessa
aneta
anetka
anette
anewday
anewlife
anewme
anewor
anfernee
anfield
ang123
angah
angcute
angcuteko
angel
angel!
angel#1
angel*
angel.
angel0
angel00
angel000
angel001
angel007
angel01
angel02
angel03
angel04
angel05
angel06
angel07
angel08
angel09
angel1
angel10
angel100
angel101
angel102
angel11
angel111
angel112
angel12
angel123
angel1234
angel12345
angel13
angel14
angel143
angel15
angel16
angel17
angel18
angel19
angel1986
angel1988
angel1989
angel1990
angel1991
angel1992
angel1993
angel1994
angel1995
angel1996
angel1997
angel1999
angel2
angel20
angel2000
angel2001
angel2003
angel2004
angel2005
angel2006
angel2007
angel2008
angel21
angel22
angel23
angel24
angel247
angel25
angel26
angel27
angel28
angel29
angel3
angel30
angel31
angel32
angel321
angel33
angel333
angel34
angel35
angel36
angel4
angel420
angel44
angel45
angel47
angel48
angel4eva
angel4ever
angel4life
angel4u
angel5
angel52
angel55
angel555
angel56
angel6
angel64
angel66
angel666
angel67
angel68
angel69
angel7
angel72
angel74
angel75
angel77
angel777
angel78
angel79
angel8
angel81
angel82
angel83
angel84
angel85
angel86
angel87
angel88
angel89
angel9
angel90
angel91
angel911
angel92
angel93
angel94
angel95
angel96
angel97
angel98
angel99
angela
angela01
angela05
angela1
angela10
angela11
angela12
angela123
angela13
angela14
angela15
angela16
angela17
angela18
angela2
angela21
angela22
angela23
angela3
angela7
angelangel
angelann
angelanne
angelas
angelb
angelbabe
angelbaby
angelbaby1
angelbaby2
angelbaby3
angelbear
angelblue
angelboo
angelboy
angelc
angelcaido
angelcake
angelcakes
angelcat
angelcoh
angelcute
angeld
angeldavid
angeldeamor
angeldevil
angeldog
angeldust
angele
angelee
angelene
angeles
angeles1
angeleye
angeleyes
angeleyes1
angeleyez
angelface
angelface1
angelfire
angelfish
angelg
angelgabriel
angelgal
angelgirl
angelgirl1
angelgrl
angelgurl
angelheart
angeli
angelia
angelic
angelic1
angelica
angelica1
angelica13
angelica2
angelical
angelico
angelie
angelik
angelika
angelin
angelina
angelina1
angelina2
angelina3
angelinajolie
angeline
angelino
angelique
angelique1
angelis
angelita
angelita1
angelito
angelito1
angelitos
angelj
angeljoy
angelk
angelkiss
angelkisses
angelkitty
angelko
angelkoh
angell
angella
angelle
angellee
angelli
angello
angellocsin
angellove
angellover
angelluis
angelluv
angelly
angelm
angelmae
angelmarie
angelme
angelmio
angelnegro
angelo
angelo01
angelo08
angelo1
angelo12
angelo123
angelofdeath
angelofmine
angelone
angelos
angelou
angelous
angelove
angelp
angelpie
angelprincess
angelq
angelr
angelrose
angels
angels!
angels.
angels01
angels02
angels05
angels06
angels07
angels1
angels11
angels12
angels123
angels13
angels16
angels17
angels18
angels2
angels21
angels22
angels23
angels3
angels4
angels5
angels6
angels69
angels7
angels8
angelss
angelstar
angelt
angelteamo
angelu
angelus
angeluz
angelv
angelwing
angelwings
angelx
angelxx
angely
angelyn
angelz
angelz1
angga
angganda
anggandako
anggara
anggi
anggie
angging
anggita
anggraini
anggrek
anggun
angharad
anghel
anghela
anghelo
angie
angie01
angie05
angie08
angie1
angie10
angie11
angie12
angie123
angie13
angie14
angie15
angie16
angie18
angie19
angie2
angie21
angie22
angie23
angie3
angie5
angie7
angieb
angielyn
angies
angita
angkasa
angle
angle1
angle123
angles
anglia
angola
angolana
angolano
angpogiko
anguiano
angulo
angus
angus1
angus123
angusyoung
angyal
angyalka
anhmaiyeuem
anhthu
anhyeuem
aniani
anibal
anica
anicka
aniela
anielka
aniger
anika
anika1
anillo
anillos
anilorac
anilu
aniluap
animacion
animais
animal
animal1
animal12
animal123
animal2
animale
animales
animalito
animalitos
animallover
animals
animals1
animals123
animals2
animalx
animalz
animania
animate
animated
animation
animax
anime
anime1
anime101
anime12
anime123
anime2
anime5
anime7
animefan
animefreak
animegirl
animelover
animerox
animes
animor
animorphs
anindya
aning
aninha
aninhas
anique
anirac
anirak
aniram
aniroc
anirtak
anisa
anisah
anisha
anisoara
anissa
aniston
anita
anita01
anita1
anita12
anita123
anitaa
anitabonita
anitas
anitha
anitra
anitsirc
anitsirk
aniversario
aniya
aniya1
aniyah
aniyah1
anjali
anjana
anjanette
anjani
anjel
anjela
anjelica
anjelo
anjie
anjing
anjinha
anjinho
anjinhos
anjink
anjos
anjrit
ankara
ankita
ankutza
ann-marie
ann123
ann1234
anna
anna01
anna04
anna05
anna06
anna07
anna08
anna09
anna1
anna10
anna11
anna12
anna123
anna1234
anna13
anna14
anna15
anna17
anna18
anna21
anna22
anna23
anna24
anna2662
annaanna
annabanana
annabel
annabell
annabell1
annabella
annabelle
annabelle1
annagrace
annah
annakay
annaleah
annalee
annalie
annaliese
annalisa
annalise
annaliza
annalou
annalyn
annamae
annamaria
annamarie
annamay
annann
annaoj
annapolis
annarose
annas
annasui
anncute
anne
anne05
anne07
anne08
anne09
anne10
anne11
anne12
anne123
anne13
anne14
anne16
anne17
anne18
anne19
anne20
anne21
anne22
anne23
anne24
anne25
anne28
anneanne
annecute
anneka
anneke
annel
annelies
anneliese
annelise
annemarie
annerice
annes
annette
annette1
annica
annick
annie
annie01
annie1
annie11
annie12
annie123
annie13
annie14
annie2
annie21
annie3
annie4
annie5
annie6
annie7
annie8
annieb
anniee
anniem
anniemae
annierose
annies
annika
annika1
annisa
annita
anniversary
anniyan
annmarie
annmarie1
annmary
annna
annointed
annoula
annoying
annrose
annsummers
anocas
anointed
anointed1
anokas
anomar
anomis
anonim
anonimo
anonymous
anorexia
another
another1
anouk
ansari
anselmo
ansherina
ansley
answer
answer3
answers
ant123
antalya
antanddec
antant
antara
antares
anteater
antelope
antero
anth0ny
anthea
anthem
anthon
anthonette
anthoney
anthoni
anthonie
anthonny
anthony
anthony!
anthony.
anthony0
anthony00
anthony01
anthony02
anthony03
anthony04
anthony05
anthony06
anthony07
anthony08
anthony09
anthony1
anthony10
anthony11
anthony12
anthony123
anthony13
anthony14
anthony143
anthony15
anthony16
anthony17
anthony18
anthony19
anthony2
anthony20
anthony21
anthony22
anthony23
anthony24
anthony25
anthony26
anthony27
anthony28
anthony3
anthony4
anthony5
anthony6
anthony69
anthony7
anthony77
anthony8
anthony88
anthony9
anthony99
anthonym
anthrax
antichrist
anticristo
antiemo
antiflag
antigone
antigua
antioch
antione
antionette
antipatika
antipolo
antique
antisocial
antivirus
antman
antman1
antoine
antoine1
antoinette
antologia
anton
anton1
antone
antonela
antonella
antonette
antoni
antonia
antonia1
antonieta
antonina
antonino
antonio
antonio1
antonio10
antonio11
antonio12
antonio123
antonio13
antonio15
antonio2
antonio21
antonio22
antonio23
antonio3
antonio4
antonio7
antonio8
antonio9
antonios
antonioteamo
antonis
antonius
antons
antony
antony1
antonyo
antrax
antrim
antuan
antunes
antwan
antwan1
antwon
antwon1
antwone
anuar
anubis
anugerah
anugrah
anupama
anuradha
anusca
anusha
anushka
anuska
anutza
anwar
anyela
anyeli
anyelina
anyelo
anyone
anyssa
anyta
anything
anything1
anytime
anyuci
anyway
anyways
anywhere
aoibheann
aoife
aol.com
aol123
aol1234
aol12345
aolsucks
aomaom
aotearoa
apaaja
apache
apache1
apaixonada
aparicio
apartment
apasionada
apathy
aphrodite
apinya
apo1925
apocalipsa
apocalipse
apocalipsis
apocalipto
apocalypse
apocalyptica
apoel
apoelara
apolinar
apolinario
apollo
apollo1
apollo11
apollo13
apollon
apolo
apologize
apolonia
apolonio
aponte
apostle
apostol
appaloosa
appelflap
appelmoes
appelsap
appeltaart
apple
apple!
apple.
apple01
apple07
apple08
apple1
apple10
apple101
apple11
apple12
apple123
apple1234
apple13
apple14
apple15
apple16
apple18
apple19
apple2
apple20
apple21
apple22
apple23
apple24
apple25
apple26
apple27
apple3
apple4
apple45
apple5
apple6
apple69
apple7
apple8
apple88
apple9
apple99
applebees
applebottom
applee
applegate
applegreen
applehead
appleipod
applejack
applejacks
applejuice
applemac
applepie
applepie1
applepie2
apples
apples!
apples1
apples11
apples12
apples123
apples2
apples22
apples3
apples4
apples5
apples7
apples8
applesauce
appleseed
appleton
appletree
applez
application
appollo
apprentice
apricot
april
april01
april02
april03
april04
april05
april06
april07
april08
april09
april1
april10
april11
april12
april123
april13
april14
april15
april16
april17
april18
april19
april1982
april1983
april1984
april1985
april1987
april1988
april1990
april1991
april1992
april1993
april1994
april1995
april1996
april2
april20
april2004
april2006
april2007
april2008
april21
april22
april23
april24
april25
april26
april27
april28
april29
april3
april30
april4
april5
april6
april7
april79
april8
april83
april87
april88
april89
april9
april90
april91
april92
april93
april94
april95
april96
aprilann
aprilanne
aprilbaby
aprile
aprilfool
aprilia
aprilie
apriljoy
aprill
aprille
aprillia
aprilm
aprilmae
aprilmay
aprilrose
aprils
aprilyn
aptiva
aptx4869
aqaqaq
aqilah
aqswde
aquablue
aquafina
aquafina1
aquagirl
aquaman
aquamarine
aquarian
aquario
aquarious
aquarium
aquarius
aquarius1
aquatic
aquila
aquiles
aquinas
aquino
arabela
arabella
arabelle
arabia
arabian
arabic
araceli
araceli1
aracelis
aracelli
aracelly
aracely
aradia
arafat
aragon
aragorn
aragorn1
aramat
aramis
arana
aranas
aranda
araneta
arango
aranha
arantxa
arantza
aranza
aranzazu
arashi
araujo
arbie
arbol
arboleda
arboles
arbolito
arcade
arcadia
arcadio
arcangel
arcangel1
arcangelpa
arcega
arcelia
archana
archangel
archel
archelle
archenemy
archer
archers
archery
archibald
archie
archie1
archie123
archimedes
architect
architecture
archivo
archuleta
arcilla
arcoiris
arctic
arcticmonkeys
arden
ardian
ardiente
ardilla
ardillita
ardmore
ardnajela
ardnas
ardnaxela
area51
arecibo
areli
arelis
arelita
arellano
arely
arema
aremania
arena
arenas
arenita
arequipa
aresnal
aretes
aretha
arevalo
areyou
areyouready
arfarf
argel
argelia
argenis
argentina
argentina1
argentino
argie
argint
argos
arguelles
arguello
argueta
argyle
ari123
ariadna
ariadne
arian
ariana
ariana1
ariana12
ariana2
ariane
arianita
arianna
arianna1
arianna2
arianne
arianny
arias
ariday
arief
ariel
ariel01
ariel1
ariel12
ariel123
ariel13
ariel2
ariela
arielito
ariell
ariella
arielle
arielle1
ariels
aries
aries04
aries1
aries11
aries12
aries123
aries13
aries15
aries16
aries18
aries2
aries21
aries22
aries23
aries24
aries3
aries4
ariesgirl
ariess
arifah
arifin
arigato
arina
ariola
arionna
arisa
arisha
arissa
arista
aristeo
aristides
ariston
aristoteles
aristotle
arita
ariyana
arizona
arizona1
arjan
arjane
arjay
arjhay
arjona
arjun
arjuna
arkangel
arkansas
arkansas1
arkantos
arlan
arleen
arlen
arlena
arlene
arlene1
arleth
arlette
arlinda
arlindo
arline
arlington
arlyn
armaan
armada
armadillo
armageddon
armagedon
armagh
arman
armand
armanda
armandito
armando
armando1
armandoteamo
armani
armani1
armany
armata
armelle
armenia
armenta
armida
armie
armin
armina
arminda
arminvanbuuren
armond
armoni
armonia
armour
armpit
armstrong
armstrong1
army12
army123
armyboy
armybrat
armycadets
armygirl
armygirl1
armyman
armymen
armyof1
armyofone
armywife
arnaldo
arnarn
arnaud
arnel
arnell
arnette
arnie
arniel
arnold
arnold1
arnoldo
arnulfo
arod13
arohanui
arquitecta
arquitecto
arquitectura
arrahman
arredondo
arreola
arriaga
arriana
arriane
arrianne
arriba
arriola
arrolladora
arron
arrow
arrowhead
arrows
arroyo
arroz
arrozconleche
arschloch
arsehole
arsenal
arsenal01
arsenal06
arsenal07
arsenal1
arsenal10
arsenal101
arsenal11
arsenal12
arsenal123
arsenal1234
arsenal13
arsenal14
arsenal2
arsenal3
arsenal4
arsenal4eva
arsenal4life
arsenal7
arsenal9
arsenalfc
arsenalrule
arsenic
arsenio
arshad
arsitek
arsitektur
arslan
arsnal
art123
artart
artattack
arteaga
artemio
artemis
artemisa
arthas
arthur
arthur1
articuno
artika
artilugia
artilugios
artist
artist1
artista
artistic
artur
arturin
arturito
arturo
arturo1
arturoteamo
artwork
arual
aruba
arvie
arvin
arvind
arwen
arwin
aryan
aryana
aryanna
as1234
as12345
as123456
asa123
asaako
asaasa
asaboy
asael
asaka
asakaboy
asakanaman
asakapa
asakapaboy
asakura
asanes
asaness
asante
asasa
asasas
asasasas
asasin
asawa
asawacoh
asawako
asawakoh
asawaq
asawaqoe
asawaqoh
ascencio
asd123
asd1234
asd123456
asd456
asdaprice
asdas
asdasd
asdasd1
asdasd123
asdasdasd
asddsa
asdewq
asdf
asdf11
asdf12
asdf123
asdf1234
asdf456
asdf;lkj
asdfasdf
asdfasdf1
asdffdsa
asdfg
asdfg1
asdfg12
asdfg123
asdfg12345
asdfgh
asdfgh1
asdfgh12
asdfgh123
asdfghj
asdfghj1
asdfghjk
asdfghjkl
asdfghjkl1
asdfghjkl123
asdfghjkl;
asdfghjkl;'
asdfghjkl;\\'
asdfghjklzxcvbn
asdfghjklñ
asdfjk
asdfjkl
asdfjkl1
asdfjkl;
asdfqwer
asdfzxcv
asdjkl
asdlkj
asdqwe
asdqwe123
asdrubal
asdzxc
asecret
asecret1
asereht
asereje
aseret
asero
asesino
asgard
ash
ash101
ash123
ash1234
ashante
ashanti
ashanti1
ashanty
ashash
ashash1
ashbash
ashely
asher
asher1
ashers
ashes
ashes1
ashfield
ashford
ashgrove
ashhole
ashia
ashika
ashikin
ashish
ashiteru
ashiya
ashl3y
ashland
ashle1
ashlea
ashlee
ashlee1
ashlee2
ashleesimpson
ashlei
ashleigh
ashleigh1
ashley
ashley!
ashley.
ashley0
ashley00
ashley01
ashley02
ashley03
ashley04
ashley05
ashley06
ashley07
ashley08
ashley09
ashley1
ashley10
ashley101
ashley11
ashley12
ashley123
ashley13
ashley14
ashley15
ashley16
ashley17
ashley18
ashley19
ashley2
ashley20
ashley2008
ashley21
ashley22
ashley23
ashley24
ashley25
ashley26
ashley27
ashley28
ashley29
ashley3
ashley30
ashley33
ashley4
ashley5
ashley6
ashley69
ashley7
ashley77
ashley8
ashley85
ashley86
ashley87
ashley88
ashley89
ashley9
ashley90
ashley91
ashley92
ashley93
ashley94
ashley95
ashley96
ashley98
ashley99
ashleyann
ashleyb
ashleym
ashleymarie
ashleynicole
ashleys
ashleyt
ashleytisdale
ashli
ashlie
ashlie1
ashliegh
ashlin
ashling
ashly
ashly1
ashlyn
ashlyn1
ashlynn
ashlynn1
ashman
ashmore
ashole
ashraf
ashrox
ashten
ashtin
ashton
ashton01
ashton03
ashton04
ashton05
ashton07
ashton1
ashton12
ashton2
ashton3
ashton4
ashtray
ashtray1
ashtyn
ashura
ashvin
ashwee
ashwin
ashwini
asia
asia12
asia123
asian
asian1
asiangirl
asianpride
asians
asieslavida
asilem
asined
asiram
asisoyyo
asistenta
askim
askimbenim
askimsin
asking
askme
aslan
aslpls
asmara
asmita
asparagus
aspasia
aspen
aspen1
aspen9
asphalt
aspire
aspirina
aspirine
asroma
ass
ass123
assalam
assalamualaikum
assasin
assass
assass1
assassin
assassin1
assclown
asscrack
assenav
assface
assface1
assfuck
assh0le
asshat
asshoe
asshol
asshole
asshole!
asshole.
asshole1
asshole11
asshole12
asshole123
asshole13
asshole2
asshole21
asshole23
asshole3
asshole4
asshole5
asshole6
asshole69
asshole7
asshole9
assholes
assholes1
assilem
assilem1
assiram
assistant
asskicker
asslicker
asslikethat
assman
assman1
assmonkey
assmunch
asssss
assumption
assunta
asswhole
asswipe
asswipe1
assword
assyla
assyrian
astaga
astalavista
astaroth
asteeg
aster
asterisco
asterisk
asterix
asteroid
asteroide
astig
astig2
astigako
astigin
astigs
astigto
astigz
aston
astonmartin
astonvilla
astoria
astra
astra1
astral
astri
astrid
astro
astro1
astroboy
astrology
astronaut
astronomy
astros
astros1
asturias
astuti
asuka
asuncion
aswang
asylum
asyouwish
asyraf
ataahua
atalaya
atardecer
ataris
atasha
atekuya
atena
atenas
atenea
ateneo
athan
athena
athena1
athenas
athens
athens1
atherton
athina
athirah
athlete
athletic
athletics
athlon
athlone
athome
athrun
atienza
atika
atikah
atila
atilano
atilla
atiqah
atkins
atkinson
atl123
atlanta
atlanta1
atlanta2
atlanta7
atlante
atlantic
atlantico
atlantis
atlantis1
atlas
atlas1
atlast
atleta
atletico
atletismo
atmajaya
atmosphere
atomic
atown
atrevete
atrevida
atreyu
atreyu1
attack
attention
atticus
atticus1
attila
attitude
attitude1
attorney
attractive
atwood
atx512
aubree
aubree1
aubrey
aubrey1
aubrie
auburn
auburn1
auckland
audia3
audia4
audia6
audio
audioslave
audiovox
auditek
audition
auditt
audra
audrey
audrey1
audrey2
audrie
aufklarung
auggie
augie1
augost
august
august01
august02
august03
august04
august05
august06
august07
august08
august09
august1
august10
august11
august12
august13
august14
august15
august16
august17
august18
august19
august2
august20
august21
august22
august23
august24
august25
august26
august27
august28
august29
august3
august30
august31
august4
august5
august6
august7
august8
august83
august88
august89
august9
august91
augusta
augustin
augustine
augusto
augustus
aulia
aumaum
aunaun
aundre
aundrea
aunteamo
auntie
auntie1
aurea
aurel
aurelia
aurelian
aurelie
aurelio
aurevoir
auriazul
aurica
aurita
aurora
aurora1
aurore
aurorita
aussie
aussie1
aussiepride
aust1n
austen
austin
austin!
austin00
austin01
austin02
austin03
austin04
austin05
austin06
austin07
austin08
austin09
austin1
austin10
austin101
austin11
austin12
austin123
austin13
austin14
austin15
austin16
austin17
austin18
austin2
austin21
austin22
austin23
austin24
austin3
austin316
austin4
austin5
austin6
austin69
austin7
austin8
austin9
austin95
austin96
austin97
austin98
austin99
austine
austinpowers
auston
australia
australia1
australian
australie
austria
austyn
autentica
authentic
author
authority
autism
autobots
autocad
automatic
automovil
autumn
autumn01
autumn06
autumn1
autumn11
autumn12
autumn123
autumn2
autumn3
autumn4
autumn5
autumn7
auxiliadora
auzzie
ava123
avadakedavra
avagrace
available
avalanch
avalancha
avalanche
avalanche1
avalon
avalon1
avalos
avamarie
avanti
avanza
avatar
avatar1
avefenix
avegail
aveiro
avelina
avelino
avemaria
avenged
avenged1
avenged7
avenged7fold
avenged7x
avengedsevenfold
avenger
avenger1
avengers
aventura
aventura1
aventurera
aventurero
avenue
average
averie
avery
avery1
avery123
aviana
aviation
aviator
avigail
avila
aviles
avilla
avinash
avion
aviones
avocado
avondale
avril
avril lavigne
avril1
avril123
avrilavigne
avrile
avrill
avrillavigne
avrilrocks
avrils
aw1234
awalktoremember
awawaw
awesome
awesome!
awesome1
awesome12
awesome123
awesome2
awesome3
awesomegod
awesomeness
awhina
awilda
awsedr
awsome
awsome1
axelito
axelle
axelrose
axelteamo
axeman
axlrose
ayahbunda
ayahibu
ayahku
ayala
ayame
ayamgoreng
ayana
ayana1
ayanami
ayang
ayanna
ayanna1
aybaybay
ayden
ayden1
ayeaye
ayelen
ayerim
ayesha
ayessa
ayianapa
aying
aylabyu
ayleen
aylin
ayman
ayodance
ayodele
ayokona
ayokonga
ayomide
ayrton
aysha
ayudame
ayumi
azabache
azael
azalea
azalia
azarcon
azaria
azariah
azazaz
azazel
azeneth
azert
azerty
azertyui
azertyuiop
azevedo
azhar
azhari
azimah
azizah
azizan
azizul
azjargal
azkaban
azlan
azlina
azn123
azn4life
azngurl
aznpride
azodnem
azores
azrael
azreen
azriel
azsxdc
azsxdcfv
aztec
azteca
azteca1
aztecs
aztig
aztigako
aztlan
azucar
azucena
azucena1
azul10
azul123
azul13
azulado
azulazul
azulceleste
azulcielo
azulcrema
azules
azulita
azulito
azulmarino
azulyoro
azumi
azura
azzahra
b-ball
b00b00
b00bies
b00ger
b00mer
b12345
b123456
b1234567
b12345678
b123456789
b1b2b3
b1tches
b2kb2k
b2kishot
b3autiful
b5lover
baabaa
baba123
bababa
babababa
babacar
babae
babaero
babaji
babaloo
babalu
babamama
babang
babas
babasonicos
babatunde
babay
babbie
babbit
babby
babby1
babbygirl
babe
babe01
babe03
babe05
babe06
babe07
babe08
babe09
babe1
babe10
babe101
babe11
babe12
babe123
babe1234
babe13
babe14
babe143
babe15
babe16
babe17
babe18
babe20
babe21
babe22
babe23
babe24
babe4eva
babe69
babe92
babebabe
babee
babeee
babegirl
babegurl
babeko
babers
baberuth
babes
babes1
babes123
babesko
babess
babeth
babette
babey
babez
babhie
babi123
babi13
babiboi
babiboo
babidoll
babie
babie1
babiee
babiegurl
babies
babies02
babies1
babies2
babies3
babies4
babigirl
babigrl
babigurl
babigurl1
babii
babii1
babiiboo
babiigurl
babiigurl1
babilon
babilonia
babita
babolat
baboon
babosa
baboso
baboy
baboyako
baboyka
baboyko
baboys
babsie
babuci
babushka
baby
baby blue
baby boy
baby girl
baby gurl
baby ko
baby mama
baby#1
baby-girl
baby00
baby01
baby02
baby03
baby04
baby05
baby06
baby07
baby08
baby09
baby1
baby10
baby100
baby101
baby11
baby12
baby123
baby1234
baby12345
baby13
baby14
baby143
baby15
baby16
baby17
baby18
baby19
baby1995
baby2
baby20
baby2000
baby2003
baby2004
baby2005
baby2006
baby2007
baby2008
baby2009
baby21
baby22
baby2229
baby23
baby24
baby25
baby26
baby27
baby28
baby29
baby3
baby30
baby31
baby32
baby321
baby33
baby34
baby36
baby420
baby44
baby45
baby4ever
baby4life
baby4u
baby5
baby55
baby56
baby6
baby66
baby67
baby69
baby7
baby77
baby777
baby78
baby84
baby85
baby86
baby87
baby88
baby89
baby90
baby91
baby92
baby93
baby94
baby95
baby96
baby97
baby98
baby99
baby_girl
baby_gurl
babya
babyaj
babyalex
babyamy
babyangel
babyangel1
babyann
babyanne
babyash
babyb
babyb00
babyb1
babybabe
babybaby
babybaby1
babybash
babybash1
babybear
babybear1
babybee
babybell
babybella
babybelle
babyben
babybench
babybird
babybitch
babyblu
babyblue
babyblue1
babyblue12
babyblue13
babyblue14
babyblue2
babyblue21
babyblue22
babyblue3
babyblue4
babyblue5
babyblue7
babyblueeyes
babyblues
babybo
babybob
babyboi
babyboi1
babyboo
babyboo09
babyboo1
babyboo11
babyboo12
babyboo123
babyboo13
babyboo2
babyboo22
babyboo7
babyboom
babybop
babyborn
babyboy
babyboy!
babyboy01
babyboy06
babyboy07
babyboy08
babyboy1
babyboy12
babyboy123
babyboy13
babyboy14
babyboy15
babyboy16
babyboy19
babyboy2
babyboy21
babyboy22
babyboy23
babyboy3
babyboy4
babyboy5
babyboy6
babyboy69
babyboy7
babyboy8
babyboy9
babyboys
babyboys2
babybrat
babybratz
babybri
babybump
babybunny
babybutt
babyc
babyc1
babycake
babycakes
babycakes!
babycakes1
babycakes2
babycakes7
babycarl
babycat
babycat1
babycham
babychick
babychloe
babychris
babycj
babyco
babycoh
babycute
babyd
babyd1
babydaddy
babydaddy1
babydan
babydavid
babydear
babydee
babydevil
babydiva
babydj
babydog
babydoll
babydoll1
babydoll12
babydoll13
babydoll2
babydoll22
babydoll3
babydoll69
babydoll7
babydoll8
babydolls
babydre
babyduck
babye
babyelmo
babyemma
babyeric
babyeyes
babyface
babyface1
babyface13
babyface2
babyfat
babyg
babyg1
babyg123
babyg1rl
babyg2
babygal
babygee
babygerl
babygirl
babygirl!
babygirl#1
babygirl.
babygirl0
babygirl00
babygirl01
babygirl02
babygirl03
babygirl04
babygirl05
babygirl06
babygirl07
babygirl08
babygirl09
babygirl1
babygirl10
babygirl101
babygirl11
babygirl12
babygirl123
babygirl13
babygirl14
babygirl15
babygirl16
babygirl17
babygirl18
babygirl19
babygirl2
babygirl20
babygirl2008
babygirl21
babygirl22
babygirl23
babygirl24
babygirl25
babygirl26
babygirl27
babygirl28
babygirl29
babygirl3
babygirl31
babygirl33
babygirl4
babygirl45
babygirl5
babygirl55
babygirl6
babygirl69
babygirl7
babygirl77
babygirl78
babygirl8
babygirl85
babygirl86
babygirl87
babygirl88
babygirl89
babygirl9
babygirl90
babygirl91
babygirl92
babygirl93
babygirl94
babygirl95
babygirl96
babygirl97
babygirl98
babygirl99
babygirls
babygirls2
babygotback
babygrace
babygril
babygrl
babygrl1
babygurl
babygurl!
babygurl#1
babygurl01
babygurl05
babygurl06
babygurl07
babygurl08
babygurl09
babygurl1
babygurl10
babygurl101
babygurl11
babygurl12
babygurl123
babygurl13
babygurl14
babygurl15
babygurl16
babygurl17
babygurl18
babygurl19
babygurl2
babygurl20
babygurl21
babygurl22
babygurl23
babygurl24
babygurl3
babygurl4
babygurl5
babygurl6
babygurl69
babygurl7
babygurl8
babygurl88
babygurl89
babygurl9
babygurl92
babygurl93
babygurlz
babygyal
babygyrl
babyheart
babyhon
babyhoney
babyhuey
babyice
babyiloveu
babyiloveyou
babyj
babyj1
babyjack
babyjade
babyjake
babyjames
babyjane
babyjay
babyjay1
babyjc
babyjean
babyjen
babyjess
babyjesus
babyjj
babyjo
babyjoe
babyjoey
babyjohn
babyjoker
babyjordan
babyjosh
babyjoy
babyjr
babyk
babyk1
babykate
babykay
babyken
babykho
babykim
babykins
babykiss
babykitty
babyko
babykoh
babyku
babykyle
babylee
babyleo
babylicious
babylon
babylon5
babylou
babylove
babylove1
babylove2
babylove3
babylover
babyloves
babyluke
babyluv
babyluv1
babylyn
babyma
babymac
babymama
babymama1
babymark
babyme
babymia
babymilo
babymine
babymj
babymomma
babymonkey
babynick
babynoah
babyone
babypaul
babyphat
babyphat1
babyphat12
babyphat13
babyphat2
babyphat3
babypink
babypink1
babypooh
babyprincess
babyq
babyqo
babyqoh
babyrasta
babyray
babyred
babyrock
babyrose
babyruth
babyryan
babys
babysam
babysean
babysexy
babyshambles
babyshane
babyshaq
babysis
babysister
babysitter
babyspice
babystar
babysweet
babyt
babyt1
babytaz
babythug
babytiger
babytoy
babytweety
babyv
babyy
babyyy
babyz
bacalao
bacalaureat
bacalhau
bacani
bacardi
bacardi1
bacardi151
bacchus
bachata
bachelor
bachilleres
back2back
backbone
backdoor
backflip
backinblack
backlash
backoff
backpack
backshot
backspace
backspace1
backstreet
backstreetboys
backstroke
backup
backyard
bacolod
bacon
bacon1
baconbits
bacteria
bad boy
bad123
badabing
badang
badangel
badass
badass1
badass13
badass2
badass3
badazz
badazz1
badbaby
badbad
badbitch
badbitch1
badblood
badboi
badboy
badboy07
badboy1
badboy11
badboy12
badboy123
badboy13
badboy2
badboy23
badboy3
badboy4life
badboy69
badboy7
badboys
badboys1
badboys2
badboyz
badcat
badchick
badday
baddest
baddest1
baddestbitch
baddog
badet
badeth
badette
badfish
badgal
badger
badger1
badgers
badgirl
badgirl1
badgirl12
badgirl13
badgirl2
badgirl69
badgirls
badgrl
badgurl
badgurl1
badguy
badilla
badillo
bading
badjao
badjojo
badkitty
badkitty1
badluck
badman
badman1
badminton
badnewz
badong
badreligion
badrul
badtrip
badtzmaru
baduday
badwolf
bagel
bagels
baggies
baggins
baggio
baggy
baghdad
bagheera
baghera
bagong
bagpipes
bagpula
bagpuss
bagpuss1
bagsik
bagtit
baguio
bagus
baguvix
bagwell
bahadur
bahagia
bahala
bahalaka
bahalana
bahama
bahamas
bahamas1
bahamut
bahbah
bahrain
baibai
baihaitun100
baihaitun100123
baihaitun1002024
baihaitun1002025
baihaitun1002026
baihaitun100888
bailamos
bailando
bailar
bailarina
bailee
bailee1
baileigh
bailey
bailey!
bailey00
bailey01
bailey02
bailey03
bailey04
bailey05
bailey06
bailey07
bailey08
bailey09
bailey1
bailey10
bailey11
bailey12
bailey123
bailey13
bailey14
bailey15
bailey17
bailey2
bailey21
bailey22
bailey23
bailey24
bailey3
bailey4
bailey5
bailey6
bailey7
bailey77
bailey8
bailey9
bailey99
baileyboo
baileyboy
baileys
bailie
baillie
baily
baily1
bairon
baixinha
bajingan
bakang
bakedbeans
bakekang
baker
baker1
baker123
baker3
bakero
bakers
bakersfield
bakery
baking
bakit
bakitba
bakker
bakla
baklaako
baklita
bakugan
bakulaw
bakura
balaba
baladewa
balagtas
balaji
balamory
balanar
balanca
balance
balanta
balbal
balboa
balbon
balbuena
balderas
balderdash
baldo
baldomero
baldwin
baldwin1
baleia
baleleng
balena
baleno
balerina
balfour
balikpapan
balint
balita
baliw
baliwako
ball
ball10
ball12
ball123
ball22
ball23
ball4life
balla
balla1
balla10
balla12
balla15
balla2
balla21
balla22
balla23
balla24
balla3
balla32
balla33
balla4life
ballababy
ballack
ballack13
ballard
ballas
ballaz
ballbag
ballbags
ballball
ballen
ballena
baller
baller01
baller06
baller07
baller08
baller1
baller10
baller101
baller11
baller12
baller123
baller13
baller14
baller15
baller16
baller2
baller20
baller21
baller22
baller23
baller24
baller25
baller3
baller32
baller33
baller34
baller4
baller44
baller45
baller4life
baller5
baller6
baller7
baller8
ballerina
ballerina1
ballers
ballerz
ballesteros
ballet
ballet1
ballet123
ballet2
ballet3
ballin
ballin!
ballin07
ballin08
ballin1
ballin10
ballin11
ballin12
ballin123
ballin13
ballin14
ballin15
ballin2
ballin21
ballin22
ballin23
ballin24
ballin3
ballin5
ballin7
ballina
balling
ballistic
ballon
ballons
balloon
balloon1
balloons
ballpen
ballroom
balls
balls1
ballsack
ballymena
ballymun
ballz
balmoral
baloncesto
balong
baloo
baloon
balot
balqis
baltazar
baltimore
baltimore1
balto
baluga
bam123
bama12
bamaboy
bamagirl
bamako
bamargera
bamba
bambam
bambam1
bambam11
bambam12
bambam123
bambam2
bambam3
bambam69
bambam7
bambang
bambi
bambi1
bambi12
bambi123
bambi2
bambie
bambii
bambina
bambini
bambino
bambino1
bambola
bambolina
bamboo
bamboo1
bamboocha
bambucha
bambus
bammargera
bammbamm
bammer
banaag
banaan
banana
banana!
banana1
banana11
banana12
banana123
banana13
banana2
banana21
banana22
banana3
banana4
banana5
banana69
banana7
banana8
bananaboat
bananaman
bananana
bananarama
bananas
bananas!
bananas1
bananas123
bananas2
bananas3
bananas7
bananasplit
bananaz
banane
bananita
bananna
banano
banban
band
band07
band12
banda
bandaid
bandana
bandcamp
bandel
bandera
banderas
bandgeek
bandgeek1
bandicoot
bandida
bandido
bandit
bandit01
bandit1
bandit10
bandit11
bandit12
bandit123
bandit13
bandit2
bandit3
bandit4
bandit5
bandit7
bandita
bandito
bandits
bandnerd
bandolera
bandolero
bandung
banegas
banesa
bangag
bangalore
bangbang
bangbang1
bangbus
bangel
banger
bangers
banget
bangin
banging
bangka
bangkok
bangla
bangladesh
bangor
bangs
bangsat
bangus
banjar
banjarmasin
banjer
banjo
banjo1
bankai
bankbank
banker
bankhead
bankhead1
banking
banks
banks1
bannana
bannana1
bannanas
bannanna
bannas
banned
banner
banshee
banshee1
bansot
bantal
bantayan
banten
banter
bantot
banuelos
banyuwangi
banzai
baobao
baobei
bapbap
baphomet
baptist
baptista
baptiste
baracuda
barahona
barajas
baraka
barako
barakuda
barang
barata
barbados
barbados1
barbar
barbara
barbara1
barbarian
barbarita
barbas
barbee
barber
barber1
barbi
barbie
barbie!
barbie01
barbie06
barbie07
barbie08
barbie09
barbie1
barbie10
barbie101
barbie11
barbie12
barbie123
barbie13
barbie14
barbie15
barbie16
barbie17
barbie18
barbie2
barbie21
barbie22
barbie23
barbie24
barbie3
barbie4
barbie5
barbie6
barbie69
barbie7
barbie8
barbie9
barbiedoll
barbiegirl
barbies
barbika
barbosa
barbra
barby
barbye
barca
barca10
barcalona
barcelo
barcelona
barcelona1
barcelona10
barcelonafc
barcelonista
barcelos
barcenas
barclay
barcode
barefoot
barenaked
barista
baritone
barkada
barkadatrip
barker
barker1
barking
barkley
barkley1
barley
barlow
barman
barmyarmy
barnabas
barnaby
barnard
barnes
barnett
barney
barney01
barney1
barney11
barney12
barney123
barney2
barnie
barnsley
barny
baron
baron1
barona
baronrojo
barons
barosan
barosanu
barosanul
barra51
barrabas
barracuda
barradas
barragan
barranco
barranquilla
barredo
barreiro
barrel
barrelracer
barrels
barrera
barret
barreto
barrett
barrett1
barrie
barrientos
barrington
barrio
barriofino
barrios
barron
barros
barroso
barrow
barry
barry1
barry123
barrymore
barrys
barselona
bart123
bartender
bartender1
bartholomew
bartlett
bartley
bartman
bartman1
bartok
bartolo
bartolome
bartolomeo
barton
bartsimpson
baruch
basang
basbas
baschet
baseba11
baseball
baseball!
baseball06
baseball07
baseball08
baseball09
baseball1
baseball10
baseball11
baseball12
baseball123
baseball13
baseball14
baseball15
baseball16
baseball17
baseball18
baseball19
baseball2
baseball20
baseball21
baseball22
baseball23
baseball24
baseball25
baseball27
baseball3
baseball32
baseball33
baseball4
baseball5
baseball6
baseball7
baseball8
baseball9
basement
basescu
bashar
basher
bashful
bashir
bashment
basic
basikal
basil
basil1
basilan
basilbrush
basilio
basilis
basilisk
basket
basket1
basket11
basket12
basket2
basketba11
basketbal
basketbal1
basketball
basketball1
basketball10
basketball11
basketball12
basketball123
basketball13
basketball14
basketball15
basketball2
basketball21
basketball22
basketball23
basketball24
basketball25
basketball3
basketball32
basketball5
basketballgirl
basketcase
baskets
basquet
bass
bassam
basset
bassett
bassguitar
basshunter
bassie
bassist
bassline
bassman
bassman1
bassmaster
bassoon
bassplayer
basta
bastard
bastard1
bastardo
bastards
baste
basted
baster
basterd
bastet
basti
bastian
bastien
bastos
basty
basura
basuras
bataan
batang
batangas
batata
batatinha
batavia
batbat
batboy
batcave
batch
batchoy
bateman
bateria
baterista
bates
batgirl
bathgate
bathory
bathroom
bathroom1
bathrugby
bathtub
bathwater
batibot
bating
batista
batista1
batista123
batistabomb
batistuta
batman
batman!
batman01
batman06
batman08
batman1
batman10
batman11
batman12
batman123
batman13
batman15
batman16
batman17
batman2
batman21
batman22
batman23
batman24
batman3
batman4
batman5
batman6
batman69
batman7
batman8
batman9
batonrouge
batosai
batotoy
battery
battle
battle1
battlefield
battleon
battousai
batty
battyboy
batuhan
baturaja
batusai
batusay
batzmaru
baubau
baudelaire
bauer
bauhaus
bautista
bavaria
bawang
bawbag
baxter
baxter1
baxter12
baxter2
bayabas
bayamon
bayani
bayarea
bayarea1
baybay
baybay1
baybee
baybee1
baybie
baybii
bayern
baygon
baylee
baylee1
bayleigh
bayley
baylie
baylon
baylor
baylor1
bayona
bayot
bayots
bayron
bayside
bayview
baywatch
bazooka
bazza
bb1234
bball
bball01
bball03
bball04
bball05
bball07
bball08
bball1
bball10
bball101
bball11
bball12
bball123
bball13
bball14
bball15
bball16
bball2
bball20
bball21
bball22
bball23
bball24
bball25
bball3
bball30
bball31
bball32
bball33
bball34
bball35
bball4
bball40
bball42
bball44
bball4life
bball5
bball55
bball7
bball8
bballchick
bballer
bballgirl
bballs
bbb123
bbbbb
bbbbbb
bbbbbbb
bbbbbbbb
bbbbbbbbbb
bbgirl
bbita
bbking
bblove
bbtamo
bbteamo
bbunny
bbygal
bbygirl
bbygrl
bbygurl
bcrich
bdfuyang
bdfuyang123
bdfuyang2024
bdfuyang2025
bdfuyang2026
bdfuyang888
beabea
beach
beach!
beach1
beach12
beach123
beach2
beach22
beach5
beachbabe
beachbabe1
beachbaby
beachball
beachboy
beachboys
beachbum
beachbum1
beaches
beaches1
beachgirl
beachy
beacon
beagle
beagle1
beagles
beaker
beamer
beamer1
beamish
bean
bean123
beanbag
beanbean
beaner
beaner1
beaners
beanhead
beanie
beanie1
beaniebaby
beanies
beano
beanpole
beans
beans1
beantown
bear
bear01
bear04
bear05
bear06
bear07
bear08
bear09
bear1
bear10
bear11
bear12
bear123
bear1234
bear13
bear14
bear15
bear16
bear20
bear21
bear22
bear23
bear24
bear33
bearbear
bearbear1
bearboy
bearcat
bearcats
bearcats1
beardog
beardog1
bearhug
bearhugs
bears
bears07
bears1
bears10
bears2
bears54
beasley
beast
beast1
beast2
beast666
beastboy
beastie
beastmode
beasty
beasty1
beata
beatbox
beatiful
beatit
beatle
beatles
beatles1
beatles4
beatrice
beatrice1
beatris
beatrix
beatriz
beatriz1
beattie
beatty
beau123
beaubeau
beaufort
beaulieu
beaumont
beaute
beauti
beautiful
beautiful!
beautiful*
beautiful.
beautiful1
beautiful123
beautiful13
beautiful15
beautiful2
beautiful3
beautiful4
beautiful5
beautiful6
beautiful7
beautiful8
beautiful9
beautifulgirl
beautifull
beautifulme
beauty
beauty01
beauty1
beauty10
beauty101
beauty11
beauty12
beauty123
beauty13
beauty14
beauty2
beauty21
beauty3
beauty5
beauty69
beauty7
beautyful
beautygirl
beautyme
beautyqueen
beaver
beaver1
beavers
beavis
beavis1
beba12
beba123
beba13
beba15
beba16
beba17
beba21
bebalinda
bebang
bebe
bebe01
bebe03
bebe05
bebe06
bebe07
bebe08
bebe09
bebe1
bebe10
bebe11
bebe12
bebe123
bebe1234
bebe13
bebe14
bebe15
bebe16
bebe17
bebe18
bebe19
bebe20
bebe21
bebe22
bebe23
bebe24
bebe28
bebe69
bebe88
bebebe
bebebebe
bebecita
bebecito
bebecoh
bebee
bebefarts1
bebegirl
bebeh
bebek
bebeko
bebekoh
bebelinda
bebelindo
bebelove
bebelu
bebelus
bebelusa
bebelush
bebelusha
bebemeu
bebemic
bebemik
bebeng
bebeq
bebes
bebesita
bebesito
bebesote
bebeteamo
bebeth
bebeto
bebica
bebiko
bebing
bebita
bebita1
bebitalinda
bebitas
bebito
bebito1
bebitos
bebitza
bebitzu
bebo.com
bebo01
bebo07
bebo1
bebo11
bebo12
bebo123
bebo1234
bebo13
bebo2007
bebobabe
bebobebo
bebogirl
bebong
beboo
bebop
bebop1
bebopassword
beborocks
beborox
beborules
bebos
bebot
bebota
bebots
bebytza
becali
becas
because
because1
becauseofyou
becbec
becca
becca1
becca11
becca12
becca123
becca13
becca14
becca2
becca5
beccaboo
beccas
becci
becerra
becham
becka
beckam
becker
beckett
beckford
beckham
beckham07
beckham1
beckham23
beckham7
becki
beckie
beckii
becks
becks7
beckster
becky
becky1
becky12
becky123
becky13
beckyboo
beckys
becool
bedford
bedford1
bedhead
bedrock
bedroom
bedroom1
bedstuy
bedtime
bee123
beeasy
beebee
beebee1
beebop
beechwood
beefcake
beefcake1
beefjerky
beefy
beegee
beegees
beehappy
beehive
beejay
beemer
beenie
beepbeep
beeper
beer
beer123
beer30
beerbeer
beerbong
beerman
beers
beertje
beeswax
beethoven
beetle
beetle1
beetlejuice
beetroot
beezer
beezy
before
befree
begonia
begood
begundal
behappy
behappy1
behave
behbeh
behemoth
behlat
beibei
beijing
beijos
beisbol
bejarano
bekah
bekasi
bekbek
belair
belajar
belanda
belang
belanova
belarmino
belat
belbel
belcher
belem
belen
belen1
belencita
belenenses
beleza
belfast
belgica
belgium
belial
belier
believe
believe1
believe3
believeme
believer
belina
belinda
belinda1
belinea
belinha
belisima
belissima
belita
belive
belize
belkin
belkis
bell12
bell123
bella
bella01
bella02
bella03
bella04
bella05
bella06
bella07
bella08
bella09
bella1
bella10
bella101
bella11
bella12
bella123
bella1234
bella13
bella14
bella143
bella15
bella16
bella17
bella18
bella19
bella2
bella20
bella2006
bella21
bella22
bella23
bella24
bella26
bella27
bella3
bella4
bella5
bella6
bella69
bella7
bella8
bella88
bella93
bella94
bellaa
bellab
bellababy
bellabella
bellaboo
bellaca
bellaco
belladonna
bellagio
bellah
bellamia
bellamy
bellarose
bellas
bellatrix
bellavista
bellbell
belldandy
belle
belle01
belle07
belle1
belle12
belle123
belle13
belle2
belle21
belle22
belle23
belle3
belle7
bellen
bellend
belles
bellesa
bellevue
belleza
bellie
bellisima
bellissima
bellita
bello
bellota
bells
bellsouth
belly
belly1
bellybutton
bellydance
bellydancer
belmont
belmonte
belong
belove
beloved
beloved1
belton
beltran
beluga
belvedere
bembem
bemine
bemyself
ben
ben10
ben100
ben123
ben1234
ben4eva
benadams
benaffleck
benard
benavente
benavides
benben
benben1
benbenben
benboy
bench
bench8
benchs
bendecida
bender
bender1
bendicion
bendiciones
bendover
benedick
benedict
benedicta
benedicto
benetton
benfica
benfica1
benfika
benfiquista
bengal
bengals
bengals1
bengals85
bengbeng
bengel
bengie
bengkulu
benharper
benhur
benice
benidorm
benigno
bening
benita
benites
benitez
benito
benito1
benja
benjam
benjamen
benjamin
benjamin1
benjamin12
benjamin2
benjamin3
benjamine
benjamins
benji
benji1
benji123
benji13
benji2
benjiboy
benjie
benjii
benjim
benjimadden
benjiman
benjo
bennet
bennett
bennett1
benni
bennie
bennie1
bennington
benny
benny1
benny123
benny13
benny2
bennyboo
bennyboy
bennys
benoit
benok
bensherman
benson
benson1
bente
bentedos
benten
benteotso
bentetres
benteuno
bentley
bentley1
bently
benton
bentong
bentot
benzon
beograd
beotch
beowulf
berbatov
berbec
berber
bereal
beren
berenice
berenice1
beretta
bergen
berger
bergkamp
berjaya
berkeley
berkley
berks
berlian
berlin
berlyn
bermejo
bermuda
bermudez
berna
bernabe
bernadeth
bernadette
bernadine
bernal
bernales
bernalyn
bernard
bernard1
bernarda
bernardino
bernardo
bernas
berni
bernice
bernice1
bernie
bernie1
berny
beronica
berrie
berries
berries1
berry
berry1
berry123
berry2
berry3
berrys
berserk
berserker
bershka
bert
bert123
berta
bertha
bertha1
bertie
bertie1
berting
berto
bertram
bertrand
berty
beruang
beruska
berwick
beryl
besame
besiktas
besito
besitos
besnik
besos
besos1
bespren
bessie
bessie1
bessy
best friends
best123
best4ever
bestbest
bestboy
bestbud
bestbuds
bestbuy
bestest
bestfren
bestfrend
bestfriend
bestfriends
bestfriends4eva
bestfriends4ever
bestfriendsforever
bestfriendz
bestgirl
bestia
bestie
besties
bestko
bestlove
bestm8
bestm8s
bestman
bestmate
bestmates
bestofme
bestrong
betancourt
betania
betbet
betcha
betchay
beth
beth1
beth11
beth12
beth123
beth1234
bethan
bethania
bethanie
bethann
bethann1
bethanne
bethany
bethany1
bethany123
bethany2
bethbeth
bethebest
bethel
bethesda
bethie
bethoven
bethy
bethy1
betina
betinha
betinho
betita
betito
betlog
beto123
beto13
betoben
betong
betos
betoteamo
betoven
betrayal
betrayed
betrue
betsabe
betsie
betsy
betsy1
better
better1
betterdays
betterman
bettie
bettina
bettis
bettis36
betty
betty boop
betty1
betty12
betty123
betty2
betty7
bettyb
bettyboo
bettyboo1
bettyboop
bettyboop1
bettyboop123
bettyboop2
bettylou
bettys
betyboop
betza
betzabe
betzabeth
betzy
beulah
beurself
beutiful
beverley
beverly
beverly1
beware
bewitched
bex123
bexter
beybi
beybie
beybiko
beyblade
beyonce
beyonce1
beyonce2
beyond
beyota
beyourself
bezzie
bezzies
bezzy
bf4ever
bff123
bff4eva
bff4ever
bff4life
bfforever
bh90210
bhabe
bhabes
bhabez
bhabhie
bhabhy
bhabie
bhaby
bhaby03
bhaby07
bhaby08
bhaby09
bhaby14
bhaby16
bhaby17
bhaby18
bhaby21
bhaby22
bhaby23
bhaby24
bhabyblue
bhabycoe
bhabycoh
bhabyghurl
bhabygurl
bhabykho
bhabyko
bhabykoh
bhabylove
bhabyq
bhabyqoh
bhabyquh
bhadz
bhappy
bharat
bharti
bhavna
bhaybhie
bhaybie
bhe03
bhe08
bhe12
bhe14
bhe143
bhe18
bhe23
bhe24
bhe28
bhebe
bhebeko
bhebhe
bhebhecoh
bhebheko
bhebhekoh
bhebheq
bhebheqoh
bhebhie
bhebie
bhebko
bhebs
bheby
bhebz
bhecoh
bheibhie
bheibi
bheibie
bheiby
bheibycoh
bhekho
bheko
bhekoh
bhelat
bhelle
bhembhem
bheng
bheqoh
bhest
bheybhie
bheybi
bheybie
bhezie
bhezt
bhie02
bhie08
bhie12
bhie16
bhie18
bhie21
bhie22
bhie24
bhie28
bhiebhie
bhiecoh
bhieko
bhiekoh
bhing
bhong
bhunso
bhunzo
bhutan
biabia
biagko
bianca
bianca08
bianca1
bianca12
bianca123
bianca2
bianca7
bianchi
bianco
bianka
biatch
biatch1
biatriz
bibble
bibby
bibby10
bibi123
bibiana
bibibi
bibica
bibiche
bibie
bibilica
bibiloi
bibing
bibis
bibita
bible
bible1
bibles
biblia
biblioteca
biboy
bichita
bichito
bicho
bichon
bichos
bicicleta
bicycle
bidadari
biebie
biencutza
bienvenida
bienvenido
bienvenidos
bienvenue
biertje
big123
bigal1
bigaon
bigapple
bigass
bigass1
bigbaby
bigbaby1
bigballa
bigballer
bigballs
bigballs1
bigbang
bigbass
bigbear
bigbear1
bigben
bigben7
bigbertha
bigbig
bigbird
bigbird1
bigbitch
bigblack
bigblock
bigblue
bigblue1
bigbob
bigbody
bigboi
bigboi1
bigboobs
bigboobs1
bigbooty
bigbooty1
bigboss
bigboss1
bigboy
bigboy1
bigboy11
bigboy12
bigboy123
bigboy13
bigboy15
bigboy2
bigboy23
bigboy5
bigboy7
bigboys
bigbrat
bigbro
bigbro1
bigbrother
bigbuck
bigbucks
bigbum
bigbut
bigbutt
bigbutt1
bigbutts
bigcat
bigcats
bigcheese
bigcock
bigdad
bigdaddy
bigdaddy1
bigdaddy2
bigdaddy69
bigdady
bigdave
bigdawg
bigdee
bigdick
bigdick1
bigdicks
bigdog
bigdog1
bigdog2
bigdogg
bigdogs
bigears
bigeyes
bigfeet
bigfish
bigfish1
bigflirt
bigfoot
bigfoot1
bigger
biggie
biggie1
biggirl
biggirl1
biggirlsdontcry
biggles
biggs
biggurl
bigguy
biggy
biggy1
bighead
bighead1
bighouse
bigjay
bigjoe
bigjohn
bigkiss
biglips
biglove
bigmac
bigmac1
bigmama
bigmama1
bigmamma
bigman
bigman1
bigmike
bigmike1
bigmom
bigmomma
bigmomma1
bigmoney
bigmoney1
bigmouth
bignasty
bignose
bigodes
bigone
bigote
bigotes
bigpapa
bigpapa1
bigpapi
bigpenis
bigpig
bigpimp
bigpimp1
bigpimpin
bigpimpin1
bigpoppa
bigpun
bigpun1
bigpussy
bigred
bigred1
bigred2
bigrob
bigsam
bigsexy
bigsexy1
bigshot
bigshow
bigsis
bigsis1
bigsister
bigsister1
bigsmile
bigsmoke
bigstar
bigtime
bigtits
bigtoe
bigtruck
bigwill
bigwilly
bigworm
bijou
bijoux
bikash
biker
biker1
bikerbabe
bikerboy
bikerboyz
bikers
bikes
biking
bikini
bilabong
bilal
bilat
bilats
bilbao
bilbil
bilbo
bilbo1
bilder
bilguun
biljana
bill
bill123
bill89
billabong
billabong1
billabong123
billabong2
billabong7
billandben
billar
billbill
billbo
billbob
billgates
billiam
billiards
billie
billie1
billie2
billiejean
billiejo
billiejoe
billiejoe1
billings
billion
billk
billkaulitz
billones
billteamo
billtom
billups
billy
billy!
billy01
billy05
billy06
billy07
billy08
billy1
billy11
billy12
billy123
billy13
billy14
billy15
billy16
billy17
billy2
billy21
billy22
billy23
billy27
billy3
billy4
billy5
billy69
billy7
billyb
billybob
billybob1
billybob2
billybobjoe
billyboy
billyboy1
billyg
billygoat
billyj
billyjack
billyjean
billyjoe
billyjoel
billym
billymartin
billyray
billys
billyt
billytalent
billyy
bilog
bimala
bimbim
bimbo
bimbo1
bimbos
bimboy
bimmer
binbin
binder
bingbang
bingbing
bingbong
binggo
bingham
bingkay
bingo
bingo1
bingo123
bingoo
bingos
bingung
binita
binker
binkey
binkie
binky
binky1
binladen
binnie
bintang
bintangku
bintou
biohazard
biologi
biologia
biologie
biology
biology1
bioman
bionda
bionic
bionicle
biotch
biotch1
bipolar
bird
bird123
bird33
birdbird
birdcage
birddog
birdhouse
birdhouse1
birdie
birdie1
birdies
birdman
birdman1
birds
birdy
birdy1
birmingham
birtanem
birthday
birthday1
birthdays
bisaya
bisbal
biscochito
biscocho
biscoito
biscuit
biscuit1
biscuits
bisexual
bisexual1
bishnu
bishop
bishop1
biskit
bismarck
bismark
bismilah
bismillah
bisous
bisrock
bistrita
bitanem
bitbit
bitch
bitch!
bitch#1
bitch.
bitch0
bitch01
bitch05
bitch06
bitch07
bitch08
bitch09
bitch1
bitch10
bitch100
bitch101
bitch11
bitch12
bitch123
bitch1234
bitch13
bitch14
bitch15
bitch16
bitch17
bitch18
bitch19
bitch2
bitch20
bitch2007
bitch21
bitch22
bitch23
bitch24
bitch25
bitch26
bitch27
bitch28
bitch3
bitch33
bitch4
bitch420
bitch44
bitch45
bitch4eva
bitch4ever
bitch4life
bitch4u
bitch5
bitch55
bitch6
bitch66
bitch666
bitch69
bitch7
bitch77
bitch8
bitch88
bitch89
bitch9
bitch90
bitch91
bitch92
bitch95
bitch99
bitchass
bitchass1
bitchbitch
bitchboy
bitchen
bitches
bitches!
bitches1
bitches12
bitches123
bitches13
bitches2
bitches3
bitches5
bitches69
bitchez
bitchface
bitchgirl
bitchh
bitchie
bitchin
bitchin1
bitching
bitchme
bitchplease
bitchplz
bitchs
bitchs1
bitchslap
bitchtits
bitchy
bitchy1
bitchy2
bitchyme
bitchz
biteme
biteme!
biteme1
biteme12
biteme123
biteme2
biteme3
biteme69
biteme7
bitola
bitoy
bitter
bitter1
bittersweet
bitty
bitty1
bituin
biyatch
bizarre
bizcocho
bizkit
bizzare
bizzle
bizzy
bizzy1
bizzybone
bj1234
bjbjbj
bjhzsv
bjhzsv123
bjhzsv2024
bjhzsv2025
bjhzsv2026
bjhzsv888
bjk1903
bjorn
bjry168
bjry168123
bjry1682024
bjry1682025
bjry1682026
bjry168888
bkallday
blabla
blabla1
blablabla
black
black01
black06
black07
black08
black09
black1
black10
black101
black11
black12
black123
black13
black14
black15
black16
black17
black18
black19
black2
black21
black22
black23
black24
black25
black3
black4
black5
black6
black666
black69
black7
black77
black8
black88
black9
black99
blackandwhite
blackangel
blackass
blackbarbie
blackbear
blackbeauty
blackbelt
blackbelt1
blackberry
blackbetty
blackbird
blackbitch
blackboy
blackboy1
blackburn
blackcar
blackcat
blackcat1
blackcat13
blackcats
blackcherry
blackdeath
blackdevil
blackdiamond
blackdog
blackdog1
blackdragon
blackeagle
blackemo
blacker
blackey
blackeye
blackeyed
blackeyedpeas
blackfire
blackfoot
blackforest
blackgirl
blackgold
blackhawk
blackhawk1
blackhawks
blackheart
blackhole
blackhorse
blacki
blackice
blackid
blackie
blackie1
blackjack
blackjack1
blackk
blackknight
blacklab
blacklabel
blacklady
blacklight
blacklist
blacklove
blackmagic
blackmamba
blackman
blackman1
blackmetal
blackmoon
blackmore
blackness
blacknight
blackout
blackpanther
blackparade
blackpearl
blackpink
blackpool
blackpower
blackqueen
blackrain
blackraven
blackred
blackrock
blackrose
blackrose1
blackroses
blacks
blacks1
blacksabbath
blackshadow
blacksheep
blacksmith
blackstar
blackstone
blacktiger
blackwallstreet
blackwater
blackwell
blackwhite
blackwidow
blackwolf
blackwood
blacky
blacky1
blackz
blade
blade1
blade123
blade2
blader
bladerunner
blades
blades1
bladimir
blah
blah1
blah11
blah12
blah123
blah13
blah22
blahblah
blahblah1
blahblahblah
blahh
blahhh
blaine
blaine1
blair
blair1
blaire
blaise
blaize
blake
blake01
blake03
blake04
blake05
blake06
blake07
blake1
blake10
blake12
blake123
blake13
blake14
blake15
blake2
blake23
blake3
blake4
blake5
blake7
blakely
blakem
blakes
blakey
blakie
blanca
blanca1
blancanieves
blanch
blanchard
blanche
blanco
blanco1
blanco10
blank
blanka
blanket
blanket1
blankie
blankita
blanks
blanky
blanquita
blaque
blarney
blast
blaster
blaster1
blastoise
blayne
blayze
blaze
blaze1
blaze12
blaze123
blaze2
blaze420
blazed
blazeit
blazen
blazer
blazer1
blazers
blazers1
blazes
blaziken
blazin
blazin1
blazing
blazinsquad
bleach
bleach1
bledsoe
bleed
bleeding
bleedinglove
blenda
blender
bless
bless1
blessed
blessed07
blessed08
blessed1
blessed2
blessed3
blessed7
blessedbe
blessie
blessing
blessing1
blessings
blessme
blessy
blessyou
blevins
blinblin
blind
blind1
blinded
blinds
blindside
bling
bling1
bling123
bling2
blingbling
blingee
blingin
blings
blink
blink-182
blink1
blink182
blink183
blink_182
blinker
blinkme
blinks
blinky
bliss
bliss1
blissful
blister
blistex
blitar
blitz
blitzen
blitzkrieg
blizzard
blizzard1
blobby
block
block1
blockbuster
blocked
blocker
blockhead
blocks
bloem
bloemen
bloemetje
bloempje
bloempot
blogger
blond
blonda
blonde
blonde!
blonde1
blonde101
blonde12
blonde123
blonde13
blonde2
blonde22
blonde3
blonde4
blonde7
blondebabe
blondebimbo
blondebitch
blondee
blondes
blondey
blondi
blondie
blondie!
blondie01
blondie06
blondie07
blondie08
blondie09
blondie1
blondie10
blondie101
blondie11
blondie12
blondie123
blondie13
blondie14
blondie15
blondie16
blondie17
blondie18
blondie2
blondie21
blondie22
blondie3
blondie4
blondie5
blondie6
blondie69
blondie7
blondie8
blondie9
blondies
blondina
blondu
blondutza
blondy
blondy1
blood
blood1
blood12
blood123
blood13
blood14
blood15
blood2
blood3
blood4
blood4life
blood5
blood6
blood666
bloodbath
bloodgang
bloodhound
bloodkilla
bloodline
bloodlust
bloodmoon
bloodrayne
bloodred
bloods
bloods1
bloods13
bloods5
bloodsta
bloodstone
bloodsucker
bloody
bloody1
bloody5
bloodyhell
bloodymary
bloodz
bloodz1
bloodz5
bloom
bloom1
bloomer
bloomfield
blooming
blooms
bloomy
blooper
bloopers
blosom
blossem
blossom
blossom1
blossoms
blowfish
blowjob
blowjob1
blowjob69
blowme
blowme1
blowme2
blowme69
blowpop
bluangel
blubber
blublu
blue
blue00
blue01
blue02
blue03
blue04
blue05
blue06
blue07
blue08
blue09
blue1
blue10
blue100
blue101
blue11
blue12
blue123
blue1234
blue12345
blue13
blue132
blue14
blue15
blue16
blue17
blue18
blue19
blue1994
blue1996
blue2
blue20
blue2000
blue2002
blue21
blue22
blue222
blue23
blue24
blue25
blue26
blue27
blue28
blue29
blue30
blue31
blue32
blue321
blue33
blue333
blue34
blue35
blue40
blue42
blue43
blue44
blue45
blue456
blue47
blue4ever
blue4u
blue52
blue55
blue56
blue66
blue69
blue72
blue74
blue75
blue77
blue777
blue78
blue789
blue79
blue81
blue82
blue85
blue86
blue87
blue88
blue89
blue90
blue91
blue92
blue93
blue94
blue95
blue96
blue97
blue98
blue99
blueangel
blueangel1
bluearmy
bluebabe
bluebaby
blueballs
bluebear
bluebell
bluebell1
bluebells
blueberries
blueberry
blueberry1
blueberry2
bluebird
bluebird1
bluebirds
blueblack
blueblood
blueblue
blueblue1
blueboy
blueboy1
bluebug
bluebunny
bluebutterfly
bluecar
bluecat
bluecheese
bluecow
bluecrush
bluedemon
bluedevil
bluedevils
bluediamond
bluedog
bluedog1
bluedolphin
bluedragon
bluee
blueeye
blueeyes
blueeyes1
blueeyes2
bluefairy
bluefire
bluefish
blueflame
bluefox
bluefrog
bluegirl
bluegirl1
bluegrass
bluegreen
bluegurl
blueheart
blueice
blueish
bluejay
bluejay1
bluejays
bluejeans
bluelady
bluelagoon
bluelight
bluelove
bluelover
bluemagic
blueman
bluemonkey
bluemoon
bluemoon1
bluenose
blueocean
bluepink
blueprint
bluerain
bluered
blueroom
bluerose
blueroses
blues
blues1
bluesclues
bluesea
blueskies
bluesky
bluesky1
blueskys
bluesman
bluess
bluestar
bluestar1
bluestars
bluethunder
bluetiger
bluetooth
bluetopaz
bluewater
bluewave
bluewhale
bluewish
bluewkd
bluewolf
bluey
blueyes
bluish
blumen
blunt
blunt1
blunt420
blunts
blunts420
blurry
blush
blythe
bmarie
bmoney
bmw123
bmw318
bmw320
bmw325
bmw325i
bmw525
bmwbmw
bmwm3gtr
bmx123
bmx4life
bmxbmx
bmxing
bnbnbn
bnm123
bnmbnm
boanerges
boang
boangka
boarder
boarding
boards
boardwalk
boavista
boazona
bob
bob101
bob111
bob123
bob1234
bob12345
bob666
bobadilla
bobafett
bobber
bobbi
bobbi1
bobbie
bobbie1
bobbiejo
bobbijo
bobbin
bobble
bobblehead
bobbles
bobbob
bobbob1
bobbobbob
bobby
bobby!
bobby01
bobby06
bobby07
bobby08
bobby1
bobby10
bobby101
bobby11
bobby12
bobby123
bobby13
bobby15
bobby16
bobby17
bobby18
bobby2
bobby21
bobby22
bobby23
bobby24
bobby3
bobby4
bobby5
bobby6
bobby69
bobby7
bobbyb
bobbyboy
bobbyc
bobbyd
bobbydog
bobbyg
bobbyj
bobbyjack
bobbyjack1
bobbyjo
bobbyjoe
bobbylee
bobbys
bobbyv
bobcat
bobcat1
bobcats
bobcats1
bobdog
bobdole
bobdylan
bobert
bobesponja
bobina
bobiscool
bobita
bobito
bobitza
bobjones
bobmarley
bobmarley1
bobmarly
bobo
bobo01
bobo11
bobo12
bobo123
bobob
bobobo
bobobobo
bobocel
boboka
bobong
bobos
boboy
bobrocks
bobsaget
bobson
bobster
bobthebuilder
bocajuniors
bocanegra
bocephus
bochok
bodacious
bodger
bodie
bodoh
bodoke
bodoque
boduke
bodyboard
bodyguard
bodyshop
bodyslam
boeboe
boeing
boeing747
bofo100
bogard
bogart
bogdan
bogdanel
bogey
bogger
boggie
boggle
bogie
bogie1
bogies
bogoff
bogota
bogota1
bogus
bohemia
bohemian
bohica
bohol
boiboi
boiler
bojack
bojan
bojana
bojangles
bojangles1
bokbok
boknoy
bolabola
bolacha
bolaji
bolang
bolanle
bolas
bolbol
bolden
bolero
bolillo
bolinha
bolinhas
bolita
bolitas
bolito
bolivar
bolivia
bollinger
bollocks
bollocks1
bollox
bollywood
bologna
bologna1
bolota
bolton
bolton1
boludo
bomba
bombas
bombastic
bombay
bombeiro
bombeiros
bomber
bomber1
bomberman
bombero
bombers
bombers1
bombillo
bombita
bombo
bomboana
bomboca
bombom
bombon
bombon1
bombona
bomboncito
bombonel
bombonica
bombonik
bombonika
bombshell
bommel
bommer
bonafide
bonafont
bonanza
bonbon
bonbon1
bonbons
boncel
bond007
bondage
bondan
bondoc
boneca
boneco
bonedaddy
bonehead
bonehead1
bonek
boneka
bonekinha
boneless
boneng
bonequinha
boner
boner1
boners
bones
bones1
boness
bonethug
bonethugs
bonethugs1
bonethugz
bonez
bonfire
bong420
bongbong
bongga
bonghits
bongo
bongo1
bongos
bongwater
bonham
bonheur
bonice
bonie
boniface
bonifacia
bonifacio
bonilla
boninay
bonita
bonita1
bonita10
bonita11
bonita12
bonita123
bonita13
bonita2
bonita7
bonitas
bonitinha
bonito
bonjing
bonjour
bonjour1
bonjovi
bonjovi1
bonkers
bonkers1
bonner
bonney
bonnie
bonnie01
bonnie1
bonnie10
bonnie12
bonnie123
bonnie13
bonnie2
bonnie3
bonny
bonny1
bonou2
bonovox
bonsai
bonsay
bonsoir
bontang
bontot
bonzai
bonzo
bonzo1
boo
boo-boo
boo101
boo12
boo123
boo1234
boob
booba
boobaby
boobah
boobear
boobear1
boobee
boober
boobers
boobie
boobie1
boobies
boobies1
boobies2
boobies69
boobless
booboo
booboo!
booboo0
booboo01
booboo07
booboo08
booboo1
booboo10
booboo11
booboo12
booboo123
booboo13
booboo14
booboo15
booboo16
booboo17
booboo18
booboo2
booboo21
booboo22
booboo23
booboo3
booboo4
booboo5
booboo6
booboo69
booboo7
booboo8
booboo9
booboobear
boobooboo
boobookitty
booboos
boobs
boobs1
boobs2
boobs69
booby
boochie
booda1
boodah
boodie
boodle
boofhead
booga
boogaloo
booger
booger!
booger1
booger12
booger123
booger13
booger2
booger3
booger5
booger69
booger7
boogerbutt
boogers
boogers1
boogey
boogeyman
boogie
boogie1
boogie2
boogieman
boogies
boogle
boogyman
boohoo
boohoo1
bookbook
booker
booker1
bookert
bookey
bookie
bookie1
booking
bookitty
bookmark
books
books1
bookworm
bookworm1
boom
boom123
booman
boomba
boombastic
boomboom
boomboom1
boombox
boomer
boomer01
boomer1
boomer12
boomer123
boomer2
boomer22
boomer5
boomer7
boomerang
boomers
boomie
boomting
boondocks
boone
boone1
booney
boonie
boooo
booooo
booper
boopie
boosie
boosie1
booster
bootay
bootcamp
booter
booters
boothy
bootie
bootie1
booties
bootiful
bootilicious
bootleg
boots
boots1
boots123
boots2
bootsie
bootsie1
bootsy
bootsy1
booty
booty1
booty2
booty69
booty7
bootycall
bootyful
bootylicious
bootymeat
bootys
booya
booyaa
booyah
booyah1
booyaka
booyaka619
boozer
boozer1
boozie
bopbop
bopeep
bopper
borabora
boracay
borat
borboleta
borboletas
borbon
bordeaux
border
boreanaz
bored
bored1
bored123
boredom
borges
borgie
boricua
boricua1
boricua12
boricua123
boricua15
boricua2
boricua21
boricua3
boricua69
boricua7
boring
boriqua
boriqua1
boris
boris1
boriss
borja
born2dance
bornagain
borneo
bornok
borntobewild
borracha
borracho
borre
borrega
borrego
borregos
borreguita
borreguito
borris
borromeo
bosco
bosco1
boscoe
boselecta
bosing
bosley
bosnia
bosque
boss12
boss123
boss302
bossac
bossbitch
bossboss
bosshog
bosshogg
bossie
bossing
bosslady
bosslady1
bossman
bossman1
bosss
bossul
bossy
bossy1
bossy2
bossybitch
boster
boston
boston04
boston1
boston12
boston2
boston3
boston34
boston5
bostonredsox
boswell
botas
botbot
botchog
botchok
botella
bother
bothered
botones
botswana
bottle
bottles
bottom
bottom1
boubou
boucher
boudreaux
boulder
boulder1
boulevard
bounce
bounce1
bouncer
bouncer1
bouncy
bounty
bourbon
bourne
bournemouth
bouvier
bow wow
bow-wow
bowbow
bowden
bowdown
bowen
bowers
bowhunter
bowie
bowie1
bowl300
bowler
bowling
bowling1
bowling300
bowman
bowser
bowser1
bowtie
bowwow
bowwow01
bowwow1
bowwow11
bowwow12
bowwow123
bowwow13
bowwow14
bowwow15
bowwow16
bowwow18
bowwow19
bowwow2
bowwow20
bowwow21
bowwow23
bowwow3
bowwow4
bowwow5
bowwow7
bowwow87
bowwow9
bowzer
boxbox
boxcar
boxer
boxer1
boxer123
boxer2
boxerdog
boxers
boxing
boxing1
boxter
boy123
boybawang
boyboy
boyboy1
boycie
boycrazy
boycrazy1
boyet
boyfriend
boyfriend1
boyfriends
boygirl
boying
boyish
boylover
boylover1
boyong
boyracer
boys
boys101
boys12
boys123
boys13
boysboys
boyscout
boyslie
boysoverflowers
boysrock
boysrule
boyssuck
boyssuck!
boyssuck1
boysuck
boytoy
boytoy1
boywonder
boyz
boyz123
boyz2men
boyzone
boyzsuck
br00ke
br00klyn
br0ken
br1ttany
brabbit
braceface
braceface1
bracelet
braces
braces1
bracken
bracken1
brad
brad12
brad123
bradders
braden
braden1
bradford
bradford1
bradlee
bradley
bradley!
bradley01
bradley1
bradley11
bradley12
bradley123
bradley13
bradley2
bradley22
bradley3
bradley4
bradley5
bradley6
bradley7
bradly
bradon
bradpit
bradpitt
bradpitt1
bradshaw
brady
brady1
brady12
bradybunch
bradyn
braeden
braedon
braga
brahim
brahma
braian
braiden
braids
braila
brain
brain1
braindead
brainiac
brainless
brains
brainstorm
brainy
bramble
brambles
bramley
branbran
branca
branch
branco
brand
brand0n
brand1
brandan
brandao
brandee
branden
branden1
brandi
brandi1
brandie
brandie1
brandin
brandnew
brandnew1
brando
brando1
brandon
brandon!
brandon.
brandon0
brandon00
brandon01
brandon02
brandon03
brandon04
brandon05
brandon06
brandon07
brandon08
brandon09
brandon1
brandon10
brandon101
brandon11
brandon12
brandon123
brandon13
brandon14
brandon15
brandon16
brandon17
brandon18
brandon19
brandon2
brandon20
brandon21
brandon22
brandon23
brandon24
brandon25
brandon26
brandon28
brandon3
brandon4
brandon5
brandon6
brandon69
brandon7
brandon8
brandon9
brandon98
brandon99
brandonboyd
brandonlee
brandons
brandonteamo
brandt
brandweer
brandy
brandy01
brandy1
brandy11
brandy12
brandy123
brandy13
brandy2
brandy22
brandy3
brandy4
brandyn
brannon
branquinha
branson
branson1
branston
brantley
branza
brapbrap
brasil
brasil1
brasileira
brasilia
brasov
brat
brat10
brat101
brat11
brat12
brat123
brat13
brat14
brat16
bratara
bratbrat
bratface
bratgirl
bratinela
bratinella
brats
bratt
bratts
bratty
bratty1
brattz
bratz
bratz01
bratz06
bratz07
bratz08
bratz09
bratz1
bratz10
bratz101
bratz11
bratz12
bratz123
bratz13
bratz14
bratz2
bratz4
bratz5
bratz6
bratz7
bratz8
bratz9
bratz95
bratzdoll
bratzgirl
bratzpack
bratzrock
bratzs
bratzz
braulio
brave
braveheart
bravery
braves
braves1
braves10
bravo
bravo1
bravo9
bravos
braxton
braxton1
brayan
brayant
brayanteamo
brayden
brayden05
brayden06
brayden07
brayden1
brayden2
braydon
braydon1
braylon
braylon1
brazil
brazil1
brazil10
brazilia
brazilian
bre123
bread
breads
break
breakaway
breakbeat
breakdance
breakdown
breaker
breakers
breakfast
breakin
breaking
breakingdawn
breakingfree
breakout
breaks
breakup
breana
breana1
breann
breann1
breanna
breanna1
breanna12
breanna2
breanna3
breanne
breanne1
breast
breath
breathe
breathless
brebre
brebre1
brebre12
brebre123
brebre2
bree
bree12
bree123
breeana
breeann
breeanna
breebree
breeding
breeding5
breeze
breeze1
breezer
breezie
breezy
breezy1
brenan
brend
brenda
brenda01
brenda1
brenda12
brenda123
brenda13
brenda15
brenda2
brenda21
brendan
brendan1
brendan2
brendateamo
brenden
brenden1
brendis
brendita
brendiux
brendon
brendon1
brendonurie
brendy
brengsek
brenna
brenna1
brennan
brennan1
brennen
brennen1
brennon
brent
brent1
brentford
brenton
brents
brentwood
breona
breonna
breonna1
brett
brett1
brett12
brett123
brett4
brett5
brettlee
brewer
brewers
brewster
brewster1
brezzy
bri123
brian
brian!
brian01
brian05
brian06
brian07
brian08
brian1
brian10
brian11
brian12
brian123
brian13
brian14
brian143
brian15
brian16
brian17
brian18
brian2
brian20
brian21
brian22
brian23
brian24
brian25
brian26
brian28
brian3
brian4
brian5
brian6
brian69
brian7
brian8
briana
briana1
briana12
briana2
brianb
brianc
briand
brianda
briane
briang
brianh
brianj
brianjr
briank
brianl
brianlee
brianm
brianmolko
briann
brianna
brianna01
brianna04
brianna05
brianna06
brianna07
brianna09
brianna1
brianna10
brianna11
brianna12
brianna123
brianna13
brianna2
brianna3
brianna4
brianna5
brianna6
brianna7
brianna8
brianna9
briannah
brianne
brianne1
brianp
brians
brians1
briant
brianteamo
bribri
bribri1
bribri123
bribri13
brice
brice1
briciola
brick
brickcity
bricks
bridge
bridgeport
bridger
bridges
bridget
bridget1
bridgett
bridgette
bridgette1
bridie
brieanna
brielle
brigade
brigette
briggitte
briggs
brigham
bright
bright1
brighteyes
brighton
brighton1
brightside
brigid
brigida
brigit
brigita
brigitta
brigitte
briley
briliant
brillante
brilliant
brillo
brina
brina1
brindle
bringit
bringiton
bringmetolife
brinkley
brinks
briona
briones
brionna
brionne
briony
briosa
brisa
brisbane
brisco
briseida
brisita
brissa
bristol
bristol1
bristolcity
bristolrovers
brit
brit12
brit123
brit13
britain
britani
britanico
britany
britbrat
britbrat1
britbrit
britches
british
britnee
britney
britney1
britney2
britney3
britney7
britneys
britneyspears
britni
britny
brito
britt
britt01
britt05
britt06
britt07
britt08
britt09
britt1
britt10
britt11
britt12
britt123
britt13
britt14
britt15
britt16
britt17
britt18
britt2
britt21
britt22
britt23
britt24
britt3
britt5
britt6
britt7
britt8
britt88
britt89
britta
brittaney
brittani
brittani1
brittanie
brittany
brittany!
brittany01
brittany07
brittany08
brittany1
brittany10
brittany11
brittany12
brittany123
brittany13
brittany14
brittany15
brittany17
brittany2
brittany22
brittany23
brittany3
brittany4
brittany5
brittany69
brittany7
brittany8
brittany9
brittbrat
brittbritt
britters
brittnay
brittnee
brittney
brittney1
brittni
brittnie
brittny
britton
britty
britty1
brixton
broadband
broadband1
broadband3
broadcast
broadway
broadway1
broasca
brobro
broccoli
brock
brock1
brockton
brocky
brocoli
broderick
brodie
brodie1
brody
brody1
brogan
broke
broken
broken!
broken.
broken08
broken1
broken12
broken123
broken13
broken2
broken21
broken22
broken23
broken3
broken7
brokendreams
brokenemo
brokenheart
brokenhearted
brokenvow
brokenwings
broker
brolly
bromley
bronagh
bronco
bronco1
bronco2
broncos
broncos1
broncos24
broncos7
bronnie
bronson
bronson1
bronte
bronwen
bronwyn
bronx
bronx1
bronx718
bronxny
bronze
brook
brook1
brooke
brooke!
brooke01
brooke03
brooke04
brooke05
brooke06
brooke07
brooke08
brooke1
brooke10
brooke11
brooke12
brooke123
brooke13
brooke14
brooke15
brooke18
brooke2
brooke21
brooke22
brooke23
brooke3
brooke4
brooke5
brooke6
brooke7
brooke8
brooke9
brookelyn
brookelynn
brooker
brookes
brookey
brookfield
brookie
brookie1
brooklin
brooklyn
brooklyn06
brooklyn1
brooklyn12
brooklyn13
brooklyn2
brooklyn3
brooklyn5
brooklyn7
brooklyn718
brooklynn
brooklynn1
brooks
brooks1
brookside
brooky
broomstick
broscuta
brother
brother1
brother2
brother3
brotherhood
brothers
brothers1
brothers2
brotown
broughton
brown
brown1
brown12
brown123
brown13
brown2
brown23
brown3
brown5
brown7
brownbear
brownboy
browncow
browndog
browne
browneye
browneyedgirl
browneyes
browneyes1
browneyes2
browneyez
brownhair
brownie
brownie1
brownie12
brownie2
brownie3
brownies
brownies1
browning
brownpride
browns
browns1
brownskin
brownstyle
brownsuga
brownsugar
browny
browser
broxibear
bruce
bruce1
bruce123
brucelee
brucelee1
brucewayne
brucewillis
brucey
brucie
bruha
bruins
bruins1
bruiser
bruiser1
bruja
brujas
brujeria
brujis
brujita
brujitas
bruna
brunella
bruneta
brunetica
brunette
brunette1
brunilda
bruninha
bruninho
brunito
bruno
bruno1
bruno12
bruno123
bruno2
bruno7
brunoo
brunos
brunswick
brush
brutal
brutis
brutos
brutus
brutus1
bruxinha
bruzer
bryan
bryan01
bryan02
bryan05
bryan06
bryan07
bryan08
bryan09
bryan1
bryan10
bryan11
bryan12
bryan123
bryan13
bryan14
bryan143
bryan15
bryan16
bryan17
bryan18
bryan2
bryan21
bryan22
bryan23
bryan24
bryan3
bryan4
bryan5
bryan6
bryan69
bryan7
bryan8
bryan9
bryana
bryanb
bryanb5
bryanc
bryanm
bryann
bryanna
bryanna1
bryanne
bryans
bryant
bryant08
bryant1
bryant24
bryant8
bryanteamo
brybry
bryce
bryce01
bryce1
bryce123
brycen
brylee
brylle
brynn
bryony
bryson
bryson1
bryton
bsb123
bsb4ever
bsbbsb
bsboys
bsnursing
bstfrnd
btrfly
buang
buangka
buangko
buayadarat
bubba
bubba01
bubba03
bubba04
bubba05
bubba07
bubba08
bubba1
bubba10
bubba11
bubba12
bubba123
bubba13
bubba14
bubba15
bubba16
bubba2
bubba21
bubba22
bubba23
bubba24
bubba3
bubba4
bubba5
bubba6
bubba69
bubba7
bubba8
bubba9
bubbaa
bubbaboy
bubbadog
bubbagump
bubbah
bubbaj
bubbaloo
bubbas
bubbas1
bubbels
bubber
bubbers
bubbie
bubbie1
bubbies
bubbl3s
bubble
bubble!
bubble01
bubble07
bubble1
bubble11
bubble12
bubble123
bubble2
bubble3
bubble4
bubble5
bubble7
bubblebath
bubbleboy
bubblebutt
bubblegum
bubblegum!
bubblegum1
bubblegum123
bubblegum2
bubblegum3
bubblegum7
bubblehead
bubblepop
bubbles
bubbles!
bubbles.
bubbles01
bubbles02
bubbles03
bubbles05
bubbles06
bubbles07
bubbles08
bubbles09
bubbles1
bubbles10
bubbles101
bubbles11
bubbles12
bubbles123
bubbles13
bubbles14
bubbles15
bubbles16
bubbles17
bubbles18
bubbles19
bubbles2
bubbles21
bubbles22
bubbles23
bubbles24
bubbles25
bubbles27
bubbles3
bubbles33
bubbles4
bubbles5
bubbles6
bubbles69
bubbles7
bubbles8
bubbles87
bubbles88
bubbles89
bubbles9
bubbles92
bubbles94
bubbless
bubblewrap
bubblez
bubblez1
bubblicious
bubbly
bubby
bubby1
bubica
bublegum
bubles
buboy
bububu
bubulina
bubulubu
bubulubuena
buburuza
buccaneers
buchan
buchanan
buck123
buckaroo
buckbeak
buckcherry
bucket
buckethead
buckets
buckey
buckeye
buckeye1
buckeyes
buckeyes1
buckfast
buckie
buckland
buckle
buckley
bucks
bucks1
buckshot
buckskin
buckwheat
buckwild
bucky
bucky1
bucuresti
bucurie
bud123
bud420
budakbaik
budala
budang
budapest
budbud
budda
budda1
buddah
buddah1
buddha
buddha1
buddie
buddie1
buddies
buddies1
buddy
buddy!
buddy00
buddy01
buddy02
buddy05
buddy06
buddy07
buddy08
buddy09
buddy1
buddy10
buddy101
buddy11
buddy12
buddy123
buddy1234
buddy13
buddy14
buddy15
buddy16
buddy17
buddy2
buddy21
buddy22
buddy23
buddy24
buddy25
buddy3
buddy4
buddy5
buddy6
buddy69
buddy7
buddy8
buddy9
buddybear
buddyboy
buddyboy1
buddybuddy
buddycat
buddydog
buddyholly
buddylee
buddylove
buddys
buddys1
buddyy
budget
budgie
budiman
buding
budlat
budlight
budlight1
budlight2
budlite
budman
budman1
budokai
budong
budoy
budweiser
budweiser1
budweiser8
budwiser
buena
buenafe
buenaflor
buenaonda
buenas
buenaventura
buenavista
buendia
bueno
buenosaires
buenota
bufalo
buffalo
buffalo1
buffer
buffet
buffett
buffett1
buffie
buffness
buffon
buffting
buffy
buffy1
buffy11
buffy12
buffy123
buffy13
buffy2
buffy7
buffydog
buffys
buffysummers
buford
bug123
bugaboo
bugaboo1
bugaboo2
bugatti
bugbug
bugers
buggaboo
bugger
bugger1
buggie
buggie1
buggsy
buggy
buggy1
bugjuice
bugmafia
bugman
bugoy
bugs
bugsbunny
bugsbunny1
bugslife
bugsy
bugsy1
bugzbunny
buhawi
builder
building
bujang
bukadong
bukayo
buking
buknoy
bukola
bulabog
bulacan
bulaga
bulaklak
bulan
bulate
bulbasaur
bulbul
buldog
bulgari
bulgaria
bulilit
bulina
bullard
bullcity
bullcrap
bulldawg
bulldawgs
bulldog
bulldog1
bulldog2
bulldog3
bulldog5
bulldog7
bulldogs
bulldogs1
bulldogs10
bulldogs2
bulldogs3
bulldogz
bulldozer
buller
bullet
bullet1
bulletproof
bullets
bullfrog
bullfrog1
bullhead
bullit
bullock
bullrider
bullrider1
bulls
bulls1
bulls23
bullseye
bullshit
bullshit!
bullshit1
bullshit2
bullwinkle
bully
bully1
bulmers
bulshit
bumbay
bumbim
bumble
bumble1
bumblebee
bumblebee1
bumbum
bumbum1
bumbumbum
bumbury
bumcheeks
bumcheese
bumchum
bumface
bumfluff
bumhead
bumhole
bummer
bumper
bumsex
bunbun
bunbun1
bunbury
bunch
bunches
bunchie
buncit
buncrana
bunda
bundaku
bundle
bundles
bundy
bundy1
bundyrum
bunga
bungaku
bungal
bungalow
bungee
bunghole
bungie
bungle
bungsu
bunica
bunicu
buninay
bunker
bunkers
bunkie
bunnie
bunnie1
bunnies
bunnies1
bunny
bunny!
bunny01
bunny06
bunny07
bunny1
bunny10
bunny101
bunny11
bunny12
bunny123
bunny13
bunny14
bunny15
bunny16
bunny18
bunny2
bunny21
bunny22
bunny23
bunny3
bunny4
bunny5
bunny6
bunny69
bunny7
bunny8
bunny9
bunnyboo
bunnyboo1
bunnyboy
bunnybunny
bunnygirl
bunnyhop
bunnylove
bunnyrabbit
bunnys
bunnys1
bunso
bunsoko
bunsoy
bunter
buntis
bunzo
buraot
burat
burats
burbank
burberry
burberry1
burbuja
burbujas
burbujita
burden
burgandy
burger
burger1
burgerking
burgers
burgess
burgos
burgundy
burhan
burikat
burke
burkey
burleson
burley
burlington
burned
burner
burnett
burning
burnley
burnok
burnout
burnside
burrell
burris
burrito
burrito1
burro
burros
burrows
bursuc
burton
burton1
burundi
burundis
burung
busdriver
bush25
bushbaby
bushido
bushra
business
business1
busola
busta
busta1
bustamante
busted
busted1
busted123
buster
buster!
buster01
buster03
buster05
buster06
buster07
buster08
buster1
buster10
buster101
buster11
buster12
buster123
buster13
buster14
buster15
buster2
buster21
buster22
buster23
buster24
buster3
buster4
buster5
buster6
buster69
buster7
buster8
buster9
buster99
busterboy
busterbrown
bustitbaby
bustos
busybee
butch
butch1
butcher
butcher1
butchie
butchie1
butchok
butchoy
butchy
butercup
buterfly
buterfly1
butete
buthead
butiki
butler
butler1
butlins
butmunch
butt
butt123
butt3rfly
butta
buttafly
buttbutt
buttcrack
butter
butter1
butter11
butter12
butter123
butter13
butter2
butter3
butter4
butter5
butter7
butterball
butterbean
buttercup
buttercup1
buttercup2
buttercup3
buttercup7
buttercups
butterfinger
butterfingers
butterfli
butterflie
butterflies
butterfly
butterfly!
butterfly*
butterfly.
butterfly0
butterfly01
butterfly07
butterfly08
butterfly1
butterfly10
butterfly11
butterfly12
butterfly123
butterfly13
butterfly14
butterfly15
butterfly16
butterfly17
butterfly18
butterfly2
butterfly21
butterfly22
butterfly23
butterfly24
butterfly3
butterfly4
butterfly5
butterfly6
butterfly69
butterfly7
butterfly77
butterfly8
butterfly88
butterfly9
butterflykisses
butterflys
butterflyz
buttermilk
butternut
butters
butters1
butterscotch
buttface
buttface1
buttfuck
butthead
butthead1
butthead2
butthole
butthole1
buttkiss
buttmonkey
buttmunch
buttmunch1
button
button1
buttons
buttons1
buttons123
buttons2
buttonz
buttplug
butts
buttsex
buttwipe
butuan
buxton
buyung
buzz123
buzzard
buzzbuzz
buzzer
buzzin
buzzlightyear
buzzoff
buzzy
buzzy1
buzzybee
bvlgari
bwisit
byakugan
byakuya
byanca
byanka
byatch
byebye
byebye1
byebyebye
bymyself
byotch
byron
byron1
bytch1
byteme
bytheway
c.ronaldo
c/o2006
c/o2007
c/o2008
c00kie
c00kies
c00per
c0mputer
c0urtney
c12345
c123456
c1234567
c12345678
c123456789
c6h12o6
c9p5au8naa
cabahug
caballero
caballeros
caballes
caballito
caballo
caballos
cabana
cabaret
cabbage
cabbage1
cabbages
cabello
cabelo
cabeza
cabezas
cabezon
cabezona
cabina
caboose
caboverde
cabral
cabrera
cabrini
cabrio
cabrita
cabrito
cabron
cabron1
cabrona
cabrones
caca
caca12
caca123
cacaca
cacacaca
cacaface
cacahead
cacahuate
cacai
cacamaca
cacaroto
cacas
cacat
cacatua
caceres
cachero
cachete
cachetes
cachetitos
cacheton
cachetona
cachis
cachita
cachito
cacho
cachonda
cachondo
cachorra
cachorrita
cachorrito
cachorro
cachorros
cacing
cacique
cacota
cactus
cactus1
cadaver
cadbury
cadburys
caddie
caddy
caddy1
cadeira
cadela
caden
caden1
cadena
cadence
cadence1
cadete
cadets
cadilac
cadillac
cadillac1
cadillacs
caesar
caesar1
caetano
cafecito
cafemom
cafeta
cafetacuba
cafetacvba
caffeine
cagada
cagalli
cagayan
cagney
caguas
caguioa
cahaya
cahayu
cahbagus
cahill
caicai
caicedo
caiden
caifanes
cailey
cailin
cailyn
caiman
caine
cairns
cairo
caiser
caitie
caitlan
caitlin
caitlin1
caitlin2
caitlin7
caitlyn
caitlyn1
caitlynn
caitriona
caity
cajamarca
cajeta
cake
cake123
cakep
cakes
cakes1
calabar
calabaza
calabera
calabria
calaca
calais
calamardo
calamaro
calamba
calamity
calavera
calcetin
calcio
calcium
calculadora
calculator
calculus
caldas
calder
calderon
caldwell
caleb
caleb01
caleb02
caleb03
caleb04
caleb05
caleb06
caleb07
caleb1
caleb11
caleb12
caleb123
caleb2
caleb3
caleb4
caleb5
caleb7
calebj
calebs
caleigh
calendar
calendario
calender
calero
calgary
calhoun
cali
cali05
cali06
cali07
cali12
cali123
cali13
cali14
cali16
cali21
cali213
cali22
cali23
cali4nia
caliban
caliber
calibra
calicali
calicat
caliche
calico
calico1
calidad
caliente
caliescali
califa
califas
california
california1
californication
caligirl
caligirl1
caligula
caligurl
calilove
calimero
calin
calina
caline
calipso
calista
calisto
calita
calito
calixto
call911
callaghan
callahan
callalily
callalista
callan
callao
callate
callaway
calle
calle13
calleja
callen
calley
calli
callie
callie1
callie2
calling
calliope
calliope3
callista
callisto
callme
callme1
callofduty
callofduty4
calloway
callum
callum01
callum1
callum123
cally
caloocan
calorifer
caloy
calum
calum1
calvary
calvert
calvillo
calvin
calvin1
calvinklein
calypso
calzada
calzon
calzones
cam123
camacho
camacho1
camaleon
camara
camarada
camarena
camargo
camarillo
camaro
camaro1
camaro69
camaron
camarones
camaross
camaroz28
camasutra
cambell
cambio
cambodia
cambria
cambridge
camcam
camcam1
camden
camden1
camel
camel1
camela
cameleon
camelia
camell
camella
camello
camelo
camelot
camels
cameltoe
camera
camera1
camero
cameron
cameron!
cameron01
cameron02
cameron03
cameron04
cameron05
cameron06
cameron07
cameron08
cameron1
cameron10
cameron11
cameron12
cameron123
cameron2
cameron21
cameron23
cameron24
cameron3
cameron4
cameron5
cameron6
cameron7
cameron8
cameron9
cameron99
cameroon
cameroun
cameryn
camiguin
camil
camila
camila1
camila10
camila12
camila123
camile
camilin
camilita
camilito
camill
camilla
camille
camille1
camillo
camilo
camilo1
camiloteamo
caminando
camino
camion
camioneta
camisa
camisado
camiseta
camisha
cammie
cammie1
cammy
cammy1
camogie
camote
campana
campanita
campanita1
campbell
campbell1
campeao
campeon
campeona
campeones
camper
campfire
camping
camping1
campioana
campion
campos
campos1
camprock
camprock1
campus
camren
camron
camron1
camry
camryn
camryn1
camucha
camus
canaan
canabis
canada
canada1
canada12
canada123
canadian
canales
canapea
canarias
canaries
canario
canary
canavaro
canbe
canbe123
canbe2024
canbe2025
canbe2026
canbe888
canberra
cancan
cancel
cancel1
cancelar
cancer
cancer07
cancer1
cancer12
cancer13
cancer16
cancer2
cancer21
cancer22
cancer23
cancer69
cancer7
cancer77
cancer88
cancerian
canche
canchita
cancion
cancun
cancun1
candace
candace1
candado
cande
candee
candela
candelaria
candi
candi1
candia
candice
candice1
candid
candida
candido
candie
candie1
candies
candies1
candii
candis
candle
candle1
candles
candles1
candra
candy
candy!
candy00
candy01
candy05
candy06
candy07
candy08
candy09
candy1
candy10
candy101
candy11
candy12
candy123
candy13
candy14
candy15
candy16
candy17
candy18
candy2
candy20
candy21
candy22
candy23
candy24
candy25
candy27
candy3
candy4
candy5
candy6
candy66
candy69
candy7
candy77
candy8
candy89
candy9
candyapple
candyass
candybabe
candybaby
candybar
candycandy
candycane
candycane1
candycane2
candycorn
candyfloss
candygirl
candygirl1
candygurl
candygurl1
candykisses
candyland
candyland1
candylove
candylover
candyman
candyman1
candypop
candys
candys1
candyshop
candyshop1
candyy
canedo
canela
canela1
canelita
canelo
canes
canes1
caneta
canete
cangrejo
cangri
cangri1
cangry
canguro
canibal
canibus
canica
canicas
canina
canine
canino
canito
canival
canlas
cannabis
cannavaro
cannibal
cannibus
cannon
cannon1
cannonball
cannondale
canon
canon1
canseco
canser
cantante
cantar
canter
canterbury
cantik
cantika
cantinflas
cantiq
cantique
cantix
canton
cantona
cantona7
cantor
cantrell
canttell
canttouchthis
canucks
canuto
canyon
caoimhe
caolan
caparas
capcom
capecod
capedech
capedeh
caperucita
capetown
capicorn
capili
capistrano
capital
capital1
capitan
capitol
capoeira
capone
capone1
cappuccino
cappucino
capri
capri1
caprice
caprice1
capricho
caprichosa
capricon
capricorn
capricorn1
capricornio
caprisun
capslock
capsuna
capsuni
capsunica
captain
captain1
captain2
captainjack
capuchino
capucino
capulin
capulina
capullo
caquita
car123
cara123
caraballo
carabao
caracas
caracatita
caracol
caracola
caracoles
caracolito
caracter
caraculo
caradeculo
caradeperro
caradura
caragh
carajo
caralho
caraluna
caramba
carambola
caramel
caramel1
caramela
caramelito
caramello
caramelo
caramelo1
caramelos
carandang
carangueijo
caranguejo
caravan
carbajal
carbon
carbonell
carbrini
carcamo
carcar
carcar1
carcass
cardcaptor
cardell
carden
cardenas
cardiff
cardiffcity
cardinal
cardinal1
cardinals
cardinals1
carding
cardona
cardoso
cardoza
cardozo
cards
cards1
carebare
carebear
carebear1
carebear12
carebear13
carebear2
carebear3
carebear4
carebear5
carebear7
carebears
carebears1
carebears2
careca
careculo
careen
career
carefree
careful
caregiver
careless
caren
caress
caressa
carey
carey1
cariad
cariaga
caribbean
caribe
carica
caricatura
caricaturas
caridad
carillo
carina
carina1
carine
caring
carinho
carinhosa
carino
carioca
carisa
carisma
carissa
carissa1
carita
caritadeangel
caritas
carito
cariza
cariño
cariñosa
carl0s
carl12
carl123
carla
carla1
carla12
carla123
carlam
carlamae
carlangas
carlas
carlateamo
carlee
carleen
carleigh
carlene
carley
carley1
carli
carlie
carlie1
carlin
carlina
carline
carling
carlinha
carlinhos
carlis
carlisle
carlita
carlito
carlito1
carlitos
carlitos1
carlitox
carlo
carlo1
carlo123
carlon
carloncho
carlopogi
carlos
carlos!
carlos01
carlos03
carlos05
carlos06
carlos07
carlos08
carlos1
carlos10
carlos11
carlos12
carlos123
carlos13
carlos14
carlos15
carlos16
carlos17
carlos18
carlos19
carlos2
carlos20
carlos21
carlos22
carlos23
carlos24
carlos25
carlos26
carlos27
carlos28
carlos3
carlos30
carlos33
carlos4
carlos5
carlos6
carlos69
carlos7
carlos8
carlos88
carlos9
carlosa
carlosalberto
carlosandres
carloseduardo
carlosm
carlosmanuel
carloss
carlosteamo
carlota
carlotta
carlow
carloz
carls
carlsbad
carlsberg
carlson
carlton
carlton1
carly
carly1
carly123
carlyle
carlyn
carman
carmel
carmel1
carmela
carmela1
carmelina
carmelita
carmella
carmella1
carmelle
carmello
carmelo
carmelo1
carmelo15
carmen
carmen01
carmen1
carmen11
carmen12
carmen123
carmen13
carmen2
carmen22
carmen3
carmen5
carmen7
carmencita
carmenrosa
carmensita
carmex
carmichael
carmie
carmin
carmina
carmine
carmine1
carmita
carmona
carnage
carnal
carnation
carnaval
carneiro
carnell
carnell1
carney
carnival
caro123
carol
carol1
carol12
carol123
carola
carolann
carolanne
carolay
carole
caroli
carolin
carolina
carolina01
carolina1
carolina11
carolina12
carolina123
carolina14
carolina15
carolina17
carolina2
carolina23
carolina7
caroline
caroline1
carolinita
carolita
caroll
carols
carolyn
carolyn1
carolyne
carousel
carpediem
carpenter
carpenter1
carpet
carpet1
carpeta
carpio
carragher
carranza
carrasco
carreira
carren
carreon
carrera
carreras
carribean
carrick
carrie
carrie1
carrie123
carrier
carrieunderwood
carrillo
carrington
carrion
carrito
carro
carrol
carroll
carroll1
carros
carrot
carrot1
carrotcake
carrots
carrots1
carrottop
cars12
cars123
carson
carson1
carson2
carson3
cartagena
cartago
cartas
cartel
carteldesanta
carter
carter05
carter06
carter07
carter1
carter10
carter12
carter123
carter15
carter2
carter21
carter22
carter3
carter4
carter5
cartera
carthage
cartier
cartman
cartman1
carton
cartoon
cartoon1
cartoonnetwork
cartoons
cartwright
caruso
carvajal
carvalho
carver
carver1
carvin
carwash
carwash1
caryl
casa123
casablanca
casaca
casada
casado
casamento
casandra
casanova
casanova1
casas
cascabel
cascada
cascade
cascades
cascais
cascas
caselyn
casey
casey01
casey06
casey07
casey1
casey10
casey11
casey12
casey123
casey13
casey14
casey15
casey2
casey21
casey22
casey23
casey3
casey5
casey6
casey7
caseyb
caseydog
caseyj
caseyjo
caseylee
caseys
cash12
cash123
cashcash
cashdog
cashdogg
cashew
cashflow
cashier
cashman
cashmere
cashmoney
cashmoney1
cashville
casian
casiangeles
casiano
casilda
casillas
casimir
casimira
casimiro
casino
casino1
casio
casiopea
casita
casper
casper01
casper07
casper1
casper11
casper12
casper123
casper13
casper2
casper21
casper22
casper23
casper3
casper5
casper6
casper7
caspian
cass123
cassady
cassandra
cassandra1
cassano
cassanova
cassey
cassi
cassia
cassidy
cassidy1
cassidy2
cassie
cassie!
cassie01
cassie04
cassie06
cassie07
cassie08
cassie1
cassie10
cassie101
cassie11
cassie12
cassie123
cassie13
cassie14
cassie15
cassie16
cassie2
cassie21
cassie22
cassie23
cassie3
cassie4
cassie5
cassie7
cassie8
cassiopeia
cassius
cassy
cassy1
cassy123
castaneda
castanho
castaway
castel
castellano
castellanos
castello
castellon
castelo
caster
castilla
castillo
castillo1
casting
castle
castle1
castles
castlevania
castor
castravete
castro
castro1
castrol
casual
casualties
casualty
caswell
cat
cat101
cat123
cat1234
cat12345
catalan
catalin
catalina
catalina1
catalino
catalyn
catalyst
catana
catanddog
catania
catapang
catarina
catcat
catcat1
catcatcat
catch22
catcher
catcher1
catchme
catdaddy
catdog
catdog1
catdog11
catdog12
catdog123
catdog2
catdog3
catdog7
catedral
catel
catelus
cater2u
caterin
caterina
caterine
catering
caterpillar
cateye
cateyes
catfish
catfish1
catfood
catgirl
catgirl1
cathal
cathedral
catherin
catherina
catherine
catherine1
catherine2
cathie
cathleen
cathlyn
catholic
cathrina
cathrine
cathryn
cathy
cathy1
cathy123
cathys
catia
catica
catie
catina
catinha
catinthehat
catira
catita
catito
catlin
catlover
catlover1
catman
catman1
catnip
catolica
catorce
catota
catracha
catracho
catrin
catrina
catriona
cats
cats11
cats12
cats123
cats1234
cats22
catsanddogs
catscats
catsdogs
catseye
catseyes
catsmeow
catsndogs
catsrock
catsrule
catsrule1
cattie
cattle
cattleya
catty
catwalk
catwoman
catwoman1
catwomen
caution
caution1
cavalier
cavalier1
cavaliers
cavalo
cavalos
caveira
caveman
caveman1
cavernicola
cavite
cavs23
cayabyab
cayang
cayangku
cayank
caycay
cayden
cayden1
caydence
cayenne
cayetano
cayla
cayla1
caylee
cayman
cayunk
cazador
cazares
cazza
cazzie
cb1234
cb4life
cba321
cbr1000rr
cbr600
cbr600rr
cbr900rr
cbrown
cbrown1
cc1234
ccc123
ccccc
cccccc
ccccccc
cccccccc
cccccccccc
cdcdcd
cdplayer
ceamaitare
ceasar
ceasar1
ceaser
ceaser1
ceballos
cebola
cebolla
cebollita
cebucity
cece12
cece123
cece13
cecelia
cecelia1
cecibel
cecil
cecile
cecilia
cecilia1
cecilie
cecilio
cecilita
cecille
cecily
cecita
cedes
cedie
cedillo
cedric
cedric1
cedrick
ceecee
ceecee1
ceejay
ceejhay
ceferino
ceilidh
celaya
celebi
celebrate
celebrity
celena
celene
celeng
celeron
celery
celes
celest
celeste
celeste1
celeste3
celestial
celestin
celestina
celestine
celestino
celia
celia1
celica
celica1
celina
celina1
celine
celine1
celinedion
celita
cellardoor
cellfone
cello
cellphone
cellphone1
cellphone2
cellular
celmaitare
celoso
celso
celtic
celtic#1
celtic01
celtic06
celtic07
celtic08
celtic1
celtic11
celtic12
celtic123
celtic1888
celtic1967
celtic2
celtic2007
celtic4eva
celtic67
celtic7
celtic88
celticchick
celticfc
celticfc1
celticfc1888
celticno1
celticrule
celtics
celtics1
celtics34
celula
celular
celulares
celyn
cemerlang
cempaka
cena01
cena11
cena12
cena123
cena13
cena23
cena54
cena619
cencen
cendana
cenicienta
ceniza
cenoura
centaur
centauro
centenario
centennial
centeno
center
center1
centerstage
centil
centinela
central
central06
central09
central1
centralian
centre
centrino
centro
centrum
centurion
century
century21
cenusareasa
cepeda
cepillin
cepillo
cerasela
cerati
cerberus
cercel
cerdas
cerdito
cereal
cereal1
cerebro
cerecita
cereja
ceres
ceresa
cerewet
cereza
cerezita
cerezo
cerise
ceriwis
cerote
cerritos
certified
cerulean
cervantes
cerveja
cervesa
cerveza
cerys
cesar
cesar1
cesar10
cesar12
cesar123
cesar13
cesar15
cesar2
cesar22
cesara
cesare
cesarin
cesarina
cesarito
cesarr
cesars
cesarteamo
cesca
cesia
cesitar
cespedes
cessna
cestlavie
ceviche
cewek
cezar
cezara
cfc123
cfc1888
cfc4life
cfccfc
cfcno1
ch0c0lat3
ch0c0late
ch1cken
ch33s3
ch3ls3a
ch3rry
cha-cha
cha123
chabby
chabe
chabela
chabelita
chabelo
chaca
chacal
chacalon
chacha
chacha1
chacha2
chachacha
chache
chachi
chachi1
chachie
chaching
chachis
chachita
chacho
chaco
chacon
chad
chad01
chad06
chad07
chad08
chad1
chad11
chad12
chad123
chad13
chad21
chad22
chad69
chad85
chadchad
chaddy
chadmichael
chadmm
chadmm1
chadmurray
chadreed22
chadrick
chadwick
chadwick1
chaichai
chain
chaingang
chaingang1
chains
chainsaw
chair
chairman
chairs
chaise
chaiwat
chaka
chakadoll
chakas
chakra
chale
chales
chalet
chalice
chalie
chalita
chalito
chalky
challenge
challenger
chalmers
chalo
chalupa
chamaco
chamagol
chaman
chamba
chamber
chamberlain
chambers
chamcham
chameleon
chamie
chamillionaire
chamito
chamling
chammy
chamo
chamorro
chamoy
champ
champ1
champ12
champ123
champ3
champa
champagne
champers
champi
champion
champion1
champions
champions1
championship
champoy
champs
champs1
champy
chana
chanae
chanak
chance
chance01
chance07
chance1
chance11
chance12
chance123
chance13
chance2
chance3
chance4
chancer
chances
chancey
chanchan
chanchis
chanchita
chanchito
chancho
chancy
chanda
chandi
chandler
chandler1
chandni
chandra
chandu
chandy
chaneke
chanel
chanel05
chanel1
chanel12
chanel123
chanel2
chanel5
chanell
chanelle
chanelle1
chaneque
chaney
chanfle
chang
changa
changa1
changchang
change
change1
change2
changed
changed1
changeit
changeme
changeme1
changepassword
changer
changes
changes1
changing
changito
changmin
chango
chango1
changoleon
changos
changuita
changuito
chanice
chanie
chanita
chanito
chanman
channa
channel
channel1
channelle
channie
channing
channing1
channingtatum
channy
chano
chanse
chantae
chantal
chantal1
chantay
chante
chante1
chantel
chantel1
chantell
chantelle
chantelle1
chanti
chantik
chantilly
chantique
chanty
chaochao
chaos
chaos1
chaos123
chaotic
chapa
chaparra
chaparra1
chaparrita
chaparrito
chaparro
chapel
chapelle
chapin
chapina
chapis
chapita
chaplin
chapman
chapman1
chapo
chappell
chappy
chapstick
chapstick1
chapter
chapulin
character
characters
charal
charbel
charchar
charcoal
chard
chardae
chardonnay
chardy
charelle
charen
charge
charger
charger1
charger69
chargers
chargers1
chargers21
charice
charie
charina
charing
chariot
charis
charise
charish
charisma
charissa
charisse
charito
charity
charity1
chariz
charizard
charl
charl1e
charla
charle
charlee
charlee1
charleen
charleigh
charlene
charlene1
charles
charles1
charles12
charles123
charles18
charles2
charles3
charles7
charleston
charley
charley1
charli
charli1
charli3
charlie
charlie!
charlie01
charlie03
charlie04
charlie05
charlie06
charlie07
charlie08
charlie1
charlie10
charlie101
charlie11
charlie12
charlie123
charlie13
charlie14
charlie15
charlie16
charlie17
charlie18
charlie19
charlie2
charlie20
charlie21
charlie22
charlie23
charlie24
charlie25
charlie27
charlie3
charlie4
charlie5
charlie6
charlie69
charlie7
charlie77
charlie8
charlie88
charlie9
charlie94
charlieb
charlieboy
charliebrown
charliedog
charlies
charline
charlize
charlo
charlon
charlot
charlote
charlott
charlotte
charlotte1
charlotte12
charlotte123
charls
charlton
charly
charly1
charlyn
charlz
charm
charm1
charmae
charmagne
charmain
charmaine
charmander
charmane
charme
charmed
charmed!
charmed1
charmed12
charmed123
charmed13
charmed2
charmed3
charmedone
charmedones
charmedp3
charmel
charmer
charmie
charmin
charmine
charming
charming1
charms
charmy
charmz
charo
charolastra
charon
charot
charrito
charro
charry
charter
chary
chase
chase01
chase05
chase06
chase07
chase1
chase11
chase12
chase123
chase13
chase2
chase21
chase3
chase4
chase7
chaser
chaser1
chasey
chasez
chasity
chasity1
chassidy
chassity
chassy
chastain
chastity
chata
chata1
chatchai
chatchat
chater
chatham
chatita
chatito
chato
chato1
chaton
chatos
chatroom
chatter
chatterbox
chatters
chatting
chatty
chaucer
chauncey
chauncy
chava
chava1
chavarria
chave
chavela
chavelita
chaves
chavette
chavez
chavez1
chavis
chavita
chavito
chavo
chavon
chayank
chayanne
chaychay
chayenne
chayito
chayla
chayo
chayse
chaz123
chazz
chazza
chazzy
chcolate
che-che
chealsea
chean
cheann
cheater
cheater1
cheaters
cheats
checha
cheche
cheche1
chechi
checho
check
checker
checkers
checkers1
checkitout
checkmate
checo
cheddar
cheddar1
chedder
cheeba
cheech
cheech1
cheechee
cheeka
cheekie
cheeko
cheeks
cheeks1
cheeky
cheeky1
cheeky123
cheekychops
cheekygirl
cheekymonkey
cheena
cheene
cheenee
cheer
cheer!
cheer01
cheer02
cheer03
cheer04
cheer05
cheer06
cheer07
cheer08
cheer09
cheer1
cheer10
cheer101
cheer11
cheer12
cheer123
cheer13
cheer14
cheer15
cheer16
cheer17
cheer18
cheer2
cheer2006
cheer2008
cheer2010
cheer21
cheer22
cheer23
cheer24
cheer247
cheer25
cheer3
cheer33
cheer4
cheer4ever
cheer4life
cheer4me
cheer4u
cheer5
cheer55
cheer6
cheer7
cheer8
cheer88
cheer89
cheer9
cheer92
cheer93
cheer94
cheer99
cheerbabe
cheerbabe1
cheerbaby
cheerbear
cheerchic
cheerchick
cheerful
cheergirl
cheergirl1
cheergrl
cheergurl
cheerin
cheering
cheering1
cheerio
cheerios
cheerios1
cheerlead
cheerleader
cheerleaders
cheerleading
cheers
cheers1
cheerup
cheery
cheese
cheese!
cheese.
cheese01
cheese1
cheese10
cheese101
cheese11
cheese12
cheese123
cheese13
cheese14
cheese2
cheese21
cheese22
cheese23
cheese3
cheese4
cheese5
cheese6
cheese69
cheese7
cheese8
cheeseball
cheeseballs
cheeseburger
cheesecake
cheesehead
cheeseman
cheeseontoast
cheesepie
cheesepuff
cheesey
cheesey1
cheesy
cheesy1
cheeta
cheetah
cheetah1
cheetah2
cheetah3
cheetahgirl
cheetahgirls
cheetahs
cheeto
cheeto1
cheetos
cheetos1
cheeze
cheezit
cheezy
cheguevara
cheikh
cheila
cheito
cheko
chekwa
chela
chela1
chelas
chelcie
chele
cheli
chelin
chelis
chelita
chelito
chelito19
chell
chella
chellam
chelle
chelle1
chelley
chellie
chello
chelly
chelly1
chelo
cheloo
chels
chels1
chelsa
chelse
chelsea
chelsea!
chelsea.
chelsea01
chelsea05
chelsea06
chelsea07
chelsea08
chelsea09
chelsea1
chelsea10
chelsea101
chelsea11
chelsea12
chelsea123
chelsea13
chelsea14
chelsea15
chelsea16
chelsea17
chelsea18
chelsea2
chelsea21
chelsea22
chelsea23
chelsea25
chelsea26
chelsea3
chelsea4
chelsea4eva
chelsea4life
chelsea5
chelsea6
chelsea69
chelsea7
chelsea8
chelsea9
chelsea92
chelsea94
chelseafc
chelsearule
chelsee
chelsey
chelsey1
chelsi
chelsie
chelsie1
chelski
chelsy
cheltenham
chely
chelyn
chema
chemical
chemical1
chemicalromance
chemist
chemistry
chemita
chencha
chenchen
chencho
chenee
chenelle
cheng
chengcheng
chengtech
chengtech123
chengtech2024
chengtech2025
chengtech2026
chengtech888
chennai
chenny
chenoa
chenta
chente
chepe
chepie
chepita
chepito
cheque
chercher
cheree
cherelle
cheri
cherice
cherie
cherie1
cherilyn
cherise
cherish
cherish1
cherlyn
cherokee
cherokee1
cheron
cherrelle
cherri
cherrie
cherries
cherries!
cherries1
cherries2
cherries3
cherrish
cherry
cherry!
cherry01
cherry05
cherry06
cherry07
cherry08
cherry09
cherry1
cherry10
cherry101
cherry11
cherry12
cherry123
cherry13
cherry14
cherry15
cherry16
cherry17
cherry18
cherry19
cherry2
cherry21
cherry22
cherry23
cherry24
cherry25
cherry27
cherry3
cherry4
cherry5
cherry55
cherry6
cherry69
cherry7
cherry8
cherry88
cherry89
cherry9
cherryade
cherryann
cherryberry
cherryblossom
cherrybomb
cherrycoke
cherrycola
cherrygirl
cherryl
cherrylips
cherrylyn
cherrymae
cherrypie
cherrypie1
cherrypop
cherrys
cherrys1
cherrytree
cherryz
cherub
cherubim
chery
cheryl
cheryl1
cheryll
chesca
cheshire
cheska
chesney
chesney1
chespirito
chess
chessa
chesse
chessie
chessmaster
chessy
chesta
chester
chester1
chester11
chester12
chester123
chester2
chester3
chester7
chester8
chesterfield
chestnut
chestnut1
chetes
chetos
cheval
chevalier
chevelle
chevelle1
chevere
chevon
chevrolet
chevrolet1
chevron
chevy
chevy01
chevy03
chevy04
chevy05
chevy06
chevy1
chevy123
chevy2
chevy24
chevy3
chevy350
chevy454
chevy4x4
chevy69
chevy98
chevy99
chevygirl
chevys
chevys10
chevytruck
chevyz71
chewbaca
chewbacca
chewchew
chewey
chewie
chewie1
chewinggum
chewy
chewy1
chewy123
chewy2
cheyann
cheyanne
cheyanne1
cheychey
cheychey1
cheyenne
cheyenne1
cheyenne12
cheyenne2
cheyenne3
cheyenne7
cheyne
chezka
chezza
chezzy
chi-town
chiaki
chiangmai
chiapas
chiara
chibi
chica
chica1
chica12
chica123
chica13
chica14
chica15
chica2
chica3
chicabonita
chicafresa
chicago
chicago1
chicago2
chicago23
chicago3
chicago5
chicago7
chicagobulls
chicalinda
chicaloca
chicamala
chicana
chicana1
chicana13
chicano
chicas
chicasexi
chicasexy
chicca
chicco
chicha
chicharito
chicharo
chicharron
chichay
chichester
chichi
chichi1
chichi12
chichi123
chichi2
chichi3
chichiri
chichis
chichita
chicho
chick
chick1
chick101
chick12
chick123
chick13
chick2
chick3
chick3n
chicka
chicka1
chickadee
chickboy
chicken
chicken!
chicken.
chicken01
chicken1
chicken10
chicken11
chicken12
chicken123
chicken13
chicken14
chicken2
chicken22
chicken23
chicken3
chicken4
chicken5
chicken6
chicken69
chicken7
chicken8
chicken9
chickenbutt
chickencurry
chickenhead
chickenlegs
chickenlittle
chickenpie
chickenpox
chickens
chickens1
chickenshit
chickensoup
chickenwing
chickenwings
chickflick
chicki
chickie
chickin
chicklet
chicko
chicks
chicks1
chicksrule
chicky
chicky1
chickybabe
chickz
chiclayo
chicle
chicles
chico
chico01
chico1
chico12
chico123
chico13
chico2
chico3
chico7
chicomalo
chicorita
chicos
chicosci
chido
chidori
chidos
chiechie
chief
chief1
chiefs
chiefs1
chien
chiffon
chigger
chihiro
chihuahua
chihuahua1
chika
chika1
chikas
chikay
chikboy
chiken
chiki
chikibaby
chikilin
chikilla
chikin
chikis
chikis1
chikistrikis
chikita
chikita1
chikitalinda
chikitina
chikitita
chikito
chikka
chiko
chikorita
chiky
chilanga
chilango
child
child1
child2
childcare
childhood
childish
childofgod
children
children1
children2
children3
children4
children5
childrenofbodom
childs
chile
chilena
chilenita
chileno
chiles
chili
chili1
chilidog
chilindrina
chilis
chilito
chill
chill1
chillax
chillen
chiller
chilli
chillie
chillin
chillin1
chilling
chillout
chills
chilly
chilly1
chillywilly
chilton
chimaira
chimbote
chimchar
chimchim
chimera
chimes
chimichanga
chimichurri
chimie
chimmy
chimney
chimpanzee
chimps
chimpy
china
china1
china12
china123
china13
china14
china2
china7
chinadoll
chinadoll1
chinagirl
chinai
chinaman
chinanaisi
chinanaisi123
chinanaisi2024
chinanaisi2025
chinanaisi2026
chinanaisi888
chinas
chinatown
chincha
chinchan
chinchilla
chinchin
chindy
chinee
chinese
chinese1
chiney
ching
ching1
ching2
chinga
chingatumadre
chingching
chingchong
chinggay
chingo
chingon
chingona
chings
chingy
chingy1
chinie
chinis
chinita
chinita1
chinitah
chinito
chinitos
chinkee
chinky
chinky1
chinna
chinnu
chinny
chino
chino1
chino123
chinook
chinos
chinoteamo
chinta
chiodos
chioma
chiomega
chiong
chip
chip123
chipchip
chipi
chipie
chipis
chipmonk
chipmunk
chipmunk1
chipmunks
chipotle
chipper
chipper1
chipper10
chippers
chippewa
chippie
chippy
chippy1
chips
chips1
chipsahoy
chique
chiqui
chiqui1
chiquilin
chiquilla
chiquillo
chiquis
chiquita
chiquita1
chiquita2
chiquitin
chiquitita
chiquititas
chiquitito
chiquito
chiripa
chirris
chisholm
chismosa
chismoso
chispa
chispas
chispi
chispita
chistosa
chita
chitara
chitchat
chito
chito1
chitown
chitown1
chitra
chiva
chivadecorazon
chivas
chivas#1
chivas01
chivas09
chivas1
chivas10
chivas100
chivas101
chivas11
chivas12
chivas123
chivas13
chivas14
chivas15
chivas2
chivas21
chivas3
chivas4life
chivas5
chivas7
chivas9
chivascampeon
chivasdecorazon
chivis
chivista
chivita
chivito
chivo
chiwawa
chizzy
chloe
chloe01
chloe02
chloe03
chloe04
chloe05
chloe06
chloe07
chloe08
chloe1
chloe10
chloe101
chloe11
chloe12
chloe123
chloe1234
chloe13
chloe14
chloe15
chloe17
chloe18
chloe2
chloe2006
chloe2007
chloe21
chloe22
chloe23
chloe24
chloe3
chloe4
chloe5
chloe6
chloe7
chloe9
chloeann
chloeanne
chloeb
chloec
chloecat
chloed
chloedog
chloee
chloeg
chloegirl
chloeh
chloejade
chloejane
chloelouise
chloem
chloep
chloer
chloes
chloex
chloey
chloie
chn-top
chn-top123
chn-top2024
chn-top2025
chn-top2026
chn-top888
chntop
chntop123
chntop2024
chntop2025
chntop2026
chntop888
chobit
chobits
chobits1
chocaholic
chocalate
choccie
choccy
chocha
chochang
choche
chochi
chochito
chocho
chocky
choclate
choclate1
choco
choco1
choco123
chocobo
chococat
chocochoco
chocoholic
chocol8
chocola
chocolat
chocolat3
chocolata
chocolate
chocolate!
chocolate.
chocolate01
chocolate07
chocolate1
chocolate10
chocolate101
chocolate11
chocolate12
chocolate123
chocolate13
chocolate14
chocolate16
chocolate2
chocolate21
chocolate22
chocolate23
chocolate3
chocolate4
chocolate5
chocolate6
chocolate69
chocolate7
chocolate8
chocolate9
chocolatecake
chocolatechip
chocolatelover
chocolatemilk
chocolates
chocolatito
chocorrol
chocos
choctaw
chofis
choice
choices
choichoi
choir
chokie
chokis
choko
chokolate
chokoy
chola
chola13
chole
cholita
cholito
cholo
cholo1
cholo13
cholos
chomper
chompers
chompiras
chompoo
chompy
chona
chonchis
chong
chongo
chonita
chonticha
chooch
choochoo
choochoo1
chookie
chooky
choose
chopchop
choper
chopin
choppa
chopper
chopper1
chopper2
choppers
choppers1
choppy
chopstick
chopsticks
chopsuey
chorizo
chorus
chorva
chosen
chosen1
chosenone
chouchou
choupette
choupinette
chowchow
chowder
chowder1
chowking
choychoy
chris
chris brown
chris!
chris#1
chris*
chris.
chris0
chris00
chris01
chris02
chris03
chris04
chris05
chris06
chris07
chris08
chris09
chris1
chris10
chris101
chris11
chris12
chris123
chris1234
chris13
chris14
chris143
chris15
chris16
chris17
chris18
chris19
chris1989
chris2
chris20
chris2005
chris2006
chris2007
chris2008
chris21
chris22
chris23
chris24
chris25
chris26
chris27
chris28
chris29
chris3
chris30
chris31
chris32
chris321
chris33
chris4
chris420
chris44
chris45
chris4eva
chris4ever
chris4life
chris4me
chris5
chris55
chris6
chris69
chris7
chris77
chris8
chris81
chris82
chris83
chris85
chris86
chris87
chris88
chris89
chris9
chris90
chris91
chris92
chris93
chris94
chris95
chris96
chris98
chris99
chris_brown
chrisa
chrisann
chrisb
chrisb1
chrisb12
chrisb2
chrisb3
chrisbaby
chrisbaby1
chrisbreezy
chrisbrown
chrisbrown1
chrisbrown12
chrisbrown18
chrisbrownwifey
chrisc
chrischris
chrisd
chrise
chrisf
chrisg
chrish
chrisi
chrisie
chrisishot
chrisj
chrisjohn
chrisjr
chrisk
chrisl
chrislee
chrislover
chrislyn
chrism
chriso
chrisp
chrisr
chriss
chriss1
chrissi
chrissie
chrissy
chrissy1
chrissy12
chrissy2
chrissy3
chrissy7
christ
christ1
christ7
christa
christa1
christain
christal
christan
christchurch
christel
christelle
christen
christensen
christer
christi
christi1
christia
christian
christian!
christian1
christian12
christian123
christian2
christian3
christian4
christian5
christian6
christian7
christian8
christian9
christiana
christiane
christiano
christians
christie
christie1
christin
christina
christina1
christina123
christina2
christina3
christine
christine1
christine2
christine3
christine7
christiu
christlike
christmas
christmas!
christmas1
christmas2
christmastree
christo
christofer
christop
christoper
christoph
christophe
christopher
christopher1
christos
christy
christy1
chrisv
chrisw
chriswifey
chrisy
chriz
chrome
chronic
chronic1
chronic420
chronicle
chronicles
chrono
chronos
chrysanthemum
chrysler
chrystal
chubaca
chubba
chubbers
chubbie
chubbs
chubbs1
chubby
chubby1
chubby2
chubbz
chubchub
chubie
chubs
chuby
chubz
chucha
chuchai
chuchay
chuche
chuchi
chuchi1
chuchie
chuchin
chuchis
chuchita
chuchito
chucho
chucho1
chuchu
chuchu1
chuchy
chuck
chuck1
chuck123
chuckie
chuckie1
chuckles
chuckles1
chucknorris
chucks
chucky
chucky1
chuito
chuki
chukie
chuky
chula
chula1
chula12
chula123
chula13
chula14
chula15
chula2
chula69
chulas
chuleta
chuletas
chulis
chulita
chulito
chulo
chulo1
chumchum
chummy
chunchun
chunella
chung
chunga
chunk
chunk1
chunkie
chunks
chunky
chunky1
chunky2
chunkybutt
chunkymonkey
chunli
chupa
chupacabra
chupachups
chupamela
chupas
chupeta
chupete
chupis
chupitos
chupon
chuqui
church
church1
church2
churchill
churitos
churro
churva
chute
chutie
chutima
chutney
chuva
chuvanes
chuvaness
chuvanez
chuyito
chyanne
chychy
chyenne
chyna
chyna1
chynadoll
chynna
cia007
ciacia
cianna
ciaobella
ciaociao
ciara
ciara1
ciara12
ciara123
ciara13
ciara2
ciarah
ciaran
ciarra
cibernetico
cicamica
ciccia
ciccio
ciccone
cicero
cicilia
ciclismo
ciclope
cicuska
cidalia
cielito
cielo
cielo1
cieloazul
cielos
ciencia
cienciano
ciencias
ciera
cierra
cierra1
cigana
cigano
cigarette
cigarro
cilacap
cilla
cilla1
cillian
cimahi
cimbom
cimeng
cinamon
cincin
cincinnati
cinco
cinco5
cindarella
cinder
cinder1
cinderela
cinderella
cinders
cinders1
cindi
cindie
cindrella
cindy
cindy1
cindy11
cindy12
cindy123
cindy13
cindy14
cindy16
cindy2
cindy3
cindy7
cindylou
cindys
cinema
cineva
cingular
cingular1
cinnamon
cinnamon1
cinnamoroll
cinnimon
cinta
cinta1
cintaa
cintai
cintakamu
cintaku
cintamati
cintaq
cintaqu
cintasejati
cinthia
cinthia1
cinthya
cintia
cintya
cioara
ciobanu
ciocolata
cipher
ciprian
cipriana
cipriano
circa
circa1
circle
circles
circus
cirebon
cirila
cirilo
cirrus
cisco
cisco1
cisneros
citadel
citibank
citizen
citlali
citlalli
citlaly
citra
citroen
citron
citrus
cityboy
citygirl
cityhigh
civic
civic04
civic1
civic99
civics
civicsi
civilwar
cixingkeji
cixingkeji123
cixingkeji2024
cixingkeji2025
cixingkeji2026
cixingkeji888
cj1234
cjcjcj
cjones
clacla
claddagh
clair
claire
claire01
claire1
claire12
claire123
claire2
claire4
clairebear
claires
clancy
clandestine
clandestino
clang
clapton
clara
clara1
clarabell
clare
clarebear
claremont
clarence
clarence1
clarenz
claret
claribel
clarice
clarin
clarinet
clarinet1
clarinete
clarinha
clarion
claris
clarisa
clarise
clarissa
clarissa1
clarisse
clarita
clarity
clariz
clariza
clarize
clark
clark1
clarke
clarke1
clarkey
clarkie
clarkkent
clarks
clarkson
clarky
claro
claros
clase406
clash
clasico
class
class02
class03
class04
class05
class06
class07
class08
class09
class10
class11
class2004
class2005
class2006
class2007
class2008
class2009
class2010
class2011
class2012
classic
classic1
classical
classics
classified
classmate
classmates
classof02
classof03
classof04
classof05
classof06
classof07
classof08
classof09
classof10
classof11
classof12
classof13
classof200
classof2003
classof2004
classof2005
classof2006
classof2007
classof2008
classof2009
classof2010
classof2011
classof2012
classof2013
classof99
classroom
classy
classy1
claud
claude
claude1
claudel
claudette
claudi
claudia
claudia1
claudia12
claudia123
claudia2
claudiateamo
claudine
claudinha
claudio
claudio1
claudita
clauditza
claudiu
claudius
claudy
claus
clave
clavel
claver
claveria
clay123
clayaiken
claymore
clayton
clayton1
clayton2
cleaner
cleaning
clear
clearclear
clears
clearwater
clearwire
clelia
clemen
clemence
clemencia
clemens
clement
clemente
clementina
clementine
clements
clemons
clemson
clemson1
cleng
cleo
cleo12
cleo123
cleocat
cleocleo
cleofe
cleopatra
cleopatra1
cleric
cletus
cleveland
cleveland1
clever
clever1
cliche
click
click5
clicker
clickfive
clicks
client
cliff
cliff1
clifford
clifford1
cliffy
clifor
cliford
clifton
clifton1
climaco
climax
climber
climbing
clinique
clint
clint1
clinton
clinton1
cliodhna
cliona
clipper
clippers
clique
cliquers
clitoris
clive
clock
clock1
clock123
clocks
clockwork
cloclo
clodagh
clogger
clones
clooney
clorox
close
closed
closer
closet
closetoyou
closeup
clothes
clothing
clotilde
cloud
cloud1
cloud123
cloud13
cloud7
cloud9
cloud99
cloudnine
clouds
clouds1
cloudstrife
cloudy
cloudz
clover
clover1
clover4
clovers
clovis
clowie
clown
clown1
clownfish
clowns
clowns1
clubber
clubbin
clubbing
clubhouse
clubland
clubpenguin
clubsport
clueless
clueless1
clumsy
cluster
clutch
clyde
clyde1
cmarie
cmoney
cmoney1
cmpunk
cn-hunters
cn-hunters123
cn-hunters2024
cn-hunters2025
cn-hunters2026
cn-hunters888
cnelly
cnhunters
cnhunters123
cnhunters2024
cnhunters2025
cnhunters2026
cnhunters888
co2000
co2001
co2002
co2003
co2004
co2005
co2006
co2007
co2008
co2009
co2010
coach
coach1
coacoa
coastal
coaster
coastguard
cobain
cobain1
cobalt
cobblers
cobra
cobra1
cobras
cobweb
coca-cola
cocacola
cocacola1
cocacola2
cocaina
cocaine
cocaine1
cocas
cochino
cochise
cochita
cochito
cochran
cochrane
cocina
cocker
cockhead
cocknose
cockroach
cocksucker
cocktail
cocktails
cocky1
coco
coco01
coco05
coco06
coco07
coco08
coco09
coco1
coco10
coco101
coco11
coco12
coco123
coco1234
coco13
coco14
coco15
coco16
coco17
coco18
coco21
coco22
coco23
coco69
coco77
coco93
coco99
cocoa
cocoa1
cocoa12
cocoa123
cocoa2
cocoapuff
cocoas
cocobaby
cocobean
cocobear
cocobutter
cococat
cocochanel
cococo
cocococo
cocodog
cocodrilo
cocolina
cocolino
cocoliso
cocolizo
cocolo
cocoloco
cocomo
coconut
coconut1
coconut2
coconuts
cocoon
cocopop
cocopops
cocopuff
cocopuff1
cocopuffs
cocoroco
cocos
cocotte
cocoy
cocuta
codeblue
codegeass
codelyoko
codeman
codeman1
codename
codered
codered1
codfish
codie
codigo
codigopostal
codita
codrin
codrut
codruta
cody
cody01
cody04
cody05
cody06
cody07
cody08
cody1
cody10
cody101
cody11
cody12
cody123
cody1234
cody13
cody14
cody15
cody16
cody17
cody21
cody22
cody23
cody24
cody4ever
cody69
codybear
codyboy
codycody
codydog
codyjames
codylee
codylinley
codyman
coelha
coelhinha
coelho
coffee
coffee1
coffee12
coffee123
coffee2
coffeebean
coffeecup
coffey
cogitoergosum
cognac
coheed
coheed1
cohen
cohen1
coimbra
coitus
cojones
cokacola
coke
coke12
coke123
cokeacola
cokecoke
cokecola
cokelat
coketa
cokie
cokito
coklat
cokolada
colacola
colbert
colby
colby1
colby123
colchester
coldasice
coldbeer
coldfeet
coldfire
coldheart
coldplay
coldplay1
coldwater
cole
cole01
cole11
cole12
cole123
cole13
cole14
coleen
colegiala
colegio
coleman
coleman1
coleraine
colesprouse
colette
colette1
coley
coley1
colgate
colibri
colima
colin
colin1
colina
coline
colins
colita
colitas
collado
collage
collar
collect
collection
colleen
colleen1
college
college05
college06
college07
college08
college1
college2
college3
collegegirl
colleges
collen
collette
collide
collie
collier
collin
collin1
collin2
colline
collingwood
collins
collins1
colmenares
colmillo
colocha
colochita
colocho
colocolo
cologne
coloma
colombe
colombia
colombia1
colombia10
colombia11
colombia12
colombia13
colombia2
colombian
colombiana
colombianita
colombiano
colombo
colon
colonel
colonels
colonia
colonial
colony
color
color1
colorada
colorado
colorado1
coloreal
colores
colorful
colorguard
colors
colors1
colossus
colour
colourful
colours
colt45
colten
colten1
colter
colton
colton1
colton2
coltrane
colts
colts1
colts18
colts88
columba
columbia
columbia1
columbo
columbus
columbus1
colvin
comadre
comadreja
comanche
comandante
comando
comandos
comandosur
comandosvr
combat
comcast
comcast1
comcel
comcom
come2me
comeback
comecaca
comedy
comegalletas
comein
comekk
comel
comeon
comercial
comercio
comet
comet1
cometa
cometome
comets
comets1
comewhatmay
comfort
comfort1
comics
comida
coming
command
commander
commando
commandos
comment
comments
commerce
commodore
common
common1
communication
community
comoestas
comotu
compac
compact
compadre
company
compaq
compaq1
compaq11
compaq12
compaq123
compaq2
compas
compass
compassion
complete
complex
complicate
complicated
complices
compton
compton1
compton310
compu
compusa
computacion
computador
computadora
computadoras
computer
computer!
computer.
computer1
computer10
computer11
computer12
computer123
computer2
computer3
computer4
computer5
computer7
computer8
computer9
computers
computers1
comsci
comtech
comunicacion
comunidad
conair
conalep
conall
conan
conan1
conceicao
conceited
conceited1
concepcion
concept
concert
concetta
concha
conchatumadre
conchatumare
conchita
concho
concon
concord
concorde
concordia
concrete
conde
condesa
condom
condoms
condon
condones
condor
condorito
conehead
coneja
conejita
conejito
conejitos
conejo
conejo1
conejos
conexion
confession
confessions
confetti
confianza
confidence
confidencial
confident
confidential
confioenti
confirm
conflict
confundida
confuse
confused
confused!
confused1
confused2
confusion
confuzzled
congo
congress
conie
conita
conker
conley
conman
connar
connect
connect1
connect4
connected
connection
connell
connelly
conner
conner1
conner2
connex
connie
connie1
connie2
connolly
connor
connor01
connor02
connor03
connor04
connor05
connor06
connor07
connor1
connor11
connor12
connor123
connor2
connor3
connor4
connor5
connors
conny
conor
conor1
conquer
conqueror
conquest
conrad
conrad1
conrado
conroy
consentida
consolacion
constance
constance1
constant
constanta
constantin
constantine
constantino
constantinopla
constanza
construction
consuela
consuelo
contabilidad
contabilitate
contact
contacts
contador
contadora
contaduria
contagious
content
contessa
contigo
continental
continuar
continue
continue1
contour
contra
contract
contrasena
contraseña
contreras
control
control1
convent
convers
converse
converse1
convict
conway
coochie
coockie
coocoo
cookbook
cooker
cooki3
cookie
cookie!
cookie.
cookie01
cookie02
cookie04
cookie05
cookie06
cookie07
cookie08
cookie09
cookie1
cookie10
cookie101
cookie11
cookie12
cookie123
cookie13
cookie14
cookie15
cookie16
cookie17
cookie18
cookie2
cookie20
cookie21
cookie22
cookie23
cookie24
cookie25
cookie26
cookie27
cookie29
cookie3
cookie34
cookie4
cookie5
cookie6
cookie69
cookie7
cookie77
cookie8
cookie88
cookie9
cookie94
cookie95
cookie99
cookiedough
cookiejar
cookiemonster
cookies
cookies!
cookies1
cookies11
cookies12
cookies123
cookies13
cookies2
cookies3
cookies4
cookies5
cookies7
cookies8
cookies9
cookiesandcream
cookiesncream
cookiez
cooking
cooking1
cookisland
cooky
cool
cool00
cool01
cool07
cool1
cool10
cool101
cool11
cool12
cool123
cool1234
cool13
cool14
cool15
cool16
cool17
cool21
cool22
cool23
cool24
cool55
cool99
coolaid
coolas
coolbabe
coolbaby
coolbeans
coolbeans1
coolblue
coolboy
coolboy1
coolboys
coolbreeze
coolcar
coolcars
coolcat
coolcat1
coolcat123
coolcat2
coolcats
coolchic
coolchick
coolchick1
coolcool
coolcool1
cooldog
cooldood
cooldude
cooldude1
cooldude2
cooldudes
cooleo
cooler
cooler1
coolest
coolest1
coolet
cooley
coolgal
coolgirl
coolgirl1
coolgirl12
coolgirls
coolgurl
coolguy
coolguy1
coolice
coolidge
coolie
coolie1
coolies
cooling
coolio
coolio1
coolit
coolkat
coolkid
coolkid1
coolkids
coolkitty
coolman
coolman1
coolme
coolmom
coolness
coolness1
cooloff
coolone
coolpics
coolpix
cools
coolstar
coolstuff
coolwater
coolwhip
cooly
coolyo
coolz
coonass
cooney
coonie
coool
cooool
cooper
cooper01
cooper05
cooper06
cooper07
cooper1
cooper11
cooper12
cooper123
cooper2
cooper3
cooper4
cooper7
coopers
coors1
coorslight
cooter
cooter1
cootie
cooties
copacabana
copeland
copenhagen
copilarie
copilas
copilu
copito
copper
copper1
copper12
copper123
copper2
copper3
copperhead
copycat
copyright
coqueta
coqueta1
coquette
coqui
coquis
coquita
coquito
coracao
coraje
coral
coral1
coralee
corales
coralie
corason
corazon
corazon1
corazon12
corazon123
corazon2
corazon7
corazonatomico
corazoncito
corazondemelon
corazones
corazonmio
corazonpartido
corazonroto
corazonvaliente
corbett
corbin
corbin1
corbinbleu
corbyn
corcaigh
corcoran
cordeiro
cordel
cordelia
cordell
cordell1
cordero
corderosa
cordoba
cordova
corey
corey06
corey07
corey08
corey1
corey10
corey12
corey123
corey13
corey14
corey2
corey22
corey3
corey4
corey5
corey7
corey8
coreyb
coreyd
coreylee
coreys
coreytaylor
corgan
corina
corina1
corine
corinna
corinne
corinne1
corinthians
corinutza
corita
corkboard
corkcity
corkey
corkie
corky
corky1
corleone
cormac
cornbread
cornbread1
corndog
corndog1
cornejo
cornel
cornelia
cornelio
cornelis
cornelius
cornell
cornell1
corner
cornerstone
cornet
cornflake
cornflakes
cornholio
cornish
cornwall
corny
corolla
corolla1
coromoto
corona
corona1
corona12
corona2
corona69
coronado
coronel
coronita
corporal
corpse
corpus
corpuz
corrado
corral
corrales
correa
correcaminos
correct
correia
correo
correy
corrie
corrie1
corrigan
corrin
corrina
corrine
corrinne
corsa
corsa1
corsasxi
corsica
cortes
cortex
cortez
cortez1
cortina
cortland
cortney
cortney1
corvette
corvette1
corwin
cory
cory12
cory123
cos-pak
cos-pak123
cos-pak2024
cos-pak2025
cos-pak2026
cos-pak888
cosalinda
cosas
cosette
coshita
cosita
cosita1
cositabella
cositalinda
cositarica
cositas
cosito
cosme
cosmetology
cosmic
cosmin
cosmina
cosminel
cosmo
cosmo1
cosmo123
cosmo2
cosmogirl
cosmopolitan
cosmos
cosmote
cosmyn
cospak
cospak123
cospak2024
cospak2025
cospak2026
cospak888
cossie
costa
costales
costarica
costarica1
costas
costco
costel
costello
costica
costin
costinha
costy
cosworth
cotabato
cotcchina
cotcchina123
cotcchina2024
cotcchina2025
cotcchina2026
cotcchina888
cotita
cotito
cotrina
cottage
cotten
cotter
cotton
cotton1
cottonball
cottoncandy
cottontail
coucou
cougar
cougar1
cougars
cougars07
cougars1
couger
council
countdown
counter
counterstrike
country
country1
country2
country5
countryboy
countrygirl
county
county1
couple
courage
courage1
court
court1
court123
court13
courtenay
courteney
courtland
courtnee
courtney
courtney!
courtney01
courtney1
courtney11
courtney12
courtney123
courtney13
courtney16
courtney2
courtney3
courtney4
courtney5
courtney7
courtney8
courtnie
courts
courtz
couscous
cousin
cousins
coutinho
couture
covenant
coventry
covergirl
covington
cow123
cowabunga
cowbell
cowboy
cowboy01
cowboy1
cowboy12
cowboy2
cowboy22
cowboy3
cowboy69
cowboy7
cowboys
cowboys!
cowboys#1
cowboys01
cowboys07
cowboys08
cowboys1
cowboys10
cowboys11
cowboys12
cowboys123
cowboys13
cowboys2
cowboys21
cowboys22
cowboys24
cowboys3
cowboys31
cowboys5
cowboys7
cowboys8
cowboys81
cowboys9
cowboyup
cowboyup1
cowboyz
cowco
cowcow
cowcow1
cowgirl
cowgirl07
cowgirl08
cowgirl1
cowgirl13
cowgirl2
cowgirl3
cowgirl7
cowgirls
cowgirlup
cowgirlup1
cowgurl
cowman
cowpie
cows
cowsgomoo
cowsrock
cowsrule
coycoy
coyote
coyote1
coyotes
coyoteugly
cozumel
crabby
crabtree
craciun
crack
crack1
cracker
cracker1
cracker2
crackerjack
crackers
crackers1
crackhead
crackhead1
crackwhore
cradle
cradleoffilth
crafts
crafty
craig
craig1
craig123
craig2
craigb
craigdavid
craigie
craigs
craigy
craiova
cramer
cranberries
cranberry
crankdat
cranky
crapbag
crapola
crapper
crappy
crash
crash1
crash123
crasher
crater
craven
crawfish
crawford
crawford1
crawley
crawling
crayola
crayola1
crayon
crayon1
crayons
crazee
crazie
crazii
craziness
crazy
crazy!
crazy01
crazy07
crazy08
crazy09
crazy1
crazy10
crazy101
crazy11
crazy12
crazy123
crazy13
crazy14
crazy15
crazy16
crazy17
crazy18
crazy19
crazy2
crazy21
crazy22
crazy23
crazy24
crazy3
crazy4
crazy4ever
crazy4life
crazy4u
crazy4you
crazy5
crazy6
crazy69
crazy7
crazy8
crazy88
crazy9
crazyangel
crazyass
crazyb
crazybabe
crazybaby
crazybitch
crazyboy
crazyboy1
crazyc
crazycat
crazychic
crazychick
crazycool
crazycow
crazyd
crazydaisy
crazydog
crazyforyou
crazyfrog
crazyg
crazygal
crazygirl
crazygirl1
crazygurl
crazyhorse
crazyinlove
crazyj
crazyk
crazykid
crazylady
crazylegs
crazylife
crazylove
crazyluv
crazyman
crazyme
crazymonkey
crazyness
crazyone
crazys
crazysexycool
crazyt
crazytown
crazyy
crazzy
cream
cream1
creampuff
creams
creamsoda
creamy
creamy1
creata
create
create1
creation
creative
creative1
creativity
creator
creature
creatza
credinta
credit
creed
creed1
creeds
creek
creep
creeper
creepers
creeps
creepy
creighton
creion
crema
cremas
cremita
crenshaw
creole
crepusculo
crescent
crespo
creston
crestwood
crf250
crf450
cricket
cricket1
cricket123
cricket2
cricket5
crickets
crickett
cricri
crimbo
crime
crimes
criminal
criminal1
criminology
crimson
crimson1
crina
crinutza
crip4life
cripin
cripkilla
crippin
cripple
crips
crips1
crips13
crips213
crips4life
cripside
cripss
cripsta
cripster
cripz
cris10
cris12
cris123
cris14
crisan
crisanta
crisanto
crisco
criscris
crisel
criselda
crisha
crisis
crislyn
crismar
crisostomo
crispin
crisps
crispy
criss
crissa
crissangel
crissie
crissy
crissy1
crist
crista
cristal
cristal1
cristea
cristeamo
cristel
cristen
cristhian
cristi
cristian
cristian1
cristian12
cristiana
cristiano
cristiano7
cristianoronaldo
cristianteamo
cristie
cristin
cristina
cristina1
cristine
cristinel
cristinica
cristinik
cristinita
cristinuta
cristinutza
cristo
cristo1
cristo7
cristobal
cristofer
cristomeama
cristopher
cristorey
cristoteama
cristoteamo
cristovive
cristy
cristy1
critical
critter
critter1
critters
crizel
crizzy
croatia
crochet
crocker
crockett
crocodil
crocodile
crombie
cromwell
cronaldo
cronaldo7
cronic
cronos
crookshanks
crosby
crosby87
cross
cross1
crosscountry
crosser
crossfade
crossfire
crossing
crossover
crossroad
crossroads
crosswind
crossword
crouch
crowder
crowley
crown
crown1
crownroyal
crowns
croydon
crucial
crucifix
crucio
cruella
cruise
cruise1
cruiser
cruiser1
cruisin
crumble
crumpet
crunch
crunchie
crunchy
crunk
crunk1
crunkjuice
crusader
crusaders
crush
crush1
crushed
crusher
crushes
crushko
crusty
crusty1
cruz azul
cruzado
cruzazul
cruzazul1
cruzer
cruzito
cruzroja
crybaby
crybaby1
crycry
crying
crypton
crysta
crystal
crystal01
crystal1
crystal11
crystal12
crystal123
crystal13
crystal17
crystal2
crystal21
crystal23
crystal3
crystal4
crystal5
crystal7
crystal8
crystal9
crystals
crystel
crysty
crystyna
csabika
csilla
csillag
csimiami
cstrike
cuacua
cuaderno
cuadra
cuadrado
cuadro
cualquiera
cualquiercosa
cuando
cuantik
cuaresma
cuarto
cuates
cuatro
cuauhtemoc
cuba123
cubalibre
cuban1
cubana
cubana1
cubanita
cubanita1
cubanito
cubano
cubbie
cubbies
cubbies1
cubby
cubby1
cubswin
cucaracha
cucciola
cucciolo
cuchara
cuchi
cuchicuchi
cuchita
cuchito
cucho
cuchurrumin
cuckoo
cucubau
cucumber
cucurigu
cuddle
cuddlebear
cuddlebug
cuddles
cuddles1
cuddles123
cuddles2
cuddly
cueball
cuellar
cuenca
cuenta
cuernavaca
cuervo
cueshe
cuevas
cuidado
cuizon
culebra
culero
culiacan
culinary
culito
cullen
cullen1
culona
culos
culote
cultura
cultural
culture
culver
cumberland
cumbia
cumicumi
cummings
cummins
cumple
cumpleaños
cunanan
cunha
cunningham
cunt123
cunt69
cuntface
cupboard
cupcake
cupcake!
cupcake1
cupcake11
cupcake12
cupcake123
cupcake13
cupcake2
cupcake22
cupcake23
cupcake3
cupcake4
cupcake5
cupcake7
cupcake8
cupcake9
cupcakes
cupcakes1
cupid
cupid1
cupido
cupidon
cupids
cupoftea
cuppycake
cuquis
cuquita
curacao
curcubeu
curiosa
curioso
curious
curious1
curley
curlie
curly
curly1
curlyhair
curlyq
curlysue
curran
current
currie
curry
cursed
curtain
curtains
curtis
curtis07
curtis1
curtis2
curves
custard
custer
custodio
custom
custom1
customer
customs
cute
cute ako
cute me
cute01
cute02
cute03
cute04
cute05
cute06
cute07
cute08
cute09
cute1
cute10
cute101
cute11
cute12
cute123
cute1234
cute13
cute14
cute143
cute15
cute16
cute17
cute18
cute19
cute20
cute21
cute22
cute23
cute24
cute25
cute26
cute27
cute28
cute29
cute4ever
cute4u
cute88
cute91
cute96
cuteacoh
cuteako
cuteakoh
cuteangel
cuteaq
cutebabe
cutebaby
cutebear
cutebgt
cuteboy
cuteboys
cutebunny
cutecat
cutechick
cutecoh
cutecute
cutedaw
cutee
cuteee
cuteeyes
cuteface
cutegal
cutegirl
cutegirl1
cutegirls
cutegurl
cuteguy
cutei
cuteie
cutejen
cutejoy
cuteka
cutekami
cutekitten
cutekitty
cuteko
cutekoh
cutelady
cutelang
cutelove
cutely
cutelyn
cuteme
cutemo
cuteness
cuteone
cutepie
cutepink
cuteprincess
cutepuppy
cuteq
cuteqoh
cuters
cutes
cutesmile
cutest
cutestuff
cutesy
cutety
cutey
cutey1
cuteypie
cutez
cutezz
cuthbert
cutie
cutie pie
cutie!
cutie#1
cutie-pie
cutie01
cutie02
cutie03
cutie04
cutie05
cutie06
cutie07
cutie08
cutie09
cutie1
cutie10
cutie100
cutie101
cutie11
cutie12
cutie123
cutie1234
cutie13
cutie14
cutie143
cutie15
cutie16
cutie17
cutie18
cutie19
cutie2
cutie20
cutie21
cutie22
cutie23
cutie24
cutie25
cutie26
cutie27
cutie29
cutie3
cutie33
cutie34
cutie4
cutie411
cutie44
cutie45
cutie4eva
cutie4ever
cutie4life
cutie4u
cutie5
cutie55
cutie6
cutie69
cutie7
cutie77
cutie8
cutie88
cutie89
cutie9
cutie91
cutie92
cutie93
cutie94
cutie95
cutie96
cutie97
cutie99
cutie_pie
cutieangel
cutiebabe
cutiebaby
cutieboy
cutiecute
cutiee
cutiegal
cutiegirl
cutiegurl
cutiek
cutieme
cutiep
cutiepie
cutiepie!
cutiepie01
cutiepie07
cutiepie08
cutiepie1
cutiepie10
cutiepie101
cutiepie11
cutiepie12
cutiepie123
cutiepie13
cutiepie14
cutiepie15
cutiepie16
cutiepie2
cutiepie21
cutiepie22
cutiepie23
cutiepie3
cutiepie4
cutiepie5
cutiepie7
cutiepie8
cutiepie9
cuties
cuties1
cutiest
cutiey
cutiez
cutify
cutipie
cutlass
cutler
cutter
cutter1
cuttie
cuttie1
cuttie123
cuttiepie
cutting
cutty
cutygirl
cutypie
cuzins
cvbnm
cyanide
cyber
cyber1
cyberman
cybernet
cybers
cybershot
cyborg
cycling
cyclone
cyclone1
cyclones
cyclops
cydney
cygnus
cymone
cymruambyth
cyndi
cyndy
cynthia
cynthia1
cynthia123
cynthia3
cyntia
cypher
cypress
cypress1
cyprus
cyrene
cyril
cyrill
cyrille
cyrine
cyrus
cyrus1
cyruss
czarina
czechoslovakia
d-block
d-money
d0lphin
d0lphins
d12345
d123456
d1234567
d123456789
d1amond
da1andonly
da1nonly
daantje
dabaddest
dabaddest1
dabarkads
dabears
dabears1
dabest
dabest1
dabitch
dabomb
dabomb1
daboss
daboss1
daboy
daboys
dabrat
dacanay
dachshund
dacia
dacialogan
dacian
dacosta
dad123
dada12
dada123
dadada
dadadada
dadah
dadako
dadandmom
dadang
daday
daddad
daddie
daddiesgirl
daddio
daddy
daddy yankee
daddy!
daddy#1
daddy'sgirl
daddy0
daddy01
daddy03
daddy04
daddy05
daddy06
daddy07
daddy08
daddy09
daddy1
daddy10
daddy101
daddy11
daddy12
daddy123
daddy1234
daddy13
daddy14
daddy143
daddy15
daddy16
daddy17
daddy18
daddy2
daddy21
daddy22
daddy23
daddy24
daddy25
daddy3
daddy4
daddy5
daddy6
daddy69
daddy7
daddy8
daddy9
daddyboy
daddycool
daddyd
daddygirl
daddygirl1
daddygurl
daddygurl1
daddyj
daddyko
daddylove
daddymommy
daddyo
daddyo1
daddyq
daddys
daddys1
daddysangel
daddysboy
daddysgirl
daddysgirl1
daddysgrl
daddysgurl
daddyslilgirl
daddyslittlegirl
daddyx
daddyy
daddyyanke
daddyyankee
dade305
dadhie
dadiko
dadimami
dadmom
dadmum
dadoprso
dadsgirl
dadsgirl1
dadysgirl
daedae
daedae1
daemon
daewoo
daffodil
daffodils
daffy
daffy1
daffyduck
dafina
dafne
daftpunk
dafydd
dagame
dagger
daggers
dagmar
dagoberto
dagreat1
dagul
dagwood
dahdah
dahiana
dahlia
daiana
daidai
daijah
dailyn
daimon
daimond
daina
daine
dainty
dairymilk
dairyqueen
daisey
daisey1
daisha
daisie
daisies
daisuke
daisuki
daisy
daisy!
daisy01
daisy03
daisy04
daisy05
daisy06
daisy07
daisy08
daisy1
daisy10
daisy101
daisy11
daisy12
daisy123
daisy13
daisy14
daisy15
daisy16
daisy17
daisy18
daisy2
daisy21
daisy22
daisy23
daisy24
daisy25
daisy3
daisy4
daisy5
daisy6
daisy7
daisy8
daisy88
daisy9
daisy99
daisychain
daisyd
daisydog
daisydog1
daisydoo
daisyduck
daisyduke
daisyduke1
daisygirl
daisyjane
daisym
daisymae
daisymae1
daisymay
daisymay1
daisys
daizy
dajana
dajuan
dakidd
dakila
dakine
daking
daking1
dakoda
dakota
dakota00
dakota01
dakota02
dakota04
dakota05
dakota06
dakota07
dakota1
dakota11
dakota12
dakota123
dakota13
dakota14
dakota2
dakota21
dakota22
dakota3
dakota4
dakota5
dakota7
dakota8
dakota99
dakotah
dalaga
dale
dale03
dale08
dale123
dale88
daledale
dalejr
dalejr.
dalejr08
dalejr1
dalejr8
dalejr88
daleks
dalena
dalia
dalia1
daliana
dalida
dalila
dalilah
dalina
daling
dalisay
dallana
dallas
dallas01
dallas06
dallas07
dallas08
dallas1
dallas11
dallas12
dallas123
dallas13
dallas15
dallas2
dallas21
dallas214
dallas22
dallas23
dallas3
dallas41
dallas5
dallas69
dallas7
dallas8
dallas9
dallascowboys
dallastx
dallen
dalmata
dalmatas
dalmatian
dalmation
dalton
dalton01
dalton1
dalton12
dalton2
dalvin
damage
damaged
daman
daman1
damani
damara
damarcus
damari
damarion
damaris
damaris1
damarys
damascus
damaso
damayanti
damdam
dameon
damian
damian01
damian1
damian2
damiana
damien
damien1
damien12
damien2
damien3
damien666
damilola
damion
damion1
damita
dammit
damned
damngirl
damnit
damnit1
damnshit
damnyou
damola
damon
damon1
damon18
damond
damonte
damsel
damulag
dan123
dan1234
dan1el
dan1elle
dana
dana1
dana12
dana123
danadana
danae
danae1
danah
danamarie
danang
danaya
danc3r
dancarter
dance
dance!
dance01
dance03
dance04
dance05
dance06
dance07
dance08
dance09
dance1
dance10
dance101
dance11
dance12
dance123
dance13
dance14
dance15
dance16
dance17
dance18
dance19
dance2
dance21
dance22
dance23
dance24
dance247
dance25
dance3
dance33
dance4
dance4eva
dance4ever
dance4life
dance4me
dance4u
dance5
dance5678
dance6
dance7
dance8
dance88
dance9
dancebabe
dancechick
dancedance
dancediva
dancefever
dancegirl
dancehall
danceing
dancel
dancequeen
dancer
dancer!
dancer*
dancer.
dancer00
dancer01
dancer03
dancer04
dancer05
dancer06
dancer07
dancer08
dancer09
dancer1
dancer10
dancer101
dancer11
dancer12
dancer123
dancer13
dancer14
dancer15
dancer16
dancer17
dancer18
dancer19
dancer2
dancer20
dancer21
dancer22
dancer23
dancer24
dancer25
dancer26
dancer27
dancer28
dancer3
dancer33
dancer4
dancer4eva
dancer4ever
dancer4life
dancer5
dancer55
dancer6
dancer69
dancer7
dancer77
dancer8
dancer87
dancer88
dancer89
dancer9
dancer91
dancer92
dancer93
dancer94
dancer95
dancer99
dancergirl
dancers
dances
dancestar
danceteam
dancewithme
dancin
dancing
dancing1
dancing12
dancing123
dancing2
dancingdiva
dancinggirl
dancingqueen
dancinqueen
dancok
danda
dandaman
dandan
dandan1
dandandan
dandelion
dandre
dandy
danecook
daneil
danelia
danelle
danessa
danette
dangdang
dangel
dangelo
danger
danger1
dangermouse
dangerous
dangerous1
dangerzone
dangles
dani
dani07
dani1
dani11
dani12
dani123
dani1234
dani13
dani14
dani15
dani17
dani18
dani21
dani22
dani23
dani3ll3
dani88
dania
danial
daniboy
danica
danica1
danice
danidani
danie
danie1
daniel
daniel!
daniel.
daniel00
daniel007
daniel01
daniel02
daniel03
daniel04
daniel05
daniel06
daniel07
daniel08
daniel09
daniel1
daniel10
daniel101
daniel11
daniel12
daniel123
daniel1234
daniel13
daniel14
daniel143
daniel15
daniel16
daniel17
daniel18
daniel19
daniel2
daniel20
daniel2006
daniel2007
daniel21
daniel22
daniel23
daniel24
daniel25
daniel26
daniel27
daniel28
daniel29
daniel3
daniel33
daniel4
daniel5
daniel6
daniel69
daniel7
daniel77
daniel8
daniel86
daniel87
daniel88
daniel89
daniel9
daniel92
daniel95
daniel99
daniela
daniela1
daniela12
daniela123
daniela13
daniela2
daniela5
danielas
danielateamo
danielb
danielc
danield
daniele
danielita
danielito
danieljames
daniell
daniella
daniella1
danielle
danielle!
danielle.
danielle01
danielle05
danielle06
danielle07
danielle08
danielle09
danielle1
danielle11
danielle12
danielle123
danielle13
danielle14
danielle15
danielle16
danielle17
danielle18
danielle2
danielle21
danielle22
danielle23
danielle24
danielle3
danielle4
danielle5
danielle6
danielle7
danielle8
danielle88
danielle9
daniellee
danielm
danielo
danielr
danielradcliffe
daniels
daniels1
danielson
danielteamo
danifilth
danigirl
danii
danijela
danika
danila
danille
danilo
danilyn
danique
danira
danis
danisa
danise
danish
danisha
danita
daniteamo
danito
danity
danitykane
danitza
danix
dank420
danman
danmar
danmark
danna
dannah
dannapaola
danni
danni1
danni123
dannica
dannie
dannie1
danniel
danniella
dannielle
dannii
dannita
danny
danny!
danny01
danny05
danny06
danny07
danny08
danny09
danny1
danny10
danny101
danny11
danny12
danny123
danny1234
danny13
danny14
danny143
danny15
danny16
danny17
danny18
danny19
danny2
danny20
danny21
danny22
danny23
danny24
danny25
danny26
danny28
danny3
danny4
danny4eva
danny5
danny6
danny69
danny7
danny8
danny88
danny9
dannyb
dannyboi
dannyboy
dannyboy1
dannyc
dannyd
dannyg
dannyh
dannyj
dannyjones
dannylee
dannym
dannyp
dannyr
dannys
dannyt
dannyteamo
dannyy
danone
danoninho
danonino
danrad
danradcliffe
dansen
danson
dante
dante1
dante123
dantes
dantheman
dantheman1
danut
danuta
danutz
danutza
danville
dany123
danya
danyal
danyale
danyboy
danyel
danyela
danyell
danyelle
danys
danyteamo
danza
danzel
danzig
daodao
daoming
dapdap
daphne
daphne1
daphney
daphnie
dapimp
dapitan
dapper
daquan
daquan1
daqueen
daragh
darby
darby1
darcel
darcey
darcie
darcy
darcy1
dardar
dare2dream
daredevil
daredevil1
dareen
darel
darell
darelle
daren
daria
darian
darian1
dariana
dariel
dariela
darien
darien1
darin
darina
daring
darinka
dario
dario1
darion
darios
darious
darius
darius1
darjeeling
dark angel
dark123
dark13
dark666
dark_angel
darkangel
darkangel1
darkangels
darkangle
darkblade
darkblue
darkchild
darkcloud
darkdevil
darkdragon
darkelf
darkemo
darker
darketa
darkfairy
darkfire
darkgirl
darkheart
darkhorse
darkhunter
darkie
darkknight
darklight
darklord
darklotus
darklove
darkmagic
darkmagician
darkman
darkmanx
darkmaster
darkmoon
darknes
darkness
darkness1
darkness2
darknight
darko
darkone
darkprince
darkprincess
darkrose
darks
darkshadow
darkside
darkside1
darksoul
darkstar
darkstar1
darkwing
darkwolf
darky
darla
darla1
darleen
darlen
darlene
darlene1
darlin
darline
darling
darling1
darlings
darlington
darlyn
darmawan
darna
darnel
darnell
darnell1
darock
darragh
darran
darrel
darrell
darrell1
darren
darren1
darren11
darren12
darren123
darrenshan
darrian
darrick
darrien
darrin
darrin1
darrion
darrius
darron
darryl
darryl1
darryn
darshan
dartboard
darthmaul
darthvader
darts
darvin
darwin
darwin1
daryl
daryl1
daryll
daryls
dasani
dasani1
dasdas
dasexy1
dasha
dashaun
dashawn
dashawn1
dashboard
dashengjianshe
dashengjianshe123
dashengjianshe2024
dashengjianshe2025
dashengjianshe2026
dashengjianshe888
dasher
dashia
dashing
dashit
dashuria
dasilva
database
datdat
datgurl
dating
datnigga
datnigga1
datruth
datsun
dattebayo
daughter
daughter1
daughter2
daughters
daughters2
daughtry
daunte
dauphin
dav123
davaocity
dave
dave07
dave1
dave12
dave123
dave1234
dave21
dave22
dave23
dave69
davedave
davegrohl
davematthews
davenport
daveon
daves
davey
davey1
daveyboy
daveyh
daveyhavok
davian
daviana
davicho
davicito
david
david!
david.
david00
david01
david02
david03
david04
david05
david06
david07
david08
david09
david1
david10
david101
david11
david12
david123
david1234
david13
david14
david143
david15
david16
david17
david18
david19
david2
david20
david2006
david2007
david21
david22
david23
david24
david25
david26
david27
david28
david29
david3
david33
david4
david420
david44
david4ever
david5
david6
david69
david7
david77
david8
david88
david89
david9
david92
david93
david99
davida
davidarchuleta
davidb
davidbeckham
davidbowie
davidc
davidcook
davidd
daviddavid
davide
davidf
davidg
davidh
davidj
davidjames
davidjohn
davidjr
davidk
davidl
davidlee
davidlee1
davidm
davido
davidoff
davidp
davidr
davids
davids1
davidsgirl
davidson
davidson1
davidt
davidteamo
davidtennant
davidvilla
davidw
davie
davies
davila
daville
davin
davina
davinci
davinci1
davincicode
davion
davion1
davis
davis1
davis123
davisito
davison
davon
davon1
davonte
dawayne
daweasel
dawgs
dawgs1
dawkins
dawn
dawn07
dawn12
dawn123
dawn13
dawn14
dawn16
dawn21
dawn22
dawndawn
dawnie
dawnmarie
dawood
dawson
dawson1
dawsonscreek
daxter
day123
dayah
dayan
dayana
dayana1
dayanara
dayane
dayang
dayani
dayanita
dayanna
dayanne
daybreak
daycare
daycare1
dayday
dayday1
dayday123
daydream
daydreamer
dayis
daylan
daylen
daylight
daylin
daylon
daymon
dayna
dayne
dayra
dayrit
dayron
daysha
daysi
daytek
daytime
dayton
dayton1
daytona
daytona1
daywalker
dazza
dazzer
dazzle
dazzler
dazzling
dbeckham
dblock
dblock1
dbz123
dcnueve
dcshoecousa
dcshoes
dctalk
dd1234
ddd123
ddddd
dddddd
dddddd1
ddddddd
dddddddd
dddddddddd
deacon
deacon1
dead666
deadend
deadeye
deadfish
deadhead
deadline
deadly
deadman
deadman1
deadmanwalking
deadmeat
deadoralive
deadpool
deadsexy
deadstar
deadzone
dealer
dealova
deamon
dean
dean11
dean12
dean123
deana
deandean
deandra
deandre
deandre1
deandrea
deangelo
deanie
deann
deanna
deanna1
deanna12
deanna123
deanne
deano
deano1
deante
deanthony
deardear
dearest
deargod
dearie
dearko
dearly
dearmama
deasia
deasis
death
death1
death101
death12
death123
death13
death2
death2all
death2u
death5
death6
death666
death69
deathangel
deathcab
deathgod
deathlyhallows
deathman
deathmetal
deathnote
deathnote1
deathrow
deaths
deathscythe
deathstar
deathwish
deb123
debate
debbie
debbie1
debbie12
debbie123
debbie2
debby
debora
deborah
deborah1
debra
debra1
debsirin
dec1986
dec2005
decade
decastro
decatur
decebal
december
december01
december04
december05
december07
december08
december09
december1
december10
december11
december12
december13
december14
december15
december16
december17
december18
december19
december2
december20
december21
december22
december23
december24
december25
december26
december27
december28
december29
december3
december30
december31
december4
december5
december6
december7
december8
december9
decembre
decembrie
decena
deception
dechen
decimo
decker
declan
declan1
deco20
decode
dede12
dede123
dedede
dedek
dedeng
dedios
dedito
dedos
dedrick
dee
dee-dee
dee123
dee4life
deeadeea
deeann
deedee
deedee1
deedee12
deedee123
deedee13
deedee2
deedee3
deedeedee
deedle
deegan
deejay
deejay1
deeman
deepak
deepblue
deeper
deepika
deeppurple
deepred
deerhunt
deerhunter
deerpark
deeutza
deeznuts
deeznutz
deezy
def456
default
defence
defender
defense
defiance
defiant
define
defjam
defleppard
defoe18
deftones
deftones1
degauss
degenerationx
degrassi
degrassi1
degree
deguzman
deicide
deidara
deidei
deidra
deidre
deion
deion1
deirdre
deisel
deisy
deiutza
deivi
deivid
deivis
dejavu
dejesus
dejuan
dekdee
dekdek
delacruz
delaghetto
delaine
delana
delane
delaney
delaney1
delanie
delano
delapan
delapaz
delapena
delara
delarosa
delasalle
delatorre
delavega
delaware
delbert
delboy
delcarmen
deldel
deleon
delete
delete1
deleted
delfin
delfin1
delfina
delfinazul
delfines
delfino
delgadillo
delgado
delgado1
delia
delia1
delias
delicate
delicia
delicious
delicious1
delight
delila
delilah
delilah1
delima
delina
delirious
delirium
delisa
deliutza
deliverance
delivery
dell
dell11
dell12
dell123
dell1234
dell13
dell23
della
della1
dellboy
delldell
dellie
dellpc
delly
delmar
delmonte
delmundo
delonge
delonte
delorean
delores
delores1
deloris
delosangeles
delosreyes
delossantos
delphi
delphin
delphine
delpiero
delpiero10
delpilar
delrio
delrosario
delroy
delsol
delson
delta
delta1
delta3
delta5
delta88
deltaforce
deltas
deltazeta
delton
deluna
delux
deluxe
delvalle
delvin
demarco
demarcus
demario
demario1
demdem
demelza
demencia
demente
demented
dementia
dementor
demesa
demeter
demetra
demetri
demetria
demetrio
demetris
demetrius
demetrius1
demi123
demian
demilee
demileigh
demilovato
demitri
demolay
demolition
demon
demon1
demon13
demon2
demon666
demona
demonchild
demond
demonhunter
demonic
demonio
demonios
demons
demons1
demonte
demonyita
demonyo
demonz
dempsey
demure
denali
denali1
dencio
denden
deneen
denham
denice
deniece
denied
deniel
denielle
denilson
deniro
denis
denis1
denisa
denise
denise01
denise06
denise07
denise08
denise09
denise1
denise11
denise12
denise123
denise13
denise14
denise2
denise20
denise21
denise22
denise23
denise24
denise3
denise5
denise7
denisha
denisita
deniss
denissa
denisse
denisuca
deniz
denmar
denmark
dennie
dennis
dennis01
dennis1
dennis12
dennis123
dennis2
dennis3
dennise
dennison
dennisse
denniz
denny
denny1
dennys
denpasar
dental
dental1
dentist
dentista
dentistry
denton
denver
denver1
denver15
denys
denysa
denyse
denzel
denzel1
denzell
denzil
deocampo
deolinda
deondre
deonna
deonta
deontae
deonte
deonte1
deoxys
depeche
depechemode
deporcali
deporte
deportes
deportivo
deportivocali
depredador
depressed
depression
deputamadre
deputy
dequan
derby
derby1
derbycounty
derbyfc
derbyshire
derder
derecho
dereck
derek
derek01
derek07
derek1
derek11
derek12
derek123
derek13
derek15
derek17
derek18
derek2
derek21
derek22
derek23
derek3
derek5
derek7
derekj
derekjeter
dereks
derian
derick
derick1
dermot
deron
derrek
derrell
derrick
derrick1
derrick2
derrick3
derrik
derron
derrty
derry
derrycity
derwin
deryck
des123
desafio
desamor
desastre
descartes
desdemona
desdes
desean
desember
desene
deseos
deseree
desert
desertrose
deshae
deshaun
deshaun1
deshawn
deshawn1
deshay
deshon
deshun
desiderata
desiderio
desierto
design
design1
designer
designer1
desilu
desirae
desirae1
desiray
desire
desire1
desiree
desiree1
deskjet
deskjet1
desktop
desmadre
desmon
desmond
desmond1
desperado
desperate
despina
despoina
desporto
desrosiers
dessa
dessert
dessie
dessire
dessy
desta
destanie
destany
desteny
destept
destin
destin1
destination
destine
destined
destinee
destinee1
destiney
destini
destini1
destinie
destino
destiny
destiny01
destiny02
destiny03
destiny04
destiny05
destiny06
destiny07
destiny08
destiny1
destiny10
destiny11
destiny12
destiny123
destiny13
destiny17
destiny2
destiny21
destiny22
destiny23
destiny3
destiny4
destiny5
destiny6
destiny7
destiny8
destiny9
destiny99
destinys
destinyschild
destro
destroy
destroyer
destruccion
destruction
detdet
detective
detektif
determination
determined
dethuong
detroit
detroit1
detroit313
dette
deuce
deuce1
deuce2
deuce22
deusefiel
deutsch
deutschland
deutza
devan
devan1
devante
devante1
devaughn
devdas
deven
deven1
deventer
devera
deviant
devika
devil
devil01
devil1
devil101
devil12
devil123
devil13
devil2
devil23
devil6
devil666
devil69
devilangel
devilboy
devilchild
devildog
devildog1
devilgirl
devilish
deviljin
devill
deville
devilman
devilmaycry
devils
devils1
devilz
devin
devin01
devin05
devin06
devin07
devin08
devin1
devin11
devin12
devin123
devin13
devin2
devin23
devin3
devin5
devin7
devina
devinb
devine
devine1
devins
devion
devious
devita
devlin
devon
devon1
devon11
devon12
devon123
devon2
devon7
devona
devonne
devonta
devontae
devonte
devonte1
devora
devoted
devotion
devyn
devyn1
dewa19
dewalt
dewayne
dewayne1
dewdew
dewdrop
dewdrops
dewey
dewey1
dewiku
dewitt
dexter
dexter1
dexter11
dexter12
dexter123
dexter2
deyanira
deydey
deysi
deyutza
dezembro
deziree
dezmond
dezzy
dgaf420
dgenerationx
dgreat
dhadha
dhadhie
dhalia
dhana
dhang
dhani
dhanie
dharan
dharma
dharyl
dhedhe
dhendhen
dhenz
dhianne
dhiemhie
dhika
dhonna
dhoze
diabetes
diabetic
diabinha
diabla
diablita
diablito
diablo
diablo1
diablo2
diablo666
diablo69
diablos
diabolik
diabolo
diabos
diadora
diallo
diamant
diamante
diamantes
diamon
diamond
diamond!
diamond01
diamond06
diamond07
diamond08
diamond09
diamond1
diamond10
diamond11
diamond12
diamond123
diamond13
diamond14
diamond15
diamond16
diamond2
diamond21
diamond22
diamond23
diamond24
diamond3
diamond4
diamond5
diamond6
diamond69
diamond7
diamond8
diamond9
diamondgirl
diamondprincess
diamonds
diamonds1
diamonds2
diamondz
diana
diana01
diana1
diana10
diana11
diana12
diana123
diana13
diana14
diana15
diana16
diana17
diana18
diana2
diana20
diana22
diana23
diana3
diana5
diana7
dianaa
dianac
dianacarolina
dianadiana
dianah
dianak
dianalaura
dianam
dianamarcela
dianap
dianar
dianarose
dianas
dianateamo
diandra
diane
diane1
diane123
dianes
dianinha
dianis
dianita
dianita1
dianix
dianna
dianna1
dianne
dianne1
diante
diaper
diapers
diario
diary
diavolita
diavolo
diazepunk
dibble
dibujo
dicaprio
diciembre
dick
dick12
dick123
dick69
dickdick
dickens
dickerson
dickey
dickface
dickhead
dickhead1
dickie
dickies
dickies1
dickinson
dicklick
dicks
dickson
dicksucker
dickweed
dicky
dictionary
diddle
diddles
diddlina
diddy
diddy1
dididi
didier
didina
didine
diding
die666
diebitch
diedie
diediedie
diegito
diego
diego05
diego07
diego1
diego10
diego11
diego12
diego123
diego13
diego14
diego16
diego2
diego21
diego23
diego3
diego5
diego7
diegoa
diegoalejandro
diegoandres
diegoarmando
diegog
diegol
diegoluna
diegom
diegoo
diegos
diegoteamo
dieguin
dieguito
diehard
diente
dientes
dienuta
dienutza
dieren
diesal
diesel
diesel01
diesel1
diesel123
diesel2
dietcoke
dietcoke1
dieter
diether
dietpepsi
dietpepsi1
dietrich
diezel
diferente
different
difficult
difficulty
dificil
difranco
digger
digger1
diggers
diggory
digicel
digimon
digimon1
digital
digital1
digiview
digna
dignity
dijana
dikdik
dikoalam
dilan
dilara
dilbert
dilcia
dildo
dildos
dilema
dilemma
dilla
dillan
dillard
dilligaf
dillinger
dillion
dillion1
dillon
dillon1
dillpickle
dilly
dimaano
dimabilan
dimanche
dimas
dimdim
dimebag
dimebag1
dimelo
dimension
dimension1
dimepiece
dimitar
dimitra
dimitri
dimitri1
dimitris
dimmuborgir
dimond
dimond1
dimonds
dimple
dimples
dimples1
dimples2
dimplez
dimsum
dinah
dinamarca
dinamita
dinamo
dinamovist
dinamovista
dinda
dindin
dindo
dinero
dinesh
dingaling
dingbat
dingding
dingdong
dingdong1
dinger
dingle
dingo
dingo1
dingos
dinheiro
dinis
dinita
dinker
dinkey
dinkie
dinky
dinky1
dinner
dino12
dino123
dinodino
dinoman
dinora
dinorah
dinosaur
dinosaur1
dinosaurio
dinosaurs
dinozaur
diogenes
diogo
dioguinho
dioguito
diomar
diondre
dione
dionicio
dionis
dionisia
dionisio
dionna
dionne
dionte
dios777
diosa
diosamor
diosayudame
diosdado
dioses
diosesamor
diosesbueno
diosesfiel
diosesgrande
diosesmiguia
diosesmipastor
diosestaconmigo
diosito
diosmeama
diosmio
diosteama
diosteamo
diostebendiga
diosvive
diosyyo
dipesh
diploma
diplomat
diplomats
dipolog
dipper
dipset
dipset1
dipset12
dipset123
dipset2
dipset23
dipset3
dipset5
dipset7
dipshit
dipshit1
dipstick
diputa
direct
director
direito
direngrey
diriku
dirk41
dirrty
dirtbag
dirtbike
dirtbike1
dirtbikes
dirty
dirty1
dirtybird
dirtyd
dirtydancing
dirtydog
dirtydozen
dirtygirl
dirtypop
dirtyred
dirtysouth
disarm
disaster
disciple
disco
disco1
discoball
discodiva
discos
discoteca
discount
discover
discovery
discus
disenchanted
dishwalla
dishwasher
disney
disney06
disney07
disney1
disney101
disney12
disney123
disney13
disney2
disney3
disney365
disney411
disney5
disney7
disneychannel
disneyland
disneyworld
dispatch
display
distance
distillers
distractie
disturb
disturbed
disturbed1
disturbia
disturbio
ditto
ditto1
diva
diva01
diva05
diva06
diva07
diva08
diva09
diva1
diva10
diva101
diva11
diva12
diva123
diva13
diva14
diva15
diva16
diva17
diva21
diva22
diva23
diva24
diva4life
diva69
divad
divadiva
divagirl
divalicious
divas
divastar
divastyle
diver1
diversion
diversity
divertida
divertido
divina
divina1
divinas
divine
divine1
diving
divinity
divino
division
divorce
divorce1
divorced
divya
diwata
dixie
dixie01
dixie06
dixie07
dixie1
dixie10
dixie12
dixie123
dixie13
dixie2
dixie3
dixie7
dixiechick
dixiechicks
dixiedog
dixiegirl
dixiegirl1
dixies
dixon
dixon1
diyana
diyosa
dizon
dizzee
dizzie
dizzle
dizzle1
dizzy
dizzy1
dj1234
dj123456
dj4ever
dj4life
djamila
django
djarum
djdjdj
djeter
djeter2
djlove
djones
djrankin
djtiesto
dkimujgik
dlanor
dmarie
dmband
dmoney
dmoney1
dmxdmx
dnangel
dnomyar
doareu
dobber
dobbie
dobby
dobby1
doberman
dobson
docherty
docinho
dockers
docomo
docter
doctor
doctor1
doctora
doctorwho
document
dodge
dodge01
dodge1
dodge1500
dodgeball
dodgeneon
dodger
dodger1
dodgeram
dodgeram1
dodgers
dodgers1
dodges
dodgeviper
dodo12
dodo123
dododo
dodododo
dodol
dodong
dodoy
dodson
doeboy
doedoe
dog
dog101
dog123
dog1234
dogandcat
dogbone
dogboy
dogbreath
dogcat
dogcat1
dogdog
dogdog1
dogeatdog
dogface
dogfish
dogfood
dogfood1
dogger
doggie
doggie1
doggie2
doggie3
doggies
doggies1
doggone
doggpound
doggy
doggy1
doggy12
doggy123
doggy2
doggy3
doggy5
doggy6
doggydog
doggys
doggystyle
doghouse
doghouse1
dogies
doglover
doglover1
dogman
dogpoo
dogpound
dogs
dogs101
dogs12
dogs123
dogshit
dogsrock
dogsrule
dogtag
dogtown
dogwood
doherty
doidinha
doinita
doitbig
dokken
dokter
doktor
dolapo
dolce
dolcegabbana
dolcevita
dolfijn
dolfijnen
dolfijntje
dolfin
dolittle
dollar
dollar1
dollarbill
dollars
dollars1
dollbaby
dollface
dollface1
dollhouse
dollie
dollie1
dollies
dolls
dolly
dolly1
dolly12
dolly123
dollydog
dollygirl
dollys
dolor
dolores
dolores1
dolphin
dolphin!
dolphin01
dolphin07
dolphin1
dolphin10
dolphin101
dolphin11
dolphin12
dolphin123
dolphin13
dolphin14
dolphin16
dolphin17
dolphin18
dolphin2
dolphin21
dolphin22
dolphin23
dolphin24
dolphin27
dolphin3
dolphin4
dolphin5
dolphin6
dolphin69
dolphin7
dolphin8
dolphin9
dolphine
dolphines
dolphingirl
dolphinlover
dolphins
dolphins!
dolphins1
dolphins12
dolphins123
dolphins13
dolphins2
dolphins7
dolphinz
dolphy
dolpin
dolton
dom123
domain
domanic
domdom
dome69
domeng
domenic
domenica
domenico
dominador
dominate
domination
dominator
doming
dominga
domingas
domingo
domingo1
domingos
domingues
dominguez
domini
dominic
dominic1
dominic2
dominic3
dominic4
dominic5
dominic7
dominica
dominican
dominican1
dominican2
dominicana
dominicano
dominick
dominick1
dominik
dominik1
dominika
dominion
dominique
dominique1
dominique2
domino
domino1
dominoes
dominos
dominque
domitila
domonic
domonique
don123
donaire
donaji
donal
donald
donald1
donald12
donald2
donaldduck
donaldo
donaldson
donalduck
donalyn
donata
donatello
donatelo
donato
donavan
donavon
donbosco
doncaster
doncella
dondon
dondon1
dondre
donegal
donell
donelle
dongdong
donghae
donika
donisha
donita
donjuan
donkey
donkey1
donkey12
donkey123
donkey2
donkey5
donkeydick
donkeykong
donkeys
donking
donna
donna1
donna12
donna123
donnabelle
donnah
donnalyn
donnam
donnamae
donnamarie
donnas
donnel
donnell
donnelly
donner
donnie
donnie1
donnie2
donny
donny1
donomar
donomar1
donotenter
donovan
donovan1
dont4get
donta
dontae
dontae1
dontask
dontay
dontcare
dontcha
dontcry
donte
donte1
dontforget
dontforgetme
donthate
donthate1
dontknow
dontknow1
dontlie
dontlook
dontmatter
dontno
dontrell
dontspeak
donttell
donttouch
dontworry
donut
donut1
donuts
donvito
doobie
doobie1
doodah
doodee
doodie
doodie1
doodle
doodle1
doodle2
doodlebug
doodlebug1
doodles
doodles1
doodoo
doodoo1
doodoo2
doods
doofus
doogie
doogie1
doogle
dookie
dookie1
dooley
doomed
doomsday
dooney
dooney1
doorbell
doordie
doorknob
doors
doozer
dopeboy
dopeboy1
dopeman
dopey
dopey1
dora12
dora123
dora13
dora14
dorado
doradora
doraemon
doramon
dorayaki
dorcas
dorchester
doreen
doremi
doremifa
doremon
dorian
dorian1
doriana
dorien
dorika
dorin
dorina
dorinda
dorine
dorinel
dorinta
doris
doris1
doris123
dorita
dorito
doritos
dork
dork123
dorkfish
dorkie
dorky
dorky1
dormir
dorotea
dorothea
dorothy
dorothy1
dorris
dorsey
dorthy
dortmund
dosdos
dossantos
dotaallstar
dotcom
dotdot
dothack
dothedew
dottie
dottie1
dotty
dotty1
double
double07
double2
doublea
doubled
doublej
doubletrouble
douche
douchebag
doudou
doug123
dougal
doughboy
doughboy1
doughnut
doughnuts
dougie
dougie1
dougiepoynter
douglas
douglas1
douglas2
douglass
douloveme
dowling
down4life
downey
downfall
downhill
downing
download
downlow
downsouth
downtown
downtown1
downunder
doydoy
doyle
doyler
doyouloveme
dozer
dozer1
dozzer
dr.pepper
dr4life
dracko
draco
draco1
dracom
dracomalfoy
dracul
dracula
dracusor
drafting
drag0n
dragan
dragana
dragao
drago
dragomir
dragon
dragon0
dragon01
dragon07
dragon08
dragon09
dragon1
dragon10
dragon101
dragon11
dragon12
dragon123
dragon1234
dragon13
dragon14
dragon15
dragon16
dragon17
dragon18
dragon19
dragon2
dragon21
dragon22
dragon23
dragon24
dragon25
dragon28
dragon3
dragon4
dragon5
dragon6
dragon64
dragon666
dragon69
dragon7
dragon76
dragon77
dragon8
dragon88
dragon89
dragon9
dragon94
dragon95
dragon99
dragonball
dragonballgt
dragonballz
dragonboy
dragones
dragonfable
dragonfire
dragonfly
dragonfly1
dragonfly2
dragonfly3
dragonforce
dragongirl
dragonheart
dragonite
dragonking
dragonlady
dragonlord
dragonlover
dragonman
dragonmaster
dragonrojo
dragons
dragons1
dragons2
dragonslayer
dragonz
dragoon
dragoon1
dragos
dragosh
dragoste
dragostea
dragosteamea
dragrace
dragracing
dragster
draguta
dragutza
drahcir
drake
drake1
drakeandjosh
drakebell
draken
drakes
drako
drakula
drama
drama1
drama101
drama12
drama123
dramaq
dramaqueen
dramatic
dranreb
dranzer
draper
draven
drawde
drawing
drayton
dre123
dread
dreadlocks
dreads
dream
dream1
dream12
dream123
dream13
dream2
dream21
dream3
dream5
dream7
dreama
dreambig
dreamboy
dreamcast
dreamcatcher
dreamer
dreamer1
dreamer123
dreamer13
dreamer2
dreamer3
dreamer5
dreamer7
dreamers
dreamgirl
dreamgirl1
dreamgirls
dreamgurl
dreamin
dreaming
dreamland
dreamlover
dreamon
dreams
dreams1
dreams12
dreams2
dreamstreet
dreamteam
dreamtheater
dreamweaver
dreamworld
dreamy
dreamz
dreday
dredre
dredre1
dresden
dressage
dresser
drevil
drew
drew07
drew1
drew11
drew12
drew123
drew22
drew23
drewdrew
drewfuller
drexel
drexler
dribbel
dribble
drift
drifter
drifter1
drifting
driftking
driger
drika
drillteam
drink
drink1
drinker
drinking
drinks
driscoll
drive
driven
driver
driver1
driving
drizzle
drizzt
drlove
drogas
drogba
drogba11
drogheda
droopy
droopy1
dropdead
dropdead1
dropje
dropkick
droppie
drowning
drowssap
drowssap1
drpepper
drpepper1
drpepper12
drpepper2
drpepper23
drpepper7
drugfree
druglord
drugs
druhill
drumandbass
drumer
drumkit
drumline
drumline1
drummajor
drummer
drummer1
drummer2
drummerboy
drummergirl
drummers
drumming
drummond
drumnbass
drums
drums1
drumset
drumstick
drumsticks
drunk
drunk1
drusilla
dryden
dsadsa
dst1913
duality
duane
duane1
duarte
dubai
dubcity
dublin
dublin1
dublin22
dubois
ducati
duceduce
duchess
duchess1
duchovny
duck
duck12
duck123
duckduck
duckey
duckie
duckie1
duckie2
duckies
duckies1
duckling
duckman
ducks
ducks1
ducksrule
ducktape
ducky
ducky!
ducky1
ducky123
ducky13
ducky2
ducky7
duckys
duday
dude
dude01
dude1
dude101
dude11
dude12
dude123
dude1234
dude13
dude22
dude23
dudedude
dudeman
dudeman1
dudes
dudess
dudette
dudez
dudley
dudley1
dudong
dududu
duece1
duenas
duende
duffbeer
duffer
duffman
duffy
duffy1
duggan
duggie
dugong
dugyot
duh123
duhast
duhduh
duke
duke01
duke04
duke06
duke07
duke08
duke1
duke11
duke12
duke123
duke13
duke15
duke21
duke22
duke23
duke24
dukedog
dukeduke
dukers
dukes
dukesa
dukester
dulce
dulce maria
dulce1
dulce123
dulceamor
dulceata
dulcebeat
dulcem
dulcemaria
dulces
dulcesita
dulceteamo
dulcica
dulcik
dulcika
dulcinea
dulcita
duluth
dulzura
dumass
dumbass
dumbass!
dumbass1
dumbass2
dumbblonde
dumbdumb
dumbfuck
dumbledore
dumblonde
dumbo
dumbo1
dumbshit
dumdum
dumdum1
duminica
dumitru
dummie
dummies
dummy
dummy1
dumnezeu
dumplin
dumpling
dunamis
dunbar
duncan
duncan1
duncan21
duncanjames
dundalk
dundee
dundeefc
dundeeunited
dunfermline
dungeon
dunhill
dunia
dunker
dunkin
dunlap
dunlop
dunmore
dunno
dupont
dupont24
dupree
duque
duquesa
duracell
duran
durand
duranduran
durango
durango1
durano
durazno
durban
durere
durham
durian
durrell
dushi
duster
dustie
dustin
dustin!
dustin01
dustin05
dustin06
dustin07
dustin08
dustin1
dustin10
dustin11
dustin12
dustin123
dustin13
dustin14
dustin16
dustin18
dustin2
dustin21
dustin22
dustin23
dustin3
dustin4
dustin5
dustin69
dustine
dusty
dusty1
dusty12
dusty123
dusty2
dustydog
dustyn
dutch
dutch1
dutches
dutchess
dutchess1
dutchie
dutchy
duttywine
duval904
duvalin
duvan
dvdrom
dwade
dwade03
dwade3
dwaine
dwayne
dwayne1
dwayne3
dwaynewade
dwight
dwight1
dwyane
dwyanewade
dxdxdx
dyablo
dyamond
dyana
dyanna
dyanne
dyesebel
dylan
dylan!
dylan01
dylan02
dylan03
dylan04
dylan05
dylan06
dylan07
dylan08
dylan09
dylan1
dylan10
dylan101
dylan11
dylan12
dylan123
dylan1234
dylan13
dylan14
dylan143
dylan15
dylan16
dylan2
dylan2004
dylan2005
dylan2006
dylan2007
dylan21
dylan22
dylan23
dylan3
dylan4
dylan5
dylan6
dylan7
dylan8
dylan9
dylan99
dylana
dylanb
dylanc
dylanh
dylanj
dylanjames
dylanm
dylano
dylans
dylansprouse
dylant
dylanw
dyllan
dylon
dymond
dymond1
dynamic
dynamics
dynamite
dynamo
dynasty
dynasty1
dynomite
dyosa
e-mail
e12345
e123456
e1234567
e123456789
e3w2q1
eagle
eagle1
eagle2
eagle7
eagleeye
eagles
eagles01
eagles05
eagles06
eagles07
eagles08
eagles09
eagles1
eagles10
eagles11
eagles12
eagles123
eagles2
eagles20
eagles21
eagles22
eagles23
eagles24
eagles3
eagles36
eagles5
eagles7
eagles8
eamonn
earings
earnest
earnhardt
earnhardt3
earnhardt8
earnie
earring
earrings
earth
earth1
earthangel
earthquake
earvin
earwax
easports
east99
eastbay
eastcoast
eastend
eastenders
easter
easter1
easterbunny
eastern
eastern1
eastlake
eastman
easton
easton1
eastpak
eastside
eastside1
eastside13
eastside5
eastsyde
eastwest
eastwood
easy123
easyas123
easynote
easytiger
eathan
eating
eatme
eatme1
eatme2
eatme69
eatmenow
eatmeout
eatmyass
eatmyshorts
eatpussy
eatshit
eatshit1
eatshit2
eazy-e
eazye
ebenezer
ebonee
eboney
eboni
ebonie
ebony
ebony1
ebony123
ebony5
ecarg
ecaterina
echavez
echelon
echeverria
echizen
echoes
ecinaj
ecko72
eckored
eclair
eclipse
eclipse1
eclipse2
eclipse3
eclipse99
economia
economic
economics
ecstacy
ecstasy
ecuador
ecuador1
ecuatoriana
ecuatoriano
edcel
edcrfv
eddie
eddie01
eddie05
eddie06
eddie07
eddie1
eddie10
eddie12
eddie123
eddie13
eddie2
eddie21
eddie22
eddie23
eddie3
eddie5
eddie69
eddie7
eddieb
eddieg
eddies
eddy123
ededed
edelmira
edelweiss
edelyn
edenilson
ederlyn
ederteamo
edgar
edgar1
edgar12
edgar123
edgar13
edgar14
edgar15
edgar2
edgard
edgardo
edgarin
edgarito
edgars
edgarteamo
edgehead
edgewood
edhardy
edilberto
edilma
edilson
edilyn
edina
edinburgh
edinson
edison
edison1
edisonchen
edisson
edith
edith1
editha
edition
editor
edlyn
edmar
edmark
edmon
edmond
edmonds
edmonton
edmund
edmundo
ednalyn
ednita
edogawa
edralyn
edrian
edrick
edsel
edson
eduar
eduard
eduarda
eduardito
eduardo
eduardo1
eduardo10
eduardoteamo
educacion
educadora
education
education1
edwar
edward
edward!
edward01
edward1
edward11
edward12
edward123
edward13
edward14
edward17
edward2
edward21
edward22
edward23
edward3
edward4
edward5
edward69
edward7
edwardcullen
edwardelric
edwardo
edwards
edwards1
edwin
edwin1
edwin12
edwin123
edwin13
edwina
edwins
edwinteamo
edzel
eeeee
eeeeee
eeeeeee
eerised
eeyore
eeyore01
eeyore06
eeyore1
eeyore11
eeyore12
eeyore123
eeyore13
eeyore14
eeyore2
eeyore22
eeyore3
eeyore4
eeyore5
eeyore69
eeyore7
efelante
effect
efraim
efrain
efrain1
efren
efron
eggbert
eggegg
egghead
egghead1
eggman
eggnog
eggplant
eggroll
egipto
egroeg
egypt
egypt1
egyptian
eheads
ehmjhay
eiffel
eight
eight08
eight8
eight888
eightball
eighteen
eighteen18
eights
eighty
eighty8
eihpos
eilatan
eileen
eileen1
eilidh
eilish
eilsel
eimear
einahpets
einalem
eindhoven
einjel
einjhel
einnor
einstein
einstein1
eircom
eircom1
eire32
eireann
eirini
eissej
ejercito
ekaterina
ekonomi
ekoorb
el amor
el3men2
eladio
elaina
elaine
elaine1
elaine12
elaine2
elaine21
elaiza
elamor
elamor1
elamorapesta
elamordemivida
elamorduele
elamoresbello
elamoreslindo
elamorexiste
elamornoexiste
elangel
elanor
elantra
elayne
elbaby
elbambino
elbarto
elbebe
elbert
elcamino
elcangri
elcangry
elcartel
elchavo
elchino
elchulo
elcuervo
elder
eldest
eldiablo
eldorado
eldridge
eldulce
elduro
eleai
eleai123
eleai2024
eleai2025
eleai2026
eleai888
eleana
eleanor
eleanor1
eleazar
electra
electric
electric1
electrical
electricidad
electricity
electro
electron
electronic
electronica
electronico
electronics
electronik
elefant
elefante
elegance
elegant
elegante
elektra
elektro
element
element1
element12
element123
element13
element2
element3
element5
element7
elemental
elementary
elemento
elements
elena
elena1
elena123
elenaa
elenas
eleni
elenita
elenor
elenutza
eleonor
eleonora
elephant
elephant!
elephant1
elephant123
elephant2
elephant3
elephant4
elephant7
elephants
elephants1
elephunk
elessar
elevation
elevator
eleven
eleven11
elexis
elfather
elfenlied
elflaco
elfuerte
elgato
elgordo
elguapo
eli123
elian
eliana
eliane
elianita
elianna
elianny
elias
elias1
elias123
eliazar
elida
elie3173
eliel
elieli
eliezer
eligio
elijah
elijah01
elijah02
elijah03
elijah04
elijah05
elijah06
elijah07
elijah08
elijah1
elijah11
elijah12
elijah123
elijah13
elijah2
elijah21
elijah3
elijah4
elijah7
elijahwood
elimar
elina
eline
elinor
eliot
elisa
elisa1
elisabet
elisabeta
elisabete
elisabeth
elisabeth1
elise
elise1
eliseo
elisha
elisha1
elisita
elissa
elita
elite
elite1
eliteamo
elixir
eliza
eliza1
elizab
elizabet
elizabeth
elizabeth!
elizabeth.
elizabeth0
elizabeth01
elizabeth06
elizabeth1
elizabeth10
elizabeth11
elizabeth12
elizabeth123
elizabeth13
elizabeth14
elizabeth15
elizabeth16
elizabeth2
elizabeth21
elizabeth22
elizabeth3
elizabeth4
elizabeth5
elizabeth6
elizabeth7
elizabeth8
elizabeth9
elizalde
elizer
elizondo
eljay
eljefe
eljhay
eljohn
ella12
ella123
ellabella
ellada
ellaella
ellagrace
ellah
ellaine
ellajane
ellalouise
ellamae
ellamarie
ellamay
ellarose
ellehcar
ellehcim
ellehcor
elleinad
ellen
ellen1
ellen123
ellena
ellenaj
elleon
ellery
ellesse
elliana
ellice
ellie
ellie01
ellie05
ellie06
ellie07
ellie1
ellie12
ellie123
ellie2
ellie3
elliebelly
elliemae
elliemai
elliemay
ellierose
ellies
ellimac
ellington
elliot
elliot1
elliott
elliott1
ellipsis
ellis
ellis1
ellise
ellison
ellobo
elloco
elloello
ellsworth
elmago
elmar
elmaravilloso
elmasguapo
elmaster
elmatador
elmejor
elmenor
elmer
elmer1
elmers
elmhurst
elmira
elmismo
elmo
elmo06
elmo07
elmo08
elmo1
elmo10
elmo101
elmo11
elmo12
elmo123
elmo1234
elmo13
elmo14
elmo15
elmo16
elmo17
elmo21
elmo22
elmo23
elmo24
elmo69
elmo88
elmoelmo
elmolover
elmore
elmorocks
elmorox
elmosworld
elmwood
elnegro
elnene
elnene1
elnino
elocin
elocin1
elodia
elodie
elohim
eloisa
eloise
eloiza
elouise
elpadrino
elpapi
elpaso
elperro
elphaba
elpidio
elpollo
elrey
elrico
elsalvador
elsanto
elshaddai
elsie
elsie1
elsita
elsker
eltigre
elton
eltonjohn
eltoro
elunico
elvia
elvie
elvin
elvina
elvira
elvira1
elvis
elvis01
elvis1
elvis12
elvis123
elvis13
elvis2
elvis3
elvis77
elvislives
elvisp
elvispresley
elviss
elvita
elway7
elwood
elwood1
elyana
elyse
elysha
elysia
elyssa
elzorro
em1234
emachine
emachines
emachines1
email
email1
emailku
emailme
emails
emalee
emalyn
emancipation
emanuel
emanuel1
emanuela
emanuele
emanuelle
emarie
embassy
ember
embrace
emekanan
emelda
emelec
emelia
emelie
emelin
emelina
emeline
emelita
emely
emely1
emelyn
ememem
emenem
emerald
emerald1
emeralds
emergency
emerica
emerica1
emerita
emerson
emerson1
emery
emery1
emile
emilee
emilee1
emili
emilia
emilia1
emilian
emiliana
emiliano
emilie
emilija
emilio
emilio1
emilita
emilito
emilly
emily
emily!
emily01
emily02
emily03
emily04
emily05
emily06
emily07
emily08
emily1
emily10
emily101
emily11
emily12
emily123
emily1234
emily13
emily14
emily15
emily16
emily17
emily18
emily2
emily2007
emily21
emily22
emily23
emily3
emily4
emily5
emily6
emily7
emily8
emily9
emily93
emilya
emilyann
emilyanne
emilyb
emilyc
emilyd
emilyg
emilygrace
emilyh
emilyj
emilyjane
emilyk
emilym
emilymarie
emilyn
emilyp
emilyr
emilyrose
emilys
emilyt
emilyw
emin3m
eminem
eminem!
eminem.
eminem01
eminem1
eminem10
eminem11
eminem12
eminem123
eminem13
eminem14
eminem15
eminem16
eminem17
eminem2
eminem21
eminem22
eminem23
eminem3
eminem4
eminem5
eminem6
eminem69
eminem7
eminem8
eminem9
eminemd12
eminen
eminescu
emirates
emita
emjay
emjhay
emma
emma01
emma02
emma03
emma04
emma05
emma06
emma07
emma08
emma1
emma10
emma11
emma12
emma123
emma1234
emma13
emma14
emma15
emma16
emma17
emma18
emma2004
emma2005
emma2006
emma2007
emma21
emma22
emma23
emmaemma
emmagrace
emmajane
emmajean
emmajo
emmakate
emmalee
emmalee1
emmaleigh
emmalou
emmalouise
emmalyn
emmamarie
emman
emmanuel
emmanuel1
emmanuelle
emmarose
emmas
emmawatson
emmaxx
emmerdale
emmers
emmerson
emmett
emmett1
emmie
emmie1
emmita
emmitt
emmitt22
emmy12
emmylou
emo101
emo123
emo1234
emo4ever
emo4life
emo666
emoako
emoangel
emobitch
emoboy
emoboys
emochick
emocion
emocional
emociones
emocore
emocute
emoemo
emoemo1
emoemoemo
emoforever
emofreak
emoghurl
emogirl
emogirl1
emogoth
emogurl
emoheart
emoislove
emokid
emokid1
emokid13
emokids
emolife
emolove
emolove1
emolover
emolovers
emoluv
emoness
emoney
emopink
emoprincess
emopunk
emopunks
emopunkz
emorej
emorock
emorocker
emorocks
emosrock
emostar
emosucks
emotera
emotion
emotional
emotions
emoxa
emoxita
emperador
emperatriz
emperor
empire
empire1
empires
emporio
empoy
empress
empress1
empty
emyeuanh
enaira
enamorada
enamorado
enamorados
enana
enanita
enanito
enano
enanos
encantada
encantadia
encanto
encarnacion
encarta
enchanted
enchiladas
enchong
encinas
encore
encyclopedia
endang
ender
ending
endless
endless1
endlesslove
endurance
enedina
eneida
enelra
enemy
energetic
energia
energie
energizer
energy
energy1
enero
enero1
enero12
enero20
enero21
enero22
enero25
enfermagem
enfermeira
enfermera
enfermeria
enforcer
engage
engaged
engel
engelbert
engelchen
engels
engeltje
engeng
engine
engine1
engineer
engineering
england
england06
england07
england1
england11
england123
england1966
england2
england66
england7
engleza
english
english1
engracia
eniale
eniger
enigma
enigmatic
enilorac
enimsaj
eninaj
eniola
enitsirk
enjoy
enjoylife
enmanuel
ennaid
ennaira
ennaoj
ennaxor
ennovi
ennovy
enough
enrico
enrike
enrique
enrique1
enrique123
enriqueiglesias
enriqueta
enriquez
enrrique
ensenada
enteng
enter
enter1
enter123
enterme
enternow
enterprise
enters
entersandman
entertainment
entrada
entrar
envelope
envious
environment
envision
envyme
enzoferrari
eoghan
epa650
epalka
ephraim
epifania
epifanio
epiphany
epiphone
eponine
epsilon
epson
epson1
equilibrium
equinox
eragon
eragon1
erandi
erandy
eraser
eraserheads
erasmo
erasmus
erendira
ererer
ereselamordemivida
eresespecial
eresgenial
ereslamejor
ereslomaximo
ereslomejor
eresmiamor
eresmio
eresmivida
eressuper
erestodoparami
erestu
erialc
eriberto
eric
eric01
eric03
eric04
eric05
eric06
eric07
eric08
eric09
eric1
eric10
eric11
eric12
eric123
eric1234
eric13
eric14
eric143
eric15
eric16
eric17
eric18
eric19
eric20
eric21
eric22
eric23
eric24
eric25
eric27
eric69
eric88
erica
erica1
erica11
erica12
erica123
erica13
erica18
erica2
erica21
erica22
erica23
erica3
ericah
ericalynn
ericam
ericas
ericeira
erich
ericjames
ericjohn
ericjr
erick
erick1
erick12
ericka
ericka1
ericko
ericks
erickson
erickteamo
ericlee
ericson
ericsson
ericteamo
erik
erik12
erik123
erik13
erika
erika07
erika1
erika10
erika12
erika123
erika13
erika14
erika15
erika16
erika2
erika22
erika23
erikaa
erikah
erikam
erikas
erikateamo
erikita
erikka
erikson
erikteamo
erin
erin01
erin07
erin1
erin12
erin123
erin22
erinerin
erinmarie
eritrea
erlangga
erlina
erlinda
erlyn
ermelinda
ermosa
ernest
ernest1
ernestina
ernestine
ernesto
ernesto1
ernie
ernie1
erotic
erotica
erreway
errol
error
erskine
ertyui
ervin
ervina
erwin
erwins
erykah
escada
escaflowne
escala
escalade
escalade1
escalante
escalera
escalibur
escalona
escamilla
escape
escape1
escapethefate
escarabajo
escarlata
escoba
escobar
escobar1
escobedo
escola
escondido
escorpiao
escorpio
escorpion
escort
escritorio
escudero
escudo
escuela
escuteiros
esdras
esguerra
esined
esiuol
eskimo
eskimo1
esmee
esmeralda
esmeralda1
esmeraldas
espacio
espada
espana
espanha
espanhol
espanol
espanola
espartaco
esparza
españa
especial
espejo
espera
esperanca
esperance
esperansa
esperanza
esperanza1
espero
espina
espinal
espino
espinosa
espinoza
espiral
espirito
espiritu
espiritusanto
espoir
esponja
esposa
esposito
esposo
espresso
esprit
espuma
esquire
esquivel
essence
essence1
essendon
essential
essie
estadosunidos
estanislao
estar
estate
esteban
esteban1
estefa
estefani
estefania
estefanie
estefanny
estefano
estefany
estefi
estefy
estela
esteli
estelita
estella
estelle
estelle1
estephanie
estephany
ester
estera
estevan
esteven
esteves
esthela
esther
esther1
estigma
estilista
estilo
estiven
estong
estopa
estoyenamorada
estoyloca
estrada
estrada1
estrela
estrelas
estrelinha
estrelita
estrella
estrella1
estrella12
estrella123
estrella13
estrella15
estrella2
estrella5
estrella7
estrellaazul
estrellada
estrellademar
estrellafugaz
estrellas
estrellita
estrellitas
estrellota
estreya
estreyita
estuar
estuardo
estudante
estudiante
estudiar
estudio
estudiosa
estupida
estupido
estupidos
eszter
etelvina
eternal
eternal1
eternallove
eternamente
eternel
eternidad
eternity
eternity1
eterno
ethan
ethan01
ethan02
ethan03
ethan04
ethan05
ethan06
ethan07
ethan08
ethan1
ethan12
ethan123
ethan13
ethan2
ethan22
ethan3
ethan4
ethan5
ethan7
ethan99
ethanb
ethanj
ethanjames
ethanlee
ethanm
ethans
ethel
ethiopia
etienne
etnies
etnies1
etoile
eucalipto
euclid
eueueu
euforia
eugen
eugene
eugene1
eugenia
eugenie
eugenio
eugine
eulalia
eulogio
eumeamo
eumesma
eumesmo
eunice
eunice1
euphoria
eureka
eureka7
eurica
eurika
europa
europe
eusebio
eusitu
eusoueu
eusunt
euteamo
euzinha
eva123
evaeva
evaluna
evamaria
evamarie
evan
evan01
evan06
evan07
evan11
evan123
evander
evandro
evanescence
evangelina
evangeline
evangelio
evangelion
evangelista
evans
evans1
evaristo
eve123
eveeve
evelia
evelien
evelin
evelina
eveline
eveling
evelyn
evelyn1
evelyn2
evelyne
evelynn
evenflow
evening
evenstar
everafter
everardo
everclear
everest
everett
everett1
everette
evergirl
evergreen
evergreen1
everlast
everlasting
everlong
everly
evermore
everquest
everton
everton1
everton123
evertonfc
everwood
every1
everybody
everyday
everyone
everything
everytime
evesham
evette
evil123
evil13
evil666
evilangel
evilbitch
evilclown
evildead
evileye
evilgirl
evilmonkey
evilone
evita
evolucion
evolution
evolution1
evolution8
evonne
ewanko
ewankoba
ewankoh
ewankosau
ewankosayo
examen
example
excalibur
excelente
excellence
excellent
excelsior
exchange
excite
exciting
exclusive
executive
exequiel
exercise
exeter
exito
exitos
exitosa
exodia
exodus
exotic
exotic1
exotica
expedition
expensive
experience
expert
explicit
explode
exploited
explore
explorer
explorer1
explosion
explosive
export
expose
express
express1
expression
extacy
extasis
extasy
extra
extraordinary
extraterestru
extraterrestre
extravaganza
extrem
extreme
extreme1
extremo
eye2eye
eyeball
eyeballs
eyebrow
eyecandy
eyelash
eyelashes
eyeless
eyeliner
eyeore
eyeshadow
eyeshield
eyeshield21
eyesonme
ezekiel
ezekiel1
ezequiel
f00tba11
f00tball
f0rever
f12345
f123456
f1f2f3f4
f22raptor
fabfive
fabian
fabian1
fabiana
fabiano
fabianteamo
fabien
fabienne
fabinho
fabio
fabio1
fabiola
fabiola1
fabiolita
fabiruchis
fabis
fabita
fabito
fabolous
fabolous1
fabregas
fabregas4
fabri
fabrice
fabricio
fabrizio
fabrizzio
fabulosa
fabuloso
fabulous
fabulous1
fabulus
fabys
face2face
facebook
facebook1
facedown
faceoff
facil
fackyou
factor
factoria
factory
facultate
facundo
fadetoblack
fadhil
fadhilah
fadiga
fadila
fadilah
fadinha
faerie
faeries
faezah
fafafa
fagaras
fagget
fagget1
faggot
faggot1
fahad
fahima
fahmi
fahmie
fahrenheit
faifai
failure
fairbanks
fairfax
fairfield
fairies
fairies1
fairlady
fairmont
fairuz
fairview
fairy
fairy1
fairy123
fairy7
fairycakes
fairydust
fairyfloss
fairygirl
fairyland
fairyprincess
fairys
fairytale
fairytales
fairytopia
faisal
faisca
faith
faith01
faith02
faith03
faith04
faith05
faith06
faith07
faith08
faith1
faith10
faith101
faith11
faith12
faith123
faith13
faith14
faith19
faith2
faith2006
faith21
faith22
faith23
faith3
faith4
faith5
faith7
faith77
faith777
faith8
faith88
faith9
faithe
faithful
faithful1
faithfull
faithfully
faithhill
faithingod
faithless
faiths
faithy
faizah
faizal
faizan
faizul
fajar
fajardo
fake123
falcao
falcon
falcon1
falcon7
falconer
falcons
falcons1
falcons7
falkirk
falkirkfc
fallback
fallen
fallen1
fallenangel
fallforyou
fallin
falling
falling1
fallinlove
fallon
fallon1
fallout
fallout1
falloutboy
falloutboys
falmouth
fambam
famela
famili
familia
familia1
familia5
familias
familie
families
famille
family
family!
family#1
family.
family01
family03
family04
family05
family06
family07
family08
family1
family10
family101
family11
family12
family123
family13
family14
family1st
family2
family21
family3
family4
family4ever
family5
family6
family7
family8
family9
family99
familyfirst
familyguy
familyguy1
familyguy2
familylove
familyof3
familyof4
familyof5
familys
famosa
famoso
famous
famous1
famous12
famous123
famous13
famous2
famous3
famous5
fanatic
fanclub
fancy
fancy1
fancyface
fancypants
fandango
fanfan
fanget
fangfang
fanica
fanita
fanni
fannie
fanning
fanny
fanny1
fannys
fanta
fanta1
fantabulous
fantacy
fantas
fantasi
fantasia
fantasia1
fantasma
fantastic
fantastic1
fantastic4
fantastico
fantasy
fantasy1
fantasy7
fantom
fantoma
fantomas
fanyteamo
faraday
farah
farah1
farahin
faraon
faraparola
faraway
farcry
fardeen
fareed
farewell
farfalla
farfan
farfar
farhad
farhan
farhana
farhanah
farias
farid
farida
faridah
faride
faries
fariha
farihah
farina
faris
farisha
fariz
fariza
farkas
farley
farmacia
farmasi
farmboy
farmer
farmer1
farmers
farmgirl
farmhouse
farming
farmington
farouk
farout
farrah
farrel
farrell
farren
farris
farrusco
farscape
farside
fart
fart123
farted
farter
fartface
fartfart
farthead
farting
fartknocker
fartman
farts
farzana
fashion
fashion1
fashion101
fashion12
fashion123
fashion2
fashion5
fashion7
fashiongirl
fashionista
fashon
fasion
fasole
fastball
fastcar
fastcar1
fastcars
faster
faster1
fastfood
fastlane
fastpitch
fat123
fatalbert
fatality
fatass
fatass1
fatass2
fatbaby
fatbastard
fatbitch
fatboi
fatboy
fatboy1
fatboy12
fatboy123
fatboy2
fatboy7
fatboyslim
fatcat
fatcat1
fatcow
fatdaddy
fatdog
fatema
fatface
fatfat
fatfat1
fatfrog
fatgirl
fatgirl1
fatguy
fathead
fathead1
father
father1
fatherted
fathima
fathin
fatihah
fatima
fatima1
fatima123
fatimah
fatime
fatimita
fatin
fatinha
fatjoe
fatkid
fatlard
fatlip
fatlouie
fatma
fatmama
fatman
fatman1
fatness
fatone
fatoumata
fatpig
fatpussy
fatrat
fatshit
fatso
fatso1
fattie
fatty
fatty1
fatty12
fatty123
fatty2
fattygirl
fattys
fatuma
fatyma
faulkner
faustina
faustino
fausto
fauzan
fauzi
fauzia
fauziah
favian
favio
faviola
favored
favorite
favorite1
favorites
favoritos
favour
favourite
favre4
fawkes
fayefaye
fayfay
fcbarca
fcbarcelona
fcdinamo
fcporto
fcsteaua
fcukme
fcukyou
fearfactor
fearless
fearless1
fearme
fearnot
feather
feather1
feathers
feb14
feb1991
feb1992
feb2006
febbie
febrero
febrero14
febrero22
febreze
febrian
febrina
februari
februarie
february
february1
february10
february12
february14
february15
february16
february17
february18
february19
february2
february20
february21
february22
february23
february24
february25
february27
february28
february5
february6
february7
february9
febuary
fecioara
federal
federation
federer
federica
federico
fedex
fedora
feebee
feedback
feeder
feedme
feefee
feehily
feelgood
feeling
feelings
feelme
feifei
feilunhai
fekete
felecia
felice
felices
felicia
felicia1
feliciana
feliciano
felicidad
felicidade
felicidades
felicita
felicitas
felicity
felicity1
felina
feline
felino
felinos
felipa
felipe
felipe1
felipeteamo
felipito
felisa
felisha
felito
felix
felix01
felix1
felix12
felix123
felix2
felixcat
felixs
felixthecat
felixx
feliz
feliza
feliznavidad
fellas
fellowes
fellowship
felony
felton
female
female1
females
femeie
femmes
fencing
fender
fender1
fender2
fendi
fenerbahce
fenerbahce1907
fenglanjs
fenglanjs123
fenglanjs2024
fenglanjs2025
fenglanjs2026
fenglanjs888
fengshui
fenix
fenomeno
fenrir
fenton
fenway
fer123
ferari
ferarri
fercha
ferchis
ferchita
ferchito
fercho
ferdi
ferdie
ferdinan
ferdinand
ferdy
ferfer
fergal
fergalicious
fergie
fergie1
fergus
ferguson
ferhat
ferias
fericire
ferlyn
fermanagh
fermin
fermina
ferna
fernan
fernand
fernanda
fernanda1
fernandes
fernandez
fernandez1
fernandita
fernandito
fernando
fernando1
fernando12
fernando2
fernandoteamo
fernandotorres
ferndale
ferney
ferni
fernie
fernwood
ferny
ferrari
ferrari1
ferrari2
ferrari360
ferrarienzo
ferrarif430
ferrarif50
ferrary
ferreira
ferrell
ferrer
ferrero
ferret
ferret1
ferrets
ferris
ferrocarril
ferry
ferteamo
fester
festival
festus
fetish
fetita
fever
fevereiro
feyenoord
feyenoord1
fffff
ffffff
fffffff
ffffffff
fghjkl
fhaye
fiance
fiatpunto
fibonacci
fickdich
ficken
fiction
fiddle
fiddler
fiddlesticks
fidel
fidele
fidelia
fidelidad
fidelina
fidelio
fidelis
fidelity
fidget
fidodido
fieldhockey
fields
fierce
fierro
fiesta
fiesta1
fiestas
fiesty
fietsbel
fifa06
fifa07
fifa08
fifa09
fifa2006
fifa2007
fifa2008
fifastreet
fifi123
fififi
fifita
fifteen
fifteen15
fifty50
fiftycent
figaro
figaro1
fight
fight1
fightclub
fighter
fighter1
fighters
fighting
fights
fightstar
figjam
figment
figo10
figueira
figueiredo
figueroa
figura
figure
figure8
fijian
filadelfia
filbert
filhas
filhodaputa
filhos
filhota
filhote
filhotes
filiberto
filip
filipa
filipe
filipina
filipinas
filipinha
filipino
filipino1
filipo
filippo
fillmore
filomena
filomeno
filosofia
filter
filthy
fimbles
final
final1
finale
finalfantasy
finalfantasy7
finally
finally1
finance
finance1
finbar
finch
finder
finding
findingnemo
findlay
findme
findus
finearts
fineass
fineboy
finesse
finest
finest1
finger
finger1
finger11
fingernail
fingernails
fingers
fingers1
fingertips
finglas
finish
finished
finisterra
finland
finlandia
finlay
finley
finnegan
finney
finnigan
fiona
fiona1
fiona123
fionita
fionna
fiore
fiorela
fiorelita
fiorella
fiorellita
fiorentina
firdaus
fire
fire11
fire12
fire123
fire13
fire22
fire666
fire69
fire911
fireandice
fireangel
fireball
fireball1
firebird
firebird1
fireblade
firebolt
fireboy
firebug
firecracker
firedog
firedragon
firefighter
firefire
fireflies
firefly
firefly1
firefox
firegirl
fireheart
firehouse
fireice
fireman
fireman1
fireman2
firemansam
firemen
firenze
fireplace
firered
fires
firestar
firestarter
firestone
firestorm
firetrap
firetruck
firewall
firewater
firework
fireworks
firman
first
first1
firstbase
firstblood
firstborn
firstclass
firstkiss
firstlady
firstlove
firsttime
firulais
fischer
fish
fish11
fish12
fish123
fish1234
fish22
fishandchips
fishbone
fishbowl
fishcake
fishcakes
fisher
fisher1
fisherman
fishes
fishes1
fishey
fishface
fishfingers
fishfish
fishfood
fishhead
fishie
fishies
fishin
fishing
fishing1
fishing123
fishlips
fishman
fishnchips
fishon
fishstick
fishsticks
fishtank
fishtank1
fishy
fishy1
fishy123
fishys
fisica
fisika
fisioterapia
fitboys
fitch
fitch1
fitness
fitness1
fitri
fitria
fitzgerald
fitzpatrick
fitzroy
fiufiu
five
five05
five5
five55
fivefive
fivekids
fives
fivestar
fixme
fizzle
fizzle1
fizzy
fizzypop
fl0wer
flaca
flaca1
flaca123
flaca13
flacas
flaco
flaco1
flacos
flaka
flaka1
flakes
flakis
flakiss
flakita
flakita1
flakito
flako
flame
flame1
flameboy
flamenco
flamengo
flamer
flames
flames1
flamez
flaming
flamingo
flamingo1
flamingos
flanagan
flanders
flange
flanker
flapjack
flapper
flappie
flappy
flaquis
flaquita
flaquito
flash
flash1
flash123
flash3
flashback
flashdance
flasher
flashes
flashlight
flashman
flashy
flatbush
flatron
flauta
flavia
flavio
flaviu
flavius
flavor
flavour
flawless
flawless1
fleabag
flecha
fleetwood
fleming
fletch
fletcher
fletcher1
fleur
fleurs
fleurtje
flexible
flick
flicka
flicker
flight
flinstone
flinstones
flint
flintoff
flintstone
flip
flip123
fliper
flipflop
flipflop1
flipflops
flipmode
flipper
flipper1
flippers
flippin
flippy
flipside
flirt
flirt1
flirting
flirts
flirty
flirty1
flixster
floare
floarea
floflo
floortje
flopper
floppsy
floppy
floppy1
flopsy
flopsy1
flora
floral
floramae
florance
florante
florbela
florcita
flordeliz
flordeliza
flordeloto
flordeluna
flordemaria
flore
florea
florecita
florecitas
floren
florence
florence1
florencia
florencio
florendo
florent
florentin
florentina
florentino
flores
flores1
floresita
floresta
florez
flori
florian
floriana
floribela
floribella
florica
floricel
floricele
floricica
floricienta
floricik
florida
florida06
florida07
florida08
florida1
florida11
florida12
florida123
florida2
florida3
florida4
florida5
florida7
florie
florin
florina
florinda
florinel
florinsalam
floripondia
floris
florita
flormaria
flory
floryn
florzinha
floss
flossie
flossy
flossy1
flounder
flower
flower!
flower.
flower01
flower05
flower07
flower09
flower1
flower10
flower101
flower11
flower12
flower123
flower13
flower14
flower15
flower16
flower17
flower18
flower2
flower21
flower22
flower23
flower24
flower26
flower3
flower4
flower5
flower6
flower69
flower7
flower77
flower8
flower9
flower99
flowerchild
flowergirl
flowerhorn
flowerpot
flowerpower
flowers
flowers!
flowers1
flowers12
flowers123
flowers2
flowers3
flowers4
flowers5
flowers7
flowerss
flowerz
floyd
floyd1
flubber
fluff
fluffball
fluffer
fluffy
fluffy!
fluffy01
fluffy1
fluffy10
fluffy11
fluffy12
fluffy123
fluffy13
fluffy2
fluffy22
fluffy3
fluffy4
fluffy5
fluffy7
fluffybunny
fluke
flurry
flushing
flute
flute1
flutes
flutter
flutterby
fluturas
fluturash
fluture
fly123
flyaway
flyboy
flyboy1
flyers
flyers1
flyff
flyfly
flygirl
flygirl1
flygurl
flyguy
flyhigh
flying
flyleaf
flynn
fob123
focker
fockyou
focus
focus1
focused
fodase
fodasse
fodbold
fofinha
fofinho
fofita
fofucha
fofuxa
foilole
folder
folgers
follow
followme
fonfon
fonseca
fontaine
fontana
fontanilla
fonzie
food
food12
food123
foodfood
foodisgood
foodlion
foods
foofighters
foofoo
foofoo1
foolish
foolish1
foosball
footbal
football
football!
football#1
football.
football0
football01
football05
football06
football07
football08
football09
football1
football10
football101
football11
football12
football123
football13
football14
football15
football16
football17
football18
football19
football2
football20
football21
football22
football23
football24
football25
football26
football27
football28
football3
football30
football31
football32
football33
football34
football4
football42
football44
football45
football4life
football5
football51
football52
football53
football54
football55
football56
football6
football65
football66
football69
football7
football72
football75
football77
football8
football80
football81
football85
football88
football89
football9
football93
football94
football95
football96
football99
footballcrazy
footballer
footballmad
footballs
foothill
footie
footiemad
footlocker
footloose
footprint
footprints
footy
footy1
footymad
forbes
forbidden
forbidden1
force
force1
forces
ford01
ford12
ford123
ford150
ford250
ford69
fordescort
fordf150
fordf250
fordf350
fordfiesta
fordfocus
fordgt
fordgt40
fordham
fordka
fordmustang
fordranger
fordtruck
fordtrucks
foreman
forensic
forensics
foreplay
forest
forest1
forester
forestry
foreva
forever
forever!
forever.
forever01
forever07
forever08
forever1
forever10
forever11
forever12
forever123
forever13
forever14
forever15
forever16
forever17
forever18
forever19
forever2
forever21
forever22
forever23
forever24
forever27
forever29
forever3
forever4
forever5
forever6
forever69
forever7
forever8
forever9
foreverandever
foreverfriends
foreverhis
foreverinlove
foreverlove
foreverme
forevermore
forevers
foreveru
foreveryou
foreveryoung
foreveryours
forfun
forget
forget1
forgetful
forgetful1
forgetit
forgetme
forgetmenot
forgive
forgive1
forgiveme
forgiven
forgiven1
forgiveness
forgot
forgot1
forgotit
forgotten
forgotten1
forhim
forklift
forlife
forlove
format
forme
formiga
formosa
formula
formula1
formule1
forreal
forrest
forrest1
forsaken
forsaken1
forsberg
forsure
forsyth
fortaleza
fortes
fortis
fortitude
fortminor
fortress
fortuna
fortunata
fortunato
fortune
fortzasteaua
forward
foryou
forzamilan
forzaroma
forzasteaua
foshizzle
fosho
fosho1
fossil
fossil1
foster
foster1
fosters
fotbal
fotbalistu
fotbalistul
fotball
fotitos
fotografia
fotografias
fotos
foufou
foundation
founder
fountain
four
four20
four44
fourboys
fourever
fourfour
fourkids
fourteen
fourteen14
fourth
fourtwenty
fowler
fox123
foxfire
foxfox
foxgirl
foxglove
foxhound
foxmulder
foxracer
foxracing
foxracing1
foxtrot
foxtrot1
foxxie
foxxy
foxy
foxy12
foxy123
foxybabe
foxybrown
foxygirl
foxylady
foxylady1
foxymama
foxyroxy
foxyroxy1
fozzie
fr0ggy
fr1ends
fr33d0m
fr33dom
fracture
fraggle
fragil
fragile
fragola
fragolina
fraier
fraiere
fraise
frambuesa
frames
fran123
franc
franca
francais
france
france1
francene
frances
frances1
frances2
francesca
francesca1
francesco
francess
franceza
franche
franchesca
franchesco
francheska
franchise
franci
francia
francie
francine
francis
francis1
francisca
francisco
francisco1
francism
francito
franciz
franck
francky
franco
franco1
francois
francoise
francy
frangipani
frank
frank1
frank12
frank123
frank13
frank2
frank3
franka
frankee
frankenstein
frankfurt
franki
frankie
frankie!
frankie06
frankie1
frankie12
frankie123
frankie13
frankie2
frankie21
frankie3
frankie4
frankie7
frankie8
frankiej
frankiej1
frankiero
frankito
franklampard
franklin
franklin1
franklyn
franko
franks
franky
franky1
frannie
franny
franny1
franquito
frans
fransisca
fransisco
fransiska
franta
frantic
frantz
franz
franzel
franzi
fraser
fraser1
frasier
fratelo
fraternity
frazer
frazier
frazier1
frazzle
freak
freak1
freak101
freak12
freak123
freak2
freak23
freak3
freak69
freak7
freakaleak
freakazoid
freakboy
freaker
freakgirl
freakin
freakish
freakme
freaknasty
freako
freakonaleash
freakout
freaks
freakshow
freaky
freaky1
freaky2
freaky69
freakygirl
freakz
freckle
freckles
freckles1
fred
fred01
fred07
fred11
fred12
fred123
fred1234
fred13
fred20
fred22
freda
fredd
fredderf
freddi
freddie
freddie1
freddie8
freddo
freddog
freddurst
freddy
freddy1
freddy12
freddy123
freddy13
freddy2
freddy5
frederic
frederick
frederick1
frederico
frederik
fredfred
fredie
fredo
fredperry
fredric
fredrick
fredrick1
fredrik
fredy
fredy1
free
free11
free12
free123
free13
free23
free2bme
free2rhyme
free4all
freeatlast
freebie
freebird
freebird1
freed0m
freedom
freedom!
freedom01
freedom05
freedom06
freedom07
freedom08
freedom1
freedom12
freedom123
freedom2
freedom21
freedom22
freedom3
freedom4
freedom5
freedom69
freedom7
freedoms
freedy
freefall
freefree
freek
freekaleek
freeky
freelance
freelancer
freeland
freelife
freelove
freemail
freeman
freeman1
freeme
freeport
freeride
freesex
freesia
freespirit
freestuff
freestyle
freestyle1
freestyler
freetempo
freetibet
freetime
freetown
freeway
freeway1
freewill
freewilly
freeze
freezer
freezy
freiheit
freind
freinds
freitas
fremont
french
french1
frenchfries
frenchfry
frenchhorn
frenchie
frenchkiss
frenchtoast
frenchy
frenchy1
frend
frends
frendz
frenship
frenz
frenz4eva
frenzy
frequency
fresa
fresa1
fresas
fresasconcrema
fresca
fresco
fresh
fresh1
fresh12
fresh123
fresh2
fresh2death
fresh2def
freshman
freshman09
freshman1
freshmen
freshness
freshy
fresia
fresita
fresita1
fresitas
fresno
fresno1
fresno559
fresona
freunde
freya
freya1
freyja
frias
frida
frida1
fridas
friday
friday1
friday13
fridays
fridge
fridita
frieda
friedchicken
friedrice
friend
friend1
friend12
friend123
friend2
friend3
friend4ever
friend5
friendforever
friendly
friendly1
friends
friends!
friends.
friends01
friends06
friends07
friends08
friends09
friends1
friends10
friends101
friends11
friends12
friends123
friends13
friends14
friends15
friends18
friends2
friends21
friends22
friends23
friends24
friends3
friends4
friends4eva
friends4ever
friends4life
friends5
friends6
friends7
friends8
friends9
friendsforever
friendship
friendss
friendster
friendz
fries
frigider
frijol
frijoles
frijolito
frikandel
fringe
frisbee
frisco
frisco1
frisco415
friska
friskey
friskie
frisky
frisky1
fritos
fritz
fritz1
fritzi
fritzie
fritzy
frizzle
frizzy
frodo
frodo1
frog
frog11
frog12
frog123
frog1234
frog13
frog22
frog23
frog69
froger
frogface
frogfrog
frogger
frogger1
frogger2
froggers
froggie
froggie1
froggies
froggies1
froggirl
froggs
froggy
froggy!
froggy1
froggy101
froggy11
froggy12
froggy123
froggy13
froggy2
froggy21
froggy22
froggy23
froggy3
froggy4
froggy5
froggy69
froggy7
froggy8
froggys
frogie
froglegs
froglegs1
froglover
frogman
frogprince
frogs
frogs1
frogs123
frogsrule
frogss
froilan
fromage
fromhell
front242
frontera
frontier
frontline
frootloop
frootloops
frosch
frost
frostbite
frosted
frostie
frosties
frosting
frosty
frosty1
frozen
frozenthrone
frufru
fruit
fruit1
fruitcake
fruitcake1
fruitloop
fruitloop1
fruitloops
fruits
fruitsalad
fruitsbasket
fruity
fruity1
frumoasa
frumos
frumosu
frumusete
frumusica
frumusik
frumusika
frunza
frusciante
frutas
fs7600
fslhggi
fubar
fubu05
fuchsia
fuck
fuck me
fuck off
fuck u
fuck you
fuck!!
fuck-you
fuck01
fuck07
fuck08
fuck0ff
fuck1
fuck11
fuck12
fuck123
fuck1234
fuck13
fuck14
fuck15
fuck17
fuck18
fuck1t
fuck21
fuck22
fuck23
fuck3r
fuck420
fuck666
fuck69
fuck_u
fuck_you
fuckabitch
fuckaduck
fuckall
fuckass
fuckbag
fuckbitch
fuckbitches
fucked
fucked1
fuckedup
fuckedup1
fuckem
fucker
fucker!
fucker.
fucker1
fucker11
fucker12
fucker123
fucker13
fucker2
fucker21
fucker22
fucker3
fucker4
fucker5
fucker69
fucker7
fuckers
fuckers!
fuckers1
fuckerz
fuckevery1
fuckface
fuckface1
fuckfuck
fuckfuck1
fuckguys
fuckhaters
fuckhead
fuckher
fuckhim
fuckhim1
fuckhoes
fuckin
fuckina
fuckinbitch
fucking
fucking1
fuckingbitch
fuckingshit
fuckinhell
fuckinshit
fuckit
fuckit!
fuckit1
fuckit12
fuckit2
fuckit69
fuckitall
fuckl0ve
fucklife
fucklife1
fucklov3
fucklove
fucklove!
fucklove1
fucklove12
fucklove13
fucklove2
fuckluv
fuckm3
fuckme
fuckme!
fuckme1
fuckme12
fuckme123
fuckme2
fuckme3
fuckme69
fuckmehard
fuckmen
fuckmenow
fucknut
fuckof
fuckoff
fuckoff!
fuckoff.
fuckoff1
fuckoff12
fuckoff123
fuckoff13
fuckoff2
fuckoff22
fuckoff3
fuckoff420
fuckoff6
fuckoff666
fuckoff69
fuckoff7
fuckoff8
fuckoffbitch
fucks
fucksake
fuckshit
fuckshit1
fuckstick
fucktard
fuckthat
fuckthat1
fuckthepope
fucktheworld
fuckthis
fuckthis!
fuckthis1
fuckthis2
fuckthisshit
fucku
fucku!
fucku1
fucku12
fucku123
fucku13
fucku14
fucku2
fucku22
fucku3
fucku4
fucku5
fucku69
fucku7
fucku8
fuckuall
fuckubitch
fuckup
fuckuu
fucky
fucky0u
fuckya
fuckyall
fuckyeah
fuckyo
fuckyou
fuckyou!
fuckyou*
fuckyou.
fuckyou0
fuckyou00
fuckyou01
fuckyou07
fuckyou08
fuckyou09
fuckyou1
fuckyou10
fuckyou101
fuckyou11
fuckyou12
fuckyou123
fuckyou13
fuckyou14
fuckyou15
fuckyou16
fuckyou17
fuckyou18
fuckyou2
fuckyou21
fuckyou22
fuckyou23
fuckyou24
fuckyou3
fuckyou4
fuckyou420
fuckyou5
fuckyou6
fuckyou666
fuckyou69
fuckyou7
fuckyou8
fuckyou88
fuckyou89
fuckyou9
fuckyou99
fuckyouall
fuckyouasshole
fuckyoubitch
fuckyouman
fuckyoutoo
fuckyu
fudge
fudge1
fudge123
fudge2
fudgecake
fudgee
fudges
fudgey
fudgie
fuego
fuentes
fuerte
fuerza
fufufu
fugazi
fujifilm
fujiko
fujitsu
fujiwara
fukoff
fukyou
fulana
fulanita
fulanito
fulanitos
fulgencio
fulger
fulham
fulhamfc
fullback
fullclip
fuller
fullerton
fullhouse
fullhouse1
fullmetal
fullmetal1
fullmoon
fullmoon1
fullysick
fulton
fumanchu
fun123
fun4me
funchal
fundip
funeral
funfun
funfun1
funfunfun
fungirl
fungus
funhouse
funinthesun
funkey
funkie
funky
funky1
funky123
funkychick
funkychicken
funkyfish
funkyfriends
funkygirl
funkymonkey
funkymunky
funkys
funkytown
funnie
funnotes
funny
funny1
funny12
funny123
funny2
funny5
funnybone
funnyboy
funnybunny
funnyface
funnygirl
funnyguy
funnylove
funnyman
funnys
funpics
funshine
funstuff
funtime
funtimes
furball
furball1
furbie
furby
furby1
furbys
furioso
furious
furniture
furtado
furuba
fuschia
fushigi
fushigiyugi
fushigiyuugi
fusion
fusion1
fussball
futball
futbine
futbol
futbol1
futbol10
futbolista
futebol
futsal
futura
futurama
future
future1
futuro
fuzzball
fuzzbutt
fuzzie
fuzzy
fuzzy1
fuzzybear
fuzzybunny
fuzzybutt
fuzzywuzzy
fwends
fzmetal
fzmetal123
fzmetal2024
fzmetal2025
fzmetal2026
fzmetal888
g unit
g-baby
g-unit
g-unot
g00ber
g00gle
g12345
g123456
g4life
g_unit
gaara
gaara1
gaara123
gab123
gabana
gabbana
gabber
gabbers
gabbi
gabbie
gabbie1
gabby
gabby01
gabby05
gabby06
gabby07
gabby08
gabby1
gabby10
gabby11
gabby12
gabby123
gabby13
gabby14
gabby15
gabby2
gabby22
gabby23
gabby3
gabby4
gabby5
gabby6
gabby7
gabby8
gabbygirl
gabbys
gabe01
gabe123
gabgab
gabicita
gabika
gabino
gabiota
gabita
gabito
gabitu
gabitza
gabitzu
gabri
gabrie
gabriel
gabriel01
gabriel04
gabriel05
gabriel06
gabriel07
gabriel1
gabriel12
gabriel123
gabriel13
gabriel15
gabriel18
gabriel2
gabriel23
gabriel3
gabriel4
gabriel5
gabriel7
gabriel8
gabriela
gabriela1
gabriela12
gabriela123
gabriele
gabrielita
gabrielito
gabriell
gabriella
gabriella1
gabrielle
gabrielle1
gabrielteamo
gabryel
gabryela
gabster
gabster1
gabucha
gaby
gaby1
gaby10
gaby12
gaby123
gaby13
gaby14
gaby15
gaby22
gaby23
gabygaby
gabylinda
gabys
gabyta
gabyteamo
gabytza
gabytzu
gabyy
gadget
gadiel
gading
gadzooks
gaelic
gaelle
gaetano
gaffney
gagaga
gagaka
gagang
gagica
gagici
gagirl
gagoako
gagoka
gaijin
gaines
gaitan
gaktau
gal220
galactic
galactica
galactico
galadriel
galan
galang
galant
galapagos
galata
galatasaray
galatea
galati
galaxia
galaxie
galaxy
galaxy1
galben
galeano
galera
galgal
galicia
galih
galilea
galileo
galina
galindo
galinha
galito
gallagher
gallardo
gallego
gallegos
gallery
galleta
galletas
galletita
gallina
gallis
gallito
gallo
gallop
gallos
galloway
galvan
galveston
galvez
galway
gamaliel
gamarra
gambar
gambia
gambino
gambit
gambit1
gambito
gamble
gambler
gamboa
gameboy
gameboy1
gamecock
gamecocks
gamecocks1
gamecube
gamecube1
gamefreak
gamegirl
gamemaster
gameon
gameover
gamer
gamer1
gamers
games
games1
games123
games2
gamess
gametime
gaming
gamma
gamma1
gammakins
gammans
gammaphi
gampang
ganador
ganda
ganda1
ganda2
gandaako
gandacel
gandaco
gandacoh
gandah
gandako
gandakoh
gandakono
gandakotalaga
gandalf
gandalf1
gandame
gandamo
gandaq
gandaqoh
gandara
gandas
gandha
gandhi
ganesh
ganesha
ganga
gangan
gangbang
ganggang
gangrel
gangs
gangsta
gangsta!
gangsta1
gangsta101
gangsta12
gangsta123
gangsta13
gangsta14
gangsta16
gangsta2
gangsta23
gangsta3
gangsta4
gangsta4life
gangsta5
gangsta6
gangsta69
gangsta7
gangsta74
gangstagirl
gangstah
gangstar
gangstas
gangstaz
gangster
gangster!
gangster1
gangster12
gangster123
gangster13
gangster2
gangster3
gangster4life
gangsters
gangzta
gangztah
gangzter
ganja
ganja1
ganja420
ganjah
ganjaman
ganjas
gannon
ganondorf
gansito
gansta
gansta1
ganster
ganster1
ganteng
gapeach
garabato
garage
garbage
garbage1
garcea
garces
garcia
garcia1
garcia10
garcia12
garcia123
garcia13
garcia2
garden
garden1
gardenia
gardens
gardiner
gardner
gareth
gareth1
garethgates
garett
garfeild
garfiel
garfield
garfield1
garfield2
garfild
gargamel
gargarita
gargola
gargoyle
garibay
garima
garing
garita
garland
garland1
garlic
garner
garnet
garnett
garnett21
garnier
garota
garracrema
garras
garret
garrett
garrett1
garrett2
garrick
garrido
garrison
garry
garry1
garth
garuda
garutay
garvey
garvin
gary
gary07
gary12
gary123
gary21
gary22
gary69
garylee
garza
garzon
gascon
gasgas
gashead
gasman
gasolina
gasoline
gaspar
gasparin
gasper
gaston
gastronomia
gatafiera
gatalinda
gataloca
gatas
gatasalvaje
gatau
gatchalian
gatdula
gatecrasher
gatekeeper
gates
gateway
gateway1
gateway12
gateway2
gateway2000
gateway3
gateway7
gateways
gathering
gatica
gatico
gatinha
gatinhas
gatinho
gatinhos
gatita
gatita1
gatita12
gatita13
gatitalinda
gatitas
gatito
gatito1
gatitolindo
gatitos
gatman
gato12
gato123
gatogato
gatoloco
gatomon
gatonegro
gator
gator1
gator2
gatorade
gatorade1
gatorgirl
gators
gators01
gators06
gators1
gatos
gatoss
gatsby
gattuso
gatubela
gaturro
gatuvela
gatyta
gaucho
gaurav
gautam
gavilan
gavin
gavin01
gavin02
gavin03
gavin04
gavin05
gavin06
gavin07
gavin1
gavin123
gavin2
gavin3
gavina
gavino
gavins
gaviola
gaviota
gawjus
gawjuss
gawjuz
gay123
gayass
gayathri
gayatri
gaybar
gayboi
gayboy
gayboy1
gaygay
gayle
gayle1
gaylord
gayman
gayness
gaynor
gaypride
gaysex
gaytan
gazebo
gazelle
gazette
gazza
gbaby
gbaby1
gcrocks
gd4life
gdrongda
gdrongda123
gdrongda2024
gdrongda2025
gdrongda2026
gdrongda888
geanina
geanne
gearsofwar
gecko
geckos
geddes
gedeon
geegee
geelong
geenidee
geetha
geeway
geezer
geheim
geiger
geisha
gekkie
gelado
gelai
gelatina
gelay
gelgel
gelica
geline
gellie
gelly
gelukkig
gelyn
gem123
gemalyn
gembel
gembul
gemeas
gemela
gemelas
gemelo
gemelos
gemeni
gemenis
gemeos
gemgem
gemima
gemini
gemini05
gemini06
gemini07
gemini08
gemini09
gemini1
gemini10
gemini11
gemini12
gemini13
gemini14
gemini15
gemini16
gemini17
gemini18
gemini2
gemini21
gemini22
gemini23
gemini24
gemini25
gemini3
gemini4
gemini5
gemini6
gemini69
gemini7
gemini77
gemini79
gemini8
gemini84
gemini88
geminigirl
geminis
gemita
gemma
gemma1
gemma123
gemmas
gempak
gemstone
genalyn
genaro
gender
gendut
genelle
genelyn
gener
generacion
general
general1
generallee
generals
generation
generic
generose
generoso
generous
genes
genesi
genesis
genesis1
genesis11
genesis2
genesis7
geneva
geneva1
geneve
genevie
genevieve
genevive
gengen
genial
genie
genios
genious
genisis
genita
genius
geniusnet
genna
gennie
genny
genocide
genova
genoveva
gensan
gentil
gentle
gentleman
gentry
genuine
geo123
geoff
geoffrey
geogeo
geografia
geografie
geography
geomar
geometro
geometry
geordie
george
george!
george01
george06
george07
george1
george10
george11
george12
george123
george13
george14
george15
george2
george21
george22
george23
george25
george3
george4
george5
george69
george7
georgel
georges
georgeta
georgetown
georgette
georgi
georgia
georgia1
georgia123
georgia2
georgia3
georgia7
georgian
georgiana
georgiapeach
georgica
georgie
georgie1
georgina
georgina1
georgy
georgyana
geovana
geovani
geovanna
geovanni
geovanny
geovany
geraint
geral
gerald
gerald1
geraldin
geraldina
geraldine
geraldine1
geraldo
geralyn
gerard
gerard way
gerard!
gerard1
gerard12
gerard13
gerard2
gerardito
gerardo
gerardo1
gerardoteamo
gerardway
gerardway1
gerber
gerbera
gerbil
gerbils
gereja
geremy
gerger
gerhard
gerick
gericom
gerita
gerlie
gerlyn
germain
germaine
german
german1
germania
germano
germany
germany1
germany2
gerome
gerona
geronimo
gerrad
gerrard
gerrard08
gerrard1
gerrard123
gerrard4
gerrard8
gerrie
gerrit
gerry
gerry1
gers1873
gerson
gertie
gertrude
gertrudis
gervacio
gervin
gerwin
getalife
getalife1
getatme
getaway
getback
getbackers
getbent
getbusy
getcrunk
getdown
geterdone
getfucked
gethigh
getit
getlikeme
getlikeme1
getlost
getlow
getlucky
getmoney
getmoney08
getmoney1
getmoney2
getnaked
getoff
getoffme
getout
getout1
getoverit
getpaid
getrdone
getreal
getrich
getrich1
getright
getsemani
getsilly
getsome
getsome1
gettherefast
geulis
gforce
ggggg
gggggg
ggggggg
gggggggg
gggggggggg
gggunit
ggunit
ghagha
ghana
ghanda
ghandi
ghazali
gheghe
ghelai
gheorghe
ghetto
ghetto1
ghetto2
ghetto7
ghettobooty
ghettofab
ghettogirl
ghettogurl
ghghgh
ghighi
ghing
ghiocel
ghislaine
ghjkl
ghost
ghost1
ghost123
ghost2
ghostbusters
ghostface
ghostrecon
ghostrider
ghosts
ghosty
ghurl
giacomo
giadinh
giagia
giana
giancarlo
giancarlos
gianella
gianfranco
gianina
gianluca
gianmarco
gianna
gianna1
gianne
gianni
gianni1
giannina
giannis
gianny
giant
giants
giants1
giatay
gibbon
gibbons
gibby
gibraltar
gibran
gibson
gibson1
gibsonsg
giddyup
gideon
gidget
gidget1
giegie
gifford
gifted
gifted1
giftgift
gigabyte
gigante
gigatt
giggity
giggle
giggle1
giggles
giggles1
giggles123
giggles13
giggles2
giggles3
giggles7
gigglez
gigglez1
giggs
giggs11
giggsy
giggsy11
gigi
gigi12
gigi123
gigigi
gigigigi
gigolo
gigster
gijane
gikiyddyo
gikiyddyoot
gikiydokp
gilagila
gilang
gilardino
gilbert
gilbert1
gilberto
gilberto1
gilchrist
gilda
gilera
gilgamesh
gilles
gillespie
gillette
gillian
gillian1
gillie
gilligan
gillingham
gilly
gilman
gilmar
gilmer
gilmore
gilmore1
gilmoregirls
gilmour
gilson
gimena
gimini
gimmemore
gimnasia
gina
gina1
gina12
gina123
ginagina
ginalyn
ginamarie
ginastica
ginebra
ginette
ging2x
ginge
ginger
ginger!
ginger01
ginger05
ginger06
ginger07
ginger08
ginger09
ginger1
ginger10
ginger101
ginger11
ginger12
ginger123
ginger13
ginger14
ginger15
ginger17
ginger2
ginger21
ginger22
ginger23
ginger24
ginger3
ginger4
ginger5
ginger6
ginger7
ginger8
ginger9
gingerale
gingerbread
gingercat
gingernut
gingers
gingersnap
gingersnaps
gingerspice
gingging
gingin
ginita
ginkings
ginna
ginnie
ginny
ginny1
ginobili
ginting
ginutza
ginuwine
ginuwine1
gio123
gioconda
giogio
giomar
giordano
giorgi
giorgia
giorgiana
giorgio
giorgos
giova
giovan
giovana
giovani
giovanna
giovanni
giovanni1
giovanny
giovany
girafa
giraffe
giraffe1
giraffes
giraldo
girasol
girasoles
girassol
girbaud
girl
girl1
girl10
girl101
girl11
girl12
girl123
girl13
girl14
girl15
girl21
girl22
girl23
girl4god
girlash
girlfriend
girlfriends
girlgirl
girlie
girlie1
girliegirl
girlies
girlish
girlly
girlpower
girlpower1
girls
girls1
girls12
girls123
girls2
girls3
girls4
girlsaloud
girlscout
girlsrock
girlsrule
girlsrule1
girlss
girltalk
girlthing
girly
girly1
girlygirl
girlygirl1
girlys
girlz
girlzrule
girlzz
gisel
gisela
gisele
giselita
gisell
gisella
giselle
giselle1
gismo
gismo1
gissel
gissela
gissell
gissella
gisselle
gitana
gitano
gitar
gitara
gitaris
gitrdone
gitrdone1
giulia
giuliana
giuliano
giulio
giuseppe
giveme
givenchy
giwrgos
gixxer
gizelle
gizmo
gizmo01
gizmo04
gizmo05
gizmo07
gizmo1
gizmo10
gizmo101
gizmo11
gizmo12
gizmo123
gizmo13
gizmo14
gizmo2
gizmo21
gizmo22
gizmo23
gizmo3
gizmo4
gizmo5
gizmo6
gizmo69
gizmo7
gizmocat
gizmoe
gizmoo
gizmos
gizzie
gizzmo
gizzmo1
gizzy
gizzy1
glacier
gladiador
gladiator
gladiola
gladis
gladstone
gladys
gladys1
gladyz
gladz
glaiza
glamgirl
glamis
glamor
glamorous
glamorous1
glamour
glamour1
glamourgirl
glamourous
glanza
glasgow
glasgow1
glasgowrangers
glass
glasses
glasses1
glassjaw
glaze
glenda
glenda1
glendale
glendita
glendon
glendy
glenmore
glenn
glenn1
glenn12
glenna
glenns
glenny
glentoran
glenwood
glimmer
glimpse
glitch
gliter
glitter
glitter1
glitter123
glitter2
glitter3
glitter5
glitter7
glitterbug
glittergirl
glitters
glittertext
glittery
global
global1
globe
globe1
globes
glock40
gloglo
gloire
gloomy
gloria
gloria1
gloria2
gloriana
glorioso
glorious
glorita
glory
glory1
glory2god
glorytogod
glossy
gloucester
glover
gloves
glowing
glowworm
gluestick
glycerine
glynis
glysdi
gmail
gmoney
gmoney1
gnarly
gnasher
gnomes
gnosis
go2hell
goalie
goalie1
goalkeeper
goanga
goarmy
goarmy1
goatcheese
goats
goaway
goaway1
gobble
gobears
gobigred
goblet
goblin
goblog
goblok
goblue
goblue1
gobshite
gobstopper
gobucks
gobucks1
gocanes
gocards
gocart
gocats
gocolts
gocubs
god
god123
god143
god1st
god4ever
god4life
god4me
god777
godawgs
godawgs1
godbless
godbless1
godblessme
godblessu
godblessus
godblessyou
godchild
goddamn
goddard
goddes
goddess
goddess1
godess
godfather
godfather1
godfirst
godfrey
godgod
godhelpme
godinez
godinho
godis#1
godis1
godisgood
godisgood1
godisgreat
godislove
godislove1
godislove7
godisluv
godisone
godiva
godjesus
godknows
godlike
godlives
godlove
godloveme
godlover
godloves
godlovesme
godlovesus
godlovesyou
godluvsme
godman
godmother
godofredo
godofwar
godofwar2
godrocks
godrocks1
godrox
godrules
godsangel
godsaves
godschild
godschild1
godsend
godsent
godsgift
godsgirl
godsgood
godsgrace
godsgurl
godslove
godslove1
godsmack
godsmack1
godson
godson1
godspeed
godsson
godswill
goducks
goduke
godwin
godzila
godzilla
godzilla1
goeagles
gofigure
gofish
goforit
gofuckyourself
gogators
gogators1
gogeta
gogetta
gogetta1
goggles
gogirl
gogirl1
gogirls
goglobalcn
goglobalcn123
goglobalcn2024
goglobalcn2025
goglobalcn2026
goglobalcn888
gogoasa
gogogirl
gogogo
gogogo1
gogogogo
gogreen
gohan
gohan1
gohawks
goheels
gohogs
gohome
goingunder
goirish
gokart
gokhan
gokiel
gokil
gokill
gokilz
gokings
goku123
gokusen
gokuss4
golakers
golazo
gold
gold12
gold123
gold21
gold44
golda
goldberg
goldberg1
goldcoast
golddigga
golddigger
golddust
golden
golden1
goldenballs
goldenboy
goldeneye
goldengirl
goldensun
goldfinger
goldfish
goldfish1
goldfish2
goldie
goldie1
goldie12
goldigga
goldigger
goldilocks
goldman
goldmember
goldmine
goldring
goldrush
goldstar
goldstar1
goldwing
goldy
goldy1
goleador
golf
golf123
golf1234
golfball
golfclub
golfer
golfer1
golfgolf
golfgti
golfing
golfinha
golfinho
golfinhos
golfmike
goliat
goliath
goliath1
golions
gollum
golondrina
golosa
golosa69
goloso
gomenasai
gomes
gomez
gomez1
gomita
gomitas
gonavy
goncalo
goncalves
gondor
gondrong
gondwana
gonefishing
gongas
gonggong
gongon
gonoles
gonorrea
gonsales
gonza
gonzaga
gonzales
gonzales1
gonzalez
gonzalez1
gonzalito
gonzalo
gonzalo1
gonzo
gonzo1
gonçalo
goober
goober1
goober12
goober2
goobers
goobie
good
good12
good123
good2go
good4u
good4you
goodas
goodboy
goodboy1
goodbye
goodbye1
goodcharlotte
goodday
gooddog
goodfellas
goodfood
goodgirl
goodgirl1
goodgirlgonebad
goodgod
goodgood
goodgurl
goodguy
goodie
goodies
goodies1
goodjob
goodlife
goodlooking
goodlove
goodluck
goodluck1
goodman
goodmans
goodmorning
goodness
goodnews
goodnight
goodone
goodpussy
goodrich
goods
goodsex
goodshit
goodson
goodstuff
goodtime
goodtimes
goodtimes1
goodtogo
goodwill
goodwin
goody
goody1
goody2
goody2shoes
goodyear
goodys
goofball
goofey
goofie
goofy
goofy1
goofy12
goofy123
goofy13
goofy2
goofy7
goofygirl
googie
google
google.com
google1
google12
google123
google2
google3
google4
google5
googles
googly
googoo
googoo1
googoodolls
goomba
gooner
gooners
goong
goonie
goonies
goonies1
goonsquad
goose
goose1
goosebumps
goosey
goosie
gopher
gophers
gorams
gorda
gorda1
gordabella
gordan
gordas
gordie
gordillo
gordinha
gordis
gordis1
gordita
gordita1
gordito
gordito1
gorditos
gordo
gordo1
gordon
gordon1
gordon24
gordos
gordoteamo
gordy
gordy1
goretti
gorge
gorgeous
gorgeous1
gorgie
gorgoroth
gorgous
gorila
gorilaz
gorilla
gorilla1
gorillas
gorillaz
gorjus
gorman
gosling
gospel
gossip
gossip1
gossipgirl
gostosa
gostoso
got2bme
got2go
gotcha
gotcha1
goteam
gotenks
gotgame
goth101
goth666
gotham
gothchick
gothgirl
gothic
gothic1
gothic13
gothic666
gothica
gothicgirl
gothik
gothika
gotic
gotica
gotico
gotigers
gotigers1
gotika
gotita
gotjesus
gotmilk
gotmilk1
gotmilk2
gotmilk?
gotmoney
gotohell
gotohell1
gotrice
gotti
gotti1
gotyou
gouveia
government
governor
govinda
govols
govols1
goygoy
goyito
gr33nday
gr8one
grace
grace01
grace02
grace03
grace04
grace05
grace06
grace07
grace08
grace09
grace1
grace11
grace12
grace123
grace13
grace14
grace143
grace15
grace16
grace17
grace18
grace19
grace2
grace21
grace22
grace23
grace24
grace27
grace3
grace4
grace5
grace7
grace777
grace8
graceann
graceanne
gracee
graceful
gracekelly
gracel
graceland
gracelyn
gracem
gracen
gracer
graces
gracey
gracey1
gracia
graciano
gracias
graciasdios
gracie
gracie01
gracie03
gracie04
gracie05
gracie06
gracie07
gracie08
gracie1
gracie11
gracie12
gracie123
gracie13
gracie14
gracie2
gracie22
gracie3
gracie4
gracie5
gracie6
gracie7
graciel
graciela
gracielou
graciosa
gracious
gracy
grad04
grad05
grad06
grad07
grad08
grad09
grad2002
grad2003
grad2004
grad2005
grad2006
grad2007
grad2008
grad2009
grad2010
grade5
grade6
graduate
graduate06
graduate07
graduate08
graduation
grady
grady1
graeme
graffiti
grafiti
grafton
graham
graham1
grainger
grainne
gramma
grammar
grammy
grammy1
grampa
gramps
granada
granados
grand
grand1
granda
grandad
grandad1
grandam
grandam1
grandberry
grandchildren
granddad
grande
grandfather
grandia
grandkids
grandma
grandma1
grandma2
grandma3
grandma6
grandma7
grandmom
grandmother
grandpa
grandpa1
grandprix
grandslam
grandson
grandtheftauto
grandview
grange
granger
granite
granma
grannie
granny
granny1
granny2
granny5
grant
grant1
granted
grants
granty
granville
grape
grape1
grapeape
grapefruit
grapes
grapes!
grapes1
grapevine
graphic
graphics
grass
grass1
grasshopper
grasya
grateful
grateful1
gratis
gratitude
gravedigger
graves
gravey
graveyard
gravitation
gravity
grayce
grayson
grayson1
graywolf
grazie
graziella
grease
grease1
grease2
great
great1
greatdane
greater
greatest
greatful
greatness
greatone
greats
greatwhite
greaves
grecia
greddy
greebo
greece
greece1
greedisgood
greedy
greedy1
greeen
greek
greek1
greeks
green
green day
green!
green.
green00
green01
green02
green03
green04
green05
green06
green07
green08
green09
green1
green10
green101
green11
green12
green123
green1234
green13
green14
green15
green16
green17
green18
green19
green2
green20
green21
green22
green23
green24
green25
green26
green27
green28
green3
green31
green32
green33
green34
green4
green420
green44
green45
green5
green55
green6
green69
green7
green77
green8
green87
green88
green89
green9
green92
green93
green94
green96
green99
green_day
greenapple
greenapples
greenbay
greenbay1
greenbean
greenbeans
greenblue
greenday
greenday!
greenday1
greenday10
greenday101
greenday11
greenday12
greenday123
greenday13
greenday14
greenday15
greenday2
greenday3
greenday4
greenday5
greenday6
greenday7
greenday9
greendayrock
greendayrox
greendog
greene
greeneggs
greener
greeneye
greeneyes
greeneyes1
greeneyes2
greenfield
greenfrog
greenfrog1
greenfrogs
greengirl
greengrass
greengreen
greenhill
greenhills
greenhouse
greenie
greenish
greenland
greenleaf
greenlee
greenlight
greenlove
greenlover
greenman
greenmile
greenn
greeno
greenock
greenpeace
greenrose
greens
greens1
greenstar
greenstreet
greentea
greentea1
greentree
greenville
greenwave
greenway
greenwich
greenwood
greenwood1
greeny
greenz
greetings
greg
greg1
greg11
greg12
greg123
greg13
greg22
gregg
greggy
gregor
gregori
gregoria
gregorio
gregory
gregory1
gregory2
gremlin
gremlin1
gremlins
grenada
grenday
grendel
grenouille
gresham
greta
greta1
gretch
gretchen
gretchen1
gretel
grethel
gretna
gretta
grettel
greygoose
greyhound
greyhounds
greyhoundz
greysanatomy
greyson
greywolf
griever
griffen
griffey
griffin
griffin1
griffindor
griffith
griffiths
griffo
grigore
grillo
grillz
grillz1
grimace
grimaldo
grimes
grimey
grimmy
grimreaper
grimsby
grinch
grinder
gringa
gringo
gringo1
grisel
griselda
grissel
grissom
grizzle
grizzlies
grizzly
grizzly1
grnjvolobm
groban
gromit
grommit
grone
groningen
groove
groover
groovey
groovie
groovy
groovy1
groovy123
groovybaby
groovychick
groovygal
groovygirl
grouch
groucho
groudon
ground
grounded
grounded1
grover
grover1
groves
growler
growup
grrrrr
grubby
grudge
grumpy
grumpy1
grumpy13
grumpybear
grunge
gryffindor
gryphon
gshock
gstring
gsxr1000
gsxr600
gsxr750
gthang
guacamole
guadalajara
guadalupe
guadalupe1
guagua
guam671
guamusa
guanaca
guanaco
guanajuato
guapa
guapako
guapas
guapisima
guapisimo
guapita
guapito
guapo
guapos
guapote
guard
guard1
guarda
guardado
guardar
guardian
guardian1
guardianangel
guardians
guate
guatemala
guatemala1
guayaba
guayaquil
guayas
gucci
gucci1
gucci123
guccigirl
guccirush
gudboy
gudgirl
gudgurl
gudiya
guebanget
guebgt
guedes
guepardo
guera
guera1
guereja
guerita
guerito
guero
guerra
guerreiro
guerrera
guerrero
guerrero1
guerreros
guess
guess1
guess123
guess2
guess?
guessit
guessme
guesss
guessthis
guessthis1
guesswhat
guesswho
guesswho1
guevara
guevarra
guicho
guida
guidance
guides
guido
guigui
guildwars
guilherme
guillaume
guille
guillen
guiller
guillermina
guillermo
guillermo1
guillo
guilty
guimaraes
guimaras
guinea
guineapig
guineapigs
guiness
guinevere
guinness
guinness1
guinto
guisela
guisella
guiselle
guismo
guitar
guitar1
guitar11
guitar12
guitar123
guitar13
guitar2
guitar3
guitar5
guitar7
guitara
guitare
guitarhero
guitarist
guitarman
guitarra
guitars
guitars1
guizmo
gujunpyo
gukguk
gulliver
gully
gumamela
gumball
gumballs
gumby
gumby1
gumdrop
gumdrops
gumgum
gummibear
gummibears
gummie
gummy
gummy1
gummybear
gummybear1
gummybears
gunawan
gunblade
gunbound
gundam
gundam1
gundamseed
gundamwing
gundul
gungun
gunit
gunit1
gunit101
gunit12
gunit123
gunit13
gunit2
gunit5
gunit50
gunits
gunman
gunnar
gunner
gunner1
gunner2
gunners
gunners1
gunot
gunsandroses
gunshot
gunslinger
gunsmoke
gunsnroses
gunsroses
gunter
gunther
gunther1
guntur
gunung
guppie
guppy
gurita
guritza
gurl12
gurl123
gurlash
gurlie
gurlie1
gurlpower
gurls
gurly
gurly1
gurlygurl
gurlz
gurpreet
guruji
gurung
gus123
gusana
gusanita
gusanito
gusano
gusgus
gusgus1
gussie
gussy
gustav
gustavito
gustavo
gustavo1
gustavoteamo
guster
gutentag
guthrie
gutierrez
gutierrez1
gutta
gutta1
gutted
gutter
guwapa
guwapo
guyana
guyana1
guyanese
guyguy
guyssuck
guyssuck1
guyver
guzman
gwafa
gwafah
gwafako
gwapa
gwapaako
gwapah
gwapako
gwapame
gwapaq
gwapas
gwapaz
gwaping
gwapings
gwapingz
gwapito
gwapo
gwapo1
gwapoako
gwapoh
gwapoko
gwapome
gwapoo
gwapos
gwaps
gwapz
gwbanget
gwendoline
gwendolyn
gwenny
gwenstefani
gwyneth
gwynne
gx-jx
gx-jx123
gx-jx2024
gx-jx2025
gx-jx2026
gx-jx888
gxjx
gxjx123
gxjx2024
gxjx2025
gxjx2026
gxjx888
gyllenhaal
gymgirl
gymnast
gymnast1
gymnast10
gymnast2
gymnast7
gymnastic
gymnastics
gypsey
gypsie
gypsy
gypsy1
gypsygirl
gzzqswkj
gzzqswkj123
gzzqswkj2024
gzzqswkj2025
gzzqswkj2026
gzzqswkj888
h-town
h0llister
h0ttie
h12345
h123456
h2oh2o
h2opolo
h3ath3r
habagat
habana
habbo
habbo1
habbo123
habbohotel
habebe
habib
habiba
habibah
habibe
habibi
habibi1
habiby
hacienda
hacked
hacker
hacker1
hackers
hackett
hacking
hackme
hackney
hadas
hadassah
hades
hadita
haditas
hadiza
hadley
hadoken
hafeez
hafidz
hafiz
hafiza
hafizah
hafizi
hafsah
haggard
haggis
hagrid
haha
haha1
haha11
haha12
haha123
haha23
hahah
hahaha
hahaha!
hahaha1
hahaha123
hahaha3
hahahaha
hahahahaha
hahahehe
hahalol
haidee
haiden
haider
haidinamo
haihai
haikal
hailee
hailee1
haileigh
hailey
hailey01
hailey02
hailey03
hailey04
hailey05
hailey06
hailey07
hailey08
hailey1
hailey12
hailey123
hailey13
hailey2
hailey3
hailey4
hailey5
hailey6
hailey7
hailhail
hailie
hailie1
hailiejade
hailmary
haines
haiqal
hair123
hairaa
hairball
hairband
hairbrush
haircut
hairdresser
hairdressing
hairspray
hairspray1
hairtai
hairul
hairy
haisteaua
haiti
haiti1
haitian
haitian1
haizel
hajduk
hajime
hakeem
hakeem1
hakim
hakimi
hakkai
hakuna
hakunamatata
halaka
halcon
haldir
haleigh
haleigh1
haleluya
haler
haley
haley01
haley04
haley07
haley1
haley12
haley123
haley13
haley2
haley3
haley5
haley6
haley7
haleybug
haleys
halfback
halfbaked
halfcrazy
halflife
halflife2
halfmoon
halfpint
halie
halifax
halili
halim
halima
halimah
halimaw
halina
haliparot
halle
hallelujah
haller
halley
halliday
hallie
hallie1
halliwell
hallmark
hallo
hallo1
hallo123
hallohallo
halloo
hallow
halloween
halloween1
halloween31
hallowen
halo02
halo03
halo11
halo117
halo12
halo123
halo13
halo2
halo22
halo23
halo3
halo360
halohalo
halotwo
halowars
ham123
hamada
hamasaki
hambaallah
hambone
hambone1
hamburg
hamburger
hamburger1
hamburgers
hamburguesa
hamdan
hameed
hamham
hamid
hamida
hamidah
hamilton
hamilton1
hamish
hamish1
hamizah
hamlet
hamlet1
hammad
hammer
hammer1
hammerfall
hammerhead
hammers
hammers1
hammertime
hammett
hammie
hammond
hammy
hammy1
hampshire
hampster
hampton
hampton1
hamster
hamster1
hamster123
hamster2
hamsters
hamtaro
hamza
hamzah
han123
hanabishi
hanafi
hanah
hanakimi
hanako
hanamichi
hanamontana
hanan
hanane
hanani
hanayori
hanayoridango
hanazawa
hancock
handayani
handbag
handbags
handbal
handball
handbook
handcuffs
handicap
handicapat
handle
handoko
handphone
hands
handsdown
handsoff
handsome
handsome1
handsomeboy
handy
handyman
hang10
hanger
hangman
hangout
hangover
hangten
hangtime
hanhan
hanibal
hanie
haniel
hanif
hanifa
hanifah
haniff
haniko
hanis
hanisah
hankie
hanley
hanna
hanna1
hanna123
hannah
hannah montana
hannah!
hannah.
hannah00
hannah01
hannah02
hannah03
hannah04
hannah05
hannah06
hannah07
hannah08
hannah09
hannah1
hannah10
hannah101
hannah11
hannah12
hannah123
hannah1234
hannah13
hannah14
hannah15
hannah16
hannah18
hannah2
hannah21
hannah22
hannah23
hannah24
hannah3
hannah4
hannah5
hannah6
hannah69
hannah7
hannah8
hannah88
hannah9
hannah96
hannah97
hannah98
hannah99
hannahb
hannahbanana
hannahlee
hannahm
hannahmae
hannahmontana
hannahmontanna
hannamontana
hannan
hanner
hannes
hannia
hannibal
hannie
hannon
hannover
hanny
hanon
hanover
hansel
hansen
hansol
hansolo
hanson
hanson1
hantu
hanuman
hanzel
hapiness
hapon
happee
happie
happier
happines
happiness
happiness1
happiness2
happpy
happy
happy!
happy.
happy01
happy05
happy06
happy07
happy08
happy09
happy1
happy10
happy101
happy11
happy12
happy123
happy1234
happy13
happy14
happy15
happy16
happy17
happy18
happy2
happy2008
happy21
happy22
happy23
happy24
happy25
happy2bme
happy3
happy321
happy4
happy420
happy4ever
happy4me
happy4u
happy5
happy6
happy69
happy7
happy77
happy8
happy9
happy99
happybaby
happybday
happybirthday
happyboy
happybunny
happycat
happyday
happyday1
happydays
happydays1
happydog
happyending
happyface
happyface1
happyfamily
happyfeet
happyfeet1
happygal
happygirl
happygirl1
happygolucky
happyhappy
happyhippo
happyhour
happyhouse
happyjoy
happyland
happylife
happylove
happyman
happyme
happyme1
happymeal
happyness
happynewyear
happynow
happyone
happypeople
happypunk
happys
happysad
happysmile
happytime
happytimes
happyy
hapsari
harajuku
harakiri
harald
harapan
haras
harbor
harbour
hard2get
hardaway
hardball
hardbody
hardcandy
hardcore
hardcore1
hardcore2
harder
hardhead
hardhouse
hardiman
hardin
harding
hardlife
hardman
hardrock
hardrock1
hardstyle
hardtimes
hardware
hardwork
hardy
hardy1
hardyboy
hardyboys
hardyboyz
hardys
hardyz
harekrishna
harhar
haribo
haribol
harimau
harini
hariom
haris
harish
harith
harlan
harland
harlee
harleigh
harlem
harlem1
harlene
harlequin
harley
harley!
harley01
harley02
harley03
harley04
harley05
harley06
harley07
harley08
harley1
harley10
harley101
harley11
harley12
harley123
harley13
harley14
harley2
harley21
harley22
harley23
harley24
harley3
harley4
harley5
harley6
harley69
harley7
harley77
harley8
harley9
harley99
harleyd
harleydavidson
harleydog
harleygirl
harlie
harlow
harlyn
harman
harmon
harmoni
harmonia
harmonica
harmonie
harmony
harmony1
harobed
harobikes
harold
harold1
haroon
harper
harper1
harpot
harpreet
harrie
harrier
harriers
harriet
harriet1
harriett
harrington
harris
harris1
harris2
harrison
harrison1
harrold
harry
harry potter
harry01
harry06
harry1
harry10
harry11
harry12
harry123
harry13
harry2
harry3
harry5
harry7
harryjudd
harryp
harryp1
harrypoter
harrypotter
harrypotter1
harrys
hartford
hartlepool
hartley
hartman
hartnett
hartono
hartson
haruhi
haruka
haruko
harumi
haruno
harvard
harvest
harvest1
harvester
harvestmoon
harvey
harvey1
harvey12
harvey123
harvick
harvick29
harvie
harvin
harvy
hasan
hasanah
hasani
hashbrown
hashim
hashish
hasina
haskins
haslina
haslinda
hasmin
hasnah
hassan
hassan1
hassen
hastaelfinal
hastings
hat123
hatake
hatcher
hatchet
hate
hate11
hate12
hate123
hate2love
hate666
hateboys
hatebreed
hated
hated1
hateful
hatehate
hatehim
hateit
hateitorloveit
hatelife
hatelove
hatelove1
hateme
hateme1
hateme2
hatemyself
hater
hater1
hater123
hater2
haters
haters1
haters12
haters2
haterz
haterz1
hateu
hateu2
hateyou
hateyou1
hateyou2
hatfield
hathaway
hatiku
hatori
hatred
hatter
hatteras
hatters
hattie
hattie1
hatton
hattrick
haughton
haunted
havaianas
havana
havasu
haveaniceday
havefaith
havefun
haven
haven1
havingfun
hawaii
hawaii!
hawaii01
hawaii04
hawaii05
hawaii06
hawaii07
hawaii1
hawaii2
hawaii22
hawaii50
hawaii7
hawaii808
hawaiian
hawaiian1
hawakkamay
hawkeye
hawkeye1
hawkeyes
hawkins
hawkins1
hawknelson
hawks
hawks1
hawley
hawthorn
hawthorne
hayabusa
hayate
hayati
haydee
hayden
hayden01
hayden04
hayden05
hayden06
hayden07
hayden08
hayden1
hayden12
hayden123
hayden2
hayden3
hayden69
hayden7
haydn
haydon
hayes
hayhay
hayhay1
haylea
haylee
haylee1
hayleigh
hayley
hayley01
hayley1
hayley12
hayley123
haylie
haylie1
haylin
haynaku
haynes
hayop
hayopka
haystack
hayward
hayward1
haywood
hazael
hazard
hazard1
hazel
hazel1
hazel12
hazel123
hazel13
hazel2
hazelann
hazeleyes
hazell
hazelle
hazelnut
hazels
hazelwood
haziel
haziq
haziqah
hazirah
hazwan
hazwani
hazza
hazzard
hazzel
hbk123
hbk619
hbkhbk
hbkhhh
hcz168
hcz168123
hcz1682024
hcz1682025
hcz1682026
hcz168888
headache
headband
headbanger
header
headhunter
headphones
headshot
headstart
headstrong
headturner
healer
healing
health
healthy
heart
heart1
heart11
heart12
heart123
heart13
heart14
heart143
heart15
heart16
heart18
heart2
heart21
heart22
heart23
heart2heart
heart3
heart4
heart5
heart6
heart7
heart8
heartache
heartagram
heartangel
heartbeat
heartbreak
heartbreaker
heartbreakkid
heartbroken
hearth
hearthrob
heartko
heartland
heartless
heartless1
heartlove
hearts
hearts!
hearts01
hearts1
hearts12
hearts123
hearts13
hearts1874
hearts2
hearts22
hearts3
hearts5
hearts7
hearts8
heartsfc
hearty
heartz
heat03
heat12
heat32
heatblast
heater
heath
heath1
heather
heather01
heather06
heather07
heather08
heather1
heather10
heather11
heather12
heather123
heather13
heather14
heather15
heather16
heather18
heather2
heather20
heather21
heather22
heather23
heather3
heather4
heather5
heather6
heather69
heather7
heather8
heatherm
heathers
heathledger
heaton
heatwave
heaven
heaven!
heaven01
heaven07
heaven08
heaven1
heaven11
heaven12
heaven123
heaven13
heaven17
heaven2
heaven21
heaven22
heaven23
heaven3
heaven5
heaven7
heaven77
heaven777
heavenknows
heavenly
heavenly1
heavens
heavensent
heavy
heavyd
heavymetal
hebeihuajiu
hebeihuajiu123
hebeihuajiu2024
hebeihuajiu2025
hebeihuajiu2026
hebeihuajiu888
heber
hebert
hebrew
hecate
hechicera
hechiceras
hechizo
heckyes
heckyes1
hector
hector1
hector10
hector12
hector123
hector13
hector2
hector23
hector5
hectorteamo
hedgehog
hedley
hedwig
heehee
heelflip
heeroyuy
heffalump
heffer
hefu56
hefu56123
hefu562024
hefu562025
hefu562026
hefu56888
hehe
hehe123
hehehaha
hehehe
hehehe1
hehehehe
heidi
heidi1
heidi123
heidiho
heidy
heights
heihei
heineken
heinrich
heiress
hejhej
hekhek
helado
helados
helder
helen
helen1
helen123
helena
helena1
helencita
helene
helga
helicopter
helio
helios
helium
helives
hell
hell00
hell0kitty
hell666
hella
hellagood
hellangel
hellas
hellbound
hellboy
hellboy1
hellboy2
hellcat
hellen
heller
hellfire
hellfire1
hellgirl
hellhole
hellion
helllo
hellno
hellno1
hello
hello kitty
hello!
hello*
hello.
hello0
hello00
hello01
hello06
hello07
hello08
hello09
hello1
hello10
hello101
hello11
hello111
hello12
hello123
hello1234
hello12345
hello13
hello14
hello15
hello16
hello17
hello18
hello2
hello21
hello22
hello23
hello24
hello25
hello2u
hello3
hello321
hello33
hello34
hello4
hello5
hello55
hello6
hello69
hello7
hello77
hello8
hello88
hello89
hello9
hello90
hello99
hello?
hello_kitty
helloall
hellobaby
hellobob
hellobye
hellodave
hellodolly
helloeveryone
hellogoodbye
hellohello
hellohi
hellojello
hellojoe
hellok
hellokitty
hellokitty1
hellokitty123
hellokity
hellolove
helloman
hellome
hellome1
hellomom
hellomoto
hellomoto1
hellomotto
helloo
helloo1
hellooo
hellop
hellopeople
helloppl
hellos
hellos1
hellosexy
hellothere
hellou
hellow
hellow1
helloween
hellowkitty
helloworld
helloyou
helloz
hellraiser
hellsangel
hellsbells
hellsing
hellspawn
hellya
hellyea
hellyeah
hellyeah1
hellyes
helmet
helmut
heloisa
helokity
heloo
helovesme
helovesme2
help
help123
helpdesk
helper
helphelp
helping
helpless
helpme
helpme!
helpme1
helpme2
helpmegod
helsing
helsinki
helterbrand
helton
hemicuda
hemingway
hemlock
hemmelig
henare
henderson
henderson1
hendra
hendri
hendrick
hendricks
hendrik
hendrix
hendrix1
hendry
henery
henkie
henley
henleys
henna
hennessey
hennessy
hennessy1
hennesy
hennie
henning
henny
henri
henrick
henrietta
henriette
henrik
henrik7
henrique
henriques
henriquez
henrry
henry
henry06
henry1
henry11
henry12
henry123
henry13
henry14
henry2
henry22
henry3
henry5
henry7
henry8
henrys
henryteamo
hensem
henson
hentai
heocon
hepburn
herald
herbal
herbalife
herbench
herbert
herbert1
herbie
herbie1
herbie53
hercule
hercules
hercules1
heredia
hereford
hereiam
heretic
herewego
heriberto
heritage
herkules
herlina
herlinda
herlyn
herman
herman1
hermana
hermanas
hermanita
hermanito
hermann
hermanni
hermano
hermanos
hermawan
hermelinda
hermes
hermie
hermina
hermine
herminia
herminio
hermione
hermione1
hermionegranger
hermit
hermoine
hermosa
hermosa1
hermosisima
hermosita
hermoso
hermosura
hermoxa
hermoza
hernan
hernandes
hernandez
hernandez1
hernando
hernani
herndon
heroes
herohero
heroin
heroina
heroine
herras
herrera
herrera1
herrick
herring
herschel
hersey
hershe
hershey
hershey1
hershey2
hershey7
hersheys
hershy
herson
hesham
heskey
heslo
hesmine
hesoyam
hester
hester23
hesthe1
hetfield
hewitt
hewlett
hey
hey123
heybabe
heybaby
heybaby1
heybitch
heyboo
heybuddy
heydude
heygirl
heygurl
heyhey
heyhey1
heyhey12
heyhey123
heyhey2
heyhey3
heyheyhey
heyheyhey1
heyhoe
heyitsme
heyjude
heymama
heyman
heynow
heysexy
heysexy1
heythere
heythere1
heywood
heyy
heyya
heyyall
heyyou
heyyou1
heyyou2
heyyy
hezekiah
hfjh120
hfjh120123
hfjh1202024
hfjh1202025
hfjh1202026
hfjh120888
hfjinggong
hfjinggong123
hfjinggong2024
hfjinggong2025
hfjinggong2026
hfjinggong888
hgfdsa
hggih;fv
hhhhbk
hhhhh
hhhhhh
hhhhhhh
hhhhhhhh
hhhhhhhhhh
hi
hi123
hi1234
hi12345
hi123456
hi5.com
hi5hi5
hialeah
hiawatha
hibaby
hibees
hibernian
hibiscus
hibs1875
hibsfc
hibye
hiccup
hickey
hickman
hickory
hidalgo
hidaya
hidayah
hidayat
hidden
hidden1
hideaki
hideki
hideto
hidude
hidupku
hifive
higgins
higgins1
high420
highbury
higher
highfield
highfive
highgrade
highheels
highjump
highland
highland1
highlander
highlanders
highlands
highlife
highlight
highlighter
highlights
highschool
highschoolmusical
highspeed
hightimes
hightower
highway
higurashi
hihello
hihi
hihi12
hihi123
hihihi
hihihi1
hihihihi
hiiii
hiitsme
hijack
hijadedios
hijau
hijita
hijodeputa
hijos
hijosdeputa
hijueputa
hikari
hikaru
hikmah
hilaria
hilario
hilarious
hilary
hilary1
hilary12
hilaryd
hilaryduff
hilbert
hilda
hilda1
hilfiger
hillary
hillary1
hillaryduff
hillbilly
hillbilly1
hillcrest
hillman
hills
hillside
hillside1
hillsong
hilltop
hilltown
hillview
hilly
hilman
hiloser
hilton
hilton1
him123
him666
himalaya
himanshu
himawari
himhim
himitsu
himmel
himura
hinata
hinata1
hinder
hinder1
hindikoalam
hindustan
hinojosa
hinton
hip hop
hip-hop
hipeople
hiphop
hiphop1
hiphop12
hiphop123
hiphop13
hiphop2
hiphop7
hipolito
hipopotamo
hippie
hippie1
hippies
hippo
hippo1
hippo123
hippopotamus
hippos
hippos1
hippy
hippy1
hippychick
hipsdontlie
hipster
hiram
hiroki
hiromi
hiroshi
hiroshima
hiroyuki
hisashi
hisexy
hisgirl
hisham
hisoka
hispanic
historia
history
history1
hisuka
hisyam
hitachi
hitamputih
hitemup
hithere
hithere1
hitler
hitler1
hitman
hitman1
hitman2
hitman47
hitme
hitokiri
hitomi
hitsugaya
hitter
hiwatari
hiya123
hiyahiya
hizuka
hkitty
hkkanglilai
hkkanglilai123
hkkanglilai2024
hkkanglilai2025
hkkanglilai2026
hkkanglilai888
hlubkoj
hmfc1874
hmmmmm
hnhuawang
hnhuawang123
hnhuawang2024
hnhuawang2025
hnhuawang2026
hnhuawang888
hoahong
hobart
hobbes
hobbie
hobbit
hobbit1
hobbits
hobnob
hoboken
hobson
hockey
hockey09
hockey1
hockey10
hockey101
hockey11
hockey12
hockey123
hockey13
hockey14
hockey15
hockey16
hockey17
hockey18
hockey19
hockey2
hockey21
hockey22
hockey23
hockey24
hockey27
hockey3
hockey30
hockey33
hockey4
hockey5
hockey6
hockey7
hockey8
hockey9
hockey99
hockeygirl
hocuspocus
hodges
hodgson
hoe123
hoebag
hoffman
hoffman1
hogan
hogan1
hogwarts
hogwarts1
hohepa
hohoho
hohoho1
hoihoi
hokage
hokianga
hokies
hola
hola!
hola1
hola10
hola11
hola12
hola123
hola1234
hola13
hola14
hola2
hola22
hola5
holaa
holaaa
holaadios
holaamigos
holaamor
holaatodos
holabb
holabebe
holabola
holacomo
holacomoestas
holahola
holala
holalola
holamiamor
holamundo
holanda
holanena
holap
holaquetal
holas
holasoyyo
holass
holatu
holax
holayadios
holayo
holaz
holbrook
holden
holden01
holden1
holdens
holdenv8
holder
holdme
holdon
holein1
holeinone
holger
holguin
holiday
holiday1
holidays
holiness
holis
holister
holita
holitas
holla
holla!
holla1
holla12
holla123
holla2
hollaatme
hollabac
hollaback
hollaback1
hollaholla
holland
holland1
holler
holler1
holley
holli
holliday
hollie
hollie1
hollie123
hollis
hollis1
hollister
hollister!
hollister.
hollister0
hollister1
hollister12
hollister2
hollister22
hollister3
hollister4
hollister5
hollister6
hollister7
hollister8
hollister9
hollisterco
hollow
hollow1
holloway
holly
holly!
holly01
holly06
holly07
holly1
holly11
holly12
holly123
holly13
holly2
holly21
holly22
holly3
holly4
holly5
holly7
hollyann
hollyb
hollydog
hollydolly
hollygirl
hollym
hollyoaks
hollys
hollywood
hollywood1
hollywood2
hollywood3
hollywood7
holman
holmes
holmes1
holocaust
holocausto
holstein
holybible
holychild
holycow
holycrap
holycross
holyfamily
holyghost
holygod
holygrail
holyhead
holyholy
holymoly
holyone
holyshit
holyshit1
holyspirit
holytrinity
holywater
holywood
hombre
hombres
home
home11
home12
home123
home1234
homealone
homeandaway
homebase
homeboy
homeboy1
homeboys
homecoming
homedepot
homedog
homegirl
homegrown
homegurl
homehome
homeland
homeless
homepage
homer
homer1
homer123
homerj
homero
homers
homersimpson
homerun
homerun1
homes
homeschool
homesick
homeslice
homestar
homestead
homesweethome
hometown
homewood
homework
homework1
homicide
homie
homie1
homieg
homies
homies1
homies13
homiez
hommer
hommie
homosexual
honcoh
honda
honda00
honda01
honda02
honda03
honda04
honda05
honda06
honda07
honda08
honda1
honda12
honda123
honda125
honda2
honda2000
honda21
honda22
honda23
honda250
honda3
honda400
honda400ex
honda450
honda5
honda7
honda8
honda85
honda89
honda92
honda94
honda95
honda96
honda97
honda98
honda99
hondaa
hondaaccord
hondac
hondacbr
hondacity
hondacivic
hondacr
hondacr125
hondacr85
hondacrv
hondacrx
hondajazz
hondas
hondas1
hondas2000
hondasi
honden
hondje
honduras
honduras1
honeey
honest
honestidad
honestly
honesty
honesty1
honey
honey!
honey01
honey02
honey03
honey04
honey05
honey06
honey07
honey08
honey09
honey1
honey10
honey101
honey11
honey12
honey123
honey13
honey14
honey143
honey15
honey16
honey17
honey18
honey19
honey2
honey20
honey2006
honey21
honey22
honey23
honey24
honey25
honey26
honey27
honey28
honey29
honey3
honey30
honey4
honey5
honey6
honey69
honey7
honey8
honey88
honey9
honeyb
honeybabe
honeybabes
honeybaby
honeybear
honeybear1
honeybee
honeybee1
honeybhe
honeyboo
honeyboy
honeybun
honeybun1
honeybunch
honeybunny
honeybuns
honeychild
honeycoh
honeycomb
honeycute
honeyd
honeydew
honeydip
honeydip1
honeydog
honeyg
honeygirl
honeygrace
honeygurl
honeyhoney
honeyj
honeykho
honeyko
honeykoh
honeyku
honeylet
honeylove
honeyluv
honeylyn
honeym
honeymae
honeyme
honeymoon
honeypie
honeypot
honeyq
honeyqoh
honeys
honeysuckle
honeysweet
honeywell
honeyy
honeyz
hongguanjixie
hongguanjixie123
hongguanjixie2024
hongguanjixie2025
hongguanjixie2026
hongguanjixie888
hongkong
hongshengss
hongshengss123
hongshengss2024
hongshengss2025
hongshengss2026
hongshengss888
honguito
honhie
honhon
honie
honies
honkey
honko
honkoh
honkytonk
honney
honnie
honny
honolulu
honor
honorio
honors
honour
honqoh
hoobastank
hooch
hooch1
hoochie
hoochie1
hoochy
hoodie
hoodnigga
hoodrat
hoodrich
hoodstar
hoohoo
hookah
hookem
hooker
hooker1
hooker2
hookers
hookup
hoola
hooligan
hooligans
hooper
hooper1
hoopla
hoops
hoops1
hoopstar
hoopster
hoosier
hoosiers
hooter
hooter1
hooters
hooters1
hooters2
hooters69
hootie
hoover
hoover1
hope
hope05
hope06
hope07
hope08
hope1
hope10
hope11
hope12
hope123
hope13
hope14
hope22
hope23
hope4me
hope77
hopeful
hopeful1
hopefull
hopefully
hopehope
hopeless
hopeless1
hopelove
hopes
hopewell
hopey
hophop
hoping
hopkins
hopkins1
hopper
hopper1
hoppers
hoppus
hoppy
hopscotch
horace
horacio
horatio
horatiu
horcrux
horizon
horizon1
horizons
horizonte
hormiga
hormiguita
horndog
hornet
hornet1
hornets
hornets1
horney
horny
horny1
horny69
hornydevil
horohoro
horoscop
horoscope
horoscopo
horrible
horror
horse
horse1
horse11
horse12
horse123
horse13
horse2
horse3
horse5
horse7
horsecrazy
horsegirl
horselover
horsemad
horseman
horsemen
horserider
horseriding
horses
horses!
horses01
horses1
horses10
horses101
horses11
horses12
horses123
horses13
horses14
horses2
horses21
horses22
horses3
horses4
horses4eva
horses5
horses7
horses8
horses9
horseshit
horseshoe
horsesrock
horsesrule
horsey
horsey1
horsie
hortencia
hortensia
horton
hosana
hosanna
hoskins
hospital
hospitality
hossam
hossana
hostel
hostess
hot
hot stuff
hot101
hot123
hot2trot
hot4you
hotandsexy
hotangel
hotaru
hotass
hotass1
hotbabe
hotbabe1
hotbabes
hotbaby
hotbitch
hotbitch1
hotboi
hotbox
hotboy
hotboy1
hotboy12
hotboy2
hotboys
hotboys1
hotboyz
hotboyz1
hotcake
hotcakes
hotcat
hotcheetos
hotchic
hotchick
hotchick1
hotchicks
hotchik
hotchips
hotchix
hotchocolate
hotcoco
hotcocoa
hotdamn
hotdate
hotdog
hotdog1
hotdog12
hotdog123
hotdog2
hotdog22
hotdog7
hotdogs
hotdogs1
hotel
hotels
hotfire
hotfuck
hotfudge
hotfuzz
hotgal
hotgirl
hotgirl1
hotgirl12
hotgirl2
hotgirls
hotgirls1
hotgurl
hotgurl1
hotguy
hotguys
hothead
hothot
hothot1
hothothot
hotice
hotie
hotie1
hotkiss
hotlady
hotlegs
hotline
hotlips
hotlips1
hotlove
hotlover
hotmail
hotmail.
hotmail.com
hotmail1
hotmail12
hotmail123
hotmail2
hotmailcom
hotmails
hotmale
hotmama
hotmama1
hotmama12
hotmama2
hotmama4
hotmamma
hotman
hotme
hotmom
hotmoma
hotmomma
hotmomma1
hotmommy
hotness
hotness1
hotnsexy
hotohori
hotone
hotornot
hotpants
hotpink
hotpink!
hotpink1
hotpink11
hotpink123
hotpink2
hotpink3
hotpink5
hotpink7
hotpocket
hotpot
hotpussy
hotred
hotrod
hotrod1
hotrods
hotsauce
hotsauce1
hotsex
hotsex1
hotsex69
hotsexy
hotshit
hotshit1
hotshot
hotshot1
hotshots
hotspot
hotspur
hotstuf
hotstuff
hotstuff!
hotstuff1
hotstuff12
hotstuff2
hott
hottchick
hotter
hottest
hottgirl
hotthang
hotthing
hotti
hotti3
hottie
hottie!
hottie#1
hottie*
hottie.
hottie00
hottie01
hottie02
hottie03
hottie04
hottie05
hottie06
hottie07
hottie08
hottie09
hottie1
hottie10
hottie101
hottie11
hottie12
hottie123
hottie1234
hottie13
hottie14
hottie15
hottie16
hottie17
hottie18
hottie19
hottie2
hottie20
hottie21
hottie22
hottie23
hottie24
hottie25
hottie28
hottie3
hottie32
hottie33
hottie34
hottie4
hottie411
hottie44
hottie45
hottie4u
hottie5
hottie6
hottie69
hottie7
hottie77
hottie8
hottie88
hottie89
hottie9
hottie911
hottie92
hottie93
hottie94
hottie95
hottie96
hottie99
hottiegirl
hotties
hotties1
hottmama
hottness
hottness1
hottopic
hottopic1
hottpink
hottstuff
hottstuff1
hottub
hotty
hotty1
hotty101
hotty12
hotty123
hotty13
hotty2
hottys
hotwheels
hotwheels1
hotwings
houdini
houghton
hounddog
hounds
house
house1
house12
house123
house2
housemusic
houses
housewife
houston
houston1
houston123
houston2
houston3
houston7
houston713
houstone
houstontx
houvanje
houvanjou
howard
howard1
howareyou
howcome
howdie
howdy
howdy1
howell
howhigh
howie
howie1
howied
howudoin
hpotter
hppavilion
hpyq
hpyq123
hpyq2024
hpyq2025
hpyq2026
hpyq888
hr-times
hr-times123
hr-times2024
hr-times2025
hr-times2026
hr-times888
hrithik
hrtimes
hrtimes123
hrtimes2024
hrtimes2025
hrtimes2026
hrtimes888
hrvatska
hsm123
hsmrocks
hsmusical
htebazile
htown
htown1
htown713
huaman
huamani
huancayo
huanyouche
huanyouche123
huanyouche2024
huanyouche2025
huanyouche2026
huanyouche888
huazelei
hubbabubba
hubbahubba
hubbard
hubbie
hubble
hubby
hubby1
hubbyko
hubeijinheng
hubeijinheng123
hubeijinheng2024
hubeijinheng2025
hubeijinheng2026
hubeijinheng888
hubert
huckerby
huckleberry
hudas
huddersfield
hudgens
hudson
hudson1
huellas
huerta
huertas
huesito
huesitos
huesos
huevito
huevo
huevon
huevos
huffman
huggable
hugger
huggie
huggies
huggies1
huggins
huggles
huggy
huggybear
hughes
hughes1
hughgrant
hughie
hugito
hugme
hugo12
hugo123
hugo14
hugoboss
hugohugo
hugos
hugoteamo
hugsandkisses
hugsnkisses
huguinho
huguito
huhuhu
huihui
hujan
hulaanmo
hulagirl
hulahoop
hulahoops
hulahula
hulkhogan
hulkster
hullcity
hullfc
humaira
human
humanity
humans
humberto
humberto1
humble
humboldt
humbug
humility
hummel
hummer
hummer1
hummer2
hummer3
hummerh1
hummerh2
hummerh3
hummers
hummingbird
humphrey
humpty
humptydumpty
humtum
hunbun
hundred
hungry
hungry1
hunhun
hunibuni
hunney
hunni
hunni1
hunnibun
hunnibunni
hunnie
hunnie1
hunniebunnie
hunnii
hunny
hunny1
hunnybear
hunnybee
hunnybun
hunnybunny
hunnyko
hunnys
hunted
hunter
hunter!
hunter.
hunter00
hunter01
hunter02
hunter03
hunter04
hunter05
hunter06
hunter07
hunter08
hunter09
hunter1
hunter10
hunter11
hunter12
hunter123
hunter13
hunter14
hunter15
hunter17
hunter18
hunter2
hunter2006
hunter21
hunter22
hunter23
hunter24
hunter25
hunter3
hunter4
hunter5
hunter6
hunter69
hunter7
hunter77
hunter8
hunter88
hunter9
hunter98
hunter99
hunters
hunterx
hunterxhunter
hunting
hunting1
huntington
huntley
huntress
huracan
hurdles
hurley
hurley1
hurling
hurricane
hurricane1
hurricanes
hurryup
hurtado
hurting
hurting1
hurtme
hurts
husain
husband
husband1
husein
hushpuppy
husker
husker1
huskers
huskers1
huskey
huskie
huskies
huskies1
husky
husky1
husna
husnul
hussain
hussein
hussien
hustla
hustla1
hustle
hustle1
hustler
hustler1
hustlin
huston
hutch
hutch1
hutchinson
hutchy
hutton
huurhun
hwoarang
hyacinth
hybrid
hydro420
hydrogen
hygiene
hyper
hyper1
hyperion
hyperlite
hyphy
hyphy1
hypnotic
hypnotize
hyrule
hysteria
hyunbin
hyundai
hyuuga
hyves
hzzlcn
hzzlcn123
hzzlcn2024
hzzlcn2025
hzzlcn2026
hzzlcn888
i hate you
i love
i love chris
i love him
i love me
i love u
i love you
i luv u
i rock
i(L)you
i-love-you
i.love.you
i123456
i4gotit
i81u812
i<3him
i<3you
i_love_u
i_love_you
iam2cool
iamabitch
iamagirl
iamalone
iamaloser
iamastar
iamawesome
iambeautiful
iambored
iamcool
iamcool1
iamcool2
iamcrazy
iamcute
iamdabest
iamemo
iamfat
iamfree
iamgay
iamgod
iamgood
iamgreat
iamhappy
iamhere
iamhot
iaminlove
iamking
iamkool
iamloved
iamme
iamme1
iamno1
iamnum1
iamnumber1
iampretty
iamsam
iamsaved
iamsexy
iamsexy1
iamsingle
iamsmart
iamsocool
iamsocute
iamsohot
iamsosexy
iamstrong
iamstupid
iamsweet
iamthe1
iamthebest
iamthegame
iamtheking
iamtheman
iamtheone
iamwhatiam
iamwhoiam
ian123
ianbrown
ianian
ianjames
ianne
ianpogi
ianuarie
iasmina
ib6ub9
ibanez
ibanez1
ibarra
ibelieve
ibiza
ibrahim
ibrahimovic
ibunda
ibyang
icandoit
icandy
icanfly
icare4u
icarly
icarus
ice cream
ice-cream
ice123
iceage
iceage2
iceangel
icebaby
iceberg
iceberg1
iceblue
icebox
icebreaker
icecold
icecool
icecream
icecream!
icecream1
icecream11
icecream12
icecream123
icecream2
icecream3
icecream4
icecream6
icecream7
icecube
icecube1
icecubes
icedragon
icedtea
icefire
icegirl
icehockey
icehouse
iceice
iceicebaby
iceiceice
iceland
iceman
iceman1
iceman11
iceman2
icepop
iceprincess
icequeen
iceskate
iceskater
iceskating
icetea
icewater
ichiban
ichigo
ichigo1
ichiro
ichliebe
ichliebedich
ickkck
icoana
icp123
icp666
icu812
idalia
idalina
idaman
idance
idania
identity
idiot
idiot1
idiota
idiotas
idiots
idk123
idonno
idontcare
idontcare1
idonthave1
idontkno
idontknow
idontknow!
idontknow1
idontknow2
idontloveyou
idontno
idontthinkso
idunno
idunno1
iepuras
iepurash
iepure
iesha
ieshia
ifeanyi
ifonly
iforget
iforgot
iforgot1
iforgot2
iforgotit
igetmoney
iggypop
igiboy
igiveup
iglesia
iglesias
ignacia
ignacio
ignatius
ignite
ignition
ignore
igorot
igotgame
iguana
iguess
ih8you
ihate1
ihateboys
ihateboys!
ihateboys1
ihateguys
ihatehackers
ihateher
ihatehim
ihatehim1
ihatelife
ihatelife1
ihatelove
ihateme
ihateme1
ihatemen
ihatemylife
ihatemyself
ihatepeople
ihateppl
ihateschool
ihateskool
ihatethis
ihateu
ihateu!
ihateu1
ihateu2
ihateyou
ihateyou!
ihateyou.
ihateyou1
ihateyou12
ihateyou123
ihateyou2
ihateyou7
ihave3kids
ihave4kids
ihearthim
iheartme
iheartu
iheartu1
iheartu2
iheartyou
iheartyou!
iheartyou1
iheartyou2
iiiii
iiiiii
iiloveyou
iiyama
ijeoma
ijolumut
ikaika
ikaika1
ikawlamang
ikawlang
ikawparin
ikbengek
ikbenik
ikbenlief
ikhlas
ikhouvanje
ikhouvanjou
ikhsan
ikhwan
ikickass
ikillu
ikillyou
iknow
ikutatoma
il0v3u
il0v3y0u
il0vehim
il0veme
il0veu
il0vey0u
il0veyou
ilabu
ilabyou
ilabyu
ilagan
ilaria
ildefonso
ildiko
ildivo
ileana
ilegal
ileyan
ilham
iliana
iligan
ilike69
ilikeboys
ilikecake
ilikecheese
ilikeeggs
ilikefood
ilikegirls
ilikehim
ilikeit
ilikeme
ilikemike
ilikepie
ilikepie1
ilikepie2
ilikepink
ilikesex
ilikeu
ilikeyou
illegal
illidan
illini
illinois
illinois1
illmatic
illnana
illnevertell
illnino
illuminati
illusion
illusions
illwill
iloeyou
iloilo
ilona
ilonah
ilov3him
ilov3u
ilov3you
ilove
ilove u
ilove you
ilove$
ilove...
ilove07
ilove08
ilove1
ilove10
ilove11
ilove12
ilove123
ilove13
ilove14
ilove143
ilove15
ilove16
ilove17
ilove18
ilove19
ilove2
ilove21
ilove22
ilove23
ilove24
ilove25
ilove26
ilove27
ilove2dance
ilove2shop
ilove2sing
ilove3
ilove33
ilove4
ilove420
ilove5
ilove50
ilove6
ilove69
ilove7
ilove71
ilove8
ilove?
ilove??
ilove???
iloveGod
iloveJesus
ilovea
iloveaaron
iloveabby
iloveabi
iloveac
iloveace
iloveadam
iloveadam1
iloveadrian
iloveaiden
iloveaj
iloveaj1
iloveal
ilovealan
ilovealec
ilovealex
ilovealex!
ilovealex1
ilovealex2
ilovealfie
iloveali
ilovealice
iloveallah
iloveallan
iloveallen
ilovealyssa
iloveamanda
iloveamber
iloveamy
iloveana
iloveandre
iloveandrew
iloveandy
iloveandy1
iloveangel
iloveanimals
iloveanime
iloveanna
iloveannie
iloveant
iloveanthony
iloveapril
iloveart
iloveash
iloveashley
iloveaustin
iloveb
iloveb2k
iloveb5
ilovebaby
ilovebam
ilovebasketball
ilovebb
ilovebear
ilovebeau
ilovebebo
ilovebecca
ilovebecky
ilovebeer
iloveben
iloveben1
ilovebenji
ilovebenny
ilovebeth
ilovebill
ilovebilly
ilovebj
iloveblack
iloveblake
iloveblue
ilovebo
ilovebob
ilovebobby
iloveboo
iloveboys
iloveboys!
iloveboys1
iloveboys2
iloveboyz
iloveboyz1
ilovebrad
ilovebrady
ilovebrandon
ilovebratz
ilovebrent
ilovebrett
ilovebrian
ilovebrittany
ilovebrock
ilovebrooke
ilovebryan
ilovebsb
ilovebubba
ilovebud
ilovebuddy
ilovec
ilovecake
ilovecaleb
ilovecali
ilovecallum
ilovecam
ilovecameron
ilovecandy
ilovecarl
ilovecarlos
ilovecars
ilovecasey
ilovecassie
ilovecat
ilovecats
ilovecats1
ilovecb
ilovechad
ilovechad1
ilovecharles
ilovecharlie
ilovechase
ilovecheese
ilovechelsea
ilovechloe
ilovechocolate
ilovechris
ilovechrisbrown
ilovechristian
ilovecindy
ilovecj
ilovecj1
iloveclaire
iloveclay
iloveclint
ilovecock
ilovecoco
ilovecody
ilovecody!
ilovecody1
ilovecoke
ilovecole
ilovecolin
iloveconnor
iloveconor
ilovecookie
ilovecookies
ilovecorey
ilovecory
ilovecourtney
ilovecows
ilovecraig
ilovecurtis
iloved
ilovedad
ilovedad1
ilovedaddy
ilovedaisy
ilovedakota
ilovedale
ilovedan
ilovedan1
ilovedana
ilovedance
ilovedancing
ilovedane
ilovedani
ilovedaniel
ilovedanny
ilovedarren
ilovedave
ilovedavid
ilovedc
ilovedean
ilovedee
ilovedennis
ilovederek
ilovederrick
ilovedevin
ilovedevon
ilovedick
ilovediego
ilovedillon
ilovedj
ilovedj1
ilovedogs
ilovedogs1
ilovedolphins
ilovedom
ilovedon
ilovedoug
ilovedougie
ilovedrew
ilovedustin
ilovedusty
ilovedylan
ilovedyou
ilovee
iloveed
iloveeddie
iloveedgar
iloveedward
iloveeli
iloveellie
iloveelmo
iloveem
iloveemily
iloveeminem
iloveemma
iloveemo
iloveeric
iloveeric1
iloveerica
iloveerik
iloveerin
iloveethan
iloveevan
ilovefamily
ilovefish
ilovefood
ilovefootball
iloveforever
ilovefrank
ilovefred
ilovefrogs
iloveg
ilovegabe
ilovegary
ilovegavin
ilovegaz
ilovegc
ilovegeorge
ilovegirls
iloveglen
iloveglenn
ilovegod
ilovegod!
ilovegod1
ilovegod2
ilovegod7
ilovegolf
ilovegrace
ilovegrant
ilovegreen
ilovegreg
iloveguy
iloveguys
ilovehannah
iloveharry
ilovehayden
iloveheather
ilovehector
ilovehenry
iloveher
iloveher!
iloveher1
iloveher2
ilovehim
ilovehim!
ilovehim*
ilovehim.
ilovehim0
ilovehim07
ilovehim08
ilovehim1
ilovehim11
ilovehim12
ilovehim13
ilovehim14
ilovehim2
ilovehim22
ilovehim23
ilovehim3
ilovehim4
ilovehim5
ilovehim6
ilovehim69
ilovehim7
ilovehim8
ilovehim9
ilovehimsomuch
iloveholly
ilovehoney
ilovehorses
ilovehunter
iloveian
iloveian1
iloveindia
iloveisaac
iloveit
iloveivan
ilovej
ilovej1
ilovejack
ilovejacob
ilovejade
ilovejake
ilovejake1
ilovejames
ilovejamie
ilovejared
ilovejason
ilovejay
ilovejay1
ilovejazz
ilovejb
ilovejc
ilovejd
ilovejed
ilovejeff
ilovejeff1
ilovejen
ilovejenna
ilovejenny
ilovejeremy
ilovejerry
ilovejess
ilovejesse
ilovejessica
ilovejessie
ilovejesus
ilovejim
ilovejimmy
ilovejj
ilovejm
ilovejo
ilovejodie
ilovejoe
ilovejoe!
ilovejoe1
ilovejoe2
ilovejoejonas
ilovejoel
ilovejoey
ilovejoey1
ilovejohn
ilovejohn!
ilovejohn1
ilovejohnny
ilovejojo
ilovejon
ilovejon1
ilovejonathan
ilovejonny
ilovejordan
ilovejorge
ilovejose
ilovejose1
ilovejoseph
ilovejosh
ilovejosh!
ilovejosh1
ilovejoshua
ilovejoy
ilovejp
ilovejr
ilovejr1
ilovejt
ilovejuan
ilovejuan1
ilovejulie
ilovejulio
ilovejunior
ilovejustin
ilovek
ilovekane
ilovekaren
ilovekarl
ilovekat
ilovekate
ilovekatie
ilovekayla
ilovekc
ilovekeith
ilovekelly
iloveken
ilovekenny
ilovekev
ilovekevin
ilovekieran
ilovekim
ilovekittens
ilovekitty
ilovekris
ilovekurt
ilovekyle
ilovekyle!
ilovekyle1
ilovel
ilovelamp
ilovelance
ilovelarry
ilovelaura
ilovelauren
iloveleah
ilovelee
iloveleigh
iloveleo
iloveleon
ilovelevi
ilovelewis
ilovelexi
iloveliam
ilovelife
ilovelife1
ilovelily
ilovelisa
iloveliz
ilovelogan
ilovelouie
ilovelouis
ilovelove
ilovelucas
ilovelucy
ilovelucy1
iloveluis
iloveluis1
iloveluke
ilovem
ilovem3
ilovemac
ilovemama
ilovemandy
ilovemanny
ilovemanu
ilovemarc
ilovemarco
ilovemarcus
ilovemaria
ilovemario
ilovemark
ilovemark1
ilovemartin
ilovemary
ilovemason
ilovemat
ilovemath
ilovematt
ilovematt!
ilovematt1
ilovematt2
ilovematthew
ilovematty
ilovemax
ilovemax1
ilovemcfly
ilovemcr
iloveme
iloveme!
iloveme.
iloveme01
iloveme06
iloveme07
iloveme08
iloveme09
iloveme1
iloveme10
iloveme11
iloveme12
iloveme123
iloveme13
iloveme14
iloveme15
iloveme16
iloveme17
iloveme2
iloveme21
iloveme22
iloveme23
iloveme3
iloveme33
iloveme4
iloveme5
iloveme6
iloveme69
iloveme7
iloveme8
iloveme88
iloveme9
ilovemee
ilovemeg
ilovemegan
ilovemel
ilovemelissa
ilovemen
ilovemia
ilovemichael
ilovemichelle
ilovemiguel
ilovemike
ilovemike!
ilovemike1
ilovemike2
ilovemikey
ilovemimi
ilovemine
ilovemitch
ilovemj
ilovemoe
ilovemolly
ilovemom
ilovemom1
ilovemom2
ilovemommy
ilovemoney
ilovemonkeys
ilovemum
ilovemummy
ilovemusic
ilovemy
ilovemy2kids
ilovemy3kids
ilovemybabe
ilovemybaby
ilovemybf
ilovemyboo
ilovemyboy
ilovemyboys
ilovemycat
ilovemydad
ilovemydaddy
ilovemydog
ilovemydogs
ilovemyfamily
ilovemyfriends
ilovemygirl
ilovemygirls
ilovemyhoney
ilovemyhusband
ilovemykids
ilovemylife
ilovemyman
ilovemymom
ilovemymommy
ilovemymother
ilovemymum
ilovemymummy
ilovemyparents
ilovemyself
ilovemysister
ilovemyson
ilovemywife
ilovenana
ilovenat
ilovenate
ilovenathan
iloveneil
ilovenelly
ilovenewyork
ilovenic
ilovenick
ilovenick!
ilovenick1
ilovenick2
ilovenickjonas
ilovenicky
ilovenicole
ilovenikki
iloveno1
ilovenoah
ilovenoel
ilovenoone
iloveny
ilovenyc
iloveollie
iloveomar
iloveoreo
iloveorlando
iloveoscar
iloveou
iloveowen
iloveoyu
ilovep
ilovepaige
ilovepapa
iloveparis
ilovepat
ilovepatrick
ilovepaul
ilovepaul1
ilovepete
ilovepeter
ilovepets
ilovephil
ilovephillip
ilovepics
ilovepie
ilovepigs
ilovepink
ilovepink!
ilovepink1
ilovepizza
ilovepj
iloveplayboy
ilovepoo
ilovepooh
ilovepunk
ilovepuppies
ilovepurple
ilovepussy
ilover
iloverachel
iloverain
iloverandy
iloveraul
iloveray
iloverbd
ilovered
ilovereece
iloverex
iloverhys
iloverich
iloverichard
iloverichie
iloverick
ilovericky
iloveriley
iloverj
iloverob
iloverob1
iloverobbie
iloverobert
iloverock
iloverocky
iloverockyou
iloveroger
iloveron
iloveronnie
iloverose
iloveross
iloveroxy
iloveroy
iloveruben
iloveruby
iloverudy
iloverusty
iloveryan
iloveryan!
iloveryan1
iloves
ilovesam
ilovesam1
ilovesammy
ilovesara
ilovesarah
ilovesasuke
iloveschool
ilovescott
ilovesean
ilovesean1
iloveseth
ilovesex
ilovesex1
ilovesex69
iloveshane
iloveshannon
iloveshaun
iloveshawn
iloveshoes
iloveshopping
ilovesimon
ilovesoccer
ilovesoftball
ilovesome1
ilovesomeone
ilovesonny
ilovesophie
ilovesos
ilovesos1
ilovespencer
ilovesports
ilovestar
ilovestars
iloveste
ilovestefan
ilovesteph
ilovestephen
ilovesteve
ilovesteven
ilovestu
ilovestuart
ilovesum1
ilovesummer
ilovesvs
ilovet
ilovetara
ilovetay
ilovetaylor
ilovetaz
iloveteddy
ilovetennis
iloveterry
ilovethelord
ilovethem
ilovethis
ilovethisgame
ilovethomas
iloveti
ilovetia
ilovetigger
ilovetim
ilovetim1
ilovetimmy
ilovetina
ilovetj
ilovetoby
ilovetodance
ilovetodd
ilovetom
ilovetom1
ilovetommy
ilovetony
ilovetony1
ilovetori
ilovetosing
ilovetravis
ilovetrent
ilovetrevor
ilovetrey
ilovetroy
ilovety
ilovetyler
ilovetyson
iloveu
iloveu!
iloveu*
iloveu.
iloveu0
iloveu01
iloveu06
iloveu07
iloveu08
iloveu09
iloveu1
iloveu10
iloveu101
iloveu11
iloveu12
iloveu123
iloveu13
iloveu14
iloveu143
iloveu15
iloveu16
iloveu17
iloveu18
iloveu2
iloveu21
iloveu22
iloveu23
iloveu24
iloveu3
iloveu4
iloveu4eva
iloveu4ever
iloveu5
iloveu6
iloveu69
iloveu7
iloveu8
iloveu88
iloveu9
iloveubabe
iloveubaby
iloveulord
iloveumom
iloveusher
iloveusomuch
iloveutoo
iloveuu
ilovevictor
ilovevince
ilovewade
ilovewayne
iloveweed
ilovewes
ilovewho
ilovewill
ilovewill1
ilovewilliam
ilovey
ilovey0u
iloveya
iloveyah
iloveyew
iloveyo
iloveyoo
iloveyooh
iloveyou
iloveyou!
iloveyou!!
iloveyou*
iloveyou.
iloveyou0
iloveyou00
iloveyou01
iloveyou02
iloveyou03
iloveyou04
iloveyou05
iloveyou06
iloveyou07
iloveyou08
iloveyou09
iloveyou1
iloveyou10
iloveyou11
iloveyou12
iloveyou123
iloveyou1234
iloveyou13
iloveyou14
iloveyou143
iloveyou15
iloveyou16
iloveyou17
iloveyou18
iloveyou19
iloveyou2
iloveyou20
iloveyou21
iloveyou22
iloveyou23
iloveyou24
iloveyou25
iloveyou26
iloveyou27
iloveyou28
iloveyou29
iloveyou3
iloveyou31
iloveyou32
iloveyou33
iloveyou4
iloveyou4eva
iloveyou4ever
iloveyou5
iloveyou55
iloveyou6
iloveyou69
iloveyou7
iloveyou77
iloveyou8
iloveyou87
iloveyou88
iloveyou89
iloveyou9
iloveyou90
iloveyou91
iloveyou92
iloveyou93
iloveyou94
iloveyou99
iloveyou<3
iloveyouall
iloveyoubabe
iloveyoubaby
iloveyoubhe
iloveyouboo
iloveyoudad
iloveyoudaddy
iloveyouforever
iloveyougod
iloveyouh
iloveyouhon
iloveyouhoney
iloveyoujesus
iloveyoulord
iloveyoumama
iloveyoumom
iloveyoumore
iloveyouso
iloveyousomuch
iloveyouto
iloveyoutoo
iloveyouu
iloveyouverymuch
iloveyoux3
iloveyu
iloveyuo
iloveyuu
ilovezac
ilovezacefron
ilovezach
ilovezack
ilovezak
ilovezoe
ilovme
ilovryou
ilovu
ilovyou
ilu123
ilu143
ilucion
ilusion
ilusiones
iluv2cheer
iluv2dance
iluv2shop
iluv69
iluv?
iluv??
iluv???
iluvaaron
iluvadam
iluvaj
iluvalex
iluvalex1
iluvandrew
iluvandy
iluvangel
iluvanthony
iluvaustin
iluvben
iluvbilly
iluvboiz
iluvboys
iluvboyz
iluvbrad
iluvbrandon
iluvbrian
iluvcats
iluvcb
iluvchad
iluvcharlie
iluvchris
iluvchris1
iluvcody
iluvcraig
iluvdad
iluvdaddy
iluvdan
iluvdance
iluvdaniel
iluvdanny
iluvdave
iluvdavid
iluvdj
iluvdogs
iluvdylan
iluveddie
iluvelmo
iluvemma
iluveric
iluveu
iluvgirls
iluvgod
iluvgod1
iluvgreg
iluvguys
iluvher
iluvhim
iluvhim!
iluvhim1
iluvhim2
iluvhorses
iluvit
iluvjack
iluvjacob
iluvjake
iluvjames
iluvjamie
iluvjason
iluvjay
iluvjc
iluvjesse
iluvjesus
iluvjesus1
iluvjj
iluvjoe
iluvjoey
iluvjohn
iluvjon
iluvjordan
iluvjose
iluvjosh
iluvjr
iluvjustin
iluvkevin
iluvkyle
iluvlee
iluvliam
iluvlife
iluvlucy
iluvluis
iluvluke
iluvm3
iluvmark
iluvmatt
iluvmatt1
iluvmax
iluvme
iluvme!
iluvme1
iluvme12
iluvme123
iluvme13
iluvme2
iluvme22
iluvme3
iluvme4
iluvmichael
iluvmike
iluvmike1
iluvmom
iluvmom1
iluvmum
iluvmusic
iluvmybaby
iluvmyfamily
iluvmykids
iluvmymum
iluvmyself
iluvnate
iluvnathan
iluvnick
iluvnick1
iluvno1
iluvny
iluvpaul
iluvpink
iluvpussy
iluvrob
iluvrock
iluvryan
iluvsam
iluvscott
iluvsean
iluvsex
iluvshane
iluvsoccer
iluvsome1
iluvsos
iluvsos1
iluvsteve
iluvsteven
iluvsum1
iluvsvs
iluvtaylor
iluvtim
iluvtj
iluvtom
iluvtony
iluvtyler
iluvu
iluvu!
iluvu1
iluvu12
iluvu123
iluvu13
iluvu14
iluvu143
iluvu2
iluvu22
iluvu23
iluvu3
iluvu4
iluvu4eva
iluvu4ever
iluvu7
iluvubaby
iluvwill
iluvya
iluvyew
iluvyooh
iluvyou
iluvyou!
iluvyou1
iluvyou2
iluvyu
iluvzac
iluvzach
ily123
ily4ever
im2cool
im2cute
im2hot4u
im2sexy
im2sexy4u
imabitch
imadork
imaflirt
imafreak
image
imagen
imagenes
images
imagina
imaginacion
imaginary
imagination
imagine
imagine1
imagirl
imahottie
imajin
imaking
imalive
imalone
imaloser
imanangel
imani
imani1
imanol
imanuel
imapimp
imapimp1
imaprincess
imaslut
imastar
imation
imawesome
imback
imbeautiful
imbecil
imblessed
imbored
imbored1
imbossy
imbossy1
imbroken
imcool
imcool!
imcool1
imcool2
imcrazy
imcute
imdabest
imdabomb
imdaman
imdone
imelda
imfree
imgay
imgood
imgreat
imhappy
imhere
imhorny
imhot
imhotep
imhott
imhungry
iminlove
iminlove!
iminlove1
iminlove2
iminluv
imisshim
imisshim1
imissu
imissu1
imissu2
imissyou
imissyou!
imissyou1
imissyou2
imjustme
imkool
imlost
imloved
imlovinit
immaculate
immanuel
immature
immortal
immortal1
immortality
imnotemo
imnotok
imnotokay
imnottelling
imnumber1
imoet
imoeth
imoetz
imogen
imogene
imortal
impact
impacto
impakta
impakto
impala
impala1
impala64
imperfect
imperial
imperial1
imperio
impian
import
important
importante
imposible
impossible
impostora
impresora
impretty
impreuna
impreza
imprimanta
impulse
imran
imreal
imrich
imsaved
imsexy
imsexy1
imsingle
imsocool
imsocute
imsofly
imsofly1
imsohood
imsohot
imsopretty
imsorry
imsosexy
imstrong
imstupid
imthe1
imthebest
imthebest1
imtheman
imtheone
imtheshit
imtiaz
imtired
imtoosexy
imyours
inacio
inalcanzable
incess
incognito
incomplete
incomprendida
increase
incredere
incredible
incredibles
increible
incubus
incubus1
indaclub
indah
indahouse
inday
indays
indeed
independant
independence
independencia
independent
independiente
indhay
indhira
india
india1
india123
indian
indian1
indiana
indiana1
indianajones
indianapolis
indiangirl
indianna
indians
indians1
indica
indie
indiglo
indigo
indio
indira
indochine
indonesia
indra
indragostita
indri
industrial
industry
indy500
ineedhelp
ineedlove
ineedmoney
ineedu
ineedyou
ineng
inesita
inevitable
infamous
infamous1
infante
infantry
infantry1
infected
infernal
inferno
inferno1
infiel
infieles
infierno
infinite
infiniti
infinito
infinitum
infinity
infinity1
inflames
informacion
informatica
informatika
information
infotech
inframundo
infrared
ingeniera
ingenieria
ingeniero
inger
ingeras
ingerash
ingerasi
ingerasul
ingerasulmeu
ingeri
ingersidemon
inghetata
inging
ingkong
inglaterra
ingles
inglewood
ingoditrust
ingodwetrust
ingram
ingrid
ingrid1
iniciar
inicio
inima
inimadetigan
inimamea
inimioara
inimioare
initiald
inkheart
inkjet
inl0ve
inline
inlove
inlove!
inlove.
inlove06
inlove07
inlove08
inlove1
inlove11
inlove12
inlove123
inlove13
inlove15
inlove2
inlove21
inlove22
inlove23
inlove3
inlove4
inlove4ever
inlove5
inlove7
inmaculada
inmortal
innocence
innocent
innocent1
innova
innovision
innuendo
inocencio
inocent
inocente
inolvidable
insane
insane1
insaneclownposse
insanity
insatiable
insecure
insert
inshallah
inside
insideout
insight
insignia
insite
insomnia
insomniac
inspector
inspiracion
inspiration
inspire
inspired
inspiron
install
instant
instinct
instituto
insurance
intan
integra
integra1
integral
integrity
intel
inteligencia
inteligente
intelinside
intelligence
intelligent
intense
intensity
inter
interesant
interesting
interex
interior
intermilan
intern
internacional
international
internazionale
internet
internet1
internet2
interpol
interzis
intheend
inthemix
inthezone
intocable
intrepid
intrigue
intruder
intsik
inutil
inuyasha
inuyasha!
inuyasha1
inuyasha12
inuyasha123
inuyasha13
inuyasha2
inuyasha3
inuyasha7
invader
invaderzim
invalid
invasion
invent
inverness
invictus
invierno
invincible
invisible
invite
invu4uraqt
inzaghi
ioana
ioanaa
ioanna
ioioio
iolanda
iomega
ionela
ionescu
ionica
ionut
ionutz
ionutza
ioriyagami
ipanema
iphone
ipod
ipod12
ipod123
ipod13
ipodmini
ipodnano
ipromise
ipswich
ipswichtown
iqbal
iquitos
iracema
iraira
irais
irasema
irawan
ireland
ireland1
ireland2
ireland3
ireland7
irene
irene1
irene12
ireneo
irenes
irenita
irfan
irina
irinel
irinuca
irinuk
irish
irish1
irish12
irish123
irish13
irish2
irish7
irishdancer
irishdancing
irishgirl
irishman
iriver
irlanda
irmb5mes
irmita
irn-bru
irnbru
irnbru32
irock
irock!
irock1
irock101
irock12
irock123
irock2
irocks
irocku
irockyou
ironfist
ironhide
ironhorse
ironic
ironmaiden
ironman
ironman1
irreplaceable
irreverente
irule
irule1
irule123
irvin
irvin1
irvine
irving
irwan
irwansyah
isa123
isaac
isaac01
isaac04
isaac05
isaac06
isaac1
isaac123
isaac2
isaac3
isaacs
isaacteamo
isabel
isabel1
isabel12
isabel123
isabel13
isabel15
isabel2
isabel3
isabela
isabelita
isabell
isabell1
isabella
isabella06
isabella1
isabella2
isabella3
isabella4
isabella5
isabella7
isabella8
isabelle
isabelle1
isadora
isagani
isaiah
isaiah01
isaiah02
isaiah03
isaiah04
isaiah05
isaiah06
isaiah07
isaiah1
isaiah123
isaiah2
isaiah23
isaiah3
isaiah4
isaiah5
isaiah7
isaias
isamar
isang
isatkm
isaura
iseedeadpeople
iseeyou
isela
ishmael
ishtar
isiah
isiah1
isidora
isidoro
isidro
isita
iskandar
iskola
islam
islam1
islami
islamic
island
island1
islander
islanders
islandgirl
islandgurl
islands
ismael
ismael1
ismail
ismell
isnabera
isobel
isobelle
isolde
israel
israel1
israelteamo
isreal
isrrael
issabella
issac
issac1
issues
istanbul
istilllovehim
istillloveyou
istiqomah
istorie
istvan
iswara
iswear
isylzjko
itachi
itachi1
italia
italia1
italian
italian1
italiana
italiano
italie
italien
italo
italy
italy06
italy1
ithaca
ithurts
itisme
its420
itsaboy
itsagirl
itsallaboutme
itsallgood
itsallme
itsasecret
itsjustme
itsme
itsme!
itsme1
itsme123
itsme2
itsmee
itsmeh
itsmine
itsmylife
itsover
itsumo
ittybitty
itunes
itzayana
itzel
itzel1
itzelita
iubesc
iubestema
iubimeu
iubire
iubirea
iubireamea
iubita
iubitamea
iubitel
iubitica
iubitu
iubitulmeu
iubymeu
iubyre
iubyta
iulia
iulian
iuliana
iulica
iustin
ivan
ivan06
ivan1
ivan10
ivan12
ivan123
ivan13
ivan14
ivan15
ivan17
ivan22
ivan23
ivana
ivancito
ivanhoe
ivania
ivanivan
ivanka
ivann
ivanna
ivansito
ivanteamo
ivelisse
iverson
iverson03
iverson1
iverson3
iveth
ivett
ivette
ivette1
ivone
ivonne
ivonne1
ivory
ivory1
ivyivy
ivyjoy
ivyrose
iwannadie
iwannaloveyou
iwantcandy
iwantsex
iwanttodie
iwantu
iwantyou
iwantyou2
iwashere
iwillsurvive
iwuvyou
ix3you
ixchel
ixoye
iyakin
iyanna
iyddyoot
iydgTvgl,v
iydgTvmujl6f
iydgmv8ogfup;
iydgmvot
iydmujl6f
iydot
iyotta
izabel
izabela
izabell
izabella
izabelle
izaiah
izaiah1
izamar
izayah
izzati
izzie
izzy11
izzy12
izzy123
j-boog
j0hnny
j0nathan
j0rdan
j0seph
j0shua
j12345
j123456
j1234567
j12345678
j123456789
j3551ca
j3nn1f3r
j3nnif3r
j3nnifer
j3ss1ca
j3ssica
j4**9c+p
j654321
j7777777
j8675309
ja1234
jaafar
jabari
jabbar
jabbawockeez
jabber
jabberwocky
jablai
jablay
jabroni
jac123
jacey
jacinda
jacinta
jacinth
jacinto
jacjac
jack
jack00
jack01
jack02
jack03
jack04
jack05
jack06
jack07
jack08
jack1
jack10
jack101
jack11
jack12
jack123
jack1234
jack13
jack14
jack15
jack16
jack18
jack20
jack2000
jack2006
jack2007
jack21
jack22
jack23
jack24
jack69
jack99
jackal
jackandjill
jackandsally
jackarmy
jackas
jackass
jackass!
jackass1
jackass12
jackass123
jackass2
jackass3
jackass7
jackbauer
jackblack
jackboy
jackdaniel
jackdaniels
jackdog
jacke
jackee
jackelin
jackeline
jackelyn
jacker
jackers
jacket
jackets
jackets1
jackey
jackfrost
jackhammer
jacki
jackie
jackie!
jackie01
jackie06
jackie07
jackie1
jackie11
jackie12
jackie123
jackie13
jackie14
jackie15
jackie16
jackie18
jackie2
jackie21
jackie22
jackie23
jackie25
jackie3
jackie4
jackie5
jackie69
jackie7
jackiechan
jackielou
jackielyn
jackinthebox
jackjack
jackjack1
jackjill
jackjohnson
jackle
jacklyn
jackman
jacknjill
jacko
jacko1
jackoff
jackpot
jackpot1
jackrabbit
jackrussel
jackryan
jacks
jacks1
jackson
jackson01
jackson05
jackson06
jackson07
jackson1
jackson10
jackson12
jackson123
jackson2
jackson21
jackson22
jackson3
jackson4
jackson5
jackson6
jackson7
jacksonville
jacksparrow
jackster
jacky
jacky1
jackyboy
jaclyn
jaclyn1
jacob
jacob!
jacob00
jacob01
jacob02
jacob03
jacob04
jacob05
jacob06
jacob07
jacob08
jacob1
jacob10
jacob11
jacob12
jacob123
jacob13
jacob14
jacob15
jacob18
jacob2
jacob2005
jacob2006
jacob21
jacob22
jacob23
jacob25
jacob3
jacob4
jacob5
jacob6
jacob69
jacob7
jacob8
jacob9
jacob98
jacob99
jacoba
jacobb
jacobd
jacobe
jacobg
jacobh
jacobi
jacobito
jacoblee
jacobm
jacobo
jacobs
jacobson
jacobt
jacobus
jacoby
jacoby1
jacorey
jacque
jacquelin
jacqueline
jacquelyn
jacques
jacqui
jacqui1
jacquie
jada05
jada06
jada1
jada12
jada123
jadakiss
jadakiss1
jadalynn
jade
jade01
jade02
jade03
jade04
jade05
jade06
jade07
jade08
jade09
jade1
jade10
jade11
jade12
jade123
jade1234
jade13
jade14
jade15
jade16
jade18
jade2006
jade21
jade22
jade23
jade24
jade25
jaded
jaded1
jadee
jadejade
jadelyn
jadelynn
jademarie
jaden
jaden04
jaden05
jaden06
jaden07
jaden1
jaden11
jaden12
jaden123
jaden2
jaden3
jaden5
jader
jaders
jades
jadey
jadeybaby
jadie
jadiel
jadine
jadore
jadyn
jadyn1
jadzia
jaeden
jaedon
jaedyn
jaejae
jaejoong
jaelen
jaelin
jaelyn
jaelyn1
jaelynn
jafet
jaffa
jaffa1
jaffacake
jaffacakes
jag123
jager
jager1
jagged
jaggededge
jagger
jagger1
jagjag
jagoan
jagoda
jaguar
jaguar1
jaguares
jaguars
jaguars1
jagung
jahaira
jahanam
jahara
jahaziel
jahbless
jaheim
jahjah
jahlove
jahmal
jahzeel
jaida
jaiden
jaiden1
jaidyn
jaihanuman
jaiho
jaijai
jailbait
jailbird
jailen
jailene
jailyn
jaimatadi
jaime
jaime1
jaime12
jaime123
jaime15
jaime2
jaimecamil
jaimee
jaimer
jaimes
jaimeteamo
jaimie
jaimito
jaira
jairah
jairito
jairo
jairo1
jairoteamo
jairteamo
jairus
jaison
jaja123
jajaja
jajajaja
jajejijoju
jajuan
jakarta
jakass
jakayla
jake
jake00
jake01
jake02
jake04
jake05
jake06
jake07
jake08
jake09
jake1
jake10
jake101
jake11
jake12
jake123
jake1234
jake13
jake14
jake15
jake16
jake17
jake18
jake1995
jake20
jake2000
jake2006
jake2007
jake21
jake22
jake23
jake24
jake25
jake44
jake69
jake99
jakedog
jakedog1
jakeishot
jakejake
jakelin
jakeline
jakers
jakers1
jakeryan
jakes
jakester
jakethesnake
jakey
jakey1
jakeyboy
jakeypoo
jakie
jakjak
jakmania
jakob
jakob1
jakobe
jakol
jakson
jal9521
jalani
jalapa
jalapeno
jaleel
jaleesa
jalen
jalen1
jalisa
jalisco
jalisco1
jalissa
jaliyah
jallen
jalyn
jalynn
jalyssa
jam123
jamaal
jamaal1
jamaca
jamahl
jamaica
jamaica1
jamaica2
jamaica7
jamaican
jamaika
jamaine
jamal
jamal1
jamal123
jamal3
jamall
jamals
jamar
jamar1
jamara
jamarcus
jamari
jamari1
jamario
jamarion
jamaya
jamba
jambo
jamboree
jambos
jambul
jameel
jameela
jameelah
jameer
jameka
jamel
jamel1
jamela
jamelia
jamell
jamella
jamelle
jamere
jamero
jamers
james
james!
james.
james00
james007
james01
james02
james03
james04
james05
james06
james07
james08
james09
james1
james10
james101
james11
james12
james123
james1234
james13
james14
james143
james15
james16
james17
james18
james19
james2
james20
james2007
james21
james22
james23
james24
james25
james26
james27
james28
james29
james3
james30
james31
james32
james33
james34
james4
james420
james4ever
james5
james55
james6
james666
james69
james7
james77
james8
james85
james87
james88
james89
james9
james91
james99
jamesa
jamesb
jamesblunt
jamesbond
jamesbond007
jamesbrown
jamesc
jamesd
jamesdean
jamese
jamesf
jamesg
jamesh
jamesha
jamesj
jamesjames
jamesjr
jamesk
jamesl
jameslee
jamesm
jamesn
jameso
jameson
jameson1
jamesp
jamespaul
jamesr
jamesryan
jamess
jamest
jamestown
jamesw
jamesx
jamesy
jamesyap
jamez
jamiah
jamica
jamie
jamie!
jamie-lee
jamie01
jamie02
jamie05
jamie06
jamie07
jamie08
jamie1
jamie10
jamie101
jamie11
jamie12
jamie123
jamie13
jamie14
jamie15
jamie16
jamie18
jamie19
jamie2
jamie21
jamie22
jamie23
jamie25
jamie3
jamie4
jamie5
jamie6
jamie69
jamie7
jamieann
jamieb
jamiebaby
jamieboy
jamiec
jamied
jamiee
jamieg
jamieh
jamiej
jamiejamie
jamiek
jamiel
jamielee
jamieleigh
jamielyn
jamielynn
jamiem
jamiep
jamier
jamies
jamieson
jamiet
jamiew
jamiex
jamika
jamil
jamil1
jamila
jamilah
jamile
jamileth
jamilla
jamillah
jamille
jamin
jamina
jamine
jamir
jamira
jamiroquai
jamison
jamison1
jamjam
jamjam1
jamjar
jammal
jammer
jammers
jammie
jammin
jammin1
jamming
jammy
jamon
jampot
jamrock
jamster
jamtarts
jamuna
jan123
jan1990
jan1991
jan1992
jan1993
jan2006
jan2007
jan2008
janae
janae1
janah
janay
janay1
janaya
janaye
jancarlo
jancarlos
jancel
jancok
jancuk
janda
jandi
jandira
jandy
jane
jane03
jane06
jane08
jane11
jane12
jane123
jane13
jane14
jane15
jane16
jane17
jane21
jane23
janecita
janedoe
janee
janeen
janeiro
janejane
janel
janela
janele
janell
janella
janelle
janelle1
janely
janeman
janene
janenorman
janes
janessa
janessa1
janet
janet1
janet123
janet2
janeta
janete
janeth
janeth1
janetj
janets
janett
janette
janette1
janeway
janey
jangan
janganlupa
jangel
janggeum
jangjang
janiah
janica
janice
janice1
janie
janie1
janiece
janiel
janielle
janika
janina
janine
janine1
janinha
janis
janise
janisha
janisjoplin
janita
janito
janiya
janiyah
janiyah1
janjan
janmar
janmark
janmichael
janna
jannah
jannat
janne
janneke
jannel
jannelle
jannet
janneth
jannette
jannie
jannine
janno
janny
janpaul
janrey
jansen
janson
jansport
janssen
jantan
jantje
januar
januari
january
january01
january07
january1
january10
january11
january12
january13
january14
january15
january16
january17
january18
january19
january2
january20
january21
january22
january23
january24
january25
january26
january27
january28
january29
january3
january30
january31
january4
january5
january6
january7
january8
january9
janus
janvier
janzel
janzen
japan
japan1
japanese
japans
japhet
japjap
japones
japonesa
japonia
japorms
japoy
jaquan
jaquan1
jaque
jaquelin
jaqueline
jaquez
jaqui
jaramillo
jardel
jardim
jardin
jardine
jared
jared1
jared12
jared123
jared2
jared3
jared7
jaredb
jaredleto
jaredp
jareds
jarell
jarell1
jaren
jareth
jarhead
jarhead1
jariel
jarig
jarius
jarjar
jarod
jarome
jaron
jaron1
jarrad
jarred
jarred1
jarrel
jarrell
jarrell1
jarren
jarret
jarrett
jarrett1
jarrett88
jarrod
jarrod1
jarron
jarryd
jarule
jarule1
jaruwan
jarvis
jarvis1
jas123
jasfer
jasiel
jasjas
jaslyn
jasman
jasmen
jasmijn
jasmin
jasmin1
jasmin12
jasmin123
jasmin13
jasmin2
jasmin3
jasmina
jasmine
jasmine!
jasmine01
jasmine02
jasmine03
jasmine05
jasmine06
jasmine07
jasmine08
jasmine09
jasmine1
jasmine10
jasmine11
jasmine12
jasmine123
jasmine13
jasmine14
jasmine15
jasmine16
jasmine17
jasmine18
jasmine2
jasmine21
jasmine22
jasmine23
jasmine24
jasmine3
jasmine4
jasmine5
jasmine6
jasmine7
jasmine8
jasmine9
jasmine99
jasmines
jasmyn
jasmyne
jason
jason!
jason01
jason02
jason03
jason04
jason05
jason06
jason07
jason08
jason09
jason1
jason10
jason11
jason12
jason123
jason1234
jason13
jason14
jason143
jason15
jason16
jason17
jason18
jason19
jason2
jason20
jason2006
jason2007
jason21
jason22
jason23
jason24
jason25
jason26
jason27
jason28
jason3
jason30
jason31
jason33
jason4
jason420
jason4ever
jason5
jason6
jason69
jason7
jason77
jason8
jason88
jason9
jasona
jasonb
jasonc
jasond
jasond1
jasone
jasonf
jasong
jasonh
jasonj
jasonjr
jasonk
jasonkidd
jasonl
jasonlee
jasonm
jasonn
jasonp
jasonr
jasons
jasons1
jasont
jasonv
jasonw
jasonx
jasper
jasper01
jasper07
jasper1
jasper11
jasper12
jasper123
jasper13
jasper2
jasper22
jasper3
jasper4
jasper5
jasper7
jasper8
jaspher
jaspreet
jassie
jasson
jassy
jastin
jastine
jauregui
javelin
javian
javicho
javie
javiel
javier
javier01
javier1
javier12
javier123
javier13
javier17
javier2
javier22
javier23
javier25
javier7
javiera
javiercito
javierteamo
javin
javion
javis
javiteamo
javito
javon
javon1
javonte
jawbreaker
jaxon
jaxon1
jaxson
jay
jay-ar
jay-jay
jay101
jay123
jay1234
jay12345
jay143
jay2006
jay2007
jayann
jayanne
jayapura
jayar
jayare
jayarr
jaybaby
jaybee
jaybird
jaybird1
jayboy
jayce
jayce1
jaycee
jaycee1
jaycel
jayceon
jaychel
jaychou
jaycie
jaycob
jayda
jayda1
jaydah
jaydan
jayde
jayde1
jaydee
jayden
jayden01
jayden02
jayden03
jayden04
jayden05
jayden06
jayden07
jayden08
jayden09
jayden1
jayden11
jayden12
jayden123
jayden13
jayden2
jayden21
jayden22
jayden23
jayden24
jayden3
jayden4
jayden5
jayden6
jayden7
jaydin
jaydog
jaydon
jaydon1
jayhawk
jayhawks
jayhawks1
jayjay
jayjay01
jayjay1
jayjay11
jayjay12
jayjay123
jayjay13
jayjay2
jayjay3
jayjay5
jayjay7
jayjayjay
jayjoy
jaykay
jayla
jayla1
jaylah
jaylan
jaylee
jayleen
jaylen
jaylen1
jaylene
jaylin
jaylin1
jaylon
jaylord
jaylove
jaylyn
jaylynn
jaymae
jayman
jaymar
jaymark
jayme
jayme1
jaymee
jaymes
jaymie
jaymon
jayna
jayne
jayne1
jaynes
jaynie
jaypee
jayrock
jayron
jaysean
jaysen
jayson
jayson1
jaytee
jayvee
jayvie
jayvin
jayvon
jayzee
jayzel
jaz123
jazel
jazelle
jaziel
jazjaz
jazlyn
jazlynn
jazman
jazmen
jazmin
jazmin1
jazmincita
jazmine
jazmine1
jazmine2
jazmyn
jazmyn1
jazmyne
jazper
jazz
jazz01
jazz07
jazz08
jazz11
jazz12
jazz123
jazz13
jazz15
jazz23
jazzel
jazzer
jazzi
jazzie
jazzie1
jazzjazz
jazzlyn
jazzman
jazzmen
jazzmin
jazzmin1
jazzmine
jazzy
jazzy01
jazzy06
jazzy07
jazzy08
jazzy1
jazzy101
jazzy11
jazzy12
jazzy123
jazzy13
jazzy14
jazzy15
jazzy16
jazzy18
jazzy2
jazzy22
jazzy3
jazzy4
jazzy5
jazzy7
jazzy8
jazzy9
jazzyb
jazzybaby
jazzyboo
jazzygirl
jazzyj
jazzyjay
jazzypooh
jazzz
jb1234
jbaby
jbjbjb
jboog
jboog1
jboogie
jc1234
jc4ever
jc4life
jcarlo
jcarlos
jcchasez
jcfreak
jchrist
jcjcjc
jd1234
jdavid
jdavis
je55ica
jeabjeab
jealous
jealousy
jean
jean01
jean11
jean12
jean123
jean13
jean14
jean15
jean21
jean22
jean23
jeana
jeancarlo
jeancarlos
jeanclaude
jeane
jeanel
jeanelle
jeanet
jeaneth
jeanetta
jeanette
jeanette1
jeangrey
jeanie
jeanine
jeanjean
jeanmarie
jeann
jeanna
jeanne
jeanne1
jeannette
jeannie
jeannie1
jeannine
jeanny
jeanpaul
jeanpier
jeanpierre
jeanrose
jeans
jeany
jecjec
jeckjeck
jeddah
jedidiah
jediknight
jedimaster
jedjed
jeeper
jeepers
jeepjeep
jeepney
jeevan
jeeves
jeezy
jeezy1
jeferson
jeff
jeff hardy
jeff07
jeff08
jeff1
jeff11
jeff12
jeff123
jeff1234
jeff13
jeff14
jeff143
jeff16
jeff21
jeff22
jeff23
jeff24
jeff69
jeffer
jeffers
jefferson
jefferson1
jeffery
jeffery1
jeffgordon
jeffhardy
jeffhardy1
jeffie
jeffjeff
jeffrey
jeffrey1
jeffrey11
jeffrey2
jeffrey3
jeffrey5
jeffrey7
jeffro
jeffry
jeffy
jefjef
jefrey
jefry
jegelskerdig
jehan
jehova
jehova1
jehovaesmipastor
jehovah
jehovah1
jeimy
jeison
jeisson
jejeje
jekita
jekjek
jelai
jelaine
jelani
jelay
jelek
jelena
jelica
jeline
jelisa
jelissa
jelita
jella
jellie
jellies
jello
jello1
jello123
jelly
jelly1
jelly12
jelly123
jelly2
jelly22
jelly3
jellyace
jellybabies
jellybaby
jellybean
jellybean1
jellybean2
jellybean3
jellybeans
jellybelly
jellyfish
jellyfish1
jellyman
jellyroll
jellys
jellytot
jellytots
jelson
jelszo
jelyn
jemalyn
jemar
jemarie
jember
jembut
jemima
jemimah
jemjem
jemma
jemma1
jemoeder
jempol
jemuel
jen
jen123
jen143
jenalyn
jenard
jencute
jenefer
jenel
jenell
jenelle
jenelyn
jenesis
jenessa
jenette
jeneva
jengjeng
jengkol
jenica
jenice
jenie
jenifer
jenifer1
jeniffer
jenika
jenilyn
jenina
jenine
jenise
jenita
jenius
jenjen
jenjen1
jenkins
jenkins1
jenmar
jenmark
jenn
jenn06
jenn12
jenn123
jenn13
jenn1fer
jenn21
jenn5366
jenna
jenna01
jenna1
jenna12
jenna123
jenna13
jenna2
jenna22
jenna3
jenna5
jennab
jennah
jennalyn
jennas
jennay
jennefer
jennel
jennelle
jennelyn
jenner
jenneth
jennette
jenney
jenni
jenni1
jennica
jennie
jennie1
jennielyn
jennif
jennifer
jennifer!
jennifer01
jennifer06
jennifer07
jennifer08
jennifer1
jennifer10
jennifer11
jennifer12
jennifer123
jennifer13
jennifer14
jennifer15
jennifer16
jennifer17
jennifer18
jennifer2
jennifer21
jennifer22
jennifer23
jennifer24
jennifer28
jennifer3
jennifer4
jennifer5
jennifer6
jennifer69
jennifer7
jennifer8
jennifer9
jenniferlopez
jenniffer
jennilyn
jennings
jennings1
jennis
jennjenn
jenny
jenny01
jenny02
jenny03
jenny04
jenny05
jenny06
jenny07
jenny08
jenny09
jenny1
jenny10
jenny101
jenny11
jenny12
jenny123
jenny13
jenny14
jenny143
jenny15
jenny16
jenny17
jenny18
jenny2
jenny20
jenny21
jenny22
jenny23
jenny24
jenny27
jenny3
jenny4
jenny5
jenny6
jenny69
jenny7
jenny8
jenny89
jennyann
jennyb
jennyc
jennyd
jennyfer
jennyg
jennyl
jennylee
jennylyn
jennylynn
jennym
jennymae
jennyp
jennypenny
jennyrose
jennys
jenong
jenova
jenric
jensen
jensen1
jensenackles
jenson
jenyfer
jeoffrey
jeopardy
jeorge
jepang
jepara
jepjep
jepong
jepoy
jeprox
jer2911
jerald
jeraldine
jeralyn
jeramiah
jeramie
jeramy
jerapah
jerard
jerbear
jerell
jereme
jeremey
jeremi
jeremia
jeremiah
jeremiah07
jeremiah1
jeremiah2
jeremiah2911
jeremiah3
jeremias
jeremie
jeremy
jeremy!
jeremy01
jeremy02
jeremy05
jeremy06
jeremy07
jeremy08
jeremy1
jeremy10
jeremy11
jeremy12
jeremy123
jeremy13
jeremy14
jeremy15
jeremy16
jeremy17
jeremy18
jeremy19
jeremy2
jeremy20
jeremy21
jeremy22
jeremy23
jeremy24
jeremy25
jeremy3
jeremy4
jeremy5
jeremy6
jeremy69
jeremy7
jeremy8
jeremysumpter
jergens
jerian
jeric
jerica
jerich
jericho
jericho1
jerick
jericka
jerico
jeriel
jerika
jeriko
jerimiah
jerjer
jerkface
jerkoff
jerkoff1
jerlyn
jermain
jermaine
jermaine1
jerman
jermel
jermey
jermiah
jermie
jeroen
jerold
jerome
jerome1
jerome123
jerome2
jeromy
jerone
jeronimo
jerose
jerrel
jerrell
jerrica
jerrick
jerrie
jerrod
jerron
jerry
jerry01
jerry07
jerry08
jerry1
jerry12
jerry123
jerry13
jerry2
jerry3
jerry5
jerry69
jerry7
jerryb
jerrylee
jerrys
jerryyan
jersey
jersey1
jersey12
jersey2
jerseygirl
jerson
jerusalem
jerusalen
jervie
jervin
jervis
jerwin
jerzee
jerzey
jes123
jeselle
jesenia
jeshua
jesica
jesie
jesik
jesika
jesjes
jeslyn
jesmar
jesper
jess
jess01
jess02
jess04
jess05
jess06
jess07
jess08
jess09
jess1
jess10
jess101
jess11
jess12
jess123
jess1234
jess13
jess14
jess15
jess16
jess17
jess18
jess19
jess1ca
jess20
jess21
jess22
jess23
jess24
jess25
jess5377
jess69
jess87
jess88
jess89
jessa
jessah
jessalyn
jessamae
jessamine
jessan
jesse
jesse!
jesse01
jesse06
jesse07
jesse08
jesse1
jesse10
jesse101
jesse11
jesse12
jesse123
jesse13
jesse14
jesse15
jesse16
jesse17
jesse18
jesse2
jesse21
jesse22
jesse23
jesse24
jesse3
jesse4
jesse5
jesse69
jesse7
jesse8
jesseb
jessec
jessed
jessee
jessej
jessejames
jessel
jesselee
jessem
jessem1
jessemac
jessemc
jessemccartney
jessenia
jesser
jesses
jessesgirl
jessew
jessey
jessi
jessi1
jessi3
jessic
jessica
jessica!
jessica.
jessica0
jessica01
jessica02
jessica03
jessica04
jessica05
jessica06
jessica07
jessica08
jessica09
jessica1
jessica10
jessica101
jessica11
jessica12
jessica123
jessica1234
jessica13
jessica14
jessica15
jessica16
jessica17
jessica18
jessica19
jessica2
jessica20
jessica21
jessica22
jessica23
jessica24
jessica25
jessica26
jessica27
jessica3
jessica4
jessica5
jessica6
jessica69
jessica7
jessica8
jessica88
jessica9
jessica93
jessica99
jessicaa
jessicaalba
jessicab
jessicad
jessicah
jessical
jessicalynn
jessicam
jessicas
jessicasimpson
jessicateamo
jessie
jessie!
jessie01
jessie05
jessie06
jessie07
jessie08
jessie09
jessie1
jessie10
jessie101
jessie11
jessie12
jessie123
jessie13
jessie14
jessie15
jessie16
jessie17
jessie18
jessie2
jessie21
jessie22
jessie23
jessie3
jessie4
jessie5
jessie6
jessie69
jessie7
jessie8
jessiejames
jessielee
jessik
jessika
jessika1
jessikita
jessiquita
jessjess
jesslyn
jesson
jessrox
jessus
jessy
jessy1
jessy12
jessy123
jessyca
jessyk
jessyka
jester
jester1
jestine
jestoni
jesucito
jesucristo
jesuis
jesuisbelle
jesuit
jesus
jesus christ
jesus!
jesus#1
jesus.
jesus00
jesus001
jesus01
jesus02
jesus03
jesus04
jesus05
jesus06
jesus07
jesus08
jesus09
jesus1
jesus10
jesus100
jesus101
jesus11
jesus111
jesus12
jesus123
jesus1234
jesus13
jesus14
jesus143
jesus15
jesus16
jesus17
jesus18
jesus19
jesus1st
jesus2
jesus20
jesus2006
jesus2007
jesus2008
jesus21
jesus22
jesus23
jesus24
jesus247
jesus25
jesus27
jesus28
jesus3
jesus31
jesus316
jesus33
jesus333
jesus4
jesus44
jesus4eva
jesus4ever
jesus4life
jesus4me
jesus5
jesus6
jesus69
jesus7
jesus77
jesus777
jesus8
jesus87
jesus88
jesus89
jesus9
jesus90
jesus94
jesus99
jesusa
jesusamor
jesusandme
jesusc
jesusc1
jesuscares
jesuschrist
jesuscristo
jesuse
jesusesamor
jesusesmipastor
jesusfreak
jesusg
jesusgod
jesusinside
jesusis
jesusis#1
jesusis1
jesusislord
jesusislove
jesusito
jesusjesus
jesusl
jesuslives
jesuslord
jesuslove
jesusloveme
jesuslover
jesusloves
jesuslovesme
jesuslovesyou
jesusluv
jesusluvsme
jesusm
jesusmaria
jesusmary
jesusmeama
jesusmio
jesusr
jesusrocks
jesusrox
jesusrules
jesuss
jesuss1
jesussaves
jesusteama
jesusteamo
jesusvive
jesuswalks
jesusymaria
jet'aime
jet123
jetaime
jetblack
jeter
jeter02
jeter1
jeter2
jethro
jetjet
jetlee
jetplane
jetset
jetski
jetson
jetta
jetta1
jewel
jewel1
jewel123
jewell
jewelle
jewelry
jewels
jewels1
jewelz
jewish
jewish1
jewjew
jeyjey
jeyson
jezabel
jezebel
jezreel
jezza
jezzie
jezzy
jfreak
jhacky
jhade
jhajha
jhake
jhames
jhamie
jhana
jhane
jhanel
jhanet
jhanice
jhanine
jhanna
jhasmin
jhasmine
jhayann
jhayanne
jhayar
jhaycee
jhayem
jhayjhay
jhaylyn
jhaymar
jhaymie
jhayne
jhaypee
jhayr
jhayson
jhayzel
jhazel
jhazmine
jhean
jheanne
jheck
jheff
jhejhe
jhelai
jhelly
jhelyn
jhemar
jhen18
jhen23
jhencute
jhenel
jheng
jhenie
jhenjhen
jhenn
jhenna
jhennie
jhenny
jheny
jhenz
jhepoy
jherald
jheric
jherick
jherome
jherry
jherson
jhessa
jhessica
jhing
jhoan
jhoana
jhoane
jhoann
jhoanna
jhoanne
jhoel
jhoey
jhojho
jholiday
jhomar
jhomel
jhona
jhonalyn
jhonas
jhonatan
jhonathan
jhoncena
jhoncito
jhonel
jhong
jhonjairo
jhonjhon
jhonna
jhonny
jhonpaul
jhonrey
jhonson
jhonteamo
jhony
jhopay
jhordan
jhoselin
jhoselyn
jhosep
jhoven
jhovie
jhoyce
jhoyjhoy
jhoyz
jhulie
jhune
jhunel
jhunjhun
jhustine
ji394su3
jiahui
jiajia
jiandaoshi
jiandaoshi123
jiandaoshi2024
jiandaoshi2025
jiandaoshi2026
jiandaoshi888
jianna
jianne
jibjib
jibril
jiejie
jigaboo
jigga
jigga1
jiggaman
jigger
jiggle
jiggles
jigglypuff
jiggy
jigsaw
jihoo
jihoon
jijiji
jikjik
jilbab
jilian
jill
jill123
jillian
jillian1
jilljill
jilly
jillybean
jim123
jimbeam
jimbean
jimbo
jimbo1
jimbob
jimbob1
jimbos
jimboy
jimcarrey
jimena
jimenez
jimenez1
jimenita
jimihendrix
jiminy
jimjam
jimjim
jimjones
jimjones1
jimmie
jimmie1
jimmie48
jimmorrison
jimmy
jimmy!
jimmy01
jimmy06
jimmy07
jimmy08
jimmy1
jimmy10
jimmy11
jimmy12
jimmy123
jimmy13
jimmy14
jimmy15
jimmy16
jimmy17
jimmy18
jimmy2
jimmy21
jimmy22
jimmy23
jimmy3
jimmy4
jimmy5
jimmy6
jimmy69
jimmy7
jimmy9
jimmya
jimmyb
jimmybob
jimmyboy
jimmyc
jimmychoo
jimmyd
jimmyg
jimmyj
jimmyjam
jimmyjimmy
jimmylee
jimmym
jimmyp
jimmypage
jimmys
jimmyteamo
jimmyy
jimson
jimuel
jing2x
jinger
jingga
jinggay
jinggoy
jingjing
jingky
jingle
jingle1
jinglebells
jingles
jingles1
jinhuaruitong
jinhuaruitong123
jinhuaruitong2024
jinhuaruitong2025
jinhuaruitong2026
jinhuaruitong888
jinjin
jinkazama
jinkies
jinky
jinky7
jinny
jinxie
jirachi
jirafa
jiraporn
jireh
jirowang
jiselle
jitomate
jitter
jitterbug
jitterbug1
jiujitsu
jizzle
jj1234
jj2007
jj4ever
jjames
jjj123
jjjjj
jjjjjj
jjjjjj1
jjjjjjj
jjjjjjjj
jjjjjjjjjj
jjones
jjredick
jk1234
jkidd5
jkjkjk
jkl123
jkljkl
jklmnop
jleigh
jlo123
jlopez
jlove
jlover
jm1234
jmarie
jmcute
jmguoguo
jmguoguo123
jmguoguo2024
jmguoguo2025
jmguoguo2026
jmguoguo888
jmjmjm
jmoney
jmoney1
jnjzjg
jnjzjg123
jnjzjg2024
jnjzjg2025
jnjzjg2026
jnjzjg888
jo1234
joachim
joakim
joakin
joan12
joan123
joana
joana1
joanamarie
joanas
joancute
joane
joanie
joaninha
joanita
joann
joann1
joanna
joanna1
joanna12
joannah
joanne
joanne1
joanne12
joanne123
joannie
joaopaulo
joaopedro
joaozinho
joaquim
joaquin
joaquin1
joaquina
jobbie
jobbies
jobby
jobel
jobelle
jobert
jobeth
jobjob
jobros
jocel
jocelin
joceline
jocelle
jocelyn
jocelyn1
jocelyne
jocelynn
jochelle
jocker
jockey
jocuri
jodeci
jodel
joder
jodete
jodian
jodiann
jodido
jodie
jodie1
jodie123
joe
joe jonas
joe101
joe123
joe1234
joe143
joeann
joeanne
joebaby
joebert
joeblack
joeblow
joebob
joeboxer
joeboy
joecheng
joecole
joecool
joedirt
joedon
joeishot
joejoe
joejoe1
joejoejoe
joejonas
joejonas1
joejonas12
joel
joel01
joel05
joel06
joel1
joel11
joel12
joel123
joel13
joel14
joel15
joel18
joel22
joel23
joel24
joel25
joel27
joelene
joelito
joeljoel
joella
joelle
joelmadden
joelteamo
joely
joelyn
joemama
joemama1
joemamma
joemar
joemarie
joemel
joemer
joenel
joepie
joeseph
joesgirl
joesph
joesph1
joey
joey01
joey03
joey04
joey05
joey06
joey07
joey08
joey1
joey10
joey101
joey11
joey12
joey123
joey1234
joey13
joey14
joey143
joey15
joey16
joey17
joey18
joey19
joey21
joey22
joey23
joey24
joey27
joey28
joey33
joey666
joey69
joey88
joeybaby
joeybear
joeyboy
joeyjoe
joeyjoey
joeyjordison
joffre
joffrey
jogabonito
jogador
jogjakarta
johan
johan1
johana
johanes
johanita
johann
johanna
johanna1
johannah
johanne
johannes
johannita
johanny
johans
johansen
johara
johari
john
john cena
john01
john02
john03
john04
john05
john06
john07
john08
john09
john1
john10
john101
john1010
john11
john12
john123
john1234
john13
john14
john143
john15
john16
john17
john18
john19
john20
john2006
john21
john22
john23
john24
john25
john26
john27
john28
john29
john2x
john316
john33
john3:16
john4eva
john4ever
john69
john77
john88
john89
john99
john_cena
johna
johnallen
johnathan
johnathan1
johnathon
johnboy
johnboy1
johnc
johncarl
johncarlo
johncena
johncena1
johncena12
johncena123
johncena2
johncena5
johncena54
johncena7
johndale
johndave
johndavid
johndeer
johndeere
johndeere1
johndel
johndoe
johnedward
johnel
johnelle
johneric
johngotti
johnhenry
johnie
johnjames
johnjay
johnjoe
johnjohn
johnjohn1
johnjoseph
johnjr
johnlee
johnlennon
johnlloyd
johnlyn
johnmar
johnmark
johnmartin
johnmayer
johnmichael
johnn
johnna
johnnie
johnnie1
johnny
johnny!
johnny01
johnny07
johnny1
johnny10
johnny11
johnny12
johnny123
johnny13
johnny15
johnny16
johnny17
johnny19
johnny2
johnny21
johnny22
johnny23
johnny24
johnny3
johnny4
johnny5
johnny6
johnny69
johnny7
johnny8
johnnyb
johnnyboy
johnnycash
johnnyd
johnnydepp
johnpatrick
johnpaul
johnpogi
johnray
johnrey
johnrobert
johnross
johnryan
johns
johnsmith
johnson
johnson1
johnson2
johnson21
johnson3
johnson48
johnson5
johnson8
johnsons
johnston
johnstone
johnterry
johnthomas
johnwayne
johny
johny1
joice
joijoi
joiner
joinme
joinsung
joint
joints
jojie
jojo
jojo01
jojo03
jojo05
jojo06
jojo07
jojo08
jojo09
jojo1
jojo10
jojo101
jojo11
jojo12
jojo123
jojo1234
jojo13
jojo14
jojo143
jojo15
jojo16
jojo17
jojo18
jojo21
jojo22
jojo23
jojo24
jojo25
jojo55
jojo69
jojo77
jojo88
jojo95
jojo99
jojoba
jojobean
jojojo
jojojo1
jojojojo
jojolete
jojolina
jokejoke
jokelang
joker
joker1
joker12
joker123
joker13
joker15
joker2
joker21
joker22
joker23
joker3
joker4
joker420
joker5
joker6
joker69
joker7
jokerman
jokers
jokers1
jokerz
jokes
joking
jokinha
jokjok
jolan
jolanda
joleen
jolene
jolene1
jolens
jolette
jolibee
jolie
jolie1
joliet
jolina
joline
jollibee
jollie
jolly
jolly1
jollyrancher
jologs
jologz
jolynn
jomama
jomar
jomar1
jomari
jomarie
jomark
jomars
jomary
jomblo
jomel
jomer
jomjom
jommel
jomomma
jon
jon123
jonabel
jonah
jonah1
jonald
jonalyn
jonamae
jonard
jonas
jonas brothers
jonas1
jonas101
jonas12
jonas123
jonas15
jonas3
jonasb
jonasbro
jonasbros
jonasbrother
jonasbrothers
jonash
jonass
jonatan
jonathan
jonathan!
jonathan.
jonathan01
jonathan06
jonathan07
jonathan08
jonathan1
jonathan10
jonathan11
jonathan12
jonathan123
jonathan13
jonathan14
jonathan15
jonathan16
jonathan17
jonathan18
jonathan2
jonathan21
jonathan22
jonathan23
jonathan3
jonathan4
jonathan5
jonathan6
jonathan7
jonathan8
jonathan9
jonathanteamo
jonathon
jonathon1
jonbon
jonbonjovi
jonboy
joncena
jondavis
jonel
jonell
jonelle
jones
jones06
jones1
jones12
jones123
jones2
joness
jonesy
jongjong
jonhcena
jonica
jonie
joniel
jonjon
jonjon1
jonna
jonnah
jonnathan
jonnel
jonnie
jonny
jonny1
jonny123
jonny5
jonnyb
jonnyboy
jonnydepp
jonpaul
jonquil
jonsey
jonson
jonthan
joojihoon
joojoo
joopjoop
jopay
joplin
jordan
jordan!
jordan.
jordan0
jordan00
jordan01
jordan02
jordan03
jordan04
jordan05
jordan06
jordan07
jordan08
jordan09
jordan1
jordan10
jordan101
jordan11
jordan12
jordan123
jordan1234
jordan13
jordan14
jordan15
jordan16
jordan17
jordan18
jordan19
jordan2
jordan20
jordan21
jordan22
jordan23
jordan24
jordan25
jordan26
jordan27
jordan28
jordan29
jordan3
jordan32
jordan33
jordan4
jordan45
jordan5
jordan6
jordan69
jordan7
jordan77
jordan8
jordan88
jordan9
jordan92
jordan93
jordan94
jordan95
jordan96
jordan97
jordan98
jordan99
jordana
jordane
jordann
jordanna
jordanne
jordano
jordans
jordans1
jordans23
jorden
jorden1
jordi
jordie
jordin
jordison
jordon
jordon1
jordy
jordy1
jordyn
jordyn1
jorel
jorenz
jorge
jorge1
jorge10
jorge11
jorge12
jorge123
jorge13
jorge14
jorge15
jorge18
jorge19
jorge2
jorge20
jorge21
jorge22
jorge23
jorge4
jorge5
jorgea
jorgealberto
jorgee
jorgeivan
jorgel
jorgeluis
jorgem
jorges
jorgeteamo
jorgie
jorginho
jorgito
jorie
joriel
joross
josafat
josalyn
jose
jose luis
jose01
jose03
jose04
jose05
jose06
jose07
jose08
jose1
jose10
jose11
jose12
jose123
jose1234
jose13
jose14
jose15
jose16
jose17
jose18
jose19
jose20
jose21
jose22
jose23
jose24
jose25
jose26
jose27
jose28
jose29
jose4ever
jose69
josea
josealberto
josealejandro
josealfredo
josean
joseandres
joseangel
joseantonio
josearmando
josecarlos
josecito
josedaniel
josedavid
josedejesus
josee
joseeduardo
josef
josefa
josefina
josefina1
josefine
josefo
josegabriel
joseito
josejavier
josejose
josejr
josejuan
josel
joselin
joseline
joselito
joselle
joselo
joselu
joseluis
joseluis1
joselyn
josem
josema
josemanuel
josemari
josemaria
josemario
josemartin
josemiguel
josep
josepablo
joseph
joseph!
joseph.
joseph01
joseph04
joseph05
joseph06
joseph07
joseph08
joseph1
joseph10
joseph11
joseph12
joseph123
joseph13
joseph14
joseph15
joseph16
joseph17
joseph18
joseph2
joseph20
joseph21
joseph22
joseph23
joseph24
joseph25
joseph3
joseph4
joseph5
joseph6
joseph69
joseph7
joseph8
joseph9
joseph99
josephine
josephine1
joser
joseramon
josereyes
joserizal
joses
josesito
joseteamo
josette
josey
josh
josh00
josh01
josh02
josh03
josh04
josh05
josh06
josh07
josh08
josh09
josh1
josh10
josh101
josh11
josh12
josh123
josh1234
josh13
josh14
josh143
josh15
josh16
josh17
josh18
josh19
josh20
josh2006
josh2007
josh2008
josh21
josh22
josh23
josh24
josh28
josh4eva
josh4ever
josh69
josh87
josh88
josh89
joshey
joshgroban
joshhartnett
joshi
joshie
joshie1
joshishot
joshjosh
joshlover
joshua
joshua!
joshua.
joshua00
joshua01
joshua02
joshua03
joshua04
joshua05
joshua06
joshua07
joshua08
joshua09
joshua1
joshua10
joshua11
joshua12
joshua123
joshua13
joshua14
joshua15
joshua16
joshua17
joshua18
joshua19
joshua2
joshua20
joshua21
joshua22
joshua23
joshua24
joshua25
joshua27
joshua29
joshua3
joshua4
joshua5
joshua6
joshua69
joshua7
joshua77
joshua8
joshua87
joshua9
joshua98
joshua99
joshuah
joshuajames
joshualee
joshy
joshy1
joshyboy
joshypoo
josiah
josiah1
josiane
josias
josie
josie1
josie12
josie123
josimar
josita
joslyn
josmar
jossel
josselin
josseline
josselyn
jossie
jossue
jossy
jostin
josua
josue
josue1
josue19
josues
josueteamo
jotham
jotita
joujou
joules
jourdan
journal
journalism
journalist
journey
journey1
journeys
jovan
jovan1
jovana
jovane
jovani
jovanie
jovanna
jovanni
jovanny
jovany
jovel
jovelle
jovelyn
joven
jovenes
jovert
jovial
jovian
jovie
jovilyn
jovita
jovito
jowell
joy123
joy143
joyalltire
joyalltire123
joyalltire2024
joyalltire2025
joyalltire2026
joyalltire888
joyann
joyanne
joyce
joyce1
joyce123
joyceann
joyceanne
joycee
joycel
joycelyn
joyces
joycey
joycie
joycute
joyful
joyful1
joyganda
joyjoy
joyjoyjoy
joylyn
joyner
joyous
joyride
joystick
jp1234
jpjpjp
jr1234
jrjrjr
jrock
jrock1
jrocks
js-dd
js-dd123
js-dd2024
js-dd2025
js-dd2026
js-dd888
jsdd
jsdd123
jsdd2024
jsdd2025
jsdd2026
jsdd888
jsmith
jt1234
jtec
jtec123
jtec2024
jtec2025
jtec2026
jtec888
jterry
jtmoney
juan
juan01
juan06
juan07
juan08
juan1
juan10
juan11
juan12
juan123
juan13
juan14
juan15
juan16
juan17
juan18
juan19
juan20
juan21
juan22
juan23
juan24
juan25
juan316
juana
juana1
juanandres
juanangel
juanantonio
juanc
juanca
juancamilo
juancarlo
juancarlos
juancarlosteamo
juanchis
juanchito
juancho
juancito
juanda
juandaniel
juandavid
juandedios
juandi
juandiego
juanelo
juanes
juanesteban
juanfe
juanfelipe
juanfer
juanfernando
juanfrancisco
juangabriel
juani
juanis
juanita
juanita1
juanito
juanito1
juanjesus
juanjo
juanjose
juanjuan
juank
juanka
juankarlos
juanki
juanky
juanluis
juanma
juanmanuel
juanmiguel
juanna
juano
juanpa
juanpablo
juanpi
juanqui
juanramon
juanse
juansebastian
juansito
juanteamo
juaquin
juarez
jubilee
jubjang
jubjub
judas
judaspriest
judelaw
judelyn
judiel
judilyn
judite
judith
judith1
judoka
judson
judyann
judyanne
juegos
juelz
juelz1
juelzsantana
jueves
jugador
juggalette
juggalo
juggalo1
juggalo17
juggalo420
juggalo69
juggernaut
jughead
juguete
juice
juice1
juice2
juicebox
juiced
juicee
juices
juicey
juicey1
juicy
juicy07
juicy1
juicy12
juicy123
juicy13
juicy14
juicy2
juicy21
juicy23
juicy3
juicy69
juicy7
juicycouture
juicyfruit
juicygirl
juicyj
juicylucy
jujitsu
juju
juju12
juju123
jujube
jujubean
jujubee
jujuju
jukebox
jules
jules1
julia
julia1
julia12
julia123
julia2
juliam
julian
julian01
julian04
julian05
julian06
julian07
julian1
julian10
julian11
julian12
julian123
julian13
julian15
julian2
julian23
julian3
julian4
juliana
juliana1
juliancito
juliane
julianita
juliann
julianna
julianna1
julianne
juliano
julianteamo
julias
julie
julie1
julie12
julie123
julie13
julie2
julie7
juliea
julieann
julieanne
julieb
julied
juliee
juliemae
julien
julien1
juliene
julienne
julies
juliet
juliet1
julieta
julieth
julietita
juliette
juliette1
julinho
julio
julio1
julio10
julio11
julio12
julio123
julio13
julio14
julio15
julio16
julio17
julio18
julio19
julio2
julio20
julio21
julio22
julio23
julio25
julio26
julio29
julio3
julio31
julio4
julio7
julio9
julioc
juliocesar
julioo
julios
julioteamo
julis
julisa
julissa
julissa1
julita
julito
julius
julius1
juliuz
juliza
jullian
jullie
july
july01
july02
july03
july04
july05
july06
july07
july08
july09
july10
july11
july12
july123
july13
july14
july15
july16
july17
july18
july19
july1978
july1980
july1981
july1982
july1983
july1984
july1985
july1986
july1987
july1988
july1989
july1990
july1991
july1992
july1993
july1994
july1995
july1996
july1997
july1998
july20
july2002
july2003
july2004
july2005
july2006
july2007
july21
july22
july23
july24
july25
july26
july27
july28
july29
july30
july31
july4th
july77
july87
july88
july89
july91
july95
julybaby
julyjuly
jumanji
jumawan
jumble
jumbo
jumbo1
jumjum
jumoke
jumong
jump4joy
jumper
jumper1
jumpers
jumpin
jumping
jumpjump
jumpman
jumpman23
jumpoff
jumprope
jumpshot
jumpstart
jumpup
jun123
junaid
junaidi
junalyn
junard
junbug
junction
june
june01
june02
june03
june04
june05
june06
june07
june08
june09
june1
june10
june11
june12
june123
june13
june14
june15
june16
june17
june18
june19
june1978
june1980
june1981
june1982
june1983
june1984
june1985
june1986
june1987
june1988
june1989
june1990
june1991
june1992
june1993
june1994
june1995
june1996
june1997
june1998
june20
june2002
june2003
june2004
june2005
june2006
june2007
june2008
june21
june22
june23
june24
june25
june26
june27
june28
june29
june30
june4th
june5th
june69
june86
june87
june88
june89
june91
june93
june9th
juneau
junebaby
junebug
junebug1
junebug2
junebug8
junebugg
junejuly
junejune
junel
junell
junelle
juneth
jungle
jungle1
junglebook
junglist
junichi
junie
juniel
juninho
junio
junio13
junio22
junio23
junio25
junio29
junior
junior!
junior00
junior01
junior02
junior03
junior04
junior05
junior06
junior07
junior08
junior09
junior1
junior10
junior11
junior12
junior123
junior13
junior14
junior15
junior16
junior17
junior18
junior19
junior2
junior20
junior21
junior22
junior23
junior24
junior25
junior3
junior4
junior5
junior6
junior69
junior7
junior8
junior88
junior89
junior99
juniors
juniorteamo
juniour
juniper
junito
junito1
junius
junjie
junjun
junjun1
junkfood
junkie
junkies
junkmail
junky
junkyard
junlyn
junmar
junnel
junnie
junpyo
junrey
juntos
juntosporsiempre
juntosx100pre
juntosxsiempre
jupanu
jupiter
jupiter1
jurado
jurassic
jurgen
jurnal
just me
just123
just1n
just4fun
just4me
just4u
just4you
justagirl
justbe
justblaze
justchill
justdance
justdoit
justdoit1
justeen
justen
juster
justforfun
justforme
justforyou
justfriends
justgirls
justice
justice1
justice2
justicia
justified
justify
justin
justin!
justin.
justin00
justin01
justin02
justin03
justin04
justin05
justin06
justin07
justin08
justin09
justin1
justin10
justin101
justin11
justin12
justin123
justin1234
justin13
justin14
justin143
justin15
justin16
justin17
justin18
justin19
justin2
justin20
justin21
justin22
justin23
justin24
justin25
justin26
justin27
justin28
justin3
justin31
justin33
justin4
justin4ever
justin5
justin6
justin69
justin7
justin77
justin8
justin86
justin87
justin88
justin89
justin9
justin97
justin98
justin99
justina
justina1
justinb
justincase
justine
justine1
justing
justinlee
justinm
justino
justinrt
justins
justint
justint1
justintimberlake
justintime
justis
justjack
justkidding
justlove
justloveme
justmarried
justme
justme1
justme123
justme2
justme3
justmine
justmyluck
justo
justonce
justone
justsmile
justus
justus2
justus4
justyce
justyn
justyna
justyou
juveleo
juvelyn
juvenal
juvenil
juvenile
juventini
juventino
juventud
juventus
juwita
juztin
juztine
k-swiss
k-town
k.swiss
k12345
k123456
k1234567
k12345678
k123456789
k1ller
k1sses
k1tten
kaatje
kabayan
kabayo
kabbalah
kabet
kabita
kaboom
kabouter
kabuki
kabuto
kacamata
kacang
kacenka
kacey
kacey1
kaching
kacie
kadafi
kadeem
kaden
kaden05
kaden06
kaden1
kadence
kadence1
kadian
kadiatou
kadie
kadija
kadijah
kadisha
kadosh
kaekae
kaela
kaelin
kaelyn
kagandahan
kagawad
kagome
kagome1
kagura
kahealani
kahitano
kahlia
kahlil
kahlua
kahlua1
kahne9
kahuna
kahurangi
kai123
kaibigan
kaiden
kaiden1
kaidence
kaikai
kaila
kaila1
kailah
kailash
kailee
kailee1
kaileigh
kailey
kailey1
kailie
kailua
kailyn
kainoa
kaira
kairi
kairos
kaiser
kaiser1
kaisha
kaitie
kaitlin
kaitlin1
kaitlyn
kaitlyn1
kaitlyn2
kaitlyn3
kaitlyn5
kaitlyn7
kaitlynn
kaitlynn1
kaito
kaitokid
kaity
kaiulani
kaiviti
kaizen
kaizer
kajol
kaka12
kaka123
kaka22
kakai
kakak
kakaka
kakakaka
kakang
kakarot
kakaroto
kakarotto
kakas
kakashi
kakashi1
kakay
kakcik
kakiku
kakita
kaklong
kakngah
kaktus
kal-el
kalabaw
kalamata
kalamazoo
kalani
kalani1
kalapati
kalayaan
kalbo
kaleb
kaleb06
kaleb07
kaleb1
kaleb123
kaleem
kaleido
kaleidoscope
kaleidostar
kaleigh
kaleigh1
kalel
kalena
kalender
kaley
kaley1
kalhonaho
kali123
kalia
kalie
kalifa
kalifornia
kalika
kalima
kaliman
kalimantan
kalimba
kalimera
kalin
kalina
kalinga
kalinka
kalisha
kalista
kalita
kaliyah
kalkal
kallen
kallie
kallie1
kallum
kally
kalog
kalokohan
kalong
kalpana
kalsang
kaluguran
kalugurandaka
kalvin
kalyn
kalynn
kam123
kamagong
kamal
kamala
kamalani
kamali
kamandag
kamani
kamara
kamari
kamaria
kamariah
kamaru
kamarul
kamasutra
kamatayan
kamatis
kambal
kambing
kamehameha
kamelia
kamelot
kamenashi
kamera
kameron
kameron1
kameryn
kamikase
kamikaze
kamikazee
kamikazi
kamil
kamila
kamilah
kamilita
kamilla
kamille
kamilo
kamina
kamisama
kamiseta
kamisha
kamkam
kamloops
kammie
kamote
kampang
kampanita
kampret
kampung
kamran
kamren
kamron
kamryn
kamryn1
kanabis
kanada
kaname
kanani
kanata
kancha
kanchan
kanchana
kanchi
kancil
kancut
kandace
kandee
kandi
kandi1
kandice
kandie
kandis
kandy
kandy1
kane12
kane123
kanela
kanesha
kangaroo
kangaroo1
kangaroos
kangen
kangkang
kangkong
kangkung
kangol
kangta
kanguru
kanika
kanina
kanisha
kanita
kanito
kanjana
kanjer
kanjut
kankan
kanker
kannan
kannika
kannon
kanokwan
kansas
kansas1
kansascity
kantipur
kantot
kantutan
kanuka
kanuto
kanyarat
kanye
kanye1
kanyewest
kaori
kapahaka
kapamilya
kapatid
kapitan
kaplan
kapone
kapook
kappa
kappa1
kapten
kapuso
kar123
kara
kara123
karachi
karakartal
karamel
karamela
karamelito
karamelo
karan
karaoke
karaoke1
karate
karate1
karate123
karateca
karatedo
karateka
karatekid
karawang
kardelen
kardon
karebear
karebear1
kareem
kareem1
kareen
kareena
karekano
karel
karelia
karell
karely
karem
karen
karen01
karen08
karen09
karen1
karen10
karen11
karen12
karen123
karen13
karen14
karen15
karen16
karen17
karen18
karen2
karen21
karen22
karen23
karen24
karen27
karen3
karen5
karen7
karen8
karena
karenb
karenc
karencia
karencita
karencute
karene
kareng
karenina
karenj
karenjoy
karenm
karenmae
karenn
karenr
karens
karensita
karent
karenteamo
kariann
karianne
karim
karima
karimah
karime
karin
karina
karina1
karina12
karina123
karina13
karina2
karinateamo
karine
karinita
karis
karisa
karishma
karisma
karissa
karissa1
karita
karito
kariza
karizma
karizza
karkar
karl123
karla
karla1
karla10
karla12
karla123
karla13
karla15
karlaa
karlam
karlangas
karlas
karlateamo
karlee
karleen
karleigh
karlene
karley
karli
karlie
karlin
karlina
karlis
karlita
karlita1
karlito
karlitos
karliux
karlo
karlos
karlota
karloz
karly
karlyn
karma
karma1
karman
karmas
karmel
karmela
karmen
karmina
karol
karola
karolay
karolina
karoline
karoll
karolyn
karren
karrie
karson
karsten
kartal
kartel
karter
karthik
kartik
kartika
karting
kartini
karuna
karylle
karyn
karyna
kasabian
kasandra
kasanova
kasey
kasey09
kasey1
kasey9
kaseyk
kaseykahne
kashawn
kashia
kashif
kashmir
kasia
kasia1
kasie
kasih
kasihku
kasihsayang
kasmot
kasper
kasper1
kassandra
kassandra1
kassey
kassia
kassidy
kassidy1
kassie
kassie1
kassy
kassy1
kasturi
kasumi
kat123
katakunci
katalin
katalina
katana
katana1
katara
katarina
katarzyna
kate
kate06
kate07
kate08
kate11
kate12
kate123
kate13
kate14
kate21
kate22
katee
katekate
katelin
katelyn
katelyn1
katelyn2
katelyn3
katelynn
katelynn1
katemoss
kater
kateri
katerin
katerina
katerine
katers
kates
katey
katharina
katharine
kathe
katherin
katherina
katherine
katherine1
katherine2
katherine3
katherine7
katherinne
katheryn
kathi
kathia
kathie
kathkath
kathleen
kathleen1
kathlene
kathlyn
kathmandu
kathreen
kathrin
kathrina
kathrine
kathryn
kathryn1
kathy
kathy1
kathy11
kathy12
kathy123
kathy14
kathy15
kathy7
kathya
kathys
katia
katiana
katica
katie
katie!
katie01
katie04
katie05
katie06
katie07
katie08
katie09
katie1
katie10
katie101
katie11
katie12
katie123
katie1234
katie13
katie14
katie15
katie16
katie17
katie18
katie2
katie21
katie22
katie23
katie3
katie4
katie5
katie6
katie7
katie8
katie88
katie9
katie93
katiea
katieann
katieb
katiebaby
katieboo
katiebug
katiebug1
katiec
katied
katiedid
katiedog
katiee
katief
katieg
katiegirl
katieh
katiej
katiejo
katiek
katiel
katielee
katielou
katielynn
katiem
katiemarie
katiemay
katiep
katier
katierose
katies
katiet
katika
katina
katinka
katira
katita
katito
katiusca
katiuska
katja
katka
katkat
katleen
katlin
katlyn
katlyn1
katlynn
katmandu
katorse
katorze
katreena
katrice
katrin
katrina
katrina05
katrina1
katrine
katrok
katsumi
katten
kattia
kattie
kattun
katty
katty1
kattya
katuga
katuray
katy
katy12
katy123
katya
katybug
katydid
katyperry
katyta
katyteamo
kaulitz
kavana
kavanagh
kavita
kavitha
kawai
kawaii
kawasaki
kawasaki1
kawatan
kawika
kay-kay
kay123
kayaking
kayann
kayanna
kayata
kaybee
kaycee
kaycee1
kaycie
kaydance
kaydee
kayden
kayden1
kaydence
kaydence1
kayekaye
kayjay
kaykay
kaykay1
kaykay12
kaykay123
kaykay13
kaykay2
kaykay7
kayla
kayla00
kayla01
kayla03
kayla04
kayla05
kayla06
kayla07
kayla08
kayla09
kayla1
kayla10
kayla11
kayla12
kayla123
kayla13
kayla14
kayla15
kayla16
kayla17
kayla18
kayla2
kayla21
kayla22
kayla23
kayla3
kayla4
kayla5
kayla6
kayla69
kayla7
kayla8
kayla89
kayla9
kayla99
kaylaa
kaylab
kaylac
kaylad
kaylag
kaylah
kaylah1
kaylaj
kaylak
kaylam
kaylamarie
kaylan
kaylap
kaylar
kaylas
kayle
kaylea
kayleb
kaylee
kaylee01
kaylee02
kaylee03
kaylee04
kaylee05
kaylee06
kaylee07
kaylee1
kaylee12
kaylee123
kaylee2
kaylee3
kaylee4
kaylee5
kayleen
kaylei
kayleigh
kayleigh1
kaylen
kaylene
kayley
kaylie
kaylie1
kayliegh
kaylin
kaylin1
kaylum
kaylyn
kaylynn
kaylynn1
kayode
kaypee
kayser
kaysha
kaysie
kaytee
kaytlin
kaytlyn
kazama
kazekage
kazuki
kazuma
kazumi
kazuya
kazza
kb1234
kbangbox
kbangbox123
kbangbox2024
kbangbox2025
kbangbox2026
kbangbox888
kcchiefs
kcirtap
kckckc
keagan
keaira
kealoha
keana
keandra
keandre
keane
keane16
keanna
keanne
keano
keanu
keanu1
keanureeves
kearney
keasha
keating
keaton
keaton1
kediri
kedrick
keebler
keebler1
keefer
keegan
keegan1
keekee
keekee1
keelan
keeley
keelie
keely
keely1
keenan
keenan1
keeper
keeper1
keepers
keepitreal
keepout
keepout1
keepsake
keepsmiling
keesha
keesha1
keewee
kehaulani
keiara
keifer
keighley
keikei
keiko
keila
keila1
keilah
keira
keira1
keiran
keiron
keirra
keiser
keisha
keisha1
keishla
keisuke
keita
keitaro
keith
keith06
keith07
keith08
keith1
keith12
keith123
keith2
keith21
keith22
keith4
keitha
keiths
keithurban
keithy
kejora
kejuan
kekasih
kekasihku
keke
keke01
keke07
keke08
keke09
keke1
keke11
keke12
keke123
keke13
keke14
keke15
keke16
keke23
kekeke
kel123
kelantan
kelbel
kelbel1
kelcey
kelcie
kelebek
kelechi
kelinci
kelinha
kelisa
kelita
kelkel
kellan
kellbell
kellee
kelleher
kellen
keller
keller1
kelley
kelley1
kelli
kelli1
kellie
kellie1
kellis
kellogg
kelloggs
kellogs
kellon
kelly
kelly01
kelly05
kelly06
kelly07
kelly1
kelly10
kelly11
kelly12
kelly123
kelly13
kelly14
kelly15
kelly16
kelly17
kelly18
kelly2
kelly21
kelly22
kelly23
kelly24
kelly3
kelly4
kelly5
kelly6
kelly69
kelly7
kelly8
kellya
kellyann
kellyanne
kellyb
kellybelly
kellyc
kellyclarkson
kellyd
kellye
kellyg
kellyjo
kellykelly
kellym
kellymarie
kellyn
kellyp
kellys
kellyt
kellyta
kellyw
kellyy
kelsea
kelsey
kelsey01
kelsey06
kelsey1
kelsey12
kelsey123
kelsey13
kelsey14
kelsey2
kelsey3
kelsey7
kelsi
kelsie
kelsie1
kelso
kelso1
kelson
kelster
kelston
kelton
keluarga
kelvin
kelvin1
kemar
kembang
kembar
kembot
kemkem
kemper
kemuel
ken123
kenan
kenapa
kenari
kencana
kenchi
kendal
kendal1
kendall
kendall1
kendall2
kendel
kendell
kendra
kendra1
kendra12
kendra3
kendric
kendrick
kendrick1
kendy
kenedy
kenesha
keneth
kengkeng
kengkoy
kenia
kenichi
kenisha
kenita
kenji
kenjie
kenken
kenlee
kenley
kenmore
kenna
kennard
kennedi
kennedy
kennedy1
kennedy2
kennel
kenner
kennet
kenneth
kenneth08
kenneth1
kenneth12
kenneth123
kenneth14
kenneth2
kenneth3
kenney
kennie
kennith
kennon
kennwort
kenny
kenny!
kenny01
kenny05
kenny06
kenny07
kenny08
kenny1
kenny11
kenny12
kenny123
kenny13
kenny14
kenny16
kenny18
kenny2
kenny21
kenny22
kenny23
kenny3
kenny6
kenny69
kenny7
kennya
kennyb
kennyc
kennychesney
kennyd
kennyg
kennyj
kennys
kenobi
kenrick
kenroy
kenseth17
kenshi
kenshin
kenshin1
kensington
kenson
kentang
kenton
kentot
kentoy
kentrell
kentucky
kentucky1
kentut
kenvelo
kenwood
kenwood1
kenworth
kenya
kenya1
kenyatta
kenyetta
kenyon
kenzhu
kenzi
kenzie
kenzie01
kenzie03
kenzie06
kenzie1
kenzie123
kenzie2
kenzie3
kenzo
keonna
keosha
keparat
kepyas
kerbau
kerberos
kerby
kerching
keren
kerenz
kereta
kerida
keriting
kerly
kermie
kermit
kermit1
kernel
kerokero
keropi
keroppi
keroro
kerplunk
kerrang
kerri
kerri1
kerriann
kerrie
kerrigan
kerris
kerry
kerry1
kerry123
kerryann
kerryanne
kerstin
kervin
kerwin
kesepian
kesha
kesha1
keshaun
keshawn
keshia
keshia1
keshon
kessler
kester
kestrel
ketchup
ketchup1
keteimporta
kettering
kettle
ketty
keturah
kev123
keven
kevin
kevin!
kevin.
kevin01
kevin02
kevin03
kevin04
kevin05
kevin06
kevin07
kevin08
kevin09
kevin1
kevin10
kevin11
kevin12
kevin123
kevin1234
kevin13
kevin14
kevin143
kevin15
kevin16
kevin17
kevin18
kevin19
kevin2
kevin20
kevin2007
kevin21
kevin22
kevin23
kevin24
kevin25
kevin27
kevin28
kevin29
kevin3
kevin4
kevin5
kevin6
kevin69
kevin7
kevin8
kevin9
kevina
kevinb
kevinc
kevincito
kevind
kevine
kevinf
keving
kevinh
kevinj
kevinjames
kevinjonas
kevink
kevinl
kevinm
kevinn
kevino
kevinp
kevinr
kevins
kevinteamo
kevinw
kevinz
kevito
kevon
kewell
kewlio
key123
keyana
keyanna
keyara
keyblade
keyboard
keyboard1
keychain
keykey
keykey1
keyla
keylin
keyona
keyonna
keyser
keysha
keyshawn
keyshia
keystone
keystone1
keywest
keywest1
keyword
kezia
keziah
kezman
kezza
khadija
khadijah
khairi
khairil
khairul
khaled
khalia
khalid
khalida
khalifa
khalil
khalil1
khalilah
khalis
khalsa
khankhan
kharen
kharisma
kharla
kharlo
kharma
khate
khatorze
khaycee
khaye
kheng
khevin
khiara
khikay
khimberly
khimmy
khing
khinze
khmer
khmer1
khongbiet
khris
khristian
khristine
khryss
khulet
khuletz
khulit
khushboo
khushi
khyle
kia123
kiakaha
kiakia
kiana
kiana1
kianegan
kianna
kianna1
kianne
kiaora
kiara
kiara07
kiara1
kiara12
kiara123
kiara2
kiarah
kiaras
kiarita
kiarra
kiatkiat
kibble
kibbles
kibum
kickapoo
kickass
kickass1
kickball
kickboxer
kickboxing
kickbutt
kicker
kicker1
kickers
kickflip
kickflip1
kickit
kickme
kickmyass
kicsike
kicsim
kid123
kid1412
kiddie
kiddies
kidding
kiddo
kiddo1
kiddos
kidinha
kidkid
kidlat
kidman
kidney
kidrock
kidrock1
kids
kids02
kids03
kids04
kids05
kids12
kids123
kids1234
kidskids
kidsrule
kidsx3
kiduxa
kiedis
kiefer
kiekeboe
kiekie
kiera
kiera1
kieran
kieran01
kieran1
kieran123
kieren
kiernan
kiero
kieron
kierra
kierra1
kiersten
kiersten1
kierstin
kiesha
kieth
kigali
kijang
kikakika
kikas
kikass
kikay
kikayako
kikaygirl
kikays
kikayz
kiketeamo
kiki
kiki01
kiki05
kiki06
kiki07
kiki08
kiki09
kiki1
kiki10
kiki101
kiki11
kiki12
kiki123
kiki1234
kiki13
kiki14
kiki15
kiki16
kiki17
kiki19
kiki21
kiki22
kiki23
kiki69
kiki88
kiki92
kikiki
kikikiki
kikilala
kikimo
kikin
kikina
kiking
kikinha
kikinhas
kikinho
kikiriki
kikis
kikita
kikito
kikker
kikkik
kiko123
kikokiko
kikoman
kikos
kikumaru
kikyo
kikyou
kilabot
kilala
kildare
kiler
kiley
kiley1
kilgore
kilian
kilikili
kilimanjaro
kilkenny
kill123
kill3r
kill666
killa
killa1
killa12
killa123
killa13
killa15
killa2
killa21
killa3
killa5
killab
killacam
killacam1
killah
killah1
killaj
killak
killakam
killall
killar
killarney
killas
killaz
killbill
killbill1
killbill2
killed
killeen
killemall
killer
killer!
killer.
killer007
killer01
killer07
killer08
killer09
killer1
killer10
killer101
killer11
killer12
killer123
killer13
killer14
killer15
killer2
killer21
killer22
killer23
killer24
killer3
killer4
killer45
killer5
killer6
killer666
killer69
killer7
killer8
killer88
killer9
killer99
killerbee
killerboy
killereye
killerman
killerpollo
killerqueen
killers
killers1
killersmile
killerwhale
killerz
killhannah
killian
killian1
killie
killing
killingspree
killjoy
killkenny
killkill
killme
killme1
killme2
killmenow
killswitch
killua
killyou
killzone
kilmarnock
kilmer
kilokilo
kilometros
kilroy
kilua
kiluwa
kim
kim bum
kim123
kim1234
kim143
kim2006
kimani
kimann
kimba
kimba1
kimball
kimber
kimber1
kimberlee
kimberley
kimberley1
kimberli
kimberly
kimberly1
kimberly12
kimberly2
kimberly3
kimberly7
kimberlyn
kimbers
kimbo
kimbo1
kimbob
kimboy
kimbum
kimby
kimchee
kimchi
kimchiu
kimchui
kimcute
kimera
kimerald
kimiko
kimjaejoong
kimjohn
kimjoy
kimkibum
kimkim
kimkim1
kimkimkim
kimlee
kimmer
kimmers
kimmi
kimmie
kimmie1
kimmy
kimmy1
kimmy12
kimmy123
kimmy2
kimmys
kimone
kimono
kimora
kimora1
kimpogi
kimposible
kimpossible
kimpot
kimpoy
kimsamsoon
kimster
kimura
kimverly
kincsem
kinder
kinderen
kindle
kindly
kindness
kindra
kindred
kinetic
king
king01
king05
king06
king07
king08
king09
king1
king10
king101
king11
king12
king123
king1234
king13
king14
king15
king16
king17
king18
king19
king21
king22
king23
king24
king25
king4life
king55
king69
king99
kinga
kingarthur
kingbilly
kingcobra
kingdavid
kingdom
kingdom1
kingdom2
kingdomhearts
kingdomhearts2
kinger
kingfish
kingfisher
kingjames
kingjames23
kingjesus
kingkhan
kingking
kingkong
kingkong1
kinglove
kinglove5
kingman
kingme
kingofking
kingofkings
kingpin
kingpin1
kings
kings1
kings10
kingshit
kingsize
kingsley
kingsofleon
kingss
kingster
kingston
kingston1
kingstone
kingsway
kingswood
kingtut
kingwood
kingz
kinito
kinki
kinkie
kinkin
kinky
kinky1
kinky69
kinkybitch
kinkysex
kinley
kinney
kinomoto
kinse
kinse15
kinsella
kinsey
kinshasa
kinsley
kintosol
kinzie
kipling
kippen
kipper
kipper1
kippie
kira12
kira123
kirakira
kiran
kirana
kirara
kirayamato
kirby
kirby1
kirby123
kirbys
kirei
kireina
kiribati
kirkland
kirkland1
kirkpatrick
kirkwood
kirky
kiroro
kirsten
kirsten1
kirsti
kirstie
kirstin
kirstine
kirsty
kirsty1
kirsty123
kirstyn
kisame
kisha
kisha1
kishan
kishia
kishor
kishore
kiskis
kismet
kiss
kiss me
kiss1
kiss100
kiss11
kiss12
kiss123
kiss1234
kiss13
kiss15
kiss21
kiss22
kiss23
kiss3s
kiss4u
kiss69
kissa
kissable
kissarmy
kissass
kissass1
kissed
kisser
kisses
kisses!
kisses*
kisses.
kisses01
kisses07
kisses08
kisses1
kisses11
kisses12
kisses123
kisses13
kisses14
kisses15
kisses2
kisses20
kisses21
kisses22
kisses23
kisses24
kisses2u
kisses3
kisses4
kisses4u
kisses5
kisses6
kisses69
kisses7
kisses8
kissess
kissez
kissfm
kissie
kissing
kissit
kissit1
kisskiss
kisskiss1
kisskiss2
kissm3
kissmark
kissme
kissme!
kissme1
kissme11
kissme12
kissme123
kissme13
kissme14
kissme2
kissme21
kissme22
kissme23
kissme3
kissme4
kissme5
kissme69
kissme7
kissmebaby
kissmee
kissmenow
kissmequick
kissmy
kissmyass
kissmyass!
kissmyass1
kissmyass2
kissmyass7
kissmybutt
kisss
kissss
kissthis
kissthis1
kissy
kissy1
kissyface
kissyfur
kissyou
kit-kat
kitakita
kitana
kitaro
kitcat
kitchen
kitchen1
kitchie
kiting
kitkat
kitkat1
kitkat11
kitkat12
kitkat123
kitkat13
kitkat2
kitkat22
kitkat3
kitkat7
kitkit
kitsune
kitten
kitten!
kitten01
kitten1
kitten10
kitten101
kitten11
kitten12
kitten123
kitten13
kitten2
kitten22
kitten3
kitten4
kitten5
kitten6
kitten69
kitten7
kittens
kittens1
kittens2
kitters
kittey
kitti
kittie
kittie1
kitties
kitties1
kittin
kittipong
kittisak
kittles
kittty
kitty
kitty!
kitty01
kitty02
kitty03
kitty05
kitty06
kitty07
kitty08
kitty09
kitty1
kitty10
kitty101
kitty11
kitty12
kitty123
kitty1234
kitty13
kitty14
kitty15
kitty16
kitty17
kitty18
kitty19
kitty2
kitty20
kitty21
kitty22
kitty23
kitty24
kitty25
kitty26
kitty3
kitty4
kitty5
kitty6
kitty666
kitty69
kitty7
kitty77
kitty8
kitty87
kitty88
kitty89
kitty9
kitty92
kitty93
kitty95
kitty96
kitty99
kittyboo
kittyboy
kittycat
kittycat1
kittycat12
kittycat2
kittycats
kittygirl
kittyk
kittykat
kittykat1
kittykitty
kittylove
kittylover
kittys
kittys1
kittyy
kiwi
kiwi12
kiwi123
kiwi13
kiwi22
kiwibird
kiwifruit
kiwigirl
kiwikiwi
kiyana
kiyomi
kiyoshi
kizomba
kizzer
kizzes
kizzie
kizzle
kizzme
kizzy
kizzy1
kjkjkj
kjkszpj
kjones
kjv1611
kk1234
kk123456
kk2006
kkk123
kkk666
kkkkk
kkkkkk
kkkkkk1
kkkkkkk
kkkkkkkk
kkkkkkkkk
kkkkkkkkkk
klaire
klapaucius
klara
klarissa
klaten
klaudia
klaus
kleber
kleenex
kleigh
klein
kleine
kleopatra
klever
klingon
klk123
klklkl
kloklo
klondike
klootzak
klopklop
klover
kluivert
km1234
kmarie
kmc123
kmila
kmilita
kmilo
kmk420
kmoney
kmpanita
kmzwa8awaa
kmzway87aa
knabbel
knickers
knicks
knicks1
knight
knight1
knightmare
knightrider
knights
knights1
knighty
knives
knobhead
knockers
knockknock
knockout
knorretje
knowledge
knowles
knoxville
knuckles
knuffel
koala
koala1
koalabear
koalas
kobayashi
kobe
kobe08
kobe123
kobe23
kobe24
kobe8
kobe81
kobe88
kobeb8
kobebryant
kocham
kochamcie
kochanie
koda123
kodabear
kodak
kodak1
kodiak
kodiak1
kodok
kodomo
koekje
koelkast
koenigsegg
koffie
koibito
koichi
koikoi
koinonia
kojack
kokakola
koketa
kokey
kokita
kokito
koko
koko12
koko123
kokok
kokoko
kokokoko
kokolino
kokolo
kokoloko
kokomo
kokomo1
kokong
kokonut
kokopelli
kokoro
kokos
kokoy
kolawole
kolby
kolby1
koliko
kolkol
kolohe
kolokoy
kolton
komando
komang
komatsu
kombat
komeng
komkommer
komodo
kompjuter
komputer
konami
kondom
konejita
kongkong
konica
konichiwa
konijn
konijntje
konkon
konner
konnichiwa
konnor
konoha
konrad
konstantine
kontol
konvict
konvicted
kookaburra
kookai
kookie
kookie1
kookies
kookkai
kookkik
kookoo
kool
kool-aid
kool1
kool11
kool12
kool123
koolaid
koolaid1
koolaid2
koolbeans
koolcat
kooldude
kooler
koolest
koolgirl
koolguy
koolie
koolies
koolio
koolio1
koolit
koolkat
koolkid
koolkid1
koolkool
koolman
koolness
kooper
kooter
kopiko
korazon
korbin
kordell
korea
korea1
korean
korean1
koreana
korey
korfbal
korina
korn
korn12
korn123
korn666
korn69
kornkid
kornkorn
kornrocks
kortney
kortni
kosher
koshka
kosita
kosmos
kosong
kosova
kosova1
kosovo
kosrae
kostas
koston
kotoko
kotton
koukla
koukou
kourtney
koykoy
kracker
kraken
kramer
kramer1
kratos
kraven
kravitz
krayzie
krazie
krazy
krazy1
krazy8
krazyk
kreator
kresna
kricket
krikri
kring
kring2
kringkring
kripton
kris
kris08
kris10
kris11
kris12
kris123
kris15
kris21
kris22
krisann
krisboyd
krisel
krish
krisha
krishia
krishna
krishna1
krishnan
krislyn
krisma
krisna
krispy
kriss
krissa
krissi
krissie
krissy
krissy1
krist
krista
krista1
kristal
kristal1
kristan
kristel
kristell
kristelle
kristen
kristen1
kristen2
kristen7
kristhel
kristi
kristi1
kristia
kristian
kristian1
kristiana
kristie
kristie1
kristijan
kristin
kristin1
kristin3
kristina
kristina1
kristine
kristine1
kristle
kristo
kristof
kristofer
kristoff
kristoffer
kristopher
kristus
kristy
kristy1
kristyn
kristyna
kriszti
krisztina
krito
krizel
krizelle
krizia
krizza
krizzia
krizzy
krlos
kroger
krokodil
krolina
kronic
kronik
kronos
krrish
krueger
kruger
kruimel
krungkrung
krusty
krypto
krypton
kryptonite
krysta
krystal
krystal1
krystal2
krystala
krystel
krysten
krystin
krystina
krystle
krystyna
kswiss
kswiss1
ktbspa
ktimporta
ktm125
ktm250
kuchiki
kuching
kucing
kucinggarong
kucingku
kudai
kukita
kukkik
kukuku
kukumalu
kulafu
kulangot
kulapo
kulas
kulasa
kulet
kulets
kuletz
kulit
kulitko
kulits
kulitz
kulot
kulots
kulotz
kumag
kumala
kumanova
kumar
kumara
kumaran
kumari
kumasi
kumbang
kumbia
kumbiakings
kumiko
kumkum
kuneho
kungfu
kungking
kungkung
kuning
kuningan
kunobecker
kuntilanak
kunyuk
kupal
kupalako
kupalka
kupals
kupalz
kupukupu
kurakura
kurama
kurapica
kurapika
kurdistan
kurenai
kurimao
kurimaw
kurnia
kurniawan
kurochan
kurogane
kurosaki
kurt123
kurtcobain
kurtis
kurtis1
kurumi
kurupt
kusadasi
kusanagi
kushal
kusjes
kuskus
kusuma
kutcher
kutie
kutiepie
kuting
kutless
kuuipo
kuuipo1
kuulei
kuvhlubkoj
kuwait
kuyaate
kuyako
kwabena
kwame
kwang
kwankwan
kwatro
kwstas
kx250f
kyanna
kyara
kylamae
kyle
kyle01
kyle02
kyle03
kyle04
kyle05
kyle06
kyle07
kyle08
kyle09
kyle1
kyle10
kyle101
kyle11
kyle12
kyle123
kyle1234
kyle13
kyle14
kyle15
kyle16
kyle17
kyle18
kyle19
kyle20
kyle21
kyle22
kyle23
kyle24
kyle4ever
kyle69
kyle88
kylee
kylee1
kyleigh
kyleigh1
kyleishot
kylekyle
kylelee
kylene
kyler
kyler1
kyles
kylexy
kylie
kylie05
kylie07
kylie1
kylie123
kylie3
kyliem
kylies
kymani
kymberly
kyndal
kyndall
kyocera
kyocera1
kyogre
kyokyo
kyoshiro
kyuhyun
kyutako
kyutie
kyuubi
kzjx8
kzjx8123
kzjx82024
kzjx82025
kzjx82026
kzjx8888
l.o.v.e
l.o.v.e.
l0llip0p
l0llyp0p
l0uise
l0v3m3
l0vely
l0veme
l0vers
l0vey0u
l0veyou
l12345
l123456
l1234567
l123456789
l1o2v3e4
l1v3rp00l
l1verp00l
l1verpool
l33tsupah4x0r
l6fmujiyd
l;ylfu8iy[
la mejor
la4life
laalaa
laamistad
laarni
laarnie
lababy
lababy1
labamba
labanda
labarbie
labeba
labebe
labebe1
labebita
labella
labelle
labello
laberinto
labios
lablab
labonita
labonte
laboratorio
laboratory
labrador
labski
labskita
labsko
labtec
labtec1
labyah
labyou
labyrinth
lacalle
lacangri
lacangri1
lacasa
lacey
lacey1
lacey123
lacey2
lachata
lachelle
lachica
lachie
lachina
lachinita
lachiqui
lachlan
lachula
lachula1
lacie
lacika
laclave
lacosta
lacoste
lacoste1
lacoste123
lacramioara
lacrima
lacrimi
lacrimosa
lacrosse
lacrosse1
lacrosse3
lacrymosa
lacson
lacuna
lacunacoil
lacus
lacusclyne
ladarius
ladawn
laddawan
ladder
ladder49
laddie
ladeda
ladeeda
ladiabla
ladida
ladies
ladies1
ladiesman
ladiesman1
ladiosa
ladiva
ladivina
ladodgers
ladokha
ladonna
ladulce
ladura
lady
lady01
lady02
lady03
lady06
lady07
lady08
lady09
lady1
lady10
lady11
lady12
lady123
lady1234
lady13
lady14
lady15
lady16
lady17
lady18
lady19
lady21
lady22
lady23
lady69
ladyann
ladyanne
ladyb1
ladybaby
ladybird
ladybird1
ladyblue
ladybug
ladybug!
ladybug01
ladybug07
ladybug08
ladybug1
ladybug11
ladybug12
ladybug123
ladybug13
ladybug17
ladybug2
ladybug21
ladybug3
ladybug4
ladybug5
ladybug6
ladybug7
ladybug8
ladybug9
ladybugg
ladybugs
ladybugs1
ladycats
ladycute
ladyd
ladydi
ladydog
ladygaga
ladygirl
ladyheart
ladyinpink
ladyinred
ladyj
ladyjane
ladyjay
ladyk
ladykiller
ladylady
ladylee
ladylike
ladylove
ladylove1
ladyluck
ladyluv
ladylyn
ladypimp
ladypink
ladypooh
ladypunk
ladyred
ladyrose
ladys
ladysman
ladyt
ladytee
ladythug
ladyvols
laestrella
laetitia
lafamilia
lafaye
lafayette
lafayette1
lafferty
laffy1
laffytaffy
lafiera
laflaca
laflaca1
laflak
laflaka
laflor
lafresa
lagartija
lagarto
lagata
lagatita
lagenda
lagman
lagoon
lagorda
lagordis
lagrange
lagransangre
lagrima
lagrimas
laguera
laguna
laguna1
laguna2
laguna7
lagunabeach
lagwagon
lahaina
lahore
laica
laika
laila
laila1
lailah
lailai
lailani
lailanie
laina
laindia
laine
lainey
lainez
lainie
laisha
laiza
lajuan
lakehouse
lakeisha
lakeland
lakeland1
laken
laker1
lakers
lakers01
lakers08
lakers1
lakers12
lakers123
lakers2
lakers22
lakers23
lakers24
lakers3
lakers32
lakers34
lakers4
lakers7
lakers8
lakesha
lakeshore
lakeside
lakeside1
lakeview
lakewood
lakewood1
lakings
lakisha
lakita
laklak
lakota
lakota1
lakshmi
lala
lala01
lala06
lala07
lala08
lala09
lala1
lala10
lala101
lala11
lala12
lala123
lala1234
lala13
lala14
lala15
lala16
lala17
lala18
lala21
lala22
lala23
lala69
lala89
lalabs
lalabz
lalai
lalaine
lalake
lalakers
lalaki
lalal
lalala
lalala!
lalala1
lalala12
lalala123
lalala2
lalala3
lalala7
lalalala
lalalalala
lalaland
lalaland1
lalalove
lalang
lalas
lalay
lalin
lalinda
laling
lalis
lalita
lalitha
lalito
lalito1
lalo1
lalo12
lalo123
lalo13
laloba
laloca
laloca1
laloca13
lalocura
laloka
laloka1
lalokita
lalola
lalolalo
lalolanda
laloquita
lalos
laloteamo
lalove
laluna
lamafia
lamala
lamama
lamami
lamaquina
lamar
lamar1
lamar2
lamara
lamaravilla
lamarcus
lamarr
lamars
lamas
lamasbella
lamasbonita
lamashermosa
lamaslinda
lambada
lambchop
lambchops
lambda
lambert
lambert1
lambie
lambo
lambofgod
lamborghini
lamborgini
lambretta
lambrini
lamejor
lamejor1
lamenol
lamenor
lamerced
lamierda
lamina
lamine
lamisma
lamlam
lamole
lamona
lamongan
lamonica
lamont
lamont1
lamonte
lamonumental
lamore
lamorena
lamour
lampara
lampard
lampard08
lampard1
lampard8
lampost
lamppost
lampshade
lampung
lamuerte
lamusica
lana123
lanakila
lanalang
lanana
lancaster
lancau
lance
lance1
lance12
lance123
lance15
lance2
lanceb
lancebass
lancelot
lancer
lancer1
lancers
lances
lancey
lancia
lancome
landan
landaverde
landen
landen1
lander
landers
landicho
landie
landin
landis
landmark
lando
landon
landon01
landon02
landon05
landon06
landon07
landon08
landon1
landon2
landon3
landrover
landry
landscape
landslide
landy
landyn
lanegra
lanegra1
lanegrita
lanell
lanena
lanena1
lanenalinda
lanenita
lanette
laney
laney1
langdon
langer
langford
langga
langging
langit
langka
langkawi
langlang
langley
langston
language
lanie
lanier
lanina
lanise
lanita
laniya
lanlan
lanna
lannie
lanny
lansing
lansing1
lantern
lantis
lanuza
lanzarote
laonda
lapara
lapdance
lapeke
lapeque
lapicero
lapinou
lapiz
lapland
laplaya
lapotra
laprincesa
laprincesita
laptop
laptop1
lapulga
laputa
laquan
laquesea
laquinta
laquisha
laquita
lara12
lara123
laracroft
laramie
laranja
laranjinha
laras
larasati
larata
laraza
larcenciel
larebelde
laredo
lareina
lareyna
largo
larica
larinha
larios
lariosa
larisa
larissa
larissa1
larita
lariza
larkin
larlar
laroca
larosa
larose
larousse
larry
larry01
larry1
larry12
larry123
larry2
larry69
larryb
larryboy
larryd
larrys
larsen
larson
larsson
larsson7
larubia
laruku
larysa
laryssa
lasagna
lasagne
lasako
lasalle
lasamo
lasangre
lasanha
laschivas
lasdivinas
lasenza
laser
laser1
laserjet
lasers
lasestrellas
lasexi
lasexy
lasexy1
lasflores
lasha1
lashae
lashae1
lashan
lashanda
lashaun
lashawn
lashawn1
lashay
lashay1
lashaye
lashea
lashell
lashelle
lasher
lashes
lashley
lashon
lashonda
lashorty
lashun
lasirenita
laska
laslocas
lasmejores
lasnenas
lasoledad
lasombra
laspinas
lassie
lassie1
lassiter
lastar
lastchance
lastenia
lastikman
lastkiss
lastnight
lastresort
lasttime
lasvegas
lasvegas1
latanya
latara
latasha
latasha1
latavia
later
latesha
latham
lathan
latias
laticia
latics
latifa
latifah
latimer
latin
latin1
latina
latina01
latina07
latina08
latina1
latina12
latina123
latina13
latina14
latina15
latina16
latina18
latina2
latina21
latina3
latina4life
latina69
latina7
latinas
latingirl
latinking
latinkings
latinlover
latino
latino1
latinoheat
latinos
latios
latisha
latisha1
latiti
latitude
latonya
latorre
latosa
latosha
latoya
latoya1
latrell
latrell1
latremenda
latrice
latrice1
latuya
lauderdale
laugh
laugh1
laughalot
laughing
laughlin
laughoutloud
laughs
laughter
laughter1
laulau
launch
laundry
launica
launika
launion
laur3n
laura
laura01
laura06
laura07
laura08
laura1
laura10
laura11
laura12
laura123
laura13
laura14
laura15
laura16
laura17
laura18
laura2
laura21
laura22
laura23
laura24
laura3
laura5
laura69
laura7
laura89
laura9
lauraa
lauraann
laurab
laurac
laurad
laurag
laurah
lauraj
laurajane
laurak
laural
lauralaura
lauralee
lauralou
lauram
lauramaria
lauran
laurap
laurapausini
lauras
laurasofia
laurateamo
lauraw
laurax
laureano
laureen
laurel
laurel1
lauren
lauren!
lauren.
lauren01
lauren03
lauren04
lauren05
lauren06
lauren07
lauren08
lauren1
lauren10
lauren101
lauren11
lauren12
lauren123
lauren1234
lauren13
lauren14
lauren15
lauren16
lauren17
lauren19
lauren2
lauren21
lauren22
lauren23
lauren24
lauren3
lauren4
lauren5
lauren6
lauren69
lauren7
lauren8
lauren88
lauren9
lauren99
laurena
laurenb
laurence
laurenh
laurenn
laurens
laurent
laurente
laurentiu
laurenz
laureta
lauretta
lauri
lauri1
laurica
laurice
laurie
laurie1
laurik
laurin
laurinda
laurinha
lauris
laurita
lauro
lauron
laury
lauryn
lauryn1
lautoka
lavaca
lavagirl
lavalamp
lavalamp1
lavander
lavega
lavell
lavelle
lavendar
lavender
lavender1
laverdad
lavern
laverne
lavette
lavida
lavidaesbella
lavidaeshermosa
lavidaloca
lavigne
lavina
lavinia
lavish
lavonne
lavyah
lawanda
lawlaw
lawless
lawliet
lawnmower
lawrence
lawrence1
lawson
lawson1
lawton
lawyer
lawyer1
laxamana
laxman
laydee
layla
layla06
layla1
layla123
laylah
laylay
laylay1
laylow
layne
layne1
layout
laysha
layton
layzie
lazaro
lazaro1
lazarte
lazarus
laziale
lazy13
lazyass
lazyboy
lazygirl
lazytown
lbc562
lboogie
lea123
leader
leader1
leaders
leadership
leadmelord
leafar
league
leah
leah01
leah05
leah08
leah11
leah12
leah123
leahcim
leahleah
leahmae
leahmarie
lealea
lealtad
lealyn
leamae
leamarie
leana
leanback
leander
leandra
leandre
leandro
leann
leann1
leanna
leanna1
leanne
leanne1
leanne12
leanne123
leanne13
leapfrog
learning
learsi
leasha
leather
leather1
leaveme
leavemealone
leaves
lebanese
lebanon
lebanon1
lebaron
lebasi
lebiram
leblanc
lebron
lebron1
lebron23
lebronjames
lebronjames23
leche
lecheka
lechon
lechuga
leciram
leckmich
leclec
ledesma
ledezma
ledgend
ledger
ledoux
ledzep
ledzeppelin
lee-lee
lee123
lee1234
lee2007
leeann
leeann1
leeanna
leeanne
leedongwook
leeds
leeds1
leeds123
leeds4eva
leedsfc
leedsrhinos
leedsu
leedsunited
leedsutd
leeevans
leehom
leejunki
leeland
leelee
leelee1
leelee2
leeloo
leeminho
leena
leepipes
leeroy
leeryan
leesha
leftbehind
lefteris
lefteye
lefthand
lefty
lefty1
legacy
legacy1
legalize
legallyblonde
legaspi
legend
legend1
legenda
legendary
legendkiller
legends
legion
legna
legoland
legolas
legolas1
legoman
legs11
lehcar
lehman
leialoha
leiann
leianne
leicester
leidy
leigh
leigh07
leigh09
leigh1
leigh12
leigh123
leigh13
leigh14
leigh17
leigh2
leigh21
leigh22
leigh3
leigh4
leigh5
leigh7
leigh8
leigh88
leigha
leighann
leighann1
leighanne
leighleigh
leighton
leila
leila1
leilah
leilani
leilani1
leilanie
leilei
leinad
leinster
leira
leiram
leirbag
leiria
leisha
leitao
leito
leitrim
leixlip
leizel
lekker
lekkerding
lekkertje
leklek
lelaki
leland
leland1
lele12
lele123
lelele
leleng
lelita
lellow
lelouch
lemlem
lemmein
lemmings
lemmor
lemon
lemon1
lemon123
lemon2
lemonade
lemonade1
lemondrop
lemonhead
lemonlime
lemonpie
lemons
lemons1
lemontea
lemontree
lemony
lemonz
lemuel
lenalena
lenard
lengleng
lengua
lenguaje
lenie
lenin
leninha
lenise
lenita
lenka
lenlen
lennard
lennie
lennin
lennon
lennon1
lennon18
lennox
lenny
lenny1
lenora
lenore
lenovo
lentes
lenuta
leo
leo123
leo1234
leo1992
leo1993
leo4life
leoaica
leobaby
leobardo
leodan
leogirl
leoleo
leolion
leolove
leomar
leomessi
leon12
leon123
leon13
leona
leona1
leonalewis
leonar
leonard
leonard1
leonarda
leonardito
leonardo
leonardo1
leonardodavinci
leonas
leoncio
leoncita
leoncito
leone
leonel
leonel1
leonela
leones
leonhart
leonheart
leonid
leonida
leonidas
leonides
leonie
leonil
leonila
leonisa
leonleon
leonor
leonora
leonsito
leontina
leopard
leopard1
leopardo
leopards
leopold
leopoldo
leoteamo
leothelion
lepotica
leppard
leprechaun
lerma
lerolero
leroy
leroy gallegtos
leroy1
lesbia
lesbian
lesbian1
lesbian69
lesbiana
lesbians
leshay
leslee
lesley
lesley1
lesli
leslie
leslie01
leslie07
leslie1
leslie10
leslie12
leslie123
leslie2
leslieann
leslita
lesly
leslye
lesmis
lespaul
lespaul1
lessie
lessthan3
lessthanjake
lestari
lestat
lestat1
lester
lester1
lesther
letche
lethal
leticia
leticia1
letisha
letitbe
letitgo
letitia
letitsnow
letizia
letlet
letmaku
letme1n
letmego
letmein
letmein!
letmein1
letmein123
letmein2
letmeinnow
letmeloveyou
letmeout
letran
letras
letsdance
letsfuck
letsgo
letsparty
letsplay
letsrock
letter
letter1
letters
lettuce
letty
letty1
leugim
leumas
leunam
leuqar
leuzemia
level
level1
level27
levelup
levente
levesque
levi
levi07
levi12
levi123
leviatan
leviathan
levin
levina
levine
leviosa
levis
levita
leviticus
lewis
lewis01
lewis07
lewis1
lewis12
lewis123
lewis2
lewis3
lewisb
lewism
lewiss
lex123
lexi
lexi01
lexi05
lexi1
lexi11
lexi12
lexi123
lexi13
lexie
lexie1
lexie123
lexii
lexilou
lexine
lexington
lexis
lexis1
lexlex
lexmark
lexmark1
lexter
lexus
lexus1
lexus300
lexuss
lexxie
lexxus
lexy123
leydi
leyenda
leyla
leyley
leyson
leyton
lezama
lezlie
lfc123
lfc1892
lfc4eva
lfc4ever
lfc4life
lfc4lyf
lfclfc
lhady
lhaine
lhalha
lhance
lhanie
lheng
lhenlhen
lhouie
lhove
lhoves
lhyne
lhynne
liagiba
liahona
lialia
liam12
liam123
liamjames
liamliam
liana
liane
lianna
lianne
liarliar
libbie
libby
libby1
libby123
libbylou
libelinha
libelula
liberal
liberate
liberated
liberation
liberdade
liberia
libero
liberta
libertad
libertate
liberte
libertine
libertines
liberty
liberty1
liberty7
libeth
libido
libra
libra07
libra1
libra10
libra13
libra15
libra16
libra17
libra18
libra2
libra21
libra22
libra23
libra7
libra87
libra88
libra89
libragirl
libran
library
library1
libras
libre
libres
libreta
libros
licenciada
liceth
licha
lichi
lichita
licious
licker
lickit
lickme
lickme1
lickme2
lickme69
lickmyass
licorice
licurici
lidia
liebe
liebedich
lieben
liebling
liedson
liefde
liefie
liefje
liesje
lietuva
lieverd
liezel
liezl
liezle
life
life07
life08
life1
life101
life12
life123
life21
lifegoeson
lifeguard
lifehouse
lifeis
lifeisbeautiful
lifeisgood
lifeisgreat
lifeishard
lifeislife
lifeislove
lifeless
lifelife
lifeline
lifelove
liferocks
lifes
lifesabitch
lifesaver
lifesgood
lifestyle
lifesuck
lifesucks
lifesucks!
lifesucks1
lifesucks2
lifesux
lifesux1
lifetime
lifetime1
ligacampeon
ligadequito
ligaya
light
light1
lightblue
lightbulb
lightbulb1
lightening
lighter
lightfoot
lighthouse
lighting
lightning
lightning1
lights
lights1
lightsaber
lightyear
ligia
liguista
likatu
likearose
likeme
likemike
likeomg
likewhoa
likewise
likeyou
likinpark
liklik
lil wayne
lil123
lil_mama
lilac
lilac1
lilace
lilacs
lilangel
lilangel1
lilant
lilas
lilash
lilbabe
lilbaby
lilbaby1
lilbear
lilbill
lilbird
lilbit
lilbit1
lilbit12
lilbitch
lilblack
lilblue
lilbob
lilboo
lilboo1
lilboosie
lilbowwow
lilboy
lilbrat
lilbrat1
lilbratz
lilbro
lilbuddy
lilbug
lilbunny
lilced
lilchick
lilchris
lilchris1
lilcrazy
lilcute
lilcutie
lilcutie1
lild12
lild123
lildaddy
lildave
lildavid
lildee
lildee1
lildevil
lildevil1
lildiva
lildog
lildre
lildude
lildude1
lildude56
lileric
lilet
lileth
lilfizz
lilfizz1
lilflip
lilfoot
lilfred
lilgal
lilgangsta
lilgirl
lilgirl1
lilgurl
lilhottie
lili
lili1
lili11
lili12
lili123
lilia
liliac
liliam
lilian
liliana
liliana1
liliane
lilianita
lilianna
lilibeth
lilica
lilies
lilika
lilili
liline
liling
liliput
lilis
lilita
lilith
lilito
lilium
liljames
liljay
liljay1
liljimmy
liljj
liljoe
liljohn
liljohn1
liljoker
liljon
liljon1
liljosh
lilkay
lilkeke
lilken
lilkenny
lilkevin
lilkid
lilkiki
lilkim
lilkim1
lilking
lilkitty
lillady
lillarry
lillee
lilley
lilli
lilli1
lillian
lillian1
lilliana
lillie
lillie1
lillies
lillil
lillith
lillove
lillulu
lilly
lilly01
lilly05
lilly06
lilly07
lilly08
lilly1
lilly10
lilly101
lilly12
lilly123
lilly13
lilly2
lilly21
lilly23
lilly3
lilly4
lilly5
lilly6
lilly7
lillyann
lillybug
lillymay
lillypad
lillyrose
lillys
lilma1
lilmac
lilmama
lilmama01
lilmama07
lilmama08
lilmama09
lilmama1
lilmama11
lilmama12
lilmama123
lilmama13
lilmama14
lilmama15
lilmama16
lilmama18
lilmama2
lilmama21
lilmama22
lilmama3
lilmama4
lilmami
lilmamma
lilmamma1
lilman
lilman1
lilman12
lilman123
lilman2
lilman3
lilmark
lilme
lilmike
lilmike1
lilminx
lilmiss
lilmiss1
lilmissme
lilmissy
lilmoe
lilmom
lilmoma
lilmomma
lilmomma1
lilmoney
lilmonkey
lilnigga
lilnikki
lilo123
liloandstitch
lilolilo
lilone
lilone1
lilou
lilpat
lilpimp
lilpimp1
lilpimpin
lilpink
lilplaya
lilpooh
lilpop
lilprincess
lilpunk
lilray
lilred
lilred1
lilredd
lilrick
lilricky
lilrob
lilrob1
lilrock
lilrod
lilromeo
lilromeo1
lilryan
lilsaint
lilsam
lilscrappy
lilsexy
lilsexy1
lilshawty
lilshit
lilshorty
lilshorty1
lilsis
lilsis1
lilsister
lilstar
liltay
liltaz
liltee
lilthug
liltim
liltony
liltweety
lilwayne
lilwayne1
lilwayne12
lilwayne2
lilwayne3
lilweezy
lilwill
lily
lily01
lily05
lily06
lily07
lily08
lily1
lily10
lily11
lily12
lily123
lily13
lily14
lily22
lily23
lilyana
lilyann
lilybell
lilybeth
lilybug
lilylily
lilymae
lilymay
lilypad
lilyrose
lilzane
limabean
limalimon
limaperu
limegreen
limegreen1
limelight
limerick
limestone
limewire
limited
limited2
limitedtoo
limits
limon
limonada
limoncito
limones
limpbizkit
limuel
lina123
linalina
linamarcela
linamaria
linares
linces
lincoln
lincoln1
lincon
linda
linda01
linda1
linda10
linda11
linda12
linda123
linda13
linda14
linda15
linda17
linda18
linda2
linda21
linda22
linda23
linda3
linda4
linda5
linda7
linda88
lindaa
lindab
lindabebe
lindaflor
lindah
lindahermosa
lindalinda
lindanena
lindap
lindas
linden
linder
lindinha
lindinho
lindisima
lindita
lindley
lindo
lindon
lindona
lindos
linds
lindsay
lindsay1
lindsay123
lindsay2
lindsaylohan
lindsey
lindsey1
lindsey123
lindsey2
lindsey7
lindsy
lindura
lindy
lindz
lineage
lineage2
linebacker
lineman
lineth
linette
linfield
linger
lingerie
lingga
lingling
linita
link-in
link-in123
link-in2024
link-in2025
link-in2026
link-in888
link12
link123
linkin
linkin park
linkin1
linkin123
linkin2024
linkin2025
linkin2026
linkin888
linkinp
linkinpark
linkopto
linkopto123
linkopto2024
linkopto2025
linkopto2026
linkopto888
links
linksys
linlin
linnea
linnette
linnie
linny
linsay
linsey
lintang
lintik
linton
linus
linus1
linux
linwood
linzi
lion12
lion123
lionel
lionel1
lionelmessi
lioness
lionheart
lionking
lionking1
lionking2
lionlion
lions
lions1
lions12
lionsden
lipglos
lipgloss
lipgloss1
lipgloss12
lipgloss2
lipinha
lippy
lipsmacker
lipsofanangel
lipstick
lipstick1
lipton
liquid
lirio
lirpa
lisa
lisa01
lisa06
lisa07
lisa08
lisa09
lisa1
lisa10
lisa11
lisa12
lisa123
lisa1234
lisa13
lisa14
lisa15
lisa16
lisa17
lisa18
lisa21
lisa22
lisa23
lisa24
lisa69
lisaann
lisafrank
lisalisa
lisamarie
lisandra
lisandro
lisanne
lisbet
lisbeth
lisboa
lisbon
lisbon67
liset
lisete
liseth
lisette
lisha
lisita
lisoexpo
lisoexpo123
lisoexpo2024
lisoexpo2025
lisoexpo2026
lisoexpo888
lissa
lissa1
lisset
lisseth
lissett
lissette
lissette1
lissie
lissy
lissy1
listen
lister
listerine
liston
liteon
literatura
literature
lithium
litter
little
little1
little12
little123
little2
little3
littleangel
littleb
littlebaby
littlebear
littlebird
littlebit
littlebit1
littlebitch
littleboy
littlebrat
littlebritain
littlebug
littlec
littled
littledevil
littledog
littledude
littlee
littlefoot
littleg
littlegirl
littleguy
littlej
littlejoe
littlejohn
littlelady
littlelegs
littlemama
littleman
littleman1
littleman2
littleme
littlemermaid
littleminx
littlemiss
littlemonkey
littleone
littleone1
littlepig
littleprincess
littlered
littles
littleshit
littlesis
littlesister
littlestar
littlet
littleton
littrell
liuyifei
live2die
live2love
live2ride
live4ever
live4god
live4him
live4jesus
live4life
live4love
live4me
liveforever
livefree
liveit
liveitup
livelaughlove
livelife
livelife1
livelong
livelove
livelovelaugh
lively
liver
liverbird
liverp00l
liverpol
liverpool
liverpool!
liverpool01
liverpool05
liverpool06
liverpool07
liverpool08
liverpool09
liverpool1
liverpool10
liverpool101
liverpool11
liverpool12
liverpool123
liverpool1234
liverpool13
liverpool14
liverpool15
liverpool1892
liverpool2
liverpool2005
liverpool2006
liverpool2007
liverpool2008
liverpool4
liverpool4eva
liverpool4life
liverpool5
liverpool7
liverpool8
liverpool9
liverpool92
liverpool93
liverpoolfc
liverpoolrule
livers
livestrong
livewire
liveyourlife
livia
living
livingston
livingstone
livinitup
liviu
livtyler
livvy
liwanag
liyah
liyah1
liyana
liz
liz123
lizabeth
lizandro
lizard
lizard1
lizardking
lizardo
lizards
lizbet
lizbeth
lizbeth1
lizel
lizet
lizeth
lizeth1
lizette
lizette1
lizita
lizliz
lizteamo
lizuca
lizzard
lizzet
lizzeth
lizzette
lizzi
lizzie
lizzie01
lizzie1
lizzie12
lizzie123
lizzie13
lizzie2
lizzie3
lizzie7
lizzy
lizzy1
lizzy12
lizzy123
lizzy13
lizzy2
lizzy3
ljubav
ljubezen
ljungberg
lkjhg
lkjhgf
lkjhgfdsa
lklklk
llabtoof
llama
llama1
llamas
llamas1
llandudno
llanelli
llanes
llanos
llaves
llcoolj
llcoolj1
llewellyn
llewelyn
lleyton
lllll
llllll
lllllll
llllllll
llllllllll
lloovvee
lloraras
lloren
llorona
lloyd
lloyd1
lloyd123
lloydbanks
lloyds
lloydy
lluvia
lmao123
lmarie
lmfao
lmnop
lmnop123
loaded
loading
lobita
lobito
lobos
lobsang
lobster
lobster1
loca
loca12
loca123
loca13
loca14
loca15
loca16
loca18
loca21
loca23
loca69
localoca
locaporti
locaria
locas
locasa
locaso
location
locaza
locazo
lochlan
locita
lockdown
locked
lockedup
locker
locket
lockhart
lockheart
lockie
lockwood
locky
loco
loco12
loco123
loco13
locoamor
locoloco
locomia
locomotion
locoporti
locos
locos13
locoss
locote
locsin
locura
locuras
locust
loekie
loesje
lofton
logan
logan01
logan02
logan03
logan04
logan05
logan06
logan07
logan08
logan1
logan11
logan12
logan123
logan13
logan2
logan2005
logan21
logan22
logan23
logan3
logan4
logan5
logan6
logan7
loganb
loganj
loganm
logans
logcabin
logica
logical
login
login1
logitech
logitech1
logmein
logout
lohan
loida
loiloi
loira
loirinha
loirita
loislane
loka12
loka123
loka13
lokaloka
lokas
lokasa
lokaso
lokaza
lokelani
lokera
lokesea
lokiju
lokilla
lokillo
lokiloki
lokis
lokita
lokita1
lokita12
lokita123
lokita13
lokita15
lokita2
lokitas
lokitaxti
lokito
loklok
lokman
loko123
loko13
lokoka
lokoloko
lokomoko
lokos
lokote
lokura
lol
lol101
lol111
lol12
lol123
lol1234
lol12345
lola
lola01
lola04
lola06
lola07
lola1
lola10
lola11
lola12
lola123
lola1234
lola13
lola14
lola15
lola16
lola21
lola22
lola23
lolabunny
lolada
lolagirl
lolako
lolalola
lolarose
lolas
lolaso
lolazo
lolipop
lolipop1
lolipop123
lolipops
lolis
lolita
lolita1
lolitas
lolito
lolli
lollie
lolliepop
lolliepops
lollies
lollies1
lollipop
lollipop!
lollipop0
lollipop09
lollipop1
lollipop11
lollipop12
lollipop123
lollipop13
lollipop2
lollipop3
lollipop7
lollipop9
lollipops
lollol
lollol1
lollollol
lolly
lolly1
lolly123
lollypop
lollypop1
lollypop12
lollypop123
lollypop2
lollypops
lollys
lolo
lolo11
lolo12
lolo123
lolo22
loloko
lolol
lololo
lololol
lololola
lolololo
lolololol
lolomo
lolong
lolop
lolopo
lolos
loloy
lolpop
lolypop
lomas
lomasbello
lomaslindo
lomaximo
lombardo
lombok
lomejor
lomeli
lomismo
london
london01
london06
london07
london1
london11
london12
london123
london2
london2012
london21
london22
london23
london44
london7
london99
londoner
londra
londres
loneliness
lonely
lonely1
lonely13
lonely2
lonelyboy
lonelygirl
lonelygurl
lonelyme
loner
lonesome
lonestar
lonestar1
lonewolf
lonewolf1
longbeach
longbeach1
longer
longfellow
longford
longhair
longhorn
longhorn1
longhorns
longhorns1
longhorns2
longisland
longjump
longlegs
longlife
longlive
longlong
longlove
longman
longoria
longshot
longtime
longuang
longuang123
longuang2024
longuang2025
longuang2026
longuang888
longview
longwood
lonley
lonley1
lonlon
lonnie
lonnie1
lonsdale
lontong
loobyloo
loobylou
look
lookatme
looker
lookie
lookin
looking
looking1
lookout
lookup
looloo
looloo1
loomis
looney
looney1
looneytunes
loonie
loool
looool
looper
loopie
looploop
looprevil
loopy
loopy1
loopylass
loopyloo
loopylou
looser
looser1
loozer
lop123
lopes
lopez
lopez1
lopez12
lopez123
lopez13
lopez2
lopezz
loplop
loquera
loquesea
loquilla
loquillo
loquis
loquita
loquita1
loquitas
loquito
lorain
loraine
lorand
lorcan
lord123
lordan
lordgod
lordjesus
lordoftherings
loreal
loredana
loreen
lorelai
lorelei
loreley
lorelie
lorelore
lorely
lorelyn
loren
loren1
lorena
lorena1
lorena123
lorence
lorencia
lorene
lorenita
lorens
lorenz
lorenza
lorenzo
lorenzo1
loreta
loreto
loretta
loretta1
lori
lori123
loriann
lorianne
lorica
loricica
lorie
lorien
lorina
lorine
lorita
lorito
lorlor
lorna
lorna1
lorraine
lorraine1
lorrie
losamigos
losamo
losangeles
losdelsur
loser
loser!
loser.
loser01
loser06
loser07
loser08
loser09
loser1
loser10
loser101
loser11
loser12
loser123
loser1234
loser13
loser14
loser15
loser16
loser17
loser2
loser21
loser22
loser23
loser24
loser3
loser33
loser4
loser45
loser4life
loser5
loser6
loser69
loser7
loser8
loser88
loser9
loser99
loserface
loserface1
loserkid
loserloser
loserr
losers
losers1
losers2
loserville
loserz
loseyourself
losiento
losiram
losmejores
lospumas
losquiero
losquieromucho
losser
lossimpson
lost
lost123
lost4ever
lostangel
lostboy
lostboys
lostinlove
lostlove
lostlove1
lostone
lostprophets
lostsoul
lostworld
losvaqueros
lothlorien
lotion
lotion1
lotlot
lotsoflove
lotte
lottery
lottie
lottie1
lottie123
lotus
lotus1
lou123
louann
louanne
loucura
loudmouth
loudog
louella
louie
louie1
louie12
louie123
louie2
louie3
louies
louis
louis1
louis123
louis2
louisa
louise
louise!
louise01
louise06
louise07
louise1
louise10
louise11
louise12
louise123
louise1234
louise13
louise14
louise15
louise16
louise17
louise18
louise2
louise21
louise22
louise23
louise26
louise3
louise4
louise69
louise7
louise86
louise87
louise88
louise89
louise9
louise91
louise92
louise94
louisiana
louisiana1
louisse
louisville
louisvuitton
loulou
loulou1
loulou12
loulou123
loulou2
louloute
lounge
lourdes
lourdes1
loureiro
lourence
lourenco
lousie
lov3ly
lov3m3
lovable
lovable1
lovagirl
lovato
love
love me
love u
love ya
love you
love!
love!!
love#1
love&hate
love**
love-me
love..
love00
love000
love001
love007
love01
love02
love03
love04
love05
love06
love07
love08
love09
love1
love10
love100
love101
love102
love11
love111
love112
love12
love121
love1212
love123
love1234
love12345
love123456
love13
love1313
love1314
love14
love143
love15
love159
love16
love17
love18
love19
love1977
love1980
love1981
love1982
love1984
love1985
love1986
love1987
love1988
love1989
love1990
love1991
love1992
love1993
love1994
love1995
love1996
love1997
love2
love20
love200
love2000
love2001
love2002
love2003
love2004
love2005
love2006
love2007
love2008
love2009
love2010
love21
love210
love212
love213
love214
love22
love222
love23
love234
love24
love247
love25
love26
love27
love28
love29
love2cheer
love2dance
love2fuck
love2hate
love2live
love2love
love2me
love2shop
love2sing
love2u
love2x
love2you
love3
love30
love31
love32
love321
love33
love333
love34
love35
love36
love37
love38
love4
love40
love41
love411
love42
love420
love43
love44
love45
love456
love46
love47
love48
love4all
love4e
love4eva
love4ever
love4god
love4him
love4life
love4love
love4me
love4u
love4u2
love4you
love5
love50
love51
love520
love54
love55
love555
love56
love5683
love57
love6
love619
love62
love63
love64
love65
love66
love666
love67
love68
love69
love6969
love7
love74
love75
love76
love77
love777
love78
love789
love79
love8
love80
love808
love81
love82
love83
love831
love84
love85
love86
love87
love88
love888
love89
love9
love90
love91
love911
love92
love93
love94
love95
love96
love97
love98
love99
love999
love<3
love??
love_me
love_you
loveable
loveable1
loveable2
loveactually
loveadam
lovealex
loveall
loveallah
lovealot
lovealways
loveamor
loveandhate
loveandpeace
loveandwar
loveangel
loveangel1
loveann
loveart
loveb
lovebabe
lovebaby
lovebaby1
loveball
lovebank
lovebear
lovebebe
lovebeer
loveben
lovebest
lovebill
lovebird
lovebird1
lovebirds
lovebite
lovebites
loveblue
loveboat
loveboy
loveboys
loveboyz
lovebug
lovebug1
lovebug11
lovebug12
lovebug123
lovebug2
lovebug21
lovebug22
lovebug3
lovebug4
lovebug5
lovebug7
lovebugg
lovebugs
lovebugs1
lovebunny
lovebuzz
lovecat
lovecats
lovechild
lovechris
lovecoh
lovecute
loved
loved1
loved2
lovedad
lovedan
lovedance
lovedave
lovedavid
lovedog
lovedogs
lovedone
lovedove
lovee
lovee1
loveee
loveemo
loveer
loveeric
lovefaith
lovefamily
lovefool
loveforever
lovegame
lovegirl
lovegirls
lovegod
lovegod1
lovegolf
lovegood
lovehate
lovehate1
lovehater
loveheart
lovehearts
loveher
loveher1
lovehim
lovehim1
lovehim2
lovehina
lovehoney
lovehope
lovehurt
lovehurts
lovehurts!
lovehurts1
lovehurts2
lovehurts3
lovehurts7
lovehurtz
loveian
loveice
lovein
loveing
loveing1
loveis
loveis1
loveis4eva
loveis4ever
loveisall
loveisblind
loveiscool
loveisdead
loveisforever
loveisgod
loveisgone
loveisgood
loveisgreat
loveishate
loveisintheair
loveislife
loveislove
loveisme
loveispain
loveisreal
loveistrue
loveiswar
loveit
loveit1
lovej
lovejack
lovejake
lovejames
lovejane
lovejason
lovejay
lovejc
lovejesus
lovejesus1
lovejj
lovejoe
lovejoey
lovejohn
lovejones
lovejosh
lovejoy
loveken
lovekevin
lovekids
lovekills
lovekim
loveking
lovekiss
lovekita
lovekitty
loveko
loveko2
lovekoh
lovekoto
lovekyle
lovel
lovelace
lovelady
loveland
lovelee
loveless
loveless1
loveletter
loveli
lovelie
lovelife
lovelife!
lovelife1
lovelife2
lovelife3
lovelife7
loveline
lovell
lovella
lovelle
lovelly
lovelock
lovelorn
lovelost
lovelots
lovelove
lovelove1
lovelove2
lovelovelove
lovelucy
lovely
lovely!
lovely.
lovely01
lovely02
lovely06
lovely07
lovely08
lovely09
lovely1
lovely10
lovely101
lovely11
lovely12
lovely123
lovely13
lovely14
lovely143
lovely15
lovely16
lovely17
lovely18
lovely19
lovely2
lovely20
lovely21
lovely22
lovely23
lovely24
lovely25
lovely27
lovely28
lovely3
lovely4
lovely5
lovely6
lovely69
lovely7
lovely8
lovely88
lovely89
lovely9
lovelyangel
lovelyboy
lovelycute
lovelyday
lovelygirl
lovelygurl
lovelyjoy
lovelylady
lovelyme
lovelyn
lovelyone
lovelyrose
lovelys
lovem
lovem3
lovema
lovemachine
lovemama
loveman
lovemark
lovematt
lovemax
lovemay
loveme
loveme!
loveme.
loveme01
loveme03
loveme05
loveme06
loveme07
loveme08
loveme09
loveme1
loveme10
loveme101
loveme11
loveme12
loveme123
loveme13
loveme14
loveme143
loveme15
loveme16
loveme17
loveme18
loveme19
loveme2
loveme20
loveme21
loveme22
loveme23
loveme24
loveme25
loveme26
loveme3
loveme33
loveme4
loveme4eva
loveme4ever
loveme4me
loveme5
loveme6
loveme69
loveme7
loveme77
loveme8
loveme87
loveme88
loveme89
loveme9
loveme?
lovemealways
lovemebaby
lovemedo
lovemee
lovemeforever
lovemeforme
lovemeh
lovemelovemydog
lovememore
lovemenot
lovemenow
lovemeorhateme
lovemetal
lovemetender
lovemetoo
lovemi
lovemike
lovemo
lovemom
lovemom1
lovemommy
lovemoney
lovemonkey
lovemoves
lovemuffin
lovemum
lovemusic
lovemy
lovemybaby
lovemyboys
lovemyfamily
lovemykids
lovemylife
lovemymom
lovemyself
loven
lovena
lovenhate
lovenick
lovenkrands
loveno1
lovenut
loveofmylife
loveone
loveone1
loveorhate
lovepain
lovepapa
loveparade
lovepaul
lovepeace
lovepink
lovepink1
loveploy
lovepooh
lovepop
loveq
loveq2
lover
lover!
lover#1
lover.
lover0
lover01
lover02
lover06
lover07
lover08
lover09
lover1
lover10
lover101
lover11
lover12
lover123
lover1234
lover13
lover14
lover15
lover16
lover17
lover18
lover19
lover2
lover20
lover21
lover22
lover23
lover24
lover25
lover26
lover27
lover28
lover3
lover33
lover34
lover4
lover45
lover4ever
lover4life
lover4u
lover5
lover55
lover56
lover6
lover69
lover7
lover77
lover8
lover88
lover89
lover9
lover95
loverain
loverboi
loverboy
loverboy1
loverboy2
loverboy69
loverg
lovergal
lovergirl
lovergirl1
lovergirl2
lovergrl
lovergurl
lovergurl1
loverlover
loverly
loverman
lovern
loverock
loverocks
loverose
loverr
lovers
lovers!
lovers.
lovers01
lovers05
lovers06
lovers07
lovers08
lovers1
lovers11
lovers12
lovers123
lovers13
lovers14
lovers15
lovers16
lovers2
lovers21
lovers22
lovers23
lovers3
lovers4
lovers4eva
lovers4ever
lovers4life
lovers5
lovers6
lovers69
lovers7
lovers9
loversandfriends
loverslane
loversmoon
loverss
loverules
lovery
loveryan
loverz
loverz1
loves
loves1
loves2
lovesam
lovesex
lovesexy
loveshack
lovesick
lovesit
lovesko
lovesky
lovesme
lovesomeone
lovesong
lovespell
lovespell1
lovess
lovestar
lovestinks
lovestoned
lovestory
lovestruck
lovesu
lovesuck
lovesucks
lovesucks!
lovesucks1
lovesucks2
lovesucks3
lovesux
lovesux1
lovesweet
lovesy
lovesyou
loveteam
loveto
lovetodance
lovetohate
lovetolove
lovetom
lovetony
lovett
lovette
loveu
loveu!
loveu1
loveu12
loveu123
loveu13
loveu2
loveu3
loveu4
loveu4eva
loveu4ever
loveu5
loveu7
loveu8
loveuall
loveubabe
loveubaby
loveubhe
loveuforever
loveuhon
loveumom
loveus
loveuu
lovex
lovex3
lovexoxo
lovexx
lovey
lovey1
loveya
loveya!
loveya1
loveya12
loveya123
loveya13
loveya2
loveya3
loveya4
loveyah
loveydovey
loveyo
loveyou
loveyou!
loveyou.
loveyou01
loveyou1
loveyou11
loveyou12
loveyou123
loveyou13
loveyou14
loveyou143
loveyou15
loveyou2
loveyou21
loveyou22
loveyou3
loveyou4
loveyou4ever
loveyou5
loveyou6
loveyou69
loveyou7
loveyou8
loveyouall
loveyoubaby
loveyoubhe
loveyouforever
loveyourself
loveyouso
loveyousomuch
loveyoutoo
loveyouu
loveyu
lovez
lovie
lovies
lovin
lovin1
lovina
loving
loving1
loving2
lovinghim
lovingit
lovinglife
lovingly
lovingme
lovingu
lovingu2
lovingyou
lovingyou2
lovinhim
lovinit
lovinlife
lovinme
lovinu
lovinyou
lovley
lovlov
lovly
lovyou
lowdown
lowela
lowell
lowery
lowes48
lowkey
lowlife
lowlow
lowrider
lowrider1
lowriders
loyalty
loyalty1
loyloy
loyola
loz123
lozada
lozano
lozer
lozer1
lozinka
lozza
lozzer
lozzie
lozzy
lplplp
lsutigers
lsutigers1
luacheia
lualua
luana
luanda
luanita
luanne
lubbock
lucario
lucas
lucas06
lucas1
lucas12
lucas123
lucas2
lucas5
lucass
lucatoni
lucecita
lucena
lucerito
lucero
lucero1
lucesita
lucha
luchia
luchie
luchin
luchis
luchita
luchito
lucho
lucia
lucia1
lucia123
lucian
luciana
lucianita
luciano
luciano1
lucias
lucica
lucie
lucien
lucienne
luciernaga
lucifer
lucifer1
lucifer666
lucila
lucile
lucilia
lucille
lucille1
lucina
lucinda
lucinda1
lucinka
lucio
lucious
lucious1
lucita
lucius
luckee
luckey
luckey1
luckie
luckie1
lucky
lucky!
lucky#13
lucky#7
lucky*
lucky00
lucky01
lucky02
lucky03
lucky05
lucky06
lucky07
lucky08
lucky09
lucky1
lucky10
lucky101
lucky11
lucky12
lucky123
lucky1234
lucky13
lucky14
lucky143
lucky15
lucky16
lucky17
lucky18
lucky19
lucky2
lucky20
lucky21
lucky22
lucky23
lucky24
lucky25
lucky26
lucky27
lucky28
lucky3
lucky33
lucky4
lucky44
lucky4me
lucky5
lucky6
lucky69
lucky7
lucky77
lucky777
lucky8
lucky87
lucky88
lucky89
lucky9
lucky99
luckybear
luckyboy
luckycat
luckycharm
luckycharms
luckydog
luckydog1
luckyduck
luckyducky
luckygirl
luckylady
luckylove
luckylucky
luckyme
luckyme1
luckyone
luckys
luckyseven
luckystar
luckystrike
luckyu
luckyy
luckyyou
lucozade
lucrecia
lucretia
lucy
lucy01
lucy06
lucy07
lucy08
lucy1
lucy10
lucy101
lucy11
lucy12
lucy123
lucy1234
lucy13
lucy14
lucy16
lucy2005
lucy2006
lucy21
lucy22
lucy23
lucy24
lucybell
lucycat
lucydog
lucyjane
lucylocket
lucyloo
lucylou
lucylou1
lucylu
lucylucy
lucymay
ludaca
ludacris
ludacris1
ludmila
ludovic
ludovico
ludwig
luella
luffy
lufkin
luifer
luiggi
luigi
luigi1
luigie
luigui
luis
luis01
luis05
luis07
luis1
luis10
luis11
luis12
luis123
luis1234
luis13
luis14
luis15
luis16
luis17
luis18
luis19
luis20
luis21
luis22
luis23
luis24
luis25
luis27
luis69
luisa
luisa1
luisa123
luisaf
luisafer
luisafernanda
luisalberto
luisalfonso
luisalfredo
luisam
luisamaria
luisamor
luisana
luisandres
luisangel
luisantonio
luisarturo
luisas
luisateamo
luiscarlos
luisdaniel
luisdavid
luisdiego
luise
luiseduardo
luisenrique
luisfelipe
luisfer
luisfernando
luisfigo
luisfonsi
luisgarcia
luisin
luisinho
luisita
luisito
luisito1
luisjavier
luisjose
luisjr
luisluis
luisma
luismanuel
luismario
luismi
luismiguel
luiss
luisteamo
luiza
lujille
lujuria
lukaluka
lukaret
lukas
lukas1
lukasz
luke
luke01
luke06
luke07
luke1
luke11
luke12
luke123
luke1234
luke13
luke14
luke21
luke22
luke4eva
luke69
lukeluke
lukey
lukitas
lukman
lulabell
lulis
lulita
lullaby
lulu
lulu00
lulu01
lulu1
lulu10
lulu11
lulu12
lulu123
lulu1234
lulu13
lulu14
lulu15
lulu21
lulu22
lulu23
lulubell
lulubelle
lulucita
lululu
lulululu
lulus
lumbee
lumber
lumberjack
lumiere
lumina
luminita
lumpia
lumpkin
lumpy
luna
luna01
luna1
luna11
luna12
luna123
luna13
luna14
luna15
luna16
luna17
luna21
luna22
luna23
luna25
lunaazul
lunallena
lunalovegood
lunaluna
lunalunera
lunamaria
lunamoon
lunanegra
lunanueva
lunar
lunas
lunasol
lunatic
lunatica
lunatico
lunatics
lunatik
lunaysol
lunazul
lunch
lunchbox
lunchbox1
lunchmeat
lunes
luneta
luninha
lunita
lunitas
lupalagi
lupe123
luphly
lupillo
lupin
lupin3
lupins
lupis
lupita
lupita1
lupita12
lupito
luqman
luquitas
lurdes
lurgan
lurve
luscious
luscious1
lusiana
luster
lutchu
luther
luther1
luthfi
luthien
luthor
lutontown
lutuna
luv
luv101
luv123
luv143
luv2cheer
luv2dance
luv2laf
luv2luv
luv2luvu
luv2shop
luv2sing
luv4eva
luv4ever
luv4life
luv4me
luvable
luvable1
luvbug
luvbug1
luvely
luver
luver1
luvers
luvgod
luvhim
luvhurts
luvhurtz
luvinhim
luvinit
luvinlife
luvinme
luvinu
luvjesus
luvkita
luvko2
luvkoh
luvkoto
luvlee
luvless
luvlife
luvluv
luvly
luvly1
luvme
luvme1
luvme2
luvme4eva
luvme4ever
luvme4me
luvmenot
luvmike
luvmom
luvmusic
luvmykids
luvpink
luvsko
luvsucks
luvsux
luvsux1
luvu2
luvu4eva
luvu4ever
luvubaby
luvubhe
luvya
luvya!
luvya1
luvya2
luvyah
luvyou
luvyou2
luxurious
luxury
luzdeluna
luzelena
luzmaria
luzmarina
luzmila
luzsingravedad
luzviminda
lxgiwyl
lyanne
lyceum
lychee
lydell
lydia
lydia1
lylas
lyn123
lynard
lynch
lyncute
lynda
lynda1
lynden
lyndon
lyndsay
lyndsey
lyndsey1
lynell
lynelle
lynette
lynette1
lynlyn
lynn
lynn01
lynn04
lynn05
lynn06
lynn07
lynn08
lynn09
lynn10
lynn101
lynn11
lynn12
lynn123
lynn1234
lynn13
lynn14
lynn15
lynn16
lynn17
lynn18
lynn2006
lynn21
lynn22
lynn23
lynn24
lynn25
lynn27
lynn33
lynn69
lynn77
lynn86
lynn87
lynn88
lynn89
lynn91
lynn92
lynne
lynne1
lynnette
lynnette1
lynnie
lynnlynn
lynsay
lynsey
lynwood
lynzie
lyrehs
lyric
lyric1
lyrical
lyrics
lysander
lysette
lyssa
lzjx
lzjx123
lzjx2024
lzjx2025
lzjx2026
lzjx888
m0nk3y
m0nkey
m0nkeys
m0nster
m0rgan
m12345
m123456
m1234567
m12345678
m123456789
m1ch3ll3
m1cha3l
m1chael
m1chelle
m3lissa
m3xican
ma1234
maaike
maanne
maantot
maarte
maarten
mababy
mabaho
mabait
mabel
mabel1
mabelita
mabell
mabelle
mabeth
mabini
mable1
mabuhay
mabuti
mac123
macaca
macaco
macandcheese
macapagal
macara
macarena
macario
macaroni
macaroni1
macatangay
macaulay
macauley
macavity
macayla
macbeth
macbook
macca
macca1
macdaddy
macdaddy1
macdonald
macdonalds
macdre
macdre1
maceda
macedo
macedonia
macel
macence
macey
macey1
macgyver
macha
machado
machala
mache
machel
machelle
machete
machin
machine
machine1
machinehead
machines
machita
machito
macho
macho1
machoman
machuca
machucando
machupichu
macias
macie
maciel
macika
macikam
macintosh
mack10
mack11
mack12
mack123
mackay
mackdaddy
mackenzi
mackenzie
mackenzie1
mackenzie2
macker
mackers
mackey
mackica
mackie
mackie1
mackin
mackmack
mackoy
macky
mackyboy
maclaren
macleod
maclyn
macmac
macman
macncheese
macoy
macross
macska
macuto
mad123
mad1son
madafaka
madagascar
madagaskar
madalena
madali
madalin
madalina
madaline
madalinutza
madalyn
madalyn1
madalyna
madalynn
madam
madame
madapaka
madara
madboy
madcat
madcow
madcow1
madden
madden06
madden07
madden08
madden09
madden1
maddi
maddi1
maddie
maddie01
maddie04
maddie05
maddie06
maddie07
maddie1
maddie11
maddie12
maddie123
maddie13
maddie2
maddie3
maddie5
maddie7
maddison
maddison1
maddness
maddog
maddog1
maddogg
maddox
maddox1
maddux
maddy
maddy1
maddy12
maddy123
maddy2
maddy3
maddy4
maddy5
madeinchina
madeira
madel
madelaine
madelein
madeleine
madelene
madeley
madelief
madelin
madeline
madeline1
madelyn
madelyn1
madelynn
mademoiselle
madera
madero
madgirl
madhatter
madhead
madhouse
madhuri
madie
madiha
madilyn
madina
madinah
madinalake
madinina
madisen
madison
madison!
madison00
madison01
madison02
madison03
madison04
madison05
madison06
madison07
madison08
madison09
madison1
madison10
madison11
madison12
madison123
madison13
madison2
madison21
madison22
madison23
madison24
madison3
madison4
madison5
madison6
madison7
madison8
madison9
madison99
madisyn
madisyn1
madiun
madlove
madmad
madman
madman1
madmax
madmax1
madmike
madmonkey
madness
madness1
madoka
madona
madonna
madonna1
madre
madremia
madres
madrid
madrid1
madrigal
madrina
madrinha
madrox
madura
maduro
madutza
madworld
madysen
madyson
madyson1
mae123
mae143
maeann
maeanne
maecute
maegan
maejoy
maelyn
maemae
maemae1
maepai
maestra
maestro
maeve
maezinha
mafalda
mafecita
mafer
mafercita
mafersita
mafesita
maffia
mafia
mafia1
mafia13
mafias
mafija
mafiosa
mafioso
mafiot
mafiotu
mafiotul
magalhaes
magali
magaling
magalita
magallanes
magalona
magaluf
magaly
magana
maganda
maganda1
magandaako
magandaaq
magandako
magandame
magayon
magazine
magbalik
magbanua
magda
magda1
magdalena
magdalena1
magdalene
magdalo
magdiel
magelang
magellan
magenta
magenta1
maggi
maggie
maggie!
maggie00
maggie01
maggie03
maggie04
maggie05
maggie06
maggie07
maggie08
maggie1
maggie10
maggie101
maggie11
maggie12
maggie123
maggie13
maggie14
maggie18
maggie2
maggie21
maggie22
maggie23
maggie24
maggie3
maggie4
maggie5
maggie6
maggie69
maggie7
maggie8
maggie9
maggiemae
maggiemay
maggiemoo
maggot
maggot1
maggot666
maggots
maggy
magia
magic
magic01
magic07
magic1
magic11
magic12
magic123
magic13
magic2
magic21
magic3
magic32
magic5
magic6
magic69
magic7
magic8
magica
magical
magical1
magicfive
magician
magick
magick1
magicman
magico
magics
magicstick
magie
magina
magmag
magnate
magnavox
magners
magnet
magnetic
magneto
magnificent
magnifico
magno
magnolia
magnolia1
magnum
magnum1
magnus
magodeoz
magoo
magoo1
magos
magpie
magpies
magsaysay
magsino
magster
magui
maguire
maguito
magyar
mahadera
mahadewi
mahal
mahal kita
mahal ko
mahal koh
mahal01
mahal02
mahal03
mahal04
mahal05
mahal06
mahal07
mahal08
mahal09
mahal1
mahal10
mahal11
mahal12
mahal13
mahal14
mahal143
mahal15
mahal16
mahal17
mahal18
mahal19
mahal2
mahal20
mahal21
mahal22
mahal23
mahal24
mahal25
mahal26
mahal27
mahal28
mahal29
mahala
mahalco
mahalcoe
mahalcoh
mahalia
mahalk
mahalkho
mahalkita
mahalkita1
mahalkitah
mahalko
mahalkoh
mahalkokayo
mahalkosya
mahalkoto
mahalkoxa
mahalkta
mahalku
mahall
mahalnakita
mahalnamahal
mahalnamahalkita
mahalo
mahalq
mahalqo
mahalqoe
mahalqoh
mahalquh
mahals
mahalz
mahameru
mahana
maharaj
maharani
maharlika
maharot
mahatma
mahbaby
mahboo
mahealani
mahendra
mahesh
mahilum
mahima
mahina
mahinay
mahmah
mahmood
mahmoud
mahmud
mahogany
mahoney
mahusay
mai123
maica
maicah
maico
maicol
maiden
maiden1
maiden666
maidstone
maika
maikee
maikel
maiko
maikol
maila
mailbox
mailbox1
maile
mailliw
mailman
mailman1
mailme
mailyn
maimai
maimaiyeuem
maimouna
maimunah
maimuta
maimutica
maimutoi
maimutza
mainboard
maine
maine1
maines
mainmain
mainman
mainstreet
maintain
maira
mairead
mairim
mairita
maisa
maisarah
maisey
maisha
maisie
maisie1
maison
maisy
maisy1
maita
maitai
maite
maitland
maitreya
maiyeu
maiyeuanh
maiyeuem
maizie
majal
majalko
majane
majella
majestic
majesty
majika
majito
majmun
major
major1
majora
majorca
majorette
majorettes
majors
majose
majoy
makabah
makaela
makaila
makaka
makako
makala
makan
makana
makanan
makannasi
makarena
makassar
makati
makaveli
makaveli1
makaveli7
makavelli
makayah
makayla
makayla01
makayla06
makayla1
makayla2
makayla3
makayla7
make-up
makeawish
makeda
makedonija
makeit
makelele
makelove
makeme
makemoney
makemyday
makena
makenna
makenna1
makenzi
makenzie
makenzie1
makeout
makeover
makers
makeup
makeup1
makina
making
makinglove
makino
makisig
makita
makiya
makiyah
makmak
makoto
makoy
maksim
maktub
makulet
makuletz
makulit
makulitako
mal123
malabanan
malabo
malaca
malachai
malachi
malachi1
malachy
malacka
malaga
malago
malagu
malaguku
malaika
malaikat
malaka
malakai
malakai1
malakas
malaki
malakian
malala
malamute
malana
malande
malandi
malandro
malang
malas
malate
malawi
malaya
malayko
malaysia
malaysia1
malboro
malcolm
malcolm1
malcom
maldad
maldhita
maldicion
maldini
maldita
malditaako
malditah
malditas
malditasea
malditaz
malditha
maldito
malditos
maldives
maldonado
maldonado1
maleah
malecka
maleek
maleja
malen
malena
malena1
malene
maleni
malenita
maleny
maleta
malfoy
malia
malia1
malibog
malibu
malibu1
malice
malicia
malick
maliek
maligaya
maligno
malik
malik1
malik2
malika
malikai
maliki
maliks
malin
malina
malinao
malinda
maling
malini
malique
malisa
malissa
malita
malito
maliyah
mallard
mallari
mallen
malley
mallie
mallika
mallorca
mallorie
mallory
mallory1
mallow
mallows
malloy
mallrats
mally
malmal
malmon
malmsteen
malone
maloney
malong
malonzo
malorie
malory
malos
malou
malove
malparido
malta
malteaser
maltese
malteser
maltesers
malubay
maluca
malucita
maluco
malufet
maluisa
maluka
malukinha
malukita
maluku
malupet
malupit
malvar
malvern
malvin
malvina
malyn
mama
mama01
mama06
mama07
mama08
mama1
mama10
mama11
mama12
mama123
mama1234
mama13
mama14
mama143
mama15
mama16
mama18
mama21
mama22
mama23
mama69
mamababa
mamabear
mamabear1
mamacita
mamacita1
mamada
mamadada
mamadas
mamado
mamadou
mamae
mamaguebo
mamaguevo
mamah
mamaia
mamaie
mamaita
mamako
mamaku
mamala
mamaliga
mamalove
mamam
mamama
mamamama
mamamary
mamamea
mamamela
mamami
mamamia
mamamia1
maman
mamana
mamanddad
mamang
mamani
mamans
mamapa
mamapapa
mamas
mamas1
mamasboy
mamasboy1
mamasgirl
mamasgirl1
mamasita
mamasita1
mamasitata
mamasota
mamat
mamata
mamatata
mamateamo
mamatequiero
mamaw
mamay
mamaypapa
mambo
mamdad
mameaw
mameng
mamere
mamerto
mamhie
mami01
mami12
mami123
mami13
mami14
mami69
mamica
mamichula
mamichula1
mamicuta
mamidadi
mamie
mamika
mamiko
mamilinda
mamimami
mamimeu
mamina
mamine
maminka
mamipapi
mamirica
mamis
mamita
mamita1
mamitalinda
mamitas
mamitateamo
mamitati
mamiteamo
mamitequiero
mamiypapi
mamma
mamma1
mammam
mammamia
mammas
mammie
mammoth
mammy
mammy1
mamona
mamoru
mamour
mamyte
man united
man utd
man-man
man.utd
man123
manaba
manabat
manabi
manado
management
manager
manager1
managua
manahan
manaia
manakamana
manalang
manalili
manalo
manaloto
manamana
manami
manana
manang
manansala
manantial
manaois
manas
manasa
manatad
manatee
manatees
mancare
mancha
manchas
manchester
manchester united
manchester1
manchester123
manchestercity
manchesterunited
manchesterutd
manchi
manchita
manchitas
mancilla
mancity
mancity1
mancora
manda
manda1
manda123
manda2
mandala
mandapanda
mandarin
mandarina
mandee
mandeep
mandela
mandella
mandem
mander
manders
manderz
mandi
mandi1
mandie
mandie1
mandinga
mandingo
mandiri
mandirigma
mandms
mando
mando1
mandolin
mandragora
mandrake
mandril
mandy
mandy01
mandy07
mandy1
mandy10
mandy101
mandy11
mandy12
mandy123
mandy13
mandy14
mandy15
mandy16
mandy17
mandy18
mandy2
mandy21
mandy22
mandy23
mandy3
mandy4
mandy5
mandy69
mandymoo
mandymoore
mandys
maneater
manel
manele
manfred
manga
manga1
mangalia
mangas
mangel
manger
mangere
mangga
mangkuk
mango
mango1
mango12
mango123
mango13
mango2
mangoes
mangoo
mangos
mangubat
manguito
mangyan
manhater
manhattan
manhid
manhunt
mania
maniac
maniac1
maniacs
maniak
manicure
manies
maniez
maniezt
maniezz
manifest
maniguis
manika
manila
manilla
manilyn
manina
maninha
maninhas
maninho
manis
manisa
manisan
manise
manish
manisha
manisku
maniss
manita
manitas
manito
manitoba
maniz
manizales
manizz
manja
manjit
manjula
mankey
mankind
manlangit
manlapaz
manley
manloloko
manman
manman1
manmathan
manner
manners
mannie
manning
manning1
manning18
mannix
manny
manny1
manny12
manny123
manny13
manny2
manny24
mannyfresh
manofsteel
manok
manoka
manola
manole
manolin
manolis
manolito
manolo
manolo1
manoman
manon
manong
manos
manotas
manowar
manpower
manpreet
manrique
mansanas
mansfield
mansion
manson
manson1
manson6
manson666
mansoor
mansour
manta
mantap
mantas
mantequilla
mantha
mantilla
mantis
mantle
mantorras
mantra
manu07
manu11
manu12
manu123
manu1234
manu20
manu4eva
manu4ever
manu4life
manu4lyf
manual
manuchao
manucho
manue
manuel
manuel01
manuel06
manuel1
manuel10
manuel12
manuel123
manuel13
manuel14
manuel15
manuel16
manuel17
manuel2
manuel21
manuel22
manuel23
manuel3
manuel5
manuel7
manuela
manuelita
manuelito
manuella
manuelteamo
manufan
manufc
manumanu
manunited
manunited1
manurewa
manurock
manurule
manurung
manusamoa
manusia
manutd
manutd06
manutd07
manutd1
manutd11
manutd123
manutd4eva
manutd4life
manutd7
manutd99
manutdfc
manwhore
manyak
manyakis
manymen
manzana
manzanas
manzanita
manzano
maomao
maori
maoriboy
mapacha
mapache
mapagmahal
maple
maple1
mapleleaf
mapleleafs
maples
maplestory
maplewood
maprang
maquiavelo
maquina
mar123
mara123
maraca
maracaibo
maracas
maracuya
maradona
maradona10
maraea
marah
marajade
maraki
marama
maramures
marana
maranan
maranata
maranatha
maranda
maranda1
marasigan
marathon
maraton
marauder
marauders
maravilha
maravilhosa
maravilla
maravilla1
maravillas
maravillosa
maravilloso
maraya
marazul
marbel
marbella
marben
marbie
marble
marble1
marbles
marbles1
marc123
marcanthony
marce
marcel
marcel1
marcela
marcela1
marcelin
marcelina
marceline
marcelino
marcelita
marcelito
marcell
marcell1
marcella
marcelle
marcello
marcellus
marcelo
marcelo1
march
march01
march02
march03
march04
march05
march06
march07
march08
march09
march1
march10
march11
march12
march13
march14
march15
march16
march17
march18
march19
march1991
march1992
march1994
march1995
march1997
march2
march20
march2006
march2007
march2008
march21
march22
march23
march24
march25
march26
march27
march28
march29
march3
march30
march31
march4
march5
march6
march7
march8
march85
march87
march88
march89
march9
march91
march92
marche
marchel
marchelle
marchie
marching
marchs
marchy
marci
marcia
marcia1
marcial
marciana
marciano
marcie
marcin
marcio
marck
marcko
marcky
marco
marco1
marco12
marco123
marco13
marco17
marco2
marco5
marcoa
marcoantonio
marcom
marconi
marcopolo
marcos
marcos1
marcos123
marcos2
marcosteamo
marcoteamo
marcus
marcus01
marcus06
marcus07
marcus08
marcus1
marcus10
marcus11
marcus12
marcus123
marcus13
marcus14
marcus15
marcus17
marcus18
marcus2
marcus21
marcus22
marcus23
marcus24
marcus3
marcus4
marcus5
marcus69
marcus7
marcuz
marcy
marcy1
mardecopas
mardiana
mardie
mardigras
marduk
maree
maree1
marek
marely
marelyn
maren
marena
mares
maret
mareta
marfil
marga
margara
margaret
margaret1
margareta
margarete
margareth
margarette
margarida
margarita
margarita1
margaritas
margarito
margate
margaux
marge
margel
margera
margera1
margherita
margie
margie1
margo
margot
margoth
margret
marguerite
marhaba
mari
mari11
mari12
mari123
mari13
mari15
mari16
mari17
mari21
mari23
maria
maria.
maria01
maria03
maria05
maria06
maria07
maria08
maria1
maria10
maria11
maria12
maria123
maria1234
maria13
maria14
maria15
maria16
maria17
maria18
maria19
maria1995
maria2
maria20
maria21
maria22
maria23
maria24
maria25
maria26
maria27
maria3
maria4
maria5
maria6
maria69
maria7
maria77
maria8
maria88
maria89
maria9
maria92
mariaa
mariaalejandra
mariaana
mariaangelica
mariab
mariabelen
mariac
mariacamila
mariachi
mariaclara
mariacristina
mariad
mariadelcarmen
mariadelmar
mariadelpilar
mariae
mariaelena
mariaesther
mariaeugenia
mariaf
mariafe
mariafer
mariafernanda
mariag
mariagabriela
mariage
mariagracia
mariah
mariah01
mariah04
mariah05
mariah06
mariah07
mariah1
mariah11
mariah12
mariah123
mariah13
mariah2
mariah21
mariah23
mariah3
mariah4
mariah5
mariah7
mariahcarey
mariaines
mariaisabel
mariaj
mariajo
mariajoao
mariajose
mariajuana
mariajulia
mariak
marial
marialaura
mariale
marialuisa
marialuz
mariam
mariam1
mariama
mariamagdalena
mariamaria
marian
marian1
mariana
mariana1
marianateamo
mariane
marianela
marianella
mariangel
mariani
marianita
marianito
mariann
marianna
marianne
mariano
mariap
mariapaula
mariapaz
mariapia
mariar
mariarosa
marias
mariat
mariateamo
mariateresa
mariav
mariavictoria
mariazinha
maribel
maribel1
maribell
maribella
maribeth
marica
maricar
maricarmen
marice
maricel
maricela
maricela1
marichu
marichuy
maricica
maricielo
marico
maricon
maricona
maricones
maricor
maricris
maricruz
maricucha
maridel
marido
marie
marie!
marie.
marie00
marie01
marie02
marie03
marie04
marie05
marie06
marie07
marie08
marie09
marie1
marie10
marie101
marie11
marie12
marie123
marie1234
marie13
marie14
marie143
marie15
marie16
marie17
marie18
marie19
marie1992
marie1994
marie2
marie20
marie2008
marie21
marie22
marie23
marie24
marie25
marie26
marie27
marie28
marie29
marie3
marie30
marie32
marie33
marie34
marie4
marie44
marie5
marie6
marie69
marie7
marie77
marie79
marie8
marie82
marie83
marie84
marie85
marie86
marie87
marie88
marie89
marie9
marie90
marie91
marie92
marie93
marie94
marie95
marie96
marie97
marie98
marie99
mariea
marieann
marieb
mariec
mariecris
maried
mariee
mariejoy
marieke
mariel
mariel1
mariela
mariela1
marielena
marieli
marielis
marielita
mariell
mariella
marielle
marielos
mariely
mariem
mariemarie
marien
marierose
maries
mariet
marieta
marietta
mariez
marife
marifel
marifer
marigold
mariguana
marihuana
marii
mariita
marija
marijana
marijane
marijke
marijo
marijose
marijuana
marijuana1
marika
marikina
marikit
marikita
mariko
marilen
marilena
marili
marilia
marilin
marilou
marilu
mariluna
mariluz
marily
marilyn
marilyn1
marilynmanson
marilynmonroe
marimar
marimari
marimba
marin
marina
marina1
marina12
marina123
marina2
marinas
marine
marine1
marine12
marinecorps
marinel
marinela
marinella
mariner
marinera
marinero
mariners
mariners1
marines
marines1
marines2
maring
marinha
marinho
marini
marinica
marinita
marino
marino13
mario
mario07
mario09
mario1
mario10
mario11
mario12
mario123
mario13
mario14
mario15
mario16
mario17
mario18
mario2
mario21
mario22
mario23
mario3
mario5
mario6
mario64
mario7
mario8
mario9
mario99
marioa
marioalberto
marioara
mariobros
marioc
mariokart
mariol
mariola
mariom
marion
marion1
marione
marioneta
marionne
marioo
marios
mariot
marioteamo
mariposa
mariposa1
mariposa12
mariposa13
mariposa14
mariposa15
mariposa2
mariposa23
mariposa3
mariposa7
mariposas
mariposita
maripoza
mariquita
maris
marisa
marisa1
marisabel
mariscal
marise
marisel
marisela
marish
marisha
marisita
mariska
marisol
marisol1
mariss
marissa
marissa1
marissa13
marissa2
marissa3
marisse
marist
marita
marite
marites
maritess
marithe
marito
maritoni
maritza
maritza1
mariuca
marius
mariusica
mariusik
mariutza
mariuxi
marivel
marivi
marivic
mariwana
mariya
mariyah
mariz
mariza
marizz
marizza
marjan
marjay
marjen
marjie
marjo
marjoe
marjohn
marjolein
marjon
marjorie
marjory
marjoy
marjun
mark
mark01
mark02
mark03
mark04
mark05
mark06
mark07
mark08
mark09
mark1
mark10
mark11
mark12
mark123
mark1234
mark13
mark14
mark143
mark15
mark16
mark17
mark18
mark19
mark20
mark21
mark22
mark23
mark24
mark25
mark26
mark27
mark28
mark29
mark47
mark69
markallen
markalvin
markandrew
markangelo
markanthony
markcute
markdavid
markee
markeith
markel
markell
marker
marker1
markers
market
marketing
marketing1
markey
markfeehily
markgil
markham
markherras
markia
markian
markie
markie1
markim
markis
markita
markito
markitos
markjames
markjason
markjay
markjayson
markjen
markjohn
markjoseph
markjr
markko
marklee
marklester
marklouie
marklyn
markmark
marko
markos
markowen
markpaul
markpogi
markryan
marks
marksman
markus
markus1
marky
marky1
markyboy
markymark
markys
marla
marlan
marlana
marlboro
marlboro1
marle
marlee
marleen
marleigh
marlen
marlena
marlene
marlene1
marleni
marlenne
marleny
marlet
marley
marley1
marley123
marley2
marley3
marley420
marley7
marlie
marlin
marlin1
marlina
marline
marlins
marlins1
marlita
marlo
marloes
marlon
marlon1
marlou
marlow
marlowe
marly
marlyn
marmaduke
marmalade
marmar
marmar1
marmaris
marmelada
marmie
marmite
marmol
marmota
marmut
marnel
marnie
maroon
maroon5
marose
marque
marquee
marquel
marques
marques1
marquette
marquez
marquez1
marqui
marquis
marquis1
marquise
marquise1
marquita
marquito
marquitos
marra
marrah
marrano
marren
marrero
marria
marriage
marriage1
marrie
married
married05
married06
married07
married08
married1
married2
marriott
marrisa
marrissa
marron
marron5
marroquin
marruecos
marry
marryjane
marryme
mars123
marsbar
marsbars
marsden
marseille
marsel
marsela
marsh
marsha
marsha1
marshal
marshal1
marshall
marshall1
marshall2
marshallmathers
marshay
marshe
marshie
marshmallow
marshmallows
marshmello
marshmellow
marshmellows
marshy
marsmars
marsol
marson
marsters
marsupilami
marsvolta
marsya
marta
marta1
martas
marte
martel
martell
martelo
marten
martes
martez
martha
martha1
marthe
marthita
marthy
marti
martial
martian
martica
martie
martijn
martika
martillo
martim
martin
martin01
martin06
martin07
martin1
martin11
martin12
martin123
martin13
martin14
martin16
martin2
martin21
martin22
martin23
martin3
martin4
martin5
martin6
martin69
martin7
martin8
martina
martina1
martincito
martine
martines
martinez
martinez1
martinez2
martinha
martinho
martini
martini1
martinique
martinka
martino
martins
martinteamo
martir
martis
martita
marton
marty
marty1
martyn
martyna
martyr
maruca
marucha
maruchan
maruja
marujita
maruko
marvel
marvel1
marvelous
marven
marvic
marvie
marvin
marvin1
marvin12
marvin123
marvin18
marvin2
marvin21
marvin22
marwa
marwan
marwen
marwin
mary
mary-kate
mary01
mary06
mary07
mary08
mary1
mary10
mary11
mary12
mary123
mary1234
mary13
mary14
mary15
mary16
mary17
mary18
mary19
mary21
mary22
mary23
mary24
mary28
mary69
marya
maryam
maryan
maryana
maryann
maryann1
maryanna
maryanne
marybeth
marycarmen
marycielo
marycris
marycruz
marydoll
maryel
maryellen
maryfer
marygrace
maryjane
maryjane1
maryjane2
maryjane3
maryjane420
maryjane69
maryjay
maryjean
maryjo
maryjoy
maryjoyce
maryjune
marykate
marykay
marykay1
maryland
maryland1
marylee
marylin
marylou
marylu
maryluz
marylyn
marymae
marymar
marymary
marymay
maryna
maryo
maryori
marypoppins
maryrose
marys
maryse
marysol
maryssa
maryta
maryteamo
maryuri
maryus
maryy
marzan
marzel
marzipan
marzo
marzo17
marzo18
mas123
masacre
masahiro
masaki
masami
masamune
masarap
masaru
masato
masaya
masbate
mascara
mascot
mascota
mascotas
maserati
masflow
masflow2
mash4077
masha
mashed
mashimaro
masiel
masina
masini
masinuta
masita
masjid
masmas
mason
mason01
mason05
mason06
mason07
mason08
mason1
mason10
mason12
mason123
mason13
mason2
mason22
mason3
mason4
mason5
masonlee
masons
masood
masquerade
massacre
massage
massage1
massari
masscom
massey
massi
massie
massiel
massimo
massive
master
master01
master1
master10
master11
master12
master123
master13
master2
master22
master23
master3
master5
master69
master7
masterboy
mastercard
masterchief
masterkey
masterman
mastermind
masterofpuppets
masterp
masterpiece
masterplan
masterpogi
masters
masters1
masterx
mastiff
mastura
masungit
mat123
mataba
matador
matahari
matahariku
mataid
matalino
matamata
matamoros
matamu
mataram
mataray
matariki
matata
matchbox
matchbox20
matches
matei
mateito
mateja
matematica
matematicas
matematik
matematika
mateo
mateo1
mateos
mater
materdei
material
mates
matet
mateus
math123
mathan
mathematics
matheo
mather
mathers
mathet
matheus
mathew
mathew1
mathews
mathias
mathieu
mathilda
mathilde
mathis
matias
matikas
matikaz
matilda
matilda1
matilde
matina
matisse
matita
matman
matmat
matos
matrimonio
matrix
matrix1
matrix12
matrix2
matsui
matsujun
matsumoto
matsura
matt
matt01
matt05
matt06
matt07
matt08
matt09
matt1
matt10
matt101
matt11
matt12
matt123
matt1234
matt13
matt14
matt143
matt15
matt16
matt17
matt18
matt19
matt20
matt21
matt22
matt23
matt24
matt25
matt33
matt420
matt4eva
matt4ever
matt6288
matt69
matt77
matt88
matt99
mattdamon
matteo
matter
matters
mattew
matth3w
matthardy
matthew
matthew!
matthew.
matthew00
matthew01
matthew02
matthew03
matthew04
matthew05
matthew06
matthew07
matthew08
matthew1
matthew10
matthew11
matthew12
matthew123
matthew13
matthew14
matthew15
matthew16
matthew17
matthew18
matthew19
matthew2
matthew20
matthew21
matthew22
matthew23
matthew24
matthew25
matthew26
matthew3
matthew4
matthew5
matthew6
matthew69
matthew7
matthew8
matthew88
matthew9
matthews
matthews1
matthias
matthieu
matthijs
mattia
mattias
mattie
mattie1
mattingly
mattison
mattitude
mattlover
mattman
mattmatt
mattwillis
matty
matty1
matty123
mattyb
mattyboy
matura
maturan
mature
matute
matutina
maui808
maulana
maumau
maura
maureen
maureen1
mauren
mauri
maurice
maurice1
maurice2
maurice5
mauricio
mauricio1
mauricioteamo
maurine
mauritius
maurito
maurizio
mauro
maury
mausi
mautauaja
mavado
maveric
maverick
maverick1
mavericks
mavericks1
maverik
mavic
mavis
mavrick
mavs41
mawar
mawmaw
mawmaw1
max
max100
max101
max111
max123
max1234
max12345
max2000
max2005
max2006
max2007
max2008
maxamillion
maxandpaddy
maxcat
maxdog
maxell
maxell1
maxene
maxiboy
maxie
maxie1
maxim
maxima
maxima1
maxime
maximes
maximilian
maximiliano
maximillion
maximina
maximino
maximo
maximo1
maximum
maximus
maximus1
maxine
maxine1
maxito
maxman
maxmax
maxmax1
maxmaxmax
maxpayne
maxpower
maxsteel
maxteamo
maxthedog
maxwell
maxwell1
maxwell2
maxwell3
maxxie
maxxxx
maxyboy
may10
may11
may12
may123
may1234
may13
may132006
may14
may16
may18
may19
may1978
may1980
may1981
may1982
may1983
may1984
may1985
may1986
may1987
may1988
may1989
may1990
may1991
may1992
may1993
may1994
may1995
may1996
may1997
may1998
may2000
may2001
may2003
may2004
may2005
may2006
may2007
may2008
may2009
may202006
may21
may212005
may22
may23
may25
may26
may29
may31
maya
maya12
maya123
maya13
mayabang
mayaguez
mayalu
mayaman
mayamaya
mayan
mayang
mayank
mayann
mayanne
mayara
maybaby
maybe
maybe1
maybee
maybel
maybell
maybelle
maybelline
mayberry
maycee
maycol
mayday
mayela
mayelin
mayelita
mayen
mayeng
mayer
mayerlin
mayerly
mayet
mayeth
mayette
mayfair
mayfield
mayflor
mayflower
mayhem
maying
mayis
mayita
mayito
mayjoy
mayjune
maykel
maykol
maylee
maylen
maylene
maylin
maylove
maylyn
maymay
maymay1
maymaymay
maynard
maynard1
maynooth
maynor
mayo11
mayo12
mayo13
mayo14
mayo15
mayo17
mayo26
mayonaise
mayonesa
mayonnaise
mayor
mayorga
mayowa
mayra
mayra1
mayra123
mayraa
mayras
mayrateamo
mayris
mayrita
mayrose
mayson
mayte
mayumi
mayuri
mazatlan
mazda
mazda1
mazda3
mazda323
mazda6
mazda626
mazdamx5
mazdarx7
mazdarx8
mazinger
mazlan
mazsola
mazza
mazzel
mañana
mb1234
mcallister
mcauley
mcbride
mccabe
mccall
mccallum
mccann
mccarthy
mccartney
mcclain
mcclure
mccoist
mcconnell
mccormick
mccoy
mccullough
mcdaniel
mcdermott
mcdonald
mcdonalds
mcdonalds1
mcdowell
mcdreamy
mcfadden
mcfarland
mcfarlane
mcflurry
mcfly
mcfly1
mcfly123
mcfly4
mcfly4eva
mcflyrock
mcflyrule
mcgill
mcgowan
mcgrady
mcgrady1
mcgrath
mcgraw
mcgregor
mcguire
mchammer
mcintosh
mcintyre
mckayla
mckayla1
mckenna
mckenna1
mckenzie
mckenzie1
mckinley
mckinney
mckinnon
mcknight
mclaren
mclarenf1
mclaughlin
mclean
mcleod
mclovin
mcmahon
mcmillan
mcnabb
mcnabb5
mcnally
mcnamara
mcneil
mcpherson
mcqueen
mcr123
mcr4ever
mcr666
mcrfan
mcrmcr
mcrrock
mcrrocks
mcrrox
me
me&you
me123
me1234
me12345
me123456
me2006
me2008
me2ubear
me2you
me4eva
me4ever
me4life
me4you
meadow
meadow1
meadowbrook
meadows
meagain
meagan
meagan1
meaghan
meaghan1
mealone
meamo
meamomucho
meamor
meandhim
meandi
meandme
meandmyself
meandu
meandu1
meandu2
meandyou
meandyou1
meandyou2
meangirl
meangirls
meanie
meanmachine
meanmaorimean
meann
meanne
meatball
meatball1
meatballs
meathead
meatloaf
meatloaf1
meatwad
meawmeaw
mecanica
mecanico
mecano
mecca
mecca1
mechanic
mechanical
mechas
meche
mechelle
mechie
mechis
mechita
mecmec
mecool
mecute
medalla
medallo
medardo
medeea
medeiros
medel
medellin
medellin1
medford
media
medias
medic1
medica
medical
medical1
medicina
medicine
medico
medieval
medina
medina1
medion
medium
medrano
medtech
medusa
meduza
medvidek
meechie
meeee
meeeee
meeka
meeka1
meeko
meeko1
meemee
meena
meenakshi
meencantas
meepooh
meerkat
meesha
meforever
meg123
megabitch
megadeath
megadeth
megalomaniac
megaman
megaman1
megamanx
megami
megan
megan!
megan01
megan05
megan06
megan07
megan08
megan1
megan10
megan101
megan11
megan12
megan123
megan13
megan14
megan15
megan16
megan17
megan2
megan21
megan22
megan23
megan3
megan4
megan5
megan6
megan7
megan8
megan9
megan99
megana
meganb
meganc
megand
megane
meganfox
megang
meganh
meganj
megank
meganlee
meganm
meganmarie
megann
megano
meganr
meganrose
megans
meganw
megapro
megara
megastar
megatron
meggan
meggers
meggie
meggie1
meggiemoo
meggles
meggy
meggy1
meggymoo
meghan
meghan1
meghann
megmeg
megpie
megryan
megster
megumi
megusta
megustas
megustasmucho
mehmeh
mehmet
meijialin
meijialin123
meijialin2024
meijialin2025
meijialin2026
meijialin888
meilin
meiling
meimei
meisha
meisje
meisme
meister
mejia
mejias
mejor
mejoramiga
mejoresamigas
mekayla
mekeni
mekmek
mel
mel123
mel1234
melai
melaka
melancholy
melancia
melancolia
melani
melania
melanie
melanie1
melanie123
melanie13
melanie2
melanie7
melaniec
melannie
melany
melapelas
melas
melati
melay
melba
melbert
melbourne
melchor
melena
melendez
melgar
melgibson
meli123
melia
meliana
melicia
melida
melika
melike
melina
melina1
melinda
melinda1
melis
melisa
melisa1
melisita
meliss
melissa
melissa01
melissa06
melissa07
melissa08
melissa1
melissa10
melissa11
melissa12
melissa123
melissa13
melissa14
melissa15
melissa16
melissa17
melissa18
melissa19
melissa2
melissa20
melissa21
melissa22
melissa23
melissa24
melissa3
melissa4
melissa5
melissa6
melissa69
melissa7
melissa8
melissa9
melissam
melissita
melita
melito
meliton
meliza
melizza
meljoy
mella
mellanie
mellie
mellisa
mellissa
mello
mello1
mellon
mellow
mellow1
mellowyellow
melloyello
melly
melly1
mellymel
melman
melmar
melmel
melmel1
melo15
melocoton
melodi
melodia
melodic
melodie
melody
melody1
melody2
melon
melon1
melonhead
melonie
melons
melony
melosa
melove
meloveyou
melrose
melrose1
meltdown
melton
melvic
melville
melvin
melvin1
melvin2
melvina
melvyn
melyssa
member
member1
members
membership
meme
meme06
meme08
meme09
meme1
meme10
meme11
meme12
meme123
meme13
meme14
meme15
meme16
meme21
meme22
meme23
memek
mememe
mememe!
mememe1
mememe123
mememe2
mememe3
memememe
mememememe
memeng
memento
memin
memita
memito
memo123
memomemo
memoochoa
memorable
memorama
memorex
memorex1
memoria
memorial
memorias
memories
memories1
memory
memory1
memos
memoteamo
memphis
memphis1
memphis10
memuero
memyself
memyself&i
memyself1
memyselfandi
memyselfi
memyselfni
menace
menard
menchie
mendel
mendes
mendez
mendez1
mendieta
mendiola
mendonca
mendosa
mendoza
mendoza1
meneketehe
meneses
mengay
menggay
mengmeng
menime
menina
meninblack
menino
menita
menjivar
menmen
menorca
mensah
mensaje
mensuck
mensuck1
mensuck2
mental
mental1
mentari
menthol
menthol1
mentira
mentiras
mentirosa
mentiroso
mentor
mentos
menu4eva
menudo
menyou
menzies
meocon
meomeo
meong
meonly
meow
meow12
meow123
meowmeow
meowmeow1
meowmix
meowth
mephisto
mequiero
mequieromucho
merah
meranda
merari
merary
mercadeo
mercader
mercades
mercado
mercadotecnia
merced
mercedes
mercedes1
mercedes2
mercedesbenz
mercedez
mercedez1
mercer
merchant
merci
mercie
merciful
mercurio
mercury
mercury1
mercy
mercy1
mercyme
merda
merdas
merdeka
meredith
meredith1
merengue
merhaba
meriam
merian
merida
meridian
merijaan
merina
merino
merisa
merissa
merita
merlie
merlin
merlin1
merlin123
merlina
merlinda
merlita
merlot
merly
merlyn
mermaid
mermaid1
mermaid2
mermaidmelody
mermaids
mermelada
mermer
merock
merol
meronepal
merpati
merrick
merrill
merritt
merry
merrychristmas
merryxmas
mersedes
mervin
mervyn
merwin
meryem
meryl
meryll
mesenger
mesexy
mesha
mesha1
meshell
meshia
meshmesh
mesias
mesmerize
mesquita
message
message1
messages
messanger
messenger
messenger1
messi
messi10
messi19
messiah
messiah1
messina
mestiza
mestre
metal
metal1
metal123
metal666
metalcore
metalera
metalero
metalgear
metalhead
metalic
metalica
metalico
metalika
metall
metallic
metallica
metallica1
metallica2
metallica6
metalman
metalmulisha
metals
metamorfosis
metamorphosis
metcalfe
meteor
meteora
meteorgarden
meteoro
method
methodist
methodman
metiche
metoo
metoyou
metrix
metro
metro1
metroid
metropolis
metrosexual
meuamor
mewmew
mewmewpower
mewtwo
mex1co
mexic0
mexicali
mexican
mexican!
mexican1
mexican12
mexican123
mexican13
mexican15
mexican2
mexican3
mexican4life
mexicana
mexicana1
mexicano
mexicano1
mexicans
mexico
mexico!
mexico#1
mexico01
mexico06
mexico07
mexico08
mexico1
mexico10
mexico100
mexico11
mexico12
mexico123
mexico13
mexico14
mexico15
mexico16
mexico18
mexico2
mexico21
mexico22
mexico23
mexico3
mexico4
mexico5
mexico7
mexico8
mexico86
mexico9
mexicodf
mexicolindo
meyers
meylin
meyling
meymey
meynard
meyou
mezmerize
mgrace
mhack
mhacky
mhadel
mhadz
mhahal
mhaimhai
mhaine
mhairi
mhajal
mhakuletz
mhalcoh
mhaldita
mhalditah
mhalkita
mhalko
mhalkoh
mhalkta
mhalou
mhalq
mhalqoh
mhamine
mhara
mharie
mhariz
mhark
mhaye
mhean
mheann
mheanne
mhedhe
mhelai
mhelay
mhemhe
mhiedhie
mhike
mhimhi
mhine
mhine01
mhine02
mhine03
mhine04
mhine05
mhine06
mhine07
mhine08
mhine09
mhine11
mhine12
mhine13
mhine14
mhine15
mhine16
mhine17
mhine18
mhine19
mhine20
mhine21
mhine22
mhine23
mhine24
mhine25
mhine26
mhine27
mhine28
mhine29
mhinecoh
mhineko
mhinekoh
mhineq
mhineqoh
mhines
mhyles
mhymhy
mhyne
mi amor
mia
mia123
mia2005
mia2006
mia305
miabella
miacat
miacolucci
miahamm
miahamm9
miaka
mialma
miami
miami06
miami07
miami1
miami13
miami2
miami3
miami305
miamia
miamia1
miamifl
miamiheat
miamiheat1
miamiheat3
miamivice
miamor
miamor1
miamor2
miamorcito
miamore
miamorerestu
miamorsito
miamorsote
miamorteamo
miangel
miangelito
miaomiao
miarose
miaumiau
mibaby
mibebe
mibebita
mibebito
mic123
micael
micaela
micaella
micah
micah1
micasa
mich3ll3
micha
micha3l
michae
michae1
michael
michael!
michael.
michael0
michael00
michael01
michael02
michael03
michael04
michael05
michael06
michael07
michael08
michael09
michael1
michael10
michael101
michael11
michael12
michael123
michael13
michael14
michael143
michael15
michael16
michael17
michael18
michael19
michael2
michael20
michael21
michael22
michael23
michael24
michael25
michael26
michael27
michael28
michael29
michael3
michael30
michael31
michael33
michael34
michael4
michael5
michael6
michael69
michael7
michael77
michael8
michael88
michael89
michael9
michael92
michael99
michaela
michaela1
michaelangelo
michaelb
michaelc
michaeld
michaelj
michaeljackson
michaeljohn
michaeljordan
michaell
michaella
michaelle
michaelowen
michaelp
michaels
michaelw
michal
michale
michan
miche
miche11e
micheal
micheal1
micheal2
micheala
michel
michel1
michela
michele
michele1
michele2
michelin
micheline
michelita
michell
michell1
michella
michelle
michelle!
michelle.
michelle01
michelle02
michelle03
michelle04
michelle05
michelle06
michelle07
michelle08
michelle09
michelle1
michelle10
michelle11
michelle12
michelle123
michelle13
michelle14
michelle15
michelle16
michelle17
michelle18
michelle19
michelle2
michelle20
michelle21
michelle22
michelle23
michelle24
michelle25
michelle26
michelle27
michelle28
michelle29
michelle3
michelle32
michelle33
michelle4
michelle5
michelle6
michelle69
michelle7
michelle77
michelle8
michelle84
michelle86
michelle87
michelle88
michelle89
michelle9
michelle91
michelle94
michelob
michi
michi1
michie
michiel
michigan
michigan1
michiko
michina
michiquita
michiquito
michiru
michita
michito
micho
michoacan
michoacan1
michou
michu
michy
micielo
micimacko
micka
mickael
mickaela
mickay
mickayla
mickee
mickel
mickey
mickey!
mickey00
mickey01
mickey02
mickey03
mickey04
mickey05
mickey06
mickey07
mickey08
mickey09
mickey1
mickey10
mickey101
mickey11
mickey12
mickey123
mickey13
mickey14
mickey15
mickey16
mickey17
mickey18
mickey19
mickey2
mickey20
mickey21
mickey22
mickey23
mickey24
mickey25
mickey26
mickey27
mickey28
mickey3
mickey4
mickey5
mickey6
mickey69
mickey7
mickey77
mickey8
mickey88
mickey89
mickey9
mickeymouse
micki
mickie
mickie1
micko
micky
micky1
micky123
mickymouse
miclave
micmac
micmic
micole
micorazon
micorazonestuyo
micorreo
micro
micro1
microfon
microlab
micron
micronics
microphone
microsoft
microsoft1
microtek
microwave
micumple
micuta
micutza
middle
middle1
middlesbrough
middleschool
middleton
middletown
midfield
midge
midget
midget1
midian
midios
midland
midnight
midnight1
midnight12
midnight123
midnight13
midnight2
midnight3
midnight5
midnight7
midnite
midnite1
midori
midtown
midway
midway1
midwest
midwife
midwifery
miemie
miera
miercoles
mierda
mierda1
mierda123
mierdas
mierdita
miesha
miespacio
mifamilia
miffy
miflaco
miftah
migas
migatita
migatito
migato
migdalia
migel
miggie
miggy
mighty
mighty1
mightymouse
migmig
mignon
migorda
migordito
migordo
migranamor
migue
miguel
miguel01
miguel07
miguel1
miguel10
miguel11
miguel12
miguel123
miguel13
miguel14
miguel15
miguel16
miguel17
miguel18
miguel19
miguel2
miguel21
miguel22
miguel23
miguel24
miguel3
miguel5
miguel7
miguel8
miguela
miguelangel
miguelin
miguelina
miguelito
miguelito1
miguelon
miguelteamo
mihael
mihaela
mihai
mihail
mihaita
mihaitza
mihi5
mihija
mihijo
mihnea
mijael
mijail
mijares
mijesus
mijita
mikado
mikael
mikaela
mikaela1
mikaella
mikaere
mikaila
mikala
mikalah
mikamika
mikan
mikas
mikasa
mikay
mikayla
mikayla1
mike
mike01
mike02
mike03
mike04
mike05
mike06
mike07
mike08
mike09
mike1
mike10
mike101
mike11
mike12
mike123
mike1234
mike13
mike14
mike143
mike15
mike16
mike17
mike18
mike19
mike20
mike2006
mike2007
mike2008
mike21
mike22
mike23
mike24
mike25
mike26
mike27
mike28
mike29
mike30
mike32
mike33
mike34
mike420
mike44
mike45
mike4eva
mike4ever
mike55
mike6453
mike66
mike69
mike77
mike86
mike88
mike89
mike93
mike99
mikeal
mikebibby
miked
mikee
mikehe
mikejones
mikejones1
mikejr
mikekosa
mikel
mikel1
mikela
mikele
mikell
mikelle
mikelover
mikemike
mikemike1
mikes
mikesgirl
mikeshinoda
miketyson
mikevick7
mikey
mikey!
mikey01
mikey06
mikey07
mikey08
mikey1
mikey11
mikey12
mikey123
mikey13
mikey14
mikey15
mikey16
mikey17
mikey2
mikey21
mikey22
mikey23
mikey3
mikey4
mikey5
mikey6
mikey69
mikey7
mikeyb
mikeyp
mikeys
mikeyway
mikeyy
mikhael
mikhaela
mikhail
mikie
mikimiki
mikita
mikito
mikka
mikkel
mikki
mikki1
mikkie
mikko
mikmik
mikomi
mikoy
mikyla
milacek
milady
milagritos
milagro
milagros
milagros1
milagrosa
milagrosteamo
milamila
milamores
milan
milan1
milana
milanesa
milani
milanisti
milano
milburn
mildred
mildred1
mileena
mileidy
milena
milene
milenio
milenita
milenium
milenka
milenko
miles
miles1
milesaway
milesdavis
miley
miley cyrus
miley1
miley10
miley101
miley11
miley12
miley123
miley15
miley2
miley7
mileyc
mileycyrus
mileyrox
milford
milhouse
milian
milica
milita
militar
military
military1
milito
milk
milk12
milk123
milka
milkdud
milkduds
milkie
milkman
milkman1
milkmilk
milkshake
milkshake1
milkshakes
milky
milky1
milkybar
milkyway
milkyway1
milla
millan
millar
millard
millbrook
mille
millen
millencolin
millenium
millennium
miller
miller01
miller06
miller1
miller12
miller123
miller2
miller22
miller23
miller3
miller31
miller4
miller5
miller69
miller7
millerlite
millers
millertime
millet
milley
millhouse
milli
millicent
millie
millie01
millie06
millie07
millie1
millie12
millie123
millie2
millie3
milliemoo
milligan
million
million1
millionaire
millions
millitos
millonario
millonarios
millos
millos13
mills
millsberry
millsy
milltown
millwall
milly
milly1
milly12
milly123
millymoo
milner
milo
milo01
milo11
milo12
milo123
milomilo
milosc
milou
milove
milton
milton1
miluna
miluska
milwaukee
mimadre
mimama
mimamamemima
mimami
mimamita
mimay
mimejoramiga
mimi
mimi01
mimi03
mimi04
mimi05
mimi06
mimi07
mimi08
mimi09
mimi1
mimi10
mimi101
mimi11
mimi12
mimi123
mimi1234
mimi13
mimi14
mimi15
mimi16
mimi17
mimi18
mimi20
mimi21
mimi22
mimi23
mimi24
mimi25
mimi69
mimi88
mimi89
mimi93
mimi94
mimi99
mimica
mimie
mimiko
mimimi
mimimimi
mimina
mimine
miming
miminho
mimis
mimisor
mimita
mimosa
mimoso
mimoza
mimundo
mina123
minako
minami
minamina
minamino
minaya
minda
mindanao
mindfreak
mindfreak1
mindgame
mindie
mindless
mindoro
mindy
mindy1
mine
mine01
mine04
mine05
mine07
mine08
mine09
mine10
mine11
mine12
mine123
mine1234
mine13
mine14
mine15
mine16
mine17
mine18
mine19
mine21
mine22
mine23
mine24
mine26
mine27
mine28
mine4ever
mine69
minecoh
minegra
minegro
mineko
minekoh
minemine
minena
minene
mineonly
mineq
mineral
miners
minerva
minerva1
mines
minette
minga
mingdao
minger
mingle
mingming
mingo
minhavida
minhoca
mini12
mini123
miniclip
minicooper
minicoopers
minie
minimal
miniman
minimax
minime
minime1
minime2
minimi
minimini
minimo
minimoo
minimoto
minimouse
minimum
minina
minino
minion
minister
ministerio
ministry
minita
minivan
miniño
minkey
minkie
minky
minmin
minnesota
minnesota1
minney
minni
minnie
minnie01
minnie08
minnie1
minnie11
minnie12
minnie123
minnie13
minnie14
minnie15
minnie2
minnie21
minnie3
minnie4
minnie5
minnie6
minnie7
minnie8
minnieme
minniemouse
minnow
minoes
minogue
minolta
minombre
minority
minoru
minotauro
minou
minovio
minpin
minstrel
minted
minter
mintmint
minty
minty1
minune
minute
minutos
minwoo
mioara
miomio
miosito
miosotis
mipapa
mipapi
mipapito
miperrito
miperro
mipollito
miprecioso
miprimeramor
miprincesa
miprincipe
miquel
mirabel
mirabela
miracle
miracle1
miracle2
miracles
miraflor
miraflores
mirage
mirah
miramar
mirame
mirana
miranda
miranda01
miranda1
miranda123
miranda2
mirandela
mirasol
mircea
mireille
mireina
mirel
mirela
mirella
mirelradoi
mireya
miriah
miriam
miriam1
miriama
mirian
mirinda
mirita
mirjam
mirjana
mirko
mirkwood
mirmir
mirmo
mirmodepon
mirna
miroku
miroslav
miroslava
mirren
mirror
mirtha
miruna
miryam
mirza
mis2amores
mis3amores
misael
misaki
misamigas
misamigos
misamores
misato
misbah
misbebes
mischa
mischelle
mischief
mischief1
miscosas
misdosamores
miserable
misericordia
misery
misfit
misfit1
misfits
misfits1
misfits138
misfotos
misha
misha1
mishel
mishell
mishelle
mishi
mishijas
mishijos
mishka
mishmish
mishu
misiaczek
misiek
misifu
mision
misionera
misionero
misiones
misoledadyyo
mispadres
misperros
miss12
miss123
missa
missael
missamerica
missbitch
missbitch1
missbrown
misscute
misscutie
missdior
missdiva
misses
missey
missi
missie
missie1
missing
missing1
missingu
missingyou
missinu
mission
mission1
missionary
missions
mississippi
mississippi1
misskiss
misskitty
misskitty1
misslady
misslady1
misslove
missme
missmiss
missmolly
missmurder
missnewbooty
missouri
missouri1
missperfect
misspiggy
misspiggy1
misspimp
misspink
misspooh
misspriss
misssexy
misssixty
missthang
missthang1
missthing
missu
missu2
missy
missy!
missy01
missy03
missy05
missy06
missy07
missy08
missy1
missy10
missy101
missy11
missy12
missy123
missy13
missy14
missy15
missy16
missy17
missy19
missy2
missy21
missy22
missy23
missy3
missy33
missy4
missy5
missy6
missy69
missy7
missy8
missy92
missyann
missyb
missycat
missydog
missye
missyelliot
missygirl
missymoo
missyou
missyou1
missyou2
missypoo
missys
mistake
mistakes
mister
mister1
misterio
misteriosa
misterioso
mistery
mistic
mistica
mistico
mistie
mistletoe
mistral
mistress
misty
misty01
misty1
misty101
misty11
misty12
misty123
misty13
misty2
misty21
misty3
misty5
misty6
misty7
misty9
mistyblue
mistycat
mistydog
mistygirl
mistymoo
mistys
misulica
misunderstood
misyou
mitch
mitch1
mitch12
mitch123
mitche
mitchel
mitchel1
mitchell
mitchell1
mitchell2
mitchelle
mitchi
mitchie
mitchs
mitchy
mitchz
mitesoro
mithrandir
mitica
mititica
mitologia
mitsey
mitsubishi
mitsui
mitsumi
mitsy
mitten
mittens
mittens1
mitzi
mitzi1
mitzie
mitzy
mitzy1
miumiu
miunicoamor
mivida
mivida1
mividaerestu
mividaloca
mixalis
mixing
mixmaster
mixtape
mixture
miyabi
miyagi
miyaka
miyavi
miyazaki
miyuki
mizpah
mizuki
mizuno
mizzle
mizzou
mizzy
mj1234
mj2345
mj4ever
mjames
mjane
mjcute
mjmjmj
mjordan
mjordan23
mkmkmk
mm1234
mmm123
mmmbop
mmmkay
mmmmm
mmmmm1
mmmmmm
mmmmmm1
mmmmmmm
mmmmmmmm
mmmmmmmmm
mmmmmmmmmm
mmouse
mnbvc
mnbvcx
mnbvcxz
mnbvcxz1
mnmnmn
moana
moarte
moartea
mob123
mob4life
mobbdeep
mobil
mobile
mobile1
mobilephone
mobitel
mobius
mobster
mobydick
mocha
mocha1
mochi
mochila
mochis
mochita
mochito
mockingbird
mocos
mocosa
mocoso
model
model1
modeling
modelo
models
modena
modenas
moderato
moderatto
modern
modest
modesta
modesto
modesty
modified
modupe
moe123
moeder
moejoe
moemoe
moemoe1
moenia
moesha
moffat
moffatts
moggie
mogwai
mohamad
mohamed
mohamed1
mohammad
mohammed
mohawk
mohini
mohsin
moimeme
moimoi
moira
moise
moises
moises1
mojacko
mojako
mojamoja
mojica
mojito
mojo
mojo12
mojo123
mojojo
mojojojo
mojomojo
mokmok
mokona
mokong
mokuba
mokuska
molave
moldova
moldovan
molecules
moleman
molina
molina1
molino
molko
molley
mollie
mollie1
mollie12
mollie123
mollie2
molloy
molly
molly01
molly03
molly04
molly05
molly06
molly07
molly08
molly09
molly1
molly10
molly101
molly11
molly12
molly123
molly1234
molly13
molly14
molly15
molly16
molly17
molly2
molly21
molly22
molly23
molly25
molly3
molly4
molly5
molly6
molly7
molly77
molly8
molly9
molly95
mollyann
mollyb
mollycat
mollyd
mollydog
mollydog1
mollydolly
mollyg
mollygirl
mollym
mollymay
mollymolly
mollymoo
mollys
mollysue
mollyx
molokai
moloko
molotov
molson
mom
mom&dad
mom101
mom123
mom1234
mom12345
mom143
mom2008
mom4life
momanddad
momanddad1
mombasa
momdad
momdad1
momdad12
momdad123
momdad2
moment
momentos
moments
momentum
momiji
momis
momma
momma1
momma123
momma2
momma3
momma4
mommam
mommaof3
mommas
mommasboy
mommasgirl
mommie
mommie1
mommie2
mommies
mommom
mommom1
mommy
mommy!
mommy#1
mommy.
mommy01
mommy02
mommy03
mommy04
mommy05
mommy06
mommy07
mommy08
mommy09
mommy1
mommy10
mommy101
mommy11
mommy12
mommy123
mommy1234
mommy13
mommy14
mommy143
mommy16
mommy17
mommy18
mommy19
mommy2
mommy2007
mommy2008
mommy21
mommy22
mommy23
mommy24
mommy25
mommy26
mommy27
mommy28
mommy29
mommy2be
mommy3
mommy30
mommy31
mommy32
mommy33
mommy34
mommy35
mommy4
mommy5
mommy6
mommy69
mommy7
mommy77
mommy8
mommy9
mommyanddaddy
mommydaddy
mommygirl
mommyko
mommylove
mommyof2
mommyof3
mommyof4
mommyof5
mommys
mommys1
mommysboy
mommysgirl
mommyx2
mommyy
momndad
momo
momo01
momo1
momo10
momo11
momo12
momo123
momo13
momo15
momo21
momo22
momo23
momof2
momof2boys
momof3
momof4
momof5
momof6
momoftwo
momoko
momomo
momomomo
momon
momoney
momoney1
momotaro
momrocks
momrules
momsgirl
momsgirl1
mon123
mona123
monaco
monae
monae1
monaghan
monalisa
monalisa1
monaliza
monami
monamona
monamour
monange
monarca
monarcas
monarch
monarch1
monarchs
monaro
monay
moncada
monce
moncha
monchi
monchichi
monching
monchis
monchita
monchito
moncho
monchy
moncoeur
monday
monday1
monday123
mondeo
mondieu
mondo
mondragon
moneda
monet
monet1
moneth
monette
money
money!
money$
money$$
money0
money01
money05
money06
money07
money08
money09
money1
money10
money100
money101
money11
money12
money123
money1234
money13
money14
money15
money16
money17
money18
money2
money20
money2007
money21
money22
money23
money24
money25
money3
money33
money34
money4
money4me
money5
money6
money69
money7
money77
money8
money88
money9
money99
moneybags
moneyboy
moneygirl
moneymaker
moneyman
moneyman1
moneymike
moneymoney
moneys
moneys1
moneytalks
moneyy
mongmong
mongo
mongo1
mongol
mongola
mongolia
mongolo
mongoloid
mongoose
mongoose1
moni123
monic
monica
monica01
monica06
monica1
monica10
monica11
monica12
monica123
monica13
monica14
monica15
monica16
monica2
monica21
monica22
monica23
monica3
monica4
monica5
monica69
monica7
monicas
monicateamo
monick
monico
monicutza
monie
monie1
monies
monik
monika
monika1
monikita
monimoni
monina
monique
monique07
monique08
monique1
monique11
monique12
monique123
monique13
monique14
monique15
monique16
monique17
monique18
monique2
monique21
monique22
monique23
monique3
monique4
monique5
monique7
moniquita
monis
monisha
monita
monito
monitor
monitos
monk3y
monkee
monkees
monkey
monkey!
monkey#1
monkey*
monkey.
monkey0
monkey00
monkey01
monkey02
monkey03
monkey04
monkey05
monkey06
monkey07
monkey08
monkey09
monkey1
monkey10
monkey100
monkey101
monkey11
monkey12
monkey123
monkey1234
monkey13
monkey14
monkey15
monkey16
monkey17
monkey18
monkey19
monkey1992
monkey2
monkey20
monkey21
monkey22
monkey23
monkey24
monkey25
monkey26
monkey27
monkey28
monkey29
monkey3
monkey31
monkey32
monkey33
monkey34
monkey4
monkey420
monkey44
monkey45
monkey5
monkey55
monkey56
monkey6
monkey66
monkey666
monkey67
monkey69
monkey7
monkey77
monkey777
monkey78
monkey8
monkey80
monkey82
monkey84
monkey85
monkey86
monkey87
monkey88
monkey89
monkey9
monkey90
monkey91
monkey92
monkey93
monkey94
monkey95
monkey96
monkey97
monkey98
monkey99
monkeyass
monkeyballs
monkeybone
monkeyboy
monkeyboy1
monkeybum
monkeybut
monkeybut1
monkeybutt
monkeyface
monkeygirl
monkeylove
monkeylover
monkeyman
monkeyman1
monkeynuts
monkeypoo
monkeys
monkeys!
monkeys1
monkeys101
monkeys11
monkeys12
monkeys123
monkeys13
monkeys2
monkeys3
monkeys4
monkeys5
monkeys6
monkeys7
monkeyshit
monkeysrock
monkeysrule
monkeyz
monkeyz1
monkichi
monkie
monkies
monkies1
monkiki
monkmonk
monky
monmon
monmouth
monnie
mono123
monoloco
monomono
mononoke
monopolio
monopoly
monopoly1
monos
monoxide
monreal
monroe
monroe1
monroy
monsanto
monse
monserrat
monserrate
monserrath
monseteamo
monsoon
monsta
monstar
monster
monster!
monster1
monster12
monster123
monster13
monster2
monster23
monster3
monster4
monster5
monster6
monster666
monster7
monstermash
monstermunch
monsters
monstersinc
monstruo
montae
montague
montalban
montalvo
montana
montana1
montana2
montana3
montanna
montano
montay
montclair
monte
monte1
montecarlo
montecillo
montecristo
montego
monteiro
montejo
montel
montell
montemayor
montenegro
monterey
montero
monterrey
monterrey1
montes
montessori
montevideo
montey
montez
montez1
montgomery
monticello
montie
montiel
montijo
montilla
monton
montoya
montoya1
montreal
montrell
montrose
montse
montserrat
montufar
monty
monty1
monty12
monty123
montydog
montypython
montys
monu16
monumental
monyet
monyk
monyong
monzon
moo
moo123
mooch
moocher
moochie
moochie1
moochy
moocow
moocow1
moocow2
moocows
moodie
moody
moody1
moodycow
moogie
moogle
mookey
mookie
mookie1
mookie12
mookie2
mookie5
mookmook
moomin
moomoo
moomoo1
moomoo11
moomoo12
moomoo123
moomoo2
moomoo22
moomoo3
moomoocow
moomoomoo
moon
moon11
moon12
moon123
moon13
moon14
moon22
moon88
moonbaby
moonbeam
mooncake
moonchild
moondance
moondog
moondust
mooner
mooney
moonface
moonfire
moonflower
moongirl
moonglow
moonie
moonie1
moonlight
moonlight1
moonlite
moonlove
moonman
moonmoon
moonoi
moonpie
moonriver
moons
moonshadow
moonshine
moonshine1
moonspell
moonstar
moonstar1
moonstone
moonsun
moontje
moonwalk
moonwalker
moony
moooo
mooooo
moopoo
moore
moore1
moortje
moose
moose1
moose12
moose123
moose13
mooses
moosey
mooshoo
moosie
mophead
moppet
moppie
moquito
morada
moradito
morado
morais
morales
morales1
moran
morandi
morango
morangos
moranguinha
moranguita
moranguito
morante
morbid
mordor
morefire
morehead
moreira
moreland
morelia
morelia1
morelos
morelove
moremoney
moremore
morena
morena1
morena13
morenaza
moreninha
morenita
morenita1
morenito
moreno
moreno1
morethanwords
morfeo
morgado
morgaine
morgan
morgan!
morgan01
morgan02
morgan03
morgan04
morgan05
morgan06
morgan07
morgan08
morgan1
morgan10
morgan11
morgan12
morgan123
morgan13
morgan14
morgan15
morgan16
morgan2
morgan21
morgan22
morgan23
morgan24
morgan3
morgan4
morgan5
morgan6
morgan7
morgan8
morgan9
morgan98
morgan99
morgana
morgane
morgans
morgen
morgie
moriah
moriarty
morientes
morillo
moris
morita
moritz
morley
mormon
mormon1
mormons
mormor
morning
morningstar
morocco
morocha
morochita
morocho
moroco
morogfar
moron
moroni
morpheus
morphine
morrigan
morris
morris1
morrison
morrison1
morrisons
morrissey
morrow
morrowind
mortal
mortalkombat
morte
morten
mortgage
mortgage1
morticia
mortimer
morton
morven
morzinho
mosaic
mosca
moschino
moscow
moscraciun
mosdef
moses
moses1
mosese
mosha
mosher
moshi
moshimoshi
moshita
moshpit
mosita
moskito
moslem
mosley
mosqueda
mosquera
mosquito
moss18
moss84
mossimo
mossy
mossyoak
mossyoak1
mostafa
mostar
moster
mosthaunted
mostra
mostro
mostwanted
motagua
motanel
motas
motauaja
motdepasse
motel
motel6
moterbike
mother
mother01
mother03
mother1
mother11
mother12
mother123
mother2
mother22
mother23
mother3
mother4
mother5
mother7
motherfuck
motherfucker
motherfuckers
motherhood
motherlode
motherlove
mothermary
motherof2
motherof3
motherof4
motherof5
mothers
motherwell
motion
motita
motitas
motivation
motley
motley1
motleycrue
motmot
motobike
motocicleta
motocros
motocross
motocross1
motogp
motoko
motor
motorbike
motorbikes
motorcross
motorcycle
motorhead
motorola
motorola1
motorolal6
motorolav3
motorolla
motors
motorsport
motorx
motos
motown
motox
mouhamed
moulin
moulinrouge
moumou
mountain
mountain1
mountaindew
mountains
mounty
mourad
mourinho
mouse
mouse1
mouse12
mouse123
mouse2
mouse3
mouse5
mouse7
mousemat
mousepad
mouser
mouses
mousetrap
mousey
mousey1
mousie
moussa
mousse
moustapha
mouthy
moutinho
movado
movement
moveon
movers
movie
movies
movies1
moviestar
movimiento
moving
movingon
movistar
mowgli
mowmow
moxita
moymoy
mozart
mozart1
mozilla
mp3player
mr.bean
mrbean
mrbear
mrblobby
mrblue
mrbrown
mrclean
mrcool
mrcute
mrdarcy
mrhappy
mrjones
mrkitty
mrlonely
mrmagoo
mrniceguy
mrpogi
mrright
mrs.brown
mrsbrown
mrsexy
mrsjones
mrssmith
mrvica
ms.sexy
msbitch
msbrown
msdiva
mshadows
msjones
mskitty
mslady
msn.com
msn123
msnewbooty
msnhotmail
msnmessenger
msnmsn
mspiggy
mspooh
mssexy
msthang
mt.dew
muach
muah
muahh
muahmuah
muamua
muaythai
mubarak
muchacha
muchacho
muchie
muchlove
muchluv
muchoamor
mucker
mudblood
muddin
mudkip
mudpie
mudslide
mudvayne
mudvayne1
muelitas
mueller
muerete
muerte
muerteblanca
muerto
mufasa
mufasa1
mufc4eva
mufc4life
muffet
muffie
muffin
muffin!
muffin01
muffin1
muffin11
muffin12
muffin123
muffin13
muffin16
muffin2
muffin23
muffin3
muffin4
muffin5
muffin7
muffin8
muffinman
muffins
muffins1
muffinz
muffy
muffy1
muggins
muggle
muggles
muggsy
mugrosa
mugsy
mugurel
muhaha
muhaimin
muhamad
muhammad
muhammad1
muhammed
muiedinamo
muiemuie
muiesteaua
muimui
muisje
mujahid
mujahidah
mujer
mujerbonita
mujercita
mujeres
mujeriego
mujiyd
mukesh
mulan
mulata
mulawin
mulberry
mulder
mulher
mulisha
mullen
muller
mullet
mulligan
mullingar
mullins
multimedia
multisync
mum&dad
mum123
mumanddad
mumay
mumbai
mumble
mumbles
mumdad
mumdad1
mumford
mummie
mummies
mummum
mummy
mummy01
mummy1
mummy12
mummy123
mummy2
mummyanddaddy
mummydaddy
mummys
mummysgirl
mumndad
mumoasa
mumtaz
mumumu
mun17
mun17123
mun172024
mun172025
mun172026
mun17888
munch
munch1
muncher
munchie
munchie1
munchies
munchies1
munchkin
munchkin1
munchkins
munchy
mundial
mundo
mundos
muneca
muneca1
muneco
muneka
munekita
munequita
munguia
munich
municipal
muning
munira
munirah
munkee
munkey
munkie
munky
munmun
munoz
munoz1
munson
munster
munteanu
munter
muppet
muppet1
muppets
murat
murcia
murcielago
murda1
murder
murder1
murderdolls
murderer
murderinc
murdoc
murdoch
murdock
muresan
muriel
murielle
murillo
murphey
murphy
murphy01
murphy1
murphy12
murphy123
murphy13
murphy2
murphy7
murphylee
murray
murray1
muruga
murugan
musang
musashi
muschi
muscle
muscleman
muscles
mushie
mushroom
mushroom1
mushroomhead
mushrooms
mushu
mushy
music
music!
music01
music06
music07
music08
music1
music101
music11
music12
music123
music13
music14
music15
music16
music18
music2
music21
music22
music23
music25
music3
music4
music45
music4ever
music4life
music4me
music5
music6
music7
music9
music=life
musica
musica1
musical
musical1
musicals
musicbox
musicc
musicfan
musicfreak
musicgirl
musician
musicislife
musicismylife
musick
musiclove
musiclover
musicman
musicman1
musico
musicrocks
musicrox
musics
musik
musika
musique
muskaan
muskan
muskegon
muskrat
muslim
muslimah
mustafa
mustang
mustang00
mustang01
mustang02
mustang03
mustang04
mustang05
mustang06
mustang07
mustang08
mustang1
mustang11
mustang12
mustang123
mustang13
mustang16
mustang2
mustang21
mustang22
mustang23
mustang24
mustang3
mustang4
mustang5
mustang50
mustang6
mustang65
mustang66
mustang67
mustang69
mustang7
mustang8
mustang87
mustang88
mustang89
mustang91
mustang95
mustang96
mustang98
mustang99
mustanggt
mustangs
mustangs1
mustangsally
mustapha
mustaqim
mustard
mustard1
mustika
mutant
mutante
muthafucka
mutia
mutiara
mutley
mutter
muttley
mutya
muymuy
muzica
muziek
muzika
muñeca
muñeco
muñekita
muñequita
mvick7
mwaaah
mwahh
mwahmwah
mwahxx
mwamwa
mwuah
mxj700
my angel
my baby
my boo
my chemical romance
my family
my life
my love
my1andonly
my1baby
my1love
my1nonly
my1space
my1stlove
my2angels
my2babies
my2boys
my2boyz
my2cats
my2dogs
my2girls
my2kids
my2loves
my2sons
my3angels
my3babies
my3boys
my3boyz
my3girls
my3kids
my3loves
my3sons
my4babies
my4boys
my4girls
my4kids
my4sons
my5kids
my6kids
mya123
myaccount
myamor
myamya
myangel
myangel1
myangels
myanmar
myass1
mybabe
mybabe1
mybabes
mybabies
mybabies1
mybabies2
mybabies3
mybaby
mybaby!
mybaby01
mybaby06
mybaby07
mybaby08
mybaby1
mybaby12
mybaby123
mybaby13
mybaby14
mybaby15
mybaby2
mybaby23
mybaby3
mybaby4
mybaby69
mybaby7
mybabyboo
mybabyboy
mybabyboy1
mybabygirl
mybabylove
mybabys
myballs
myband
mybday
mybear
mybebe
mybebo
mybest
mybestfriend
mybhaby
mybhe
mybirthday
mybitch
myboo
myboo1
myboo12
myboo2
mybooboo
mybooh
mybooo
myboy
myboyfriend
myboys
myboys1
myboys2
myboys3
myboyz
mybrother
mybuddy
mybuddy1
mybunny
mybutt
mycats
mychael
mychal
mychem
mychem1
mychemical
mychemicalromanc
mychemicalromance
mychildren
mycomputer
mycrush
mydaddy
mydaddy1
mydarling
mydear
mydestiny
mydick
mydick1
mydog
mydog1
mydogs
mydream
mydreams
myemail
myesha
myeverything
myeyes
myfaith
myfamily
myfamily1
myfamily4
myfather
myfirstlove
myfriend
myfriends
myfuture
mygame
mygirl
mygirl1
mygirl2
mygirls
mygirls1
mygirls2
mygirls3
mygirls4
mygod
mygoodies
mygurl
myhaela
myhappyending
myheart
myheart1
myhero
myhi5
myhome
myhoney
myhoney1
myhouse
myhubby
myhump
myhumps
myhumps1
myhunny
myhusband
myimmortal
myinmortal
myisha
myjake
myjesus
myjesus1
mykayla
mykel
mykids
mykids03
mykids1
mykids2
mykids3
mykids4
mykids5
mykidz
myking
mykitty
mykonos
myl0ve
mylabs
mylady
myleen
mylene
myles
myles1
mylife
mylife07
mylife08
mylife1
mylife2
mylifesucks
myline
mylittlepony
mylive
mylord
mylove
mylove!
mylove01
mylove06
mylove07
mylove08
mylove09
mylove1
mylove11
mylove12
mylove123
mylove13
mylove14
mylove15
mylove16
mylove17
mylove18
mylove2
mylove21
mylove22
mylove23
mylove24
mylove25
mylove3
mylove4
mylove4u
mylove5
mylove6
mylove69
mylove7
myloveforever
mylovely
mylover
mylover1
mylovers
myloves
myloveyou
myluv
myluv1
myluv4u
myluvs
myluvz
mymahal
mymail
mymama
myman
myman1
mymark
mymelody
mymike
mymine
mymom
mymom1
mymommy
mymommy1
mymoney
mymonkey
mymoon
mymother
mymummy
mymusic
mymymy
myname
myname1
myname2
mynameis
mynameis1
mynana
mynewlife
mynewpassword
mynigga
mynigga1
mynumber1
myoneandonly
myonly1
myonlylove
myonlyone
myown
mypage
mypapa
mypass
mypass1
mypassword
mypet
mypets
myphone
myphotos
mypic
mypics
mypics1
mypictures
mypix
myplace
mypooh
myprecious
myprince
myprincess
myprofile
mypuppy
myqueen
myranda
myriam
myrna
myrock
myrockyou
myromeo
myron
myroom
myrose
myrtle
myrtle1
myrtlebeach
myryan
mysacrifice
mysavior
mysaviour
myscene
mysecret
mysecret1
myself
myself1
myself2
myshit
myshit1
myshow
mysister
myslide
myslides
myslideshow
myson
myson1
mysons
mysoul
myspac3
myspace
myspace!
myspace.
myspace.com
myspace0
myspace01
myspace05
myspace06
myspace07
myspace08
myspace09
myspace1
myspace10
myspace101
myspace11
myspace12
myspace123
myspace13
myspace14
myspace15
myspace16
myspace17
myspace2
myspace21
myspace22
myspace23
myspace24
myspace25
myspace3
myspace33
myspace4
myspace5
myspace6
myspace69
myspace7
myspace77
myspace8
myspace9
myspace99
myspacepics
mystar
mysterio
mysterio1
mysterio619
mysterious
mystery
mystery1
mystic
mystic1
mystica
mystical
mystikal
mystique
mystuff
mystuff1
mystyle
mysunshine
mysweet
mysweety
myteddy
mythology
mytime
mytimeisnow
mytruelove
mytwins
myway
mywife
mywish
myworld
myworld1
myyahoo
mz.brown
mz.pooh
mzbrown
mzpooh
mzsexy
mzthang
mztweety
n0thing
n12345
n123456
n1234567
n1c0l3
n1cholas
n1cole
n2deep
n8tive
nabeel
nabil
nabila
nabilah
nabilla
nabucodonosor
nacario
nachelle
nachita
nachito
nacho
nacho1
nacho123
nachonovo
nachos
nachos1
nacion
nacional
nacionales
nacnac
nacole
nadanada
nadare
nadeem
nadeen
nadege
nadera
nadeshiko
nadhirah
nadia
nadia1
nadia123
nadiaa
nadiah
nadias
nadie
nadiecomoyo
nadiesabe
nadina
nadine
nadine1
nadira
nadirah
nadita
nadiya
nadnad
nadroj
nadya
nadzirah
nae-nae
naenae
naenae1
nafisa
nafnaf
nagem
nagoya
nagrom
nahnah
nahomi
nahomy
nahuel
nahum
naiara
naila
nailah
nailpolish
nails
naima
naimah
nainai
nairda
nairobi
naisha
naive
najee
najera
najihah
najwa
nakalimutanko
nakamura
nakata
nakatsu
nakayoshi
naked
naked1
nakeisha
nakia
nakita
nakita1
naknak
nakupenda
nala
nala12
nala123
nalanala
nalani
nalgas
nalini
nalita
nalle
nalleli
nallely
nalyn
namaku
namaste
nameless
names
namfon
namine
namita
namnam
namorado
namour
namrata
namtan
namwan
nan123
nana
nana01
nana02
nana03
nana04
nana05
nana06
nana07
nana08
nana09
nana1
nana10
nana101
nana11
nana12
nana123
nana1234
nana13
nana14
nana15
nana16
nana17
nana18
nana20
nana21
nana22
nana23
nana69
nana88
nana89
nana92
nana94
nana95
nana96
nanako
nanami
nanana
nananana
nanang
nanapancha
nanapapa
nanas
nanay
nanayko
nanci
nancie
nancita
nancy
nancy1
nancy12
nancy123
nancy13
nancydrew
nancys
nancyteamo
nanda
nandha
nandinho
nandini
nandita
nandito
nando
nando1
nandos
nandy
naneng
naneth
nanette
nani
nani12
nani123
nani17
nanie
naninani
naning
nanis
nanita
nanito
nanna
nanna1
nannan
nanner
nanners
nannette
nannie
nanny
nanny1
nanny911
nannys
nanonano
nanook
nanou
nantucket
naomi
naomi1
naomi12
naomi123
naomie
naomy
naosei
napalm
napier
napintas
napkin
naples
napolean
napoleon
napoleon1
napoles
napoli
napper
nappy
napster
napster1
naptown
naquan
narak
narakjung
naraku
narancs
naranja
naranjita
naranjo
narayan
narayana
narcis
narcisa
narciso
narda
narendra
naresh
narissa
narita
narnia
narnia1
narsis
naruhina
narumi
narusegawa
narut0
naruto
naruto01
naruto09
naruto1
naruto10
naruto101
naruto11
naruto12
naruto123
naruto1234
naruto13
naruto14
naruto15
naruto2
naruto21
naruto22
naruto23
naruto3
naruto5
naruto7
naruto8
naruto9
naruto94
narutofan
narutokun
narutoshippuden
narutouzumaki
narvaez
nas123
nascar
nascar03
nascar08
nascar1
nascar12
nascar2
nascar20
nascar24
nascar29
nascar3
nascar38
nascar48
nascar8
nascar88
nascar9
nascar99
nascimento
naseem
nash13
nasha
nashay
nasher
nashville
nashville1
nasia
nasigoreng
nasir
nasir1
nasonic
nasonic123
nasonic2024
nasonic2025
nasonic2026
nasonic888
nasreen
nasrin
nasrul
nassau
nasser
nastasia
nasty
nasty1
nasty69
nastyboy
nastygirl
nastygurl
nasuha
nasution
nat123
natacao
natacha
natacion
natal
natale
natalee
natalee1
natali
natalia
natalia1
natalia12
natalie
natalie01
natalie03
natalie05
natalie06
natalie07
natalie1
natalie12
natalie123
natalie13
natalie14
natalie2
natalie3
natalie4
natalie5
natalie7
natalie8
natalie9
natalija
natalina
natalita
natalka
nataly
nataly1
natalya
natan
natanael
nataniel
natas
natasa
natascha
natasha
natasha1
natasha12
natasha123
natasha2
natashia
natasia
natasja
natasya
nate
nate01
nate06
nate12
nate123
nate13
nate21
nate23
nate69
natedawg
natedog
natedogg
natenate
natha
nathali
nathalia
nathalie
nathalie1
nathaly
nathan
nathan!
nathan01
nathan02
nathan03
nathan04
nathan05
nathan06
nathan07
nathan08
nathan09
nathan1
nathan10
nathan11
nathan12
nathan123
nathan13
nathan14
nathan15
nathan16
nathan17
nathan18
nathan2
nathan20
nathan21
nathan22
nathan23
nathan24
nathan3
nathan4
nathan5
nathan6
nathan69
nathan7
nathan8
nathan9
nathan99
nathanael
nathania
nathanial
nathaniel
nathaniel1
nathen
nathen1
nathy
natica
natika
nation
national
national1
nationals
nationwide
natis
natisha
natita
native
native1
nativepride
natividad
natnat
natoya
natsume
natsumi
nattapon
nattapong
nattaya
nattie
natty
natty1
natura
natural
natural1
naturaleza
nature
natureboy
natureza
natwest
natwolff
naufal
naughty
naughty1
naughty69
naughtygirl
naughtygurl
nautica
nautical
nautilus
navaja
navajo
navales
navarra
navarrete
navarro
navarro1
naveed
naveen
navegante
navidad
navigator
navita
navyblue
navygirl
navyseal
navywife
nawang
nawfside
nay-nay
nay123
nayara
nayarit
nayeli
nayeli1
nayelita
nayelli
nayely
nayla
naylor
naynay
naynay1
naynay12
naynay13
naynay2
nayomi
naysha
naytay
nazare
nazarene
nazareno
nazaret
nazareth
nazario
nazgul
nazihah
nazira
nazirah
nazrul
nba123
nbalive
nbanba
nbvcxz
nbzhongxin
nbzhongxin123
nbzhongxin2024
nbzhongxin2025
nbzhongxin2026
nbzhongxin888
ncc1701
ncc1701a
ncc1701d
ncc1701e
ncc74656
ncstate
ncstate1
ne1469
nebraska
nebraska1
nebula
nebuna
nebunatica
nebunatik
nebunica
nebunik
nebunu
necaxa
necklace
necole
necromancer
necron
necronomicon
nectar
nectarine
nederland
nedved
need4speed
needforspeed
needle
needles
needlove
needyou
neelam
neelia
neelloc
neenee
neenee1
neener
neeraj
neesha
nefertari
nefertiti
neftali
negative
negima
negneg
negocios
negra
negra1
negras
negrete
negris
negrita
negrita1
negritalinda
negrito
negrito1
negro
negro1
negron
negros
nehemiah
nehemias
neighbours
neinei
neisha
neisha1
nejihyuga
neknek
nekochan
nekoneko
nelia
nelida
nelita
nelito
nella
nelle
nellie
nellie1
nelly
nelly01
nelly07
nelly08
nelly1
nelly11
nelly12
nelly123
nelly13
nelly2
nelly21
nelly22
nelly23
nelly3
nelly4
nelly5
nelly6
nelly69
nelly7
nellybelly
nellyfurtado
nellys
nellyville
nelmar
nelnel
nelson
nelson1
nelson12
nelson2
nelutu
nelvin
nemanja
nemesis
nemesis1
nemo
nemo01
nemo11
nemo12
nemo123
nemo13
nemo22
nemonemo
nemrac
nena
nena01
nena05
nena06
nena07
nena08
nena1
nena10
nena11
nena12
nena123
nena13
nena14
nena15
nena16
nena17
nena18
nena19
nena20
nena21
nena22
nena23
nena24
nena25
nena26
nena69
nena88
nena89
nenabonita
nenachula
nenahermosa
nenalinda
nenalinda1
nenamosha
nenamoxa
nenanena
nenapreciosa
nenas
nenasexy
nenateamo
nene
nene01
nene06
nene07
nene08
nene09
nene1
nene11
nene12
nene123
nene13
nene14
nene15
nene16
nene17
nene21
nene22
nene23
nenelindo
nenen
nenene
nenenene
neneng
nenes
neneteamo
neneth
nenette
nengneng
nenis
nenita
nenita1
nenitalinda
nenitas
nenito
neniux
nenorra
nenota
nenuca
nenuco
neo123
neogeo
neoneo
neopet
neopets
neopets1
neophyte
neopunk
nepal
nepal123
nepali
nephew
nepomuceno
neptune
neptune1
neptunes
neptuno
nerak
neraka
nerd
nereida
nereyda
nerisa
nerissa
nerita
neriza
nermal
neron
nerual
neruda
nescafe
nesha
nesha1
neshia
neslihan
nessa
nessa1
nessa11
nessa12
nessa123
nessa13
nessa2
nessa23
nessie
nessy
nesta
nestea
nester
nestle
nestor
netball
netball1
netgear
netherlands
netito
netnet
netopia
netral
netscape
netsirk
netta
nette
nettie
netty
network
network1
netzero
neutron
neuza
nevada
nevada1
nevaeh
nevaeh06
nevaeh07
nevaeh1
nevaeh2
nevaeh3
neveah
never
never1
never4get
neveragain
neveralone
neverdie
neverever
neverfade
neverforget
nevergiveup
nevergone
neverguess
neverknow
neverland
neverland1
neverlove
nevermind
nevermind1
nevermore
nevers
neversaynever
nevertell
nevets
neville
new york
new123
newage
newark
newark1
newbaby
newbaby1
newberry
newbie
newbooty
newborn
newbridge
newcar
newcastle
newcastle1
newday
newday1
newell
newera
newfie
newfound
newfoundglory
newfoundland
newgirl
newgrounds
newhaven
newholland
newhome
newhope
newhope1
newhouse
newjersey
newjersey1
newjob
newlife
newlife06
newlife07
newlife08
newlife1
newlife2
newlife4me
newlook
newlove
newlove1
newlyweds
newman
newman1
newman12
newmarket
newme
newmexico
newmoney
newmonkey
newmoon
newnew
newnew1
newone
newone1
neworleans
newpass
newpass1
newpassword
newpoint
newport
newport1
newport100
newport2
newports
newports1
newquay
newrock
newrockyou
newsboys
newshoes
newsies
newspaper
newstart
newstart1
newton
newton1
newtown
newwave
newworld
newyear
newyear08
newyears
newyork
newyork!
newyork01
newyork06
newyork07
newyork1
newyork11
newyork12
newyork123
newyork13
newyork15
newyork2
newyork21
newyork22
newyork23
newyork3
newyork4
newyork5
newyork7
newyork718
newyork8
newyork9
newyorkcity
newyorker
newzealand
nextel
nextel1
neyney
nfscarbon
nganga
ngapuhi
ngentot
ngocanh
nguyen
nheng
nhenhe
nhica
nhicole
nhiecoh
nhoanh
nia123
niagara
niall
niamh
niamh1
niamhy
niania
nibble
nibbler
nibbles
nibbles1
nic0le
nic123
nicah
nicanor
nicaragua
nicaragua1
nicasio
nicca
niccole
nice
nice12
nice123
niceass
niceboy
niceday
nicegirl
nicegurl
niceguy
nicely
niceme
nicenice
niceone
nicetry
nicetry1
nicey
nichele
nichelle
nichelle1
nichol
nichola
nicholas
nicholas!
nicholas01
nicholas06
nicholas1
nicholas12
nicholas13
nicholas2
nicholas3
nicholas4
nicholas5
nicholas7
nichole
nichole!
nichole06
nichole08
nichole1
nichole12
nichole13
nichole14
nichole2
nichole3
nichole4
nichole7
nicholle
nicholls
nichols
nicholson
niciodata
nick
nick jonas
nick01
nick03
nick04
nick05
nick06
nick07
nick08
nick09
nick1
nick10
nick101
nick11
nick12
nick123
nick1234
nick13
nick14
nick143
nick15
nick16
nick17
nick18
nick19
nick20
nick21
nick22
nick23
nick24
nick25
nick26
nick27
nick33
nick4ever
nick69
nick88
nick89
nick92
nick97
nicka
nickcarter
nickel
nickel1
nickelback
nickelodeon
nicker
nickers
nickey
nicki
nicki1
nickie
nickie1
nickishot
nickj
nickj1
nickjonas
nickjonas1
nickjr
nicklachey
nicklas
nickle
nickleback
nicklover
nicknack
nickname
nicknick
nicko
nickolas
nickolas1
nickole
nickos
nicks
nickson
nickster
nicky
nicky01
nicky1
nicky123
nicky2
nicky3
nickyb
nickys
nicnac
nicnic
nico12
nico123
nicodemus
nicol
nicol3
nicola
nicola1
nicola123
nicolae
nicolaeguta
nicolai
nicolas
nicolas1
nicolas2
nicolasa
nicolau
nicolay
nicole
nicole!
nicole.
nicole0
nicole00
nicole01
nicole02
nicole03
nicole04
nicole05
nicole06
nicole07
nicole08
nicole09
nicole1
nicole10
nicole101
nicole11
nicole12
nicole123
nicole1234
nicole13
nicole14
nicole143
nicole15
nicole16
nicole17
nicole18
nicole19
nicole1994
nicole2
nicole20
nicole2008
nicole21
nicole22
nicole23
nicole24
nicole25
nicole26
nicole27
nicole28
nicole29
nicole3
nicole30
nicole31
nicole32
nicole33
nicole34
nicole4
nicole44
nicole5
nicole6
nicole69
nicole7
nicole77
nicole79
nicole8
nicole81
nicole82
nicole83
nicole84
nicole85
nicole86
nicole87
nicole88
nicole89
nicole9
nicole90
nicole91
nicole92
nicole93
nicole94
nicole95
nicole96
nicole97
nicole98
nicole99
nicolee
nicolem
nicolemarie
nicoles
nicolet
nicoleta
nicoletta
nicolette
nicoley
nicoli
nicolina
nicolita
nicoll
nicolle
nicollette
nicolo
niconico
nicosef
nicotina
nicoya
niculescu
niculina
nicusor
nidia
nidnoi
niebla
niecey
niecy
niels
nielsen
nienie
nienke
niesha
nieto
nietzsche
nieve
nieves
nigel
nigel1
nigeria
nigga
nigga!
nigga1
nigga11
nigga12
nigga123
nigga13
nigga2
nigga3
nigga4life
nigga5
nigga6
nigga7
niggah
niggaplease
niggaplz
niggas
niggas1
niggaz
niggaz1
nigger
nigger!
nigger.
nigger1
nigger12
nigger123
nigger2
nigger3
nigger5
niggers
niggers1
night
night1
nightcrawler
nightelf
nightfall
nightfire
nighthawk
nightingale
nightlife
nightlight
nightmare
nightmare1
nightmares
nightowl
nightrider
nights
nightshade
nightsky
nightwing
nightwish
nightwolf
niglet
nihaoma
nihongo
niidea
nijmegen
nijntje
nike
nike01
nike10
nike11
nike12
nike123
nike13
nike14
nike15
nike21
nike22
nike23
nike24
nike90
nikeair
nikeairmax
nikenike
nikeshox
nikhil
niki
niki123
nikica
nikiniki
nikisha
nikita
nikita1
nikka
nikka1
nikki
nikki!
nikki01
nikki02
nikki05
nikki06
nikki07
nikki08
nikki09
nikki1
nikki10
nikki101
nikki11
nikki12
nikki123
nikki1234
nikki13
nikki14
nikki15
nikki16
nikki17
nikki18
nikki19
nikki2
nikki20
nikki21
nikki22
nikki23
nikki24
nikki25
nikki26
nikki27
nikki3
nikki4
nikki5
nikki6
nikki69
nikki7
nikki8
nikki86
nikki87
nikki88
nikki89
nikki9
nikki92
nikkia
nikkib
nikkic
nikkiclan
nikkid
nikkie
nikkie1
nikkig
nikkii
nikkij
nikkim
nikkinikki
nikkip
nikkis
nikkisixx
nikkita
nikko
nikko1
nikkole
nikkos
nikky
niklas
niknak
niknik
niknok
niko12
nikol
nikola
nikolai
nikolakis
nikolas
nikolas1
nikolaus
nikole
nikole1
nikoleta
nikolett
nikolina
nikolka
nikon
nikoniko
nikora
nikos
nilda
nilesh
nilson
nilton
nimbus
nimeni
nimitz
nimrod
nimsaj
nimsay
nina
nina01
nina06
nina07
nina08
nina1
nina10
nina11
nina12
nina123
nina13
nina14
nina15
nina16
nina17
nina21
nina22
nina23
ninabonita
ninalinda
ninang
ninanina
ninas
ninasky
ninay
nincompoop
nindya
nine09
nine99
nineball
ninenine
niners
ninetails
nineteen
nineteen19
ninety
ninewest
ninfa
ningning
ningnong
ningrum
ninguna
ninguno
nini
nini12
nini123
nini14
ninia
ninie
nining
nininha
ninini
ninita
ninito
ninja
ninja1
ninja12
ninja123
ninja13
ninja2
ninja5
ninja636
ninja9
ninjas
ninjitsu
ninjutsu
ninoshka
ninoska
nintendo
nintendo1
nintendo64
nintendods
nintendogs
nintendowii
nipper
nipper1
nipple
nipples
nipples1
nippon
niqua
niqua1
nique
nique1
nirmal
nirmala
nirolf
nirvana
nirvana1
nirvana123
nirvana2
nirvana7
nirwana
nisha
nisha1
nishant
nissa
nissan
nissan1
nissan240
nissan350z
nissanskyline
nistelrooy
nitemare
nitnit
nitnot
nitram
nitro
nitro1
nitrogen
nitrous
nitsirk
nitsuga
nitsuj
nittany
nittaya
niurka
nivea
nivek
nivlem
nivram
nixon
niyah
niyah1
nizam
nizzle
niña
niñabonita
niñalinda
niño
njdevils
njnets
njrotc
nmnmnm
nnnnn
nnnnnn
nnnnnnn
nnnnnnnn
nnnnnnnnnn
no
no1bitch
no1butme
no1knows
noah
noah01
noah02
noah05
noah06
noah07
noah1
noah11
noah12
noah123
noahsark
noangel
nobhead
nobita
noble
nobles
nobody
nobody1
nobodyknows
noboys
nocas
nochance
noche
noclue
nocomment
nocturnal
nocturne
nocturno
noddy
noddy1
nodnarb
nodoubt
nodoubt1
nodrama
noel
noel12
noel123
noelani
noelia
noelito
noella
noelle
noelle1
noelle3
noelnoel
noemi
noemi1
noemia
noemie
noemy
noenoe
noentry
nofear
nofear1
nofriends
nogard
noggin
nognog
nogood
nogueira
nohelia
nohely
nohemi
nohemy
noidea
noidoi
noiembrie
noinoi
noisette
nojodas
nokas
nokia
nokia1
nokia1100
nokia123
nokia2
nokia3200
nokia3210
nokia3220
nokia3230
nokia3250
nokia3310
nokia3650
nokia5200
nokia5300
nokia6111
nokia6230
nokia6230i
nokia6280
nokia6300
nokia6600
nokia6610
nokia6630
nokia6680
nokia7373
nokia7610
nokiaa
nokian70
nokian73
nokian95
nokianokia
nokias
nokinhas
noknok
nola504
nolan
nolan1
nolasco
noles
noles1
nolife
nolimit
nolimit1
nolimits
nollie
nolose
nolove
nolove1
nolove4me
nolram
nomada
nomads
nomames
nomanches
nomar5
nombre
nomeacuerdo
nomeames
nomejodas
nomelase
nomeolvides
nomer
nomercy
nomoney
nomore
nomore1
nomorelove
noname
none
nonenone
noneya
nongnong
nonie
nonita
nonnahs
nonnie
nonnon
nonong
nonono
nonono1
nononono
nonoy
nonsense
nonstop
noobie
noodle
noodle1
noodle2
noodles
noodles1
noogie
nookie
nookie1
nooknook
noonan
noone
noone1
nooneknows
nooney
noonie
noonoo
nopass
nopassword
nopparat
noproblem
noquiero
norahs
norain
noraini
norbert
norberto
norbit
norcal
nordia
noreen
noregrets
norfolk
norhan
noriega
noriel
norika
noriko
norina
norita
norlan
norlyn
norma
norma1
normah
normajean
normal
normal1
norman
norman1
normandy
normas
normie
normis
normita
norniron
norocel
norris
norte
norte14
norte4
nortex4
north
north1
north14
northcarolina
northeast
northern
northern1
northface
northgate
northland
northpole
northshore
northside
northside1
northstar
northwest
northwood
norton
norton1
noruega
norules
norvin
norwalk
norway
norwich
norwichcity
norwin
norwood
nosamamos
nosecual
nosenada
nosenose
noseque
nosequeponer
nosey1
nosferatu
noshit
noside
nosila
nosilla
noslen
nosmoking
nosotras
nosotros
nospaces
nostalgia
nostradamus
nosurrender
nosyaj
not4u2c
not4u2no
not4you
notagain
notaloca
notaloka
notalone
notebook
notebook1
noteimporta
notengo
noteolvidare
notepad
notes
notforyou
nothin
nothing
nothing!
nothing.
nothing0
nothing1
nothing123
nothing2
notice
notime
notnot
notnow
notorious
notredame
notredame1
notrust
notsure
nottellin
nottelling
nottingham
nottoday
notyou
notyours
nougat
nounou
nounours
nourhan
nov1992
novato
novell
novelyn
november
november02
november03
november04
november06
november07
november09
november1
november10
november11
november12
november13
november14
november15
november16
november17
november18
november19
november2
november20
november21
november22
november23
november24
november25
november26
november27
november28
november29
november3
november30
november4
november5
november6
november7
november8
november89
november9
novemberrain
novembre
novembro
novia
novice
novie
noviembre
novios
novita
novo10
noway
noway1
nowayjose
nowayman
nowayout
nowell
nowhere
nowitzki
noworries
noynoy
nsync
nsync1
nsync5
nuamparola
nubecita
nubia
nubian
nuclear
nuconteaza
nuestroamor
nueva
nuevavida
nueve
nuevo
nugent
nugget
nugget1
nuggets
nuggets1
nuggets15
nuggett
nugraha
nugroho
nuinui
nuknuk
numaieu
numanuma
numark
numauita
numba1
number
number1
number10
number11
number12
number123
number13
number14
number15
number16
number17
number18
number19
number1bitch
number1fan
number1mom
number2
number20
number21
number22
number23
number24
number25
number3
number32
number33
number4
number41
number5
number6
number7
number8
number9
numberone
numbers
numbers1
numbertwo
numbnuts
numero
numero1
numeros
numerouno
numfon
numlock
numnim
numnum
numnuts
numpty
nunavut
nunca
nuncajamas
nuncamas
nuncateolvidare
nunes
nunez
nungning
nuninho
nunnie
nunogomes
nunu12
nunu123
nunung
nununu
nunya
nurain
nuraini
nurani
nurhayati
nuria
nuriko
nurofen
nurse
nurse01
nurse06
nurse07
nurse08
nurse1
nurse123
nurse2
nurse2007
nurse2b
nurseako
nursery
nurses
nursing
nursing06
nursing07
nursing08
nursing1
nursing101
nurul
nurulain
nurulhuda
nusantara
nustiu
nutcase
nutcracker
nutela
nutella
nutmeg
nutmeg1
nutnut
nutricion
nutrition
nutsack
nutshell
nuttapong
nutter
nutterbutter
nuttertools
nutty
nutty1
nuttytart
nvidia
nwo4life
nyanya
nyasha
nyasia
nyc123
nycole
nyesha
nygiants
nyjets
nykole
nylecoj
nyleve
nymets
nymphetamine
nympho
nympho1
nyonyo
nyuszi
nyuszika
nyyankees
o0o0o0
o12345
o123456
o2jam
oakcliff
oakdale
oakenfold
oakfield
oakgrove
oakhill
oakland
oakland1
oakland510
oaklands
oakley
oakley1
oakpark
oakridge
oaktown
oaktree
oakwood
oanaoana
oasis
oasis1
oatmeal
oatmeal1
oaxaca
obama
obama08
obando
obatala
obelisk
obelix
oberon
obinna
obiwan
oblivion
oblivion1
oblong
obloom
obregon
obrian
obrien
obsessed
obsession
obsidian
obsolete
obvious
ocampo
ocarina
ocean
ocean1
ocean11
ocean12
ocean123
oceana
oceanblue
oceancity
oceane
oceano
oceans
oceans11
oceanside
ocelot
ochelari
ochie
ochoa
ochoa1
oconnell
oconnor
octagon
octave
octavia
octavia1
octavian
octavio
octavius
october
october02
october03
october05
october06
october07
october08
october1
october10
october11
october12
october13
october14
october15
october16
october17
october18
october19
october2
october20
october21
october22
october23
october24
october25
october26
october27
october28
october29
october3
october30
october31
october4
october5
october6
october7
october8
october87
october9
october93
octobre
octombrie
octopus
octubre
octubre15
odalis
odalys
oddball
oddie
oddworld
odessa
odessa1
odette
odhran
odioelamor
odivelas
odonnell
odonto
odontologia
odracir
odraude
odyssey
ofcourse
ofelia
offaly
office
office1
officer
official
offline
offroad
offspring
offthewall
oficina
oglinda
ohana
ohbaby
ohbaby1
ohcrap
ohiostate
ohiostate1
ohlala
ohmygod
ohmygod1
ohmygosh
ohshit
ohshit1
ohsnap
ohsnap!
ohsnap1
ohwell
ohyeah
ohyeah1
oicu812
oigres
oilers
oiloil
oinkoink
oioioi
oisin
ojitos
ojitoslindos
ojkiyd
ojkiyd0y'
ojkiydot
ojosazules
ojosbonitos
ojosverdes
okay
okay123
okedeh
okeydokey
okfine
okidoki
okiedokie
okinawa
oklaham
oklahoma
oklahoma1
oklang
oklas405
okmijn
okocha
okokok
okokokok
oksana
oktavia
okthen
oktober
ola123
olamide
olando
olaola
olaolaola
olarte
oldfart
oldham
oldies
oldlady
oldman
oldman1
oldnavy
oldnavy1
oldschool
oldschool1
oldskool
oldsmobile
oldspice
oldtrafford
oleander
olegario
olegna
olemiss
olemiss1
olenka
oleole
olguita
olidata
oliebol
olifant
olimpia
olimpo
olinad
olinda
olinka
olioli
oliva
olivais
olivar
olivares
olivas
olive
olive1
oliveira
olivejuice
oliveoil
oliver
oliver!
oliver01
oliver08
oliver1
oliver11
oliver12
oliver123
oliver13
oliver15
oliver2
oliver21
oliver22
oliver3
oliver4
oliver5
oliver7
olivera
oliverio
oliverjames
oliveros
olives
olivetti
olivia
olivia01
olivia04
olivia05
olivia06
olivia07
olivia08
olivia1
olivia10
olivia11
olivia12
olivia123
olivia13
olivia2
olivia22
olivia23
olivia3
olivia4
olivia5
olivia6
olivia7
olivier
ollie
ollie1
ollie123
olliedog
olmedo
olongapo
olsen
olsentwins
olteanu
olumide
oluwaseun
olvera
olvidalo
olvidame
olvidar
olvidarte
olvido
olympia
olympiakos
olympic
olympics
olympus
omaira
omalley
omar
omar01
omar1
omar10
omar11
omar12
omar123
omar13
omar14
omar15
omar16
omar21
omar22
omar23
omarbravo
omarbravo9
omarcito
omari
omari1
omarie
omario
omarion
omarion07
omarion1
omarion2
omarion21
omaromar
omarr
omarsito
omarteamo
omayra
ombladon
omega
omega1
omega3
omegared
omegas
omen666
omerta
omg123
omglol
omgomg
omgomgomg
omgwtf
omicron
omnilife
omnitrix
omolara
omonoia
ompong
omsairam
omshanti
omshantiom
omygod
oncecaldas
ondina
one123
one1love
one234
one2one
one2three
oneal
oneandonly
oneblood
oneday
onegod
oneida
oneil
oneill
onelastcry
onelife
onelove
onelove1
onelove2
onelove5
oneluv
oneluv1
oneman
onemoretime
oneofakind
oneone
oneonone
onepiece
onering
oneshot
onetime
onetreehill
onetwo
onetwo12
onetwo3
onetwothree
oneway
onewish
onewish1
onfire
onimusha
onion
onions
onizuka
onkelz
online
online1
only14me
only1god
only1love
only1me
only4me
only4u
only4you
onlygirl
onlygod
onlyhope
onlyiknow
onlylove
onlyme
onlyme1
onlymine
onlyone
onlyone1
onlytime
onlyyou
onmyown
onmyown1
onofre
onomatopoeia
onse11
onspeed
ontario
ontime
onutza
oogabooga
oohlala
oolala
oompaloompa
oonagh
ooo000
ooooo
oooooo
ooooooo
oooooooo
oooooooooo
opelastra
opelcorsa
open
open123
open4me
openarms
opendoor
opening
openit
openme
opennow
openopen
opensaysme
opensesame
openup
openup1
operation
operator
opeyemi
ophelia
opopop
optical
optics
optima
optimist
optimistic
optimus
optimusprime
option
optional
options
optiplex
optiquest
oracion
oracle
oraculo
oradea
oragon
orale
oralia
oralsex
orange
orange!
orange.
orange0
orange01
orange05
orange06
orange07
orange09
orange1
orange10
orange11
orange12
orange123
orange13
orange14
orange15
orange16
orange17
orange18
orange2
orange20
orange21
orange22
orange23
orange24
orange25
orange27
orange3
orange32
orange33
orange4
orange5
orange6
orange69
orange7
orange77
orange8
orange88
orange89
orange9
orange99
orangecounty
orangejuice
oranges
oranges1
orangesoda
oranggila
orangina
orangutan
oranje
orawan
orbit
orbita
orbits
orchard
orchestra
orchid
orchid1
orchidee
orchids
ordenador
ordinary
ordinateur
ordonez
oregon
oregon1
oreilly
orejas
orejitas
orejon
orellana
oreo
oreo01
oreo10
oreo101
oreo11
oreo12
oreo123
oreo1234
oreo13
oreo14
oreo21
oreo22
oreocat
oreocookie
oreooreo
oreos
orestes
organic
orgasm
orgasmic
orgasmo
orgullo
orgulloazulyoro
orhidee
oriana
orianna
orient
oriental
oriente
oriflame
origami
original
original1
original21
orioles
orion
orion1
orions
orkney
orlagh
orlaith
orland
orlanda
orlandito
orlando
orlando!
orlando1
orlando12
orlando123
orlando13
orlando2
orlando3
orlando5
orlando7
orlando8
orlando9
orlandob
orlandobloom
orleans
ornela
ornelas
ornella
ornitorrinco
orochi
orochimaru
oropeza
oroszlan
orozco
orphen
orpheus
orquidea
orsika
ortega
ortiz
ortiz1
orton
orville
osama
osang
osborn
osborne
osbourne
oscar
oscar01
oscar06
oscar07
oscar08
oscar1
oscar10
oscar11
oscar12
oscar123
oscar1234
oscar13
oscar14
oscar15
oscar16
oscar18
oscar19
oscar2
oscar20
oscar21
oscar22
oscar23
oscar24
oscar25
oscar3
oscar4
oscar5
oscar6
oscar7
oscar9
oscarb
oscardog
oscare
oscarg
oscarin
oscarito
oscarm
oscarr
oscars
oscarteamo
oscuridad
oscuro
oseahello
oshane
oshin
oshkosh
osiris
osiris1
osita
ositas
osito
osito1
ositolindo
ositopanda
ositopooh
ositos
ositoteamo
oskar
oskitar
osman
osmar
osmara
osmond
osmosis
oso123
osopanda
osopolar
osorio
ospina
osprey
ospreys
ostrich
osvaldo
oswald
oswaldo
oswaldo1
otaku
otaner
otara274
otcho
othello
others
otherside
otilia
otoniel
otorrino
otravez
otrebor
ottawa
otter
otters
ou812
ou8122
ou8124me
ouachita
ouioui
our2boys
ourlove
ousmane
ousooners
oussama
outback
outback1
outbreak
outcast
outdoor
outkast
outkast1
outlaw
outlaw1
outlaws
outlawz
outlook
outrageous
outside
outsider
outsiders
outstanding
outubro
ovalle
ovation
overcome
overcomer
overdose
overdrive
overflow
overit
overkill
overload
overlord
oversoul
overtime
overton
overyou
ovidio
ovidiu
oviedo
owen01
owen10
owen11
owen12
owen123
owens
owens81
ownage
oxford
oxford1
oxigeno
oxnard
oxygen
oxymoron
oyoboy
oyster
ozzfest
ozzie
ozzie1
ozzman
ozzy12
ozzy123
ozzy13
ozzy666
ozzyozzy
p-town
p.i.m.p
p00hbear
p00kie
p00p00
p00pie
p0o9i8
p0o9i8u7
p0pc0rn
p12345
p123456
p123456789
p1mp1n
p1mpin
p3anut
p3pp3r
p455w0rd
p4ssw0rd
p4ssword
p@$$w0rd
p@$$word
p@ssw0rd
p@ssword
pa$$w0rd
pa$$word
pa55w0rd
pa55word
paarden
paardrijden
pablin
pablito
pablito1
pablo
pablo1
pablo123
pablo13
pablo2
pablos
pabloteamo
pacarku
pacers
pacey
pacha
pachanga
pacheco
pacheco1
pachis
pachita
pachito
pacho
pachon
pachuca
pachuchay
pachuco
paciencia
pacific
pacific1
pacifica
pacifico
pacino
pacita
packard
packard1
packardbell
packer
packers
packers04
packers1
packers4
pacman
pacman1
paco12
paco123
pacomemo
pacopaco
pacos
pacoteamo
pacsun
pacsun1
pacute
padaba
padang
padangat
paddie
paddington
paddle
paddy
paddy1
paddy123
padfoot
padilla
padilla1
padlock
padraig
padre
padres
padres1
padrino
padrinos
padrinosmagicos
padron
padure
pagani
pageant
pagedown
pageup
pagibig
pagina
pagong
pahang
pahlawan
pahola
paige
paige05
paige06
paige1
paige10
paige11
paige12
paige123
paige13
paige14
paige2
paige21
paige3
paige4
paige5
paige7
paige8
paigeb
paigee
paigem
paiger
paiges
paigey
paigie
paimae
painatal
painful
painislove
painkiller
paint
paint1
paintball
paintball1
paintbrush
painter
painter1
painting
paints
paipai
paisa
paisita
paisley
paisley1
paito
paixao
paizinho
pajamas
pajarillo
pajarita
pajarito
pajaro
pajero
pakalolo
paki4life
paki4lyf
paki786
pakistan
pakistan1
pakistan786
pakistani
pakita
pakito
pakpak
pakshet
pakyu
palaboy
palabra
palabras
palace
palacio
palacios
paladin
palafox
palaka
palanca
palang
palangga
palavra
palavrapasse
palawan
palembang
palencia
palermo
palestina
palestine
palestine1
paleta
paletas
paletita
palidhje
palito
palitroche
pallavi
pallmall
palma
palmares
palmas
palmbeach
palmeiras
palmer
palmer1
palmera
palmeras
palmes
palmetto
palmira
palmolive
palmtree
palmtree1
palmtrees
palmundo
palola
paloma
paloma1
palomar
palomares
palomas
palomino
palomita
palomitas
palomo
palong
palos
palpal
pam123
pamacs
pamel
pamela
pamela1
pamela10
pamela12
pamela123
pamela2
pamela23
pamelita
pamella
pamintuan
pammie
pammy
pampam
pampanga
pampers
pamplona
pampoo
pamungkas
panache
panadero
panadol
panagiotis
panaligan
panama
panama1
panarama
panasonic
panasonic1
panatha
panathinaikos
pancake
pancake1
pancakes
pancakes1
pancha
panchis
panchita
panchito
panchito1
pancho
pancho1
panda
panda01
panda07
panda08
panda1
panda10
panda11
panda12
panda123
panda13
panda14
panda15
panda16
panda17
panda18
panda2
panda21
panda22
panda23
panda3
panda4
panda5
panda6
panda7
panda8
pandaa
pandabear
pandabear1
pandai
pandak
pandalandia
pandan
pandapanda
pandas
pandas1
pandasux
pandawa
pandax
panday
pandaz
pandemonium
pandesal
pandita
panditas
pandora
pandora1
pandoras
pandorasbox
pandy
panfila
panfilo
pangan
panganiban
pangasinan
pangeran
panget
pangetako
pangetka
pangetko
pangetmo
pangetz
pangga
pangging
pangilinan
pangit
pangitako
pangitka
pangitko
pangitmo
pango
pangpang
pangpond
pangya
paniagua
panic
panic!
panic1
panic123
panicatthedisco
panico
panida
paning
panita
panjaitan
panjang
panji
panjul
pankaj
panocha
panorama
panos
panpan
panque
panson
pansy
pantaleon
pantalla
pantalon
pantalones
pantaloni
pantat
pantech
pantek
pantelimon
pantene
panteon
panter
pantera
pantera1
pantera666
panteranegra
panterarosa
panteraroz
panteras
panterita
panther
panther08
panther1
panther12
panther2
panther3
panther5
panther7
panthera
panthers
panthers!
panthers06
panthers07
panthers08
panthers09
panthers1
panthers2
panthers3
panthers5
panties
pantoja
pantro
pants
pantufa
pantufas
pantyhose
panupong
panyang
panzer
panzon
paokara
paola
paola1
paola10
paola12
paola123
paola13
paola15
paola16
paola2
paola23
paola5
paolaa
paolaandrea
paolas
paolateamo
paolin
paolina
paolis
paolita
paolito
paolo
paolos
paopao
papa
papa12
papa123
papa23
papabear
papabear1
papacito
papagaio
papagal
papagali
papajesus
papaki
papako
papaku
papalote
papamama
papang
papanoel
papapa
papapapa
paparazzi
paparoach
papart
papas
papasfritas
papasgirl
papasito
papasmurf
papasote
papateamo
papatya
papaya
papaymama
papelito
paper
paper1
paperboy
paperclip
paperclip1
paperclips
papercut
paperdoll
papermate
papers
papi12
papi123
papichulo
papichulo1
papilindo
papillon
papimami
papirico
papiringo
papirrin
papis
papita
papitas
papiteamo
papito
papito1
papitolindo
papitos
papiymami
papoila
papoose
papoose1
papote
pappas
pappy
pappy1
paprika
papucho
papuci
papusa
papusha
papushik
papusica
papusik
papusika
paquita
paquito
parabola
paracetamol
parachute
parada
parade
paradice
paradigm
paradigma
paradis
paradise
paradise1
paradiso
paradox
paragas
paragon
paraguay
paraiso
parakeet
paralegal
paralelepipedo
paralelipiped
paramedic
parami
paramita
paramore
paramore1
paramount
parangaricutirimicuaro
paranoia
paranoid
paranormal
paraque
paras
paraschiva
parasempre
parasiempre
parasite
parasito
parati
paraziti
parazitii
parazitu
parcero
pardal
pardon
pardonme
pards
pardz
parecoh
paredes
pareh
pareja
pareko
parekoh
parekoy
parent
parents
parfait
parfum
parichat
paris
paris01
paris05
paris06
paris07
paris1
paris12
paris123
paris13
paris14
paris2
paris22
paris23
paris3
paris5
paris7
parisa
parisfrance
parish
parishilton
pariss
parker
parker01
parker05
parker1
parker11
parker13
parker2
parker3
parker7
parker9
parkhead
parkhill
parking
parkinson
parkland
parkour
parkside
parkview
parkway
parkwood
parliament
parnell
parokya
parola
parolamea
parole
parque
parra
parraeels
parramatta
parris
parrish
parrot
parrot1
parsley
parsnip
parsons
partay
parties
partingtime
partizan
partner
partners
parts
party
party!
party07
party1
party101
party12
party123
party2
party247
party5
party69
partyanimal
partyboy
partygirl
partygirl1
partygurl
partyhard
partying
partylite
partyon
partys
partytime
partz
parveen
pasadena
pasado
pasang
pasaporte
pasare
pasarela
pasaribu
pasarica
pasaway
pasawayako
pascal
pascale
pascaline
pascoal
pascua
pascual
pascualina
pasha
pashnea
pasion
pasiones
pasita
pasiune
paskibra
pasodeblas
pasquale
pass
pass-word
pass1
pass11
pass12
pass123
pass1234
pass1word
pass22
pass2word
pass_word
passage
passaro
passat
passcode
passe
passed
passer
passes
passing
passion
passion1
passion2
passion3
passion7
passion8
passionate
passionfruit
passions
passions1
passit
passive
passme
passord
passowrd
passpass
passport
passport1
passs
passss
passsword
passw0rd
passward
passwd
passwerd
passwod
passwor
passwor1
password
password!
password!!
password*
password.
password0
password00
password007
password01
password02
password03
password04
password05
password06
password07
password08
password09
password1
password10
password101
password11
password12
password123
password1234
password12345
password13
password14
password15
password16
password17
password18
password19
password2
password20
password2006
password2007
password21
password22
password23
password24
password25
password26
password27
password28
password29
password3
password30
password31
password32
password321
password33
password34
password4
password42
password420
password44
password45
password5
password54
password55
password56
password6
password66
password666
password67
password69
password7
password77
password78
password8
password81
password83
password84
password85
password86
password87
password88
password89
password9
password90
password91
password92
password93
password94
password95
password96
password97
password98
password99
password:
password?
passwordd
passwordko
passwordpassword
passwords
passwords1
passwordx
passworld
passwort
passwprd
passwrd
passwrod
pasta
pasta1
pastas
pastel
pastelito
pastilla
pastor
pastor1
pastora
pastoral
pastrana
pastrulo
pastry
pasword
pasword1
pat123
patagonia
patamon
patanisca
patas
patata
patatas
patate
patatina
patch
patch1
patch123
patches
patches1
patches2
patches3
patchie
patchy
patchy1
patel
paterson
pateta
patgreen
pathetic
pathfinder
patico
patience
patience1
patient
patinaje
patines
patineta
pating
patinha
patinhas
patinho
patino
patita
patitas
patito
patito1
patitofeo
patitos
patman
patola
patolin
patoloco
patolucas
patopato
patos
patpat
patr1ck
patri
patria
patric
patrica
patrice
patrice1
patricia
patricia1
patricia2
patricio
patrick
patrick!
patrick.
patrick01
patrick05
patrick06
patrick07
patrick08
patrick1
patrick10
patrick11
patrick12
patrick123
patrick13
patrick14
patrick15
patrick16
patrick17
patrick2
patrick21
patrick22
patrick23
patrick24
patrick25
patrick3
patrick4
patrick5
patrick6
patrick69
patrick7
patrick8
patrick9
patricks
patrickstar
patrik
patring
patriot
patriot1
patriotas
patriots
patriots1
patriots12
patrisha
patrisia
patrizia
patrocle
patrol
patron
patron1
patronmejia
patronus
patrycja
patryk
patsy
patsy1
pattaya
patterson
patterson1
patti
pattie
patton
patty
patty1
patty12
patty123
patty21
pattycake
patyta
patyteamo
patyto
paucar
paul
paul01
paul06
paul07
paul08
paul1
paul10
paul11
paul12
paul123
paul1234
paul13
paul14
paul143
paul15
paul16
paul17
paul18
paul19
paul21
paul22
paul23
paul24
paul25
paul69
paula
paula1
paula10
paula12
paula123
paulaa
paulaandrea
paulas
paulatina
paule
pauleen
paulene
pauleta
paulette
paulfrank
pauli
paulica
paulie
paulie1
paulik
paulin
paulina
paulina1
pauline
pauline1
paulinha
paulinho
paulinita
paulino
paulis
paulita
paulito
pauljohn
pauljr
paulo
paulos
paulpaul
paulteamo
paulus
paulvandyk
paulwalker
paulwall
paulwall1
pauly
paulyn
paupau
pausini
pavel
pavilion
pavilion1
pavito
pavlova
paweena
pawis
pawpaw
pawpaw1
pawprint
paxton
paxton1
payasa
payasito
payaso
payat
payatot
payback
paycheck
payday
payless
payne
payne1
payola
paypay
payton
payton01
payton1
payton12
payton3
payton34
pazawai
pazaway
pazeamor
pazyamor
pazybien
pazzaway
pazzword
pbandj
pdiddy
peabody
peace
peace!
peace&love
peace.
peace07
peace1
peace101
peace11
peace12
peace123
peace13
peace14
peace2
peace21
peace22
peace23
peace2u
peace3
peace4
peace5
peace7
peaceandlove
peacee
peaceful
peaceful1
peacelove
peacemaker
peaceman
peaceout
peaceout1
peaceout2
peaces
peach
peach1
peach123
peaches
peaches!
peaches01
peaches06
peaches07
peaches08
peaches09
peaches1
peaches11
peaches12
peaches123
peaches13
peaches14
peaches15
peaches16
peaches2
peaches21
peaches22
peaches23
peaches3
peaches4
peaches5
peaches6
peaches69
peaches7
peaches8
peaches88
peachesandcream
peachesncream
peachess
peachez
peachez1
peachgirl
peachie
peachs
peachtree
peachy
peachy1
peacock
peacock1
peanut
peanut!
peanut01
peanut02
peanut03
peanut04
peanut05
peanut06
peanut07
peanut08
peanut09
peanut1
peanut10
peanut101
peanut11
peanut12
peanut123
peanut13
peanut14
peanut15
peanut16
peanut17
peanut18
peanut2
peanut21
peanut22
peanut23
peanut24
peanut3
peanut33
peanut4
peanut5
peanut6
peanut69
peanut7
peanut77
peanut8
peanut88
peanut9
peanutbutter
peanuts
peanuts1
peapod
pearce
pearl
pearl1
pearl123
pearlharbor
pearlie
pearljam
pearljam1
pearls
pearly
pearse
pearson
peartree
peavey
pebbels
pebble
pebbles
pebbles1
pebbles12
pebbles123
pebbles13
pebbles2
pebbles3
pebbles7
pebels
pecado
pecas
pecesito
pechan
pechocha
pechocho
pecker
peckham
pecosa
pecosita
pecoso
pedagogia
pedersen
pedigree
pedito
pedorra
pedorro
pedos
pedraza
pedrinho
pedrito
pedro
pedro1
pedro11
pedro12
pedro123
pedro13
pedro2
pedrocas
pedroluis
pedrom
pedromiguel
pedros
pedrosa
pedroso
pedroteamo
pedroza
pee-wee
peebles
peejay
peekaboo
peekaboo1
peepee
peepee1
peeper
peepers
peeps
peewee
peewee01
peewee1
peewee12
peewee123
peewee13
peewee2
peewee3
pegaso
pegasus
pegasus1
peggie
peggy
peggy1
peggysue
pegleg
peipei
peixe
peixes
peixinho
peixoto
pekalongan
pekanbaru
pekena
pekenina
pekes
pekeña
pekida
pekida30
pekitas
pekkle
peklat
pekpek
pelacur
pelada
pelado
pelaez
pelangi
pelayo
pele10
pelican
pelicano
pelicula
peligro
peligrosa
peligroso
pelikan
peliroja
pelito
pelitos
pelon
pelon1
pelon13
pelon1982
pelona
peloncito
pelos
pelota
pelotas
pelotero
pelotita
peluca
pelucas
pelucha
peluche
peluche1
peluches
peluchin
peluchina
peluchita
peluchito
peluda
peludito
peludo
pelumi
pelusa
pelusa1
pelusita
peluso
peluza
pemalang
pembroke
pempem
penang
pencil
pencil1
pencil2
pencilcase
pencils
pendeja
pendejo
pendejo1
pendejos
pendek
pender
pendragon
pendulum
penelope
penelope1
penes
penfold
pengpeng
penguin
penguin1
penguin11
penguin123
penguin2
penguin3
penguin5
penguin6
penguin7
penguins
penguins!
penguins1
peniche
peniel
penina
penis
penis!
penis1
penis123
penis2
penis5
penis69
peniss
penney
pennie
pennie1
pennies
pennington
pennstate
pennstate1
penny
penny01
penny1
penny12
penny123
penny2
penny3
penny5
penny7
pennydog
pennylane
pennypoo
pennys
pennywise
penpal
penpen
penrith
pensacola
pensamiento
pensandoenti
penshoppe
pentagon
pentagram
pentecostal
penthouse
pentium
pentium4
people
people!
people1
people11
people12
people123
people2
people3
people4
people5
people=shit
peoples
peoples1
peoplesuck
peoria
pepay
pepe1
pepe12
pepe123
pepelepu
pepelucho
pepepe
pepepecas
pepepepe
peperoni
pepes
pepeteamo
pepette
pepina
pepino
pepita
pepito
pepito1
peppa
peppapig
pepper
pepper!
pepper01
pepper05
pepper06
pepper07
pepper08
pepper1
pepper10
pepper101
pepper11
pepper12
pepper123
pepper13
pepper16
pepper2
pepper21
pepper22
pepper23
pepper24
pepper3
pepper4
pepper5
pepper6
pepper69
pepper7
pepper8
pepper88
pepper9
pepper99
pepperann
pepperdog
peppermint
pepperoni
pepperpot
peppers
peppers1
peppie
peppy
peppy1
pepsi
pepsi01
pepsi1
pepsi10
pepsi101
pepsi11
pepsi12
pepsi123
pepsi13
pepsi2
pepsi22
pepsi3
pepsi4
pepsi5
pepsi69
pepsi7
pepsi9
pepsicola
pepsicola1
pepsie
pepsii
pepsimax
pepsione
pepsis
peque
pequena
pequenina
peques
pequeña
pequis
pequitas
perales
peralta
perawan
percival
percussion
percy
percy1
perdana
perdea
perdida
perdido
perdomo
perdon
perdoname
peregrina
peregrino
pereira
perempuan
pereyra
perez
perez1
pereza
perfeccion
perfect
perfect1
perfect10
perfect2
perfect7
perfecta
perfectgirl
perfection
perfecto
perfil
performance
perfume
perica
pericles
perico
pericos
peridot
period
periodismo
periquita
periquito
perita
perito
periwinkle
perjaka
perkins
perkins1
perla
perla1
perlanegra
perlas
perlis
perlita
permana
permanent
permata
permen
pernell
pernille
perola
perpetua
perpetual
perra
perras
perreo
perrin
perris
perrita
perrito
perritos
perro
perro1
perroloco
perron
perros
perrosdelmal
perry
perry1
persephone
pershing
persia
persian
persib
persija
person
person1
persona
personal
personal1
personality
peruana
peruanita
peruano
perucho
peruvian
perversa
perverso
pervert
pesadilla
pesado
pescadito
pescado
pescador
pestana
peste
pestinha
pestisor
petal
petals
petardas
pete
pete12
pete123
peter
peter1
peter11
peter12
peter123
peter13
peter14
peter2
peter21
peter22
peter5
peter69
peterandre
peterb
peterbilt
peterc
peterete
peterg
peterhead
peterj
peterjohn
peterkay
peterpan
peterpan1
peterpan2
peterparker
peterpaul
peters
petersen
peterson
peterson1
petete
petewentz
petewentz1
petey
petey1
petike
petit
petita
petite
petlover
petpet
petra
petra1
petrica
petrie
petrina
petrisor
petrol
petron
petronas
petronela
petronila
petros
petrov
petrov19
petrucci
petrus
petruta
pets123
petshop
petter
petty
petunia
petunia1
peugeot
peugeot206
pexoxa
peyote
peyton
peyton01
peyton07
peyton1
peyton18
peyton7
pferde
phanget
phanie
phantom
phantom1
phantoms
pharaoh
pharell
pharma
pharmacist
pharmacy
pharmacy1
pharoah
pharrell
phatass
phatbaby
phatboy
phatcat
phatfarm
phatgirl
phatgurl
phatkat
phatphat
phatty
phatty1
phazaway
pheasant
phelan
phelps
pheng
phenix
phenom
phenomenon
pheobe
pheobe1
pheonix
pheonix1
phil
phil413
philadelphia
philbert
philip
philip1
philipp
philippa
philippe
philippine
philippines
philips
philips1
phill
phillies
phillies1
phillip
phillip1
phillip2
phillipa
phillips
phillips1
philly
philly1
philly215
philomena
philos
philosophy
phobia
phoebe
phoebe1
phoebe123
phoenix
phoenix1
phoenix13
phoenix5
phoenix602
phoenix7
phone
phone1
phone123
phonebook
phones
phones4u
phonics
photo
photo1
photobucket
photofx
photograph
photographer
photography
photos
photos1
photoshop
photosmart
photosynthesis
phuket
phunky
phuong
phx602
phylicia
phyllis
phyllis1
physco
physical
physics
piamonte
pianist
pianista
piano
piano1
pianogirl
pianoman
pianos
piapia
piatos
piazza
piazza31
picachu
picaflor
picante
picapiedra
picara
picard
picaso
picasso
picasso1
piccola
piccolina
piccolo
piccolo1
pichardo
pichi
pichie
pichirila
pichirilo
pichis
pichito
pichon
pichona
pichu
pichula
picike
pickachu
pickel
pickels
pickens
pickering
pickett
pickle
pickle!
pickle1
pickle12
pickle123
pickle2
pickle3
pickle4
pickle5
pickle7
picklejuice
pickles
pickles!
pickles1
pickles123
pickles2
pickles3
pickles7
pickup
picnic
picolina
picolo
picoro
picosa
picosita
picpic
pics
pics1
pics4me
picture
picture1
pictureperfect
pictures
pictures1
piczo
piddle
pie123
pieces
piedad
piedade
piedmont
piedra
pieface
pieisgood
pieman
piensoenti
piepie
pierce
pierce1
pierce34
piercing
pierina
pierito
piero
pierre
pierre1
pierrot
pierson
pieter
pietje
pietro
pig123
pigdog
pigeon
pigface
piggie
piggie1
piggies
piggin
piggles
pigglet
piggy
piggy1
piggy11
piggy12
piggy123
piggy13
piggy2
piggy7
piggybank
piggys
piggywiggy
piglet
piglet01
piglet06
piglet07
piglet1
piglet12
piglet123
piglet13
piglet14
piglet2
piglet23
piglet4
piglet5
piglet6
piglet7
piglets
piglett
pigpen
pigpig
pigscanfly
pigsfly
pigsrule
pigtails
pijama
pikachu
pikachu1
pikachu2
pikapika
pikena
pikica
pikot
pilapil
pilar
pilarcita
pilarica
pilates
pilchard
pilgrim
pilin
pilinha
pilinhas
pilipina
pilipinas
pilipino
pilita
pillango
pillar
pillin
pillina
pillow
pillow1
pillow2
pillowcase
pillows
pilot
pilot1
piloto
pilots
pilsen
pilsener
pilya
pimboli
pimenta
pimentel
pimienta
pimp
pimp#1
pimp01
pimp05
pimp06
pimp07
pimp08
pimp09
pimp1
pimp10
pimp101
pimp11
pimp12
pimp123
pimp1234
pimp13
pimp14
pimp15
pimp16
pimp17
pimp18
pimp19
pimp21
pimp22
pimp23
pimp24
pimp32
pimp33
pimp420
pimp44
pimp4life
pimp69
pimp77
pimp89
pimp90
pimp92
pimp93
pimp99
pimpboy
pimpcess
pimpdaddy
pimpdaddy1
pimpdog
pimped
pimpen
pimpen1
pimper
pimper1
pimpet
pimpette
pimpette1
pimpim
pimpin
pimpin!
pimpin.
pimpin01
pimpin06
pimpin07
pimpin08
pimpin09
pimpin1
pimpin101
pimpin11
pimpin12
pimpin123
pimpin13
pimpin14
pimpin15
pimpin2
pimpin23
pimpin3
pimpin4
pimpin5
pimpin69
pimpin7
pimpin8
pimpin9
pimping
pimping1
pimpjuice
pimpjuice1
pimple
pimples
pimpman
pimpmaster
pimpme
pimpmyride
pimpolha
pimpolho
pimpollo
pimpology
pimpon
pimppimp
pimps
pimps1
pimpshit
pimpsta
pimpster
pimptress
pinacolada
pinang
pinapple
pinay
pinayako
pinball
pincesa
pinche
pindakaas
pinder
pineapple
pineapple1
pineapple2
pineapple7
pineapple8
pineapples
pinecone
pineda
pinedo
pinetree
pinewood
pinga
pingas
pingky
pingo
pingol
pingon
pingping
pingpong
pingpong1
pingu
pingui
pinguim
pinguin
pinguina
pinguino
pinhead
pinheiro
pinina
pink
pink!
pink!!
pink00
pink007
pink01
pink02
pink03
pink04
pink05
pink06
pink07
pink08
pink09
pink1
pink10
pink100
pink101
pink11
pink111
pink12
pink123
pink1234
pink12345
pink13
pink14
pink143
pink15
pink16
pink17
pink18
pink19
pink1986
pink1987
pink1990
pink1992
pink1993
pink1994
pink1995
pink1996
pink2
pink20
pink2005
pink2006
pink2007
pink2008
pink21
pink22
pink23
pink24
pink25
pink26
pink27
pink28
pink29
pink31
pink32
pink321
pink33
pink333
pink34
pink44
pink45
pink456
pink4eva
pink4ever
pink4life
pink4me
pink5
pink55
pink56
pink66
pink69
pink77
pink777
pink82
pink83
pink84
pink85
pink86
pink87
pink88
pink89
pink90
pink91
pink92
pink93
pink94
pink95
pink96
pink97
pink98
pink99
pinkaholic
pinkalicious
pinkandblack
pinkandblue
pinkandgreen
pinkandpurple
pinkangel
pinkbabe
pinkbaby
pinkbear
pinkbitch
pinkblack
pinkblue
pinkblush
pinkbubbles
pinkbunny
pinkbutterfly
pinkcandy
pinkcar
pinkcat
pinkchick
pinkcow
pinkdiamond
pinkdog
pinkee
pinkelephant
pinker
pinkers
pinkerton
pinkey
pinkey1
pinkeye
pinkfairy
pinkfish
pinkflower
pinkflowers
pinkfloyd
pinkfloyd1
pinkfluff
pinkfreak
pinkfrog
pinkgal
pinkgirl
pinkgirl1
pinkgreen
pinkgurl
pinkheart
pinkhearts
pinkhippo
pinki
pinkice
pinkie
pinkie1
pinkie123
pinkie2
pinkie3
pinkies
pinkii
pinkink
pinkipod
pinkis
pinkiscool
pinkish
pinkista
pinkk
pinkkitty
pinkky
pinkladies
pinklady
pinklady1
pinkle
pinklips
pinklove
pinklove1
pinklover
pinklover1
pinkly
pinkme
pinkmonkey
pinkness
pinkpanda
pinkpanter
pinkpanther
pinkpearl
pinkphone
pinkpig
pinkpiggy
pinkpigs
pinkpimp
pinkpink
pinkpink1
pinkpinkpink
pinkplayboy
pinkpony
pinkpoodle
pinkpower
pinkprincess
pinkpunk
pinkpurple
pinkpussy
pinkred
pinkrock
pinkrocks
pinkroom
pinkrose
pinkroses
pinkrox
pinkrules
pinks
pinkshoes
pinkslip
pinksocks
pinksoda
pinkstar
pinkstars
pinkster
pinksugar
pinktink
pinkworld
pinky
pinky!
pinky01
pinky04
pinky05
pinky06
pinky07
pinky08
pinky09
pinky1
pinky10
pinky101
pinky11
pinky12
pinky123
pinky13
pinky14
pinky15
pinky16
pinky17
pinky18
pinky19
pinky2
pinky21
pinky22
pinky23
pinky24
pinky25
pinky3
pinky4
pinky5
pinky6
pinky69
pinky7
pinky8
pinky88
pinky89
pinky9
pinkyblue
pinkygirl
pinkygurl
pinkypie
pinkypink
pinkypinky
pinkypoo
pinkys
pinkywinky
pinkyy
pinkyz
pinkz
pinnacle
pinocchio
pinochio
pinocho
pinokio
pinoy
pinoy1
pinoyako
pinpin
pinpon
pinsan
pintar
pintas
pinter
pinto
pintor
pintos
pintura
piojita
piojito
piojo
piojos
piolha
piolho
piolin
piolin1
piolina
piolo
pioneer
pioneer1
pioneers
pioner
piopio
pipas
pipay
pipeline
piper
piper1
piper123
piper3
pipers
pipes
pipeteamo
pipin
pipinghot
pipinha
pipiolo
pipipi
pipis
pipit
pipita
pipito
pipkin
piplup
pipoca
pipocas
pipoka
pipokinha
pipopipo
pipoy
pippa
pippa1
pippa123
pippen
pippen33
pipper
pippi
pippie
pippin
pippin1
pippip
pippo
pippy
pippy1
pipsqueak
piramida
piramide
piranha
pirata
piratas
piratasdelcaribe
pirate
pirate1
pirate13
pirates
pirates1
pirates2
pirates3
pirena
pires
pirikita
pirilampo
pirinola
piruja
pirula
pirulin
pirulito
pirulo
pisang
pisces
pisces1
piscis
pisica
pisici
pisicuta
pisicutza
pisis
pisoi
pisoias
pispis
pissant
pissed
pissedoff
pisshead
pissoff
pissoff1
pistache
pistachio
pistol
pistol1
pistola
pistols
piston
pistons
pistons1
pistons32
pitagoras
pitbike
pitbul
pitbull
pitbull1
pitbull12
pitbull2
pitbull3
pitbull7
pitbulls
pitcher
pitcher1
pitchie
piter
pitica
piticot
piticu
pitinha
pitirijas
pitman
pitote
pitpit
pittbull
pitter
pittman
pittsburg
pittsburgh
pituca
pitucha
pitufa
pitufina
pitufo
pituka
pituxa
piupiu
pixie
pixie1
pixie123
pixie2
pixie7
pixiedust
pixiedust1
pixies
piyopiyo
pizarro
pizda
pizza
pizza1
pizza10
pizza101
pizza11
pizza12
pizza123
pizza13
pizza2
pizza3
pizza4
pizza5
pizza7
pizza9
pizzaa
pizzaboy
pizzahut
pizzahut1
pizzaman
pizzapie
pizzapizza
pizzas
pizzas1
pjuske
pl,okm
placebo
placebo1
placer
places
placido
plague
planb1
planes
planet
planet1
planeta
planets
plankton
planner
planning
planta
planters
plantpot
plants
plapla
plasma
plaster
plastic
plastic1
plastics
plastik
plata
platanito
platano
platano1
plates
platina
platino
platinum
platinum1
platon
platonico
platoon
platypus
plavusa
play boy
play12
play123
play69
playa
playa1
playa101
playa12
playa123
playa13
playa2
playa21
playa23
playa4life
playa5
playa69
playah
playaplaya
playas
playaz
playb0y
playback
playball
playboi
playboi1
playboii
playboy
playboy!
playboy.
playboy01
playboy06
playboy07
playboy08
playboy09
playboy1
playboy10
playboy101
playboy11
playboy12
playboy123
playboy1234
playboy12345
playboy13
playboy14
playboy15
playboy16
playboy17
playboy18
playboy19
playboy1993
playboy1994
playboy1995
playboy2
playboy20
playboy2007
playboy21
playboy22
playboy23
playboy24
playboy2k7
playboy3
playboy4
playboy4eva
playboy5
playboy6
playboy69
playboy7
playboy8
playboy89
playboy9
playboy91
playboy92
playboy93
playboy94
playboy95
playboybabe
playboybunny
playboygirl
playboyprincess
playboys
playboyx
playboyxx
playboyz
playbunny
playdoh
player
player01
player07
player1
player10
player101
player11
player12
player123
player13
player14
player15
player16
player2
player21
player22
player23
player3
player4
player4life
player5
player6
player69
player7
playerette
playerhater
players
players1
playerz
playette
playful
playgal
playgirl
playgirl1
playgirl123
playgirl69
playground
playgurl
playgurl1
playhard
playhouse
playing
playm8
playmaker
playmate
playmate1
playmate69
playme
playplay
playstation
playstation2
playstation3
playtime
plaza
pleasant
please
please1
please12
please123
please2
pleasure
pleasure1
pleasures
pledge
pleomax
pleple
plies
plies1
plmokn
plmplm
ploiesti
plokij
plonker
ploplo
plopplop
ploppy
ployploy
plucky
pluisje
plumber
plumeria
plummer
plunkett
plus44
plusone
pluto
pluto1
pluton
plutos
plymouth
plymouth1
pmiller
po#34tato
poblete
pocahontas
pochacco
pochaco
pochi
pochie
pochis
pochita
pochito
pocho
pochola
pocholo
pocket
pocket1
pocketbook
pockets
pocong
pocoyo
poderosa
poderoso
podolski
poekie
poepen
poepie
poepoe
poesia
poesje
poesjes
poeta
poetic
poetra
poetri
poetry
poetry1
pogi123
pogiako
pogiako123
pogiaq
pogiboy
pogiko
pogiku
pogime
poging
pogipogi
pogita
pogito
pogpog
poi098
poiana
poilkj
point
pointbreak
pointe
pointer
pointguard
points
pointy
poipoi
poison
poison1
poisonivy
poisonous
poisson
poiuy
poiuyt
poiuyt1
poiuytr
poiuytre
poiuytrewq
pokadot
pokadots
pokemon
pokemon1
pokemon10
pokemon11
pokemon12
pokemon123
pokemon13
pokemon2
pokemon22
pokemon3
pokemon4
pokemon5
pokemon7
pokemon9
pokemoncrater
pokemonmaster
pokemons
poker
poker1
pokerface
pokers
pokesmot
pokey
pokey1
pokhara
pokie
poklat
poklay
poknat
pokora
pokoyo
pokpok
pokwang
polaco
polanco
poland
poland1
polar
polar1
polarbear
polarbear1
polarbears
polaris
polaris1
polaroid
poleng
polet
polevault
polgara
polgas
policarpio
police
police1
police123
police2
police999
policeman
policia
policy
polilla
polina
polini
polipoli
polis
polish
polish1
polisi
polita
polite
politecnico
politehnica
politeknik
politia
politica
politics
politie
politik
politm
polito
polka
polkadot
polkadot1
polkadots
polkadots1
polkaudio
polkaudio1
polkmn
polla
pollard
pollen
polli
pollie
pollin
pollis
pollita
pollitas
pollito
pollito1
pollitos
pollo
pollo1
pollo123
pollock
polloloco
pollos
pollux
polly
polly1
polly123
pollyanna
pollypocket
pollys
polo
polo11
polo12
polo123
polo13
polobear
polola
pololo
poloman
polomint
polonia
polopo
polopolo
polos
polosport
polpol
polsci
polska
polska1
pomelo
pomeranian
pommes
pomona
pompam
pompano
pompey
pompier
pompis
pompom
pompom1
pompoms
pompon
ponce
ponce1
ponchis
ponchito
poncho
poncho1
ponder
ponderosa
pongo
pongo1
pongpang
pongpong
ponies
ponies1
ponkan
ponorogo
ponpon
pontiac
pontiac1
pontianak
pony123
ponyang
ponyboy
ponygirl
ponymad
ponytail
poo
poo123
poobear
poobear1
poobum
pooch
pooch1
poochi
poochie
poochie1
poochie2
poochy
pooder
poodie
poodle
poodle1
poodles
pooface
pooface1
poogie
pooh
pooh bear
pooh01
pooh02
pooh03
pooh04
pooh05
pooh06
pooh07
pooh08
pooh09
pooh1
pooh10
pooh101
pooh11
pooh12
pooh123
pooh1234
pooh13
pooh14
pooh15
pooh16
pooh17
pooh18
pooh19
pooh20
pooh2006
pooh21
pooh22
pooh23
pooh24
pooh25
pooh28
pooh29
pooh69
pooh77
pooh88
pooh89
pooh90
pooh91
pooh92
pooh93
pooh_bear
poohbaby
poohbaby1
poohbear
poohbear!
poohbear01
poohbear06
poohbear07
poohbear08
poohbear09
poohbear1
poohbear10
poohbear11
poohbear12
poohbear123
poohbear13
poohbear14
poohbear15
poohbear16
poohbear17
poohbear18
poohbear2
poohbear21
poohbear22
poohbear23
poohbear24
poohbear3
poohbear4
poohbear5
poohbear6
poohbear7
poohbear8
poohbear89
poohbear9
poohbutt
poohead
poohead1
poohgirl
poohie
poohlove
poohlover
poohman
poohpooh
poohpooh1
pooja
pooka
pooka1
pooker
pookey
pookey1
pookie
pookie!
pookie01
pookie05
pookie06
pookie07
pookie1
pookie10
pookie11
pookie12
pookie123
pookie13
pookie14
pookie15
pookie16
pookie17
pookie2
pookie21
pookie22
pookie23
pookie24
pookie3
pookie4
pookie5
pookie6
pookie69
pookie7
pookie8
pookiebear
pookies
pooklook
pookster
pooky
pooky1
pookybear
pool123
poolpool
poolshark
pooltable
pooman
poonam
poontang
poooo
pooooo
poooooo
poooop
pooop
poop
poop00
poop09
poop1
poop101
poop11
poop12
poop123
poop1234
poop13
poop21
poop22
poop23
poop69
poop90
poop99
poopbutt
pooped
poopee
pooper
pooper1
poopers
poopers1
pooperscooper
poopey
poopface
poopface1
poophead
poophead1
poopie
poopie!
poopie1
poopie2
poopies
pooping
poopoo
poopoo1
poopoo12
poopoo123
poopoo2
poopoohead
poopoopoo
pooppoop
pooppy
poops
poopshoot
poopsie
poopstain
poopsy
poopy
poopy1
poopy123
poopy2
poopybutt
poopyhead
poopypants
poopys
pootang
pooter
pooter1
pootie
pootie1
pop123
popadom
popcicle
popcola
popcorn
popcorn!
popcorn1
popcorn12
popcorn123
popcorn2
popcorn22
popcorn3
popcorn4
popcorn5
popcorn7
popescu
popeye
popeye1
popeyes
popgirl
popidol
popimp
poping
popis
popito
popkorn
poplar
poplol
popmusic
popo
popo12
popo123
popocatepetl
popocha
popochas
popoff
popola
popolo
popong
popop
popopipi
popopo
popopo1
popopopo
poporing
popos
popota
popote
popotito
popotitos
popovici
popoy
popoys
poppa
poppa1
popper
poppers
poppet
poppetje
poppie
poppie1
poppies
poppin
poppin1
popping
poppins
poppit
popple
popples
poppop
poppop1
poppoppop
popprincess
poppy
poppy01
poppy1
poppy11
poppy12
poppy123
poppy1234
poppy13
poppy2
poppy7
poppycat
poppycock
poppydog
poppylove
poppys
poppyseed
poprock
poprocks
popsicle
popsicle1
popsie
popstar
popstar1
popstars
popster
poptart
poptart1
poptart2
poptarts
poptarts1
popular
popular1
populares
popwar
por100pre
poramor
porcelana
porcha
porche
porche911
porcupine
porfavor
porfirio
poring
porirua
porkchop
porkchop1
porkchops
porker
porkey
porkie
porkpie
porky
porky1
porkypig
porn69
porno
pornografia
pornos
pornostar
pornstar
pornstar1
pornstar69
porpor
porque
porqueria
porras
porridge
porrista
porscha
porsche
porsche1
porsche911
porsha
porshe
porshia
porsiempre
porsiempretu
porta
portable
portadown
portage
portal
portatil
portela
porter
porter1
portero
porti
portia
portillo
portimao
portishead
portista
portland
portland1
portman
portmore
portnoy
porto
portocala
portocale
portocaliu
portos
portpower
portroyal
portsmouth
portuamor
portugal
portugal1
portugal17
portugalia
portugues
portuguesa
portvale
porumbel
posada
posadas
poseidon
poser
posers
positiva
positive
positive1
positivo
possible
possom
possum
possum1
post-harvest
post-harvest123
post-harvest2024
post-harvest2025
post-harvest2026
post-harvest888
postal
postcard
poster
postharvest
postharvest123
postharvest2024
postharvest2025
postharvest2026
postharvest888
postiga
postit
postman
postmanpat
postoffice
pot420
potaka
potangina
potato
potato1
potatoe
potatoes
potatos
potchi
potchie
pothead
pothead1
pothead420
potion
potito
potnoodle
potpot
potrillo
potros
potsmoker
potter
potter1
potter12
potter13
potter2
potter5
potter7
potters
pottery
pouchon
poulet
poulette
pounce
pouncer
pounds
poupee
poupette
poupou
poupoune
pourquoi
poussin
powder
powder1
powderpuff
powell
powell1
power
power1
power12
power123
power13
power2
power3
power5
power7
powerade
powerball
powerful
powerful1
powerfull
powergirl
powerhouse
powerman
powermax
powerof3
poweroflove
powerpoint
powerpuff
powerpuff1
powerpuffgirl
powerpuffgirls
powerr
powerranger
powerrangers
powers
powers1
powerup
powpow
powwow
poyito
poynter
poypoy
pozole
ppassword
ppppp
pppppp
ppppppp
pppppppp
ppppppppp
pppppppppp
pprincess
pr1nc3ss
pr1ncess
pr3tty
pr4life
prada
prada1
pradeep
prado
praia
praise
praise1
praisegod
praisehim
praises
praisethelord
prakash
pramuka
prancer
prancer1
praning
prankster
prasad
prasanna
prasetya
prasetyo
prashant
pratama
pratik
pratima
pratiwi
praveen
pravin
pray4me
prayer
prayer1
prayers
preacher
preciosa
preciosa1
precioso
preciosura
precious
precious!
precious01
precious07
precious1
precious10
precious11
precious12
precious13
precious2
precious21
precious3
precious5
precious7
precious8
preciouz
precise
precy
predator
predator1
predators
preeti
preety
preetygirl
prefect
pregnant
preity
prelude
prelude1
premier
premier1
premiership
premio
premium
prentice
preparatoria
preppy
preppy1
prepre
presario
presario1
preschool
prescilla
prescious
prescott
present
president
president1
presidente
presiosa
presley
presley1
pressure
prestige
prestigio
presto
preston
preston1
preston2
preston3
preta
pretear
pretend
pretender
pretinha
preto
pretti
prettie
pretty
pretty!
pretty01
pretty06
pretty07
pretty08
pretty09
pretty1
pretty10
pretty101
pretty11
pretty12
pretty123
pretty13
pretty14
pretty15
pretty16
pretty17
pretty18
pretty2
pretty20
pretty21
pretty22
pretty23
pretty24
pretty3
pretty4
pretty5
pretty6
pretty69
pretty7
pretty8
pretty9
prettyako
prettyangel
prettybabe
prettybaby
prettybird
prettyboi
prettyboy
prettyboy1
prettycure
prettycute
prettyeyes
prettyface
prettyful
prettygal
prettygirl
prettygirl1
prettygirls
prettygurl
prettyinpink
prettykitty
prettyko
prettylady
prettyme
prettynpink
prettyone
prettypink
prettyprincess
prettypussy
prettyricky
prettys
prettywoman
prettywow
prety
pretzel
pribadi
price
priceless
pricess
pricey
pricila
pricilla
pride
pride1
priest
prieta
prieten
prietene
prieteni
prietenie
prieto
prigat
prima
primark
primary
primas
primavara
primavera
prime
prime1
primera
primeramor
primero
primetime
primis
primita
primo
primos
primrose
primus
princ3ss
princces
prince
prince$$
prince01
prince06
prince07
prince08
prince1
prince10
prince11
prince12
prince123
prince13
prince2
prince21
prince22
prince23
prince3
prince5
prince55
prince7
princecharming
princegian
princes
princes1
princesa
princesa1
princesa12
princesa123
princesa13
princesa15
princesa16
princesa17
princesa18
princesa2
princesa21
princesa7
princesahermosa
princesalinda
princesas
princesinha
princesita
princess
princess!
princess#1
princess*
princess.
princess0
princess00
princess01
princess02
princess03
princess04
princess05
princess06
princess07
princess08
princess09
princess1
princess10
princess100
princess101
princess11
princess12
princess123
princess1234
princess13
princess14
princess143
princess15
princess16
princess17
princess18
princess19
princess1994
princess1995
princess2
princess20
princess2006
princess2007
princess21
princess22
princess23
princess24
princess25
princess26
princess27
princess28
princess29
princess3
princess30
princess31
princess32
princess33
princess34
princess4
princess44
princess45
princess4ever
princess4life
princess5
princess55
princess6
princess69
princess7
princess77
princess78
princess8
princess81
princess82
princess83
princess84
princess85
princess86
princess87
princess88
princess89
princess9
princess90
princess91
princess92
princess93
princess94
princess95
princess96
princess97
princess98
princess99
princessa
princessa1
princessangel
princessd
princesse
princesses
princessgirl
princesshours
princessita
princessj
princessk
princessme
princessmia
princesspink
princesss
princesz
princeton
princey
princez
princeza
princezita
princezz
princezz1
principal
principe
principeazul
principesa
principessa
principito
princo
princy
priness
pringle
pringles
pringles1
prins
prinsecita
prinses
prinsesa
prinsesita
prinsess
prinsipe
prinsses
printer
printer1
printesa
printing
prinze
prinzeza
prinzezita
priory
prisca
prisci
priscila
priscilla
priscilla1
priscy
prishtina
prisila
prisma
prison
prisonbreak
prisoner
prissy
prissy1
pritchard
pritty
privacidad
privacy
privacy1
privado
privat
private
private1
priya
priyanka
problem
problems
proctor
prodigy
prodigy1
producer
production
profesional
profesor
profesora
professional
professionaltools
professor
professora
profeta
profile
profile1
profit
program
programmer
progreso
progress
progressive
prohibido
project
project1
prolink
prom06
prom2006
prom2007
prom2008
prometheus
promiscuous
promise
promise1
promise2
promises
promo
promo2005
promo2006
promo2007
promo2008
promocion
prongs
pronto
propaganda
propel
property
prophecy
prophet
prophet1
prospect
prosper
prosperidad
prosperity
prospero
prostituta
prostreet
protect
protected
protection
protector
protege
protoman
proton
protools
protoss
prototype
proverbs
proverbs31
providence
provider
proview
proview1
prowler
proyecto
prozac
prudence
pryncess
psalm
psalm139
psalm23
psalm374
psalm91
psalms
psalms23
psalms91
psicologa
psicologia
psihologie
psikologi
psp123
psppsp
pssword
psyche
psychedelic
psychic
psycho
psycho1
psychology
psychotic
psyduck
psytrance
ptown1
public
publicidad
publix
pucca
pucca1
pucca123
puccalove
puccas
puccaygaru
puchi
puchie
puchini
puchis
puchita
puchito
pucho
puchunga
puchungo
pucker
puckett
pudden
puddin
puddin1
pudding
pudding1
puddle
puddleduck
puddles
puddles1
pudge
pudge1
pudgey
pudgie
puding
pudrete
pudsey
puebla
pueblo
puente
puerco
puerquito
puerta
puerto
puerto1
puertorican
puertorico
puffball
puffdaddy
puffer
puffin
puffpuff
puffy
puffy1
pufulet
pufulete
pufuletz
pug106
pug206
pug306
pugdog
puggie
puggy
puggy1
puglover
pugsley
pugsley1
pugsly
puimic
puipui
puisor
puiumeu
puiut
puiutu
puiutz
puiutzu
pujangga
pujols
pujols5
pukemo
pukimak
pukita
pukkie
pulamea
pulga
pulgarcito
pulgas
pulgita
pulgoso
pulguis
pulguita
pulica
pulido
pulpfiction
pulsar
pulsera
puma12
puma123
pumas
pumas1
pumas10
pumas12
pumascampeon
pumasgol
pumasrebel
pumass
pumasunam
pumba
pumba1
pumbaa
pumita
pumitas
pumkin
pumkin1
pumper
pumpit
pumpitup
pumpkin
pumpkin!
pumpkin1
pumpkin12
pumpkin123
pumpkin13
pumpkin2
pumpkin22
pumpkin3
pumpkin5
pumpkin7
pumpkinhead
pumpkinpie
pumpkins
pumpui
pumpum
punani
punch
punchbug
punchy
pungay
punisher
punisher1
punishment
punjab
punjabi
punk
punk10
punk101
punk11
punk12
punk123
punk13
punk14
punk15
punk16
punk182
punk21
punk22
punk4ever
punk4life
punk666
punk69
punk77
punkass
punkass1
punkbitch
punkboy
punkchick
punked
punkemo
punker
punker1
punkera
punkero
punkers
punketa
punketita
punketo
punkey
punkgirl
punkgurl
punkie
punkie1
punkin
punkin1
punkin2
punkis
punkish
punkista
punkistah
punkizta
punkiztah
punklove
punkme
punknotdead
punkprincess
punkpunk
punkrawk
punkrock
punkrock1
punkrock101
punkrocker
punkrocks
punks
punksnotdead
punkss
punkstar
punkster
punky
punky1
punkyfish
punkygirl
punkys
punkz
punpun
punto
puntos
punyaku
punyeta
punzalan
pupici
pupies
pupito
puppers
puppet
puppet1
puppie
puppies
puppies1
puppies11
puppies12
puppies123
puppies2
puppies3
puppies4
puppup
puppy
puppy!
puppy01
puppy1
puppy10
puppy101
puppy11
puppy12
puppy123
puppy13
puppy14
puppy2
puppy23
puppy3
puppy4
puppy5
puppy6
puppy7
puppy8
puppy9
puppydog
puppydog1
puppydogs
puppygirl
puppylove
puppylove1
puppylove2
puppylover
puppyluv
puppyluv1
puppypower
puppys
puppys1
pupuce
pupusa
puput
puravida
purcell
purdey
purdie
purdue
purdy
pureblood
purefoods
purelife
purelove
pureza
purita
purity
purnama
puroamor
purpl3
purple
purple!
purple.
purple0
purple00
purple01
purple02
purple03
purple04
purple05
purple06
purple07
purple08
purple09
purple1
purple10
purple101
purple11
purple12
purple123
purple13
purple14
purple15
purple16
purple17
purple18
purple19
purple2
purple20
purple21
purple22
purple23
purple24
purple25
purple26
purple27
purple28
purple29
purple3
purple30
purple31
purple32
purple33
purple34
purple4
purple44
purple5
purple55
purple6
purple66
purple67
purple69
purple7
purple72
purple76
purple77
purple78
purple8
purple82
purple83
purple84
purple86
purple87
purple88
purple89
purple9
purple90
purple91
purple92
purple93
purple94
purple95
purple96
purple97
purple99
purplecat
purplecow
purplegirl
purplehaze
purplemonkey
purplepink
purpleprincess
purplerain
purplerose
purples
purplestar
purpose
purpura
purrfect
purses
pusakal
pushit
pushkin
pushpa
pusing
puspita
puspus
pussie
pussies
pussinboots
pusspuss
pusssy
pussy
pussy!
pussy1
pussy101
pussy12
pussy123
pussy13
pussy2
pussy22
pussy3
pussy5
pussy6
pussy69
pussy7
pussycat
pussycat1
pussycatdoll
pussycatdolls
pussycats
pussyeater
pussyhole
pussykat
pussylicker
pussylover
pussys
pussyy
pustoaica
pusycat
puta123
putaka
putamadre
putamare
putang
putangina
putanginamo
putaputa
putas
putchi
putera
puteri
putih
putita
putito
putnam
putos
putput
putra
putrajaya
putri
putrie
putter
puttputt
puzzle
puzzle1
pwincess
pxndx
pyramid
pyramid1
pyramids
python
q12345
q123456
q1234567
q123456789
q1q1q1
q1w2e3
q1w2e3r
q1w2e3r4
q1w2e3r4t5
q1w2e3r4t5y6
q2w3e4
q2w3e4r5
qawsed
qawsedrf
qawsedrftg
qaz123
qaz741
qazokm
qazpl,
qazplm
qazqaz
qazqaz1
qazqazqaz
qazws
qazwsx
qazwsx1
qazwsx12
qazwsx123
qazwsxe
qazwsxed
qazwsxedc
qazwsxedc1
qazwsxedc123
qazwsxedcrfv
qazwsxedcrfvtgb
qazxcv
qazxsw
qazxsw1
qazxsw123
qazxsw2
qazxswedc
qazzaq
qdlidong
qdlidong123
qdlidong2024
qdlidong2025
qdlidong2026
qdlidong888
qianliyu
qianliyu123
qianliyu2024
qianliyu2025
qianliyu2026
qianliyu888
qiaobenkeji
qiaobenkeji123
qiaobenkeji2024
qiaobenkeji2025
qiaobenkeji2026
qiaobenkeji888
qistina
qpalzm
qpwoei
qpwoeiruty
qqq111
qqqqq
qqqqq1
qqqqqq
qqqqqq1
qqqqqqq
qqqqqqqq
qqqqqqqqqq
qqwwee
qtimporta
qtpie
qtpie1
quack
quacker
quackers
quackquack
quadbike
quadir
quagmire
quaker
quakers
quality
quality1
quanna
quantum
quaqua
quaresma
quaresma7
quarry
quarter
quarters
quartz
quasar
quatro
quattro
quebec
queen
queen01
queen05
queen06
queen07
queen08
queen1
queen10
queen11
queen12
queen123
queen13
queen14
queen15
queen16
queen17
queen18
queen2
queen21
queen23
queen3
queen5
queen6
queena
queenb
queenb1
queenbee
queenbee1
queenbitch
queenc
queency
queendiva
queene
queenie
queenie1
queenj
queens
queens1
queensland
queent
queeny
queenz
queer
quelle
quemierda
quennie
quentin
quentin1
queonda
quepasa
quepaso
quepedo
quepex
queque
querer
queretaro
querida
querido
querubin
quesada
quesha
quesito
queso
quesos
quest
quest1
question
questions
quetal
queteimporta
quetta
quetzal
quetzalcoatl
quevedo
quezada
quezon
quiambao
quiana
quick
quick1
quickie
quickly
quicksilver
quicky
quidditch
quiereme
quiero
quieroserfeliz
quigley
quijano
quiksilver
quilla
quimera
quimica
quimico
quince
quincey
quincy
quincy1
quinn
quinn1
quinnie
quinny
quinones
quinta
quintana
quintanilla
quinten
quintero
quintin
quintin1
quinto
quinton
quinton1
quinty
quinze
quique
quiqui
quirino
quiroz
quisha
quispe
quita
quita1
quito
quynhanh
qw3rty
qwaszx
qwaszx1
qwaszx12
qwe123
qwe321
qwe789
qweasd
qweasd1
qweasd123
qweasdzx
qweasdzxc
qweasdzxc1
qwedsa
qweewq
qwepoi
qweqwe
qweqweqwe
qwer
qwer12
qwer123
qwer1234
qwer4321
qwerasdf
qwerqwer
qwert
qwert1
qwert12
qwert123
qwert12345
qwert5
qwert6
qwertasdfg
qwerty
qwerty!
qwerty.
qwerty0
qwerty01
qwerty1
qwerty10
qwerty101
qwerty11
qwerty12
qwerty123
qwerty1234
qwerty12345
qwerty123456
qwerty13
qwerty14
qwerty2
qwerty21
qwerty22
qwerty23
qwerty3
qwerty4
qwerty5
qwerty6
qwerty67
qwerty69
qwerty7
qwerty77
qwerty78
qwerty8
qwerty9
qwerty99
qwertyqwerty
qwertyu
qwertyu1
qwertyu8
qwertyui
qwertyuio
qwertyuio1
qwertyuiop
qwertyuiop1
qwertyuiop123
qwertyuiop[]
qwertyuiopasdfg
qwertyuiopasdfghjklzxcvbnm
qwertz
qwqwqw
r.kelly
r0bert
r0ckstar
r0cky0u
r12345
r123456
r1234567
r123456789
r1chard
r2d2c3p0
r2d2c3po
r3b3cca
r3b3ld3
r4e3w2q1
ra1ders
rabano
rabbie
rabbit
rabbit1
rabbit11
rabbit12
rabbit123
rabbit13
rabbit2
rabbit3
rabbit69
rabbits
rabbits1
rabiatul
rabina
rabino
rabito
raccoon
racecar
racecar1
racecars
racer
racer1
racers
racerx
rach12
rach123
rachael
rachael1
rachana
racheal
racheal1
rachel
rachel01
rachel04
rachel05
rachel06
rachel07
rachel08
rachel1
rachel10
rachel11
rachel12
rachel123
rachel13
rachel14
rachel15
rachel16
rachel17
rachel18
rachel2
rachel21
rachel22
rachel23
rachel24
rachel3
rachel4
rachel5
rachel6
rachel69
rachel7
rachel88
rachel9
rachelann
rachele
rachell
rachelle
rachelle1
rachet
rachid
rachie
rachie1
rachma
rachy
raciel
racine
racing
racing1
raciram
racoon
racquel
racso
radamantis
radar
radar1
radcliff
radcliffe
radeon
radford
radhika
radiation
radiator
radical
radical1
radikal
radio
radio1
radiohead
radiohead1
radiology
radios
radioshack
radish
raditya
radius
radley
radtech
raducu
rae123
raeann
raeanne
raechel
raegan
raelene
raelyn
raelynn
raerae
raerae1
rafael
rafael1
rafael12
rafaela
rafaelito
rafaella
rafaelo
rafaga
rafateamo
rafferty
raffles
raffy
rafidah
rafika
rafiki
rafinha
rafita
rafito
rafols
rafraf
rafter
ragamuffin
ragazza
ragde
ragdoll
raghav
ragnarok
ragweed
rahasia
rahasiaku
rahayu
raheem
raheem1
rahiem
rahim
rahima
rahimah
rahma
rahmah
rahman
rahmat
rahmawati
rahrah
rahsia
rahul
raichu
raiden
raider
raider1
raiders
raiders!
raiders#1
raiders01
raiders06
raiders07
raiders08
raiders1
raiders10
raiders11
raiders12
raiders123
raiders13
raiders14
raiders18
raiders2
raiders21
raiders22
raiders23
raiders24
raiders3
raiders4
raiders5
raiders69
raiders7
raiders81
raihan
raihana
raikkonen
railey
railroad
raimundo
rain
rain12
rain123
raina
rainb0w
rainbi
rainbo
rainbow
rainbow!
rainbow01
rainbow06
rainbow07
rainbow1
rainbow10
rainbow11
rainbow12
rainbow123
rainbow13
rainbow14
rainbow16
rainbow17
rainbow2
rainbow21
rainbow22
rainbow23
rainbow24
rainbow3
rainbow4
rainbow5
rainbow6
rainbow69
rainbow7
rainbow8
rainbow9
rainbowbrite
rainbows
rainbows1
rainbowz
raindrop
raindrops
raine
rainer
raines
rainey
rainfall
rainforest
rainie
rainier
raining
rainmaker
rainman
rainne
rainny
rainrain
rainstorm
rainy
rainy1
rainyday
rainydays
rairai
raisa
raisin
raisins
raissa
raistlin
raiven
raiza
raizen
rajah
rajawali
rajeev
rajendra
rajesh
rajkumar
rakata
rakeem
rakel
rakelita
rakesh
rakim
rakimykeny
rakion
rakista
rakistah
rakizta
rakiztah
rakker
raleigh
rally
ralph
ralph1
ralphie
ralphie1
ralphlauren
ralphs
ralphy
ralston
raluca
ralucutza
raluk
raluka
ram1500
ramada
ramadan
ramadhan
ramadhani
ramalho
ramarama
ramata
ramayana
ramazan
rambito
rambler
rambo
rambo1
rambo123
rambo2
ramboo
rambos
rambutan
ramera
ramesh
ramil
ramir
ramires
ramirez
ramirez1
ramiro
ramiro1
ramlah
rammstein
rammstein1
ramon
ramon1
ramona
ramona1
ramoncito
ramond
ramone
ramone1
ramones
ramones1
ramonica
ramonik
ramonita
ramons
ramos
ramos1
rampage
ramram
ramrod
ramsay
ramses
ramsey
ramsey1
ramstein
ranaldo
ranarene
ranas
rancel
rances
rancher
ranchero
rancho
rancid
rancid1
randa
randa1
randal
randall
randall1
randee
randel
randell
randi
randi1
randie
randolf
randolph
random
random!
random1
random12
random123
random2
randomness
randy
randy06
randy07
randy08
randy1
randy12
randy123
randy18
randy2
randy22
randy23
randy3
randy69
randymoss
randyo
randyorton
randys
rangel
ranger
ranger01
ranger1
ranger12
ranger2
ranger99
rangerover
rangers
rangers#1
rangers01
rangers06
rangers07
rangers08
rangers09
rangers1
rangers10
rangers11
rangers12
rangers123
rangers1234
rangers1690
rangers1873
rangers2
rangers2007
rangers5
rangers51
rangers6
rangers7
rangers8
rangers9
rangers94
rangersfc
rangersfc1
rangersno1
rangersrule
rangerz
rangga
rangimarie
rania
ranie
raniel
ranier
ranita
ranitas
ranjan
ranjit
rankin
ranma
ranma1/2
ranma12
rannie
ranonline
ranran
ransom
raoul
rapariga
rapeme
raper
rapera
raperito
rapero
raperos
raphael
raphael1
rapid
rapidista
rapido
rapidoyfurioso
rapidu
raposa
raposo
rapper
rapper1
rappers
raprap
rapstar
raptor
raptor1
raptor660
raptors
rapture
rapunzel
raquel
raquel1
raquelita
rarara
rares
rarotonga
rasberry
rascal
rascal01
rascal1
rascal2
rascalflatts
rascals
rasengan
rashaad
rashad
rashad1
rashard
rashaud
rashaun
rashawn
rashawn1
rasheed
rasheed1
rasheeda
rasheen
rashel
rashell
rashelle
rashid
rashida
rashmi
rashon
raskal
rasmus
raspberry
rasputin
rasta
rasta1
rastafara
rastafari
rastafarian
rastafary
rastagirl
rastah
rastaman
rastas
rastus
ratablanca
ratana
ratas
ratata
ratatouille
ratbag
ratboy
ratchet
ratdog
ratedr
ratedrko
ratface
ratfink
rathcoole
ratih
ratinha
ratinho
ratita
ratman
ratna
raton
ratona
ratoncita
ratoncito
ratones
ratpack
ratrat
ratsky
rattana
rattler
rattlers
rattlesnake
ratty
ratusca
raul12
raul123
raulin
raulito
raulteamo
raveena
ravemaster
raven
raven05
raven06
raven1
raven10
raven11
raven12
raven123
raven13
raven2
raven21
raven3
raven4
raven6
raven666
raven7
ravenclaw
ravens
ravens1
ravens52
raveon
raver
raverbaby
ravers
ravin
ravina
ravinder
raw123
rawiri
rawiswar
rawlings
rawr
rawr11
rawr12
rawr123
rawr13
rawrr
ray-ray
ray123
ray619
rayados
rayallen
rayan
rayana
rayann
rayanna
rayanne
rayban
raychel
raychelle
rayden
rayearth
rayhan
rayito
rayjay
raylee
raylene
rayman
raymar
raymark
raymart
raymon
raymond
raymond1
raymond12
raymond2
raymond3
raymond4
raymond7
raymund
raymundo
rayna
raynard
rayne
rayne1
raynell
rayner
rayos
rayquaza
rayray
rayray1
rayray12
rayray123
rayray13
rayray2
rayray3
rayray7
raysa
rayshawn
rayven
rayver
rayvon
rayyan
razali
razbunare
razel
raziel
razor
razor1
razorback
razorbacks
razorblade
razorlight
razors
razvan
razvanel
razzel
razzle
razzledazzle
rb26dett
rbd123
rbd4ever
rbdrbd
reaction
reader
reader1
reading
reading1
readingfc
readme
ready
ready1
ready2go
reagan
reagan1
real madrid
realdeal
realestate
realgirl
realidad
realist
reality
reality1
realize
reallife
reallove
reallove1
really
really1
realmadrid
realme
realnigga
realnigga1
realone
realtalk
realtor
realtor1
realworld
realyn
reanimation
reanna
reanne
reaper
reaper1
reaper666
rearea
reason
reasons
reaver
rebbecca
rebeca
rebeca1
rebecca
rebecca01
rebecca1
rebecca11
rebecca12
rebecca123
rebecca13
rebecca14
rebecca2
rebecca21
rebecca3
rebecca4
rebecca5
rebecca7
rebecka
rebek
rebeka
rebekah
rebekah1
rebekka
rebel
rebel01
rebel06
rebel07
rebel1
rebel11
rebel12
rebel123
rebel13
rebel2
rebel22
rebel3
rebel4life
rebel69
rebel7
rebela
rebeld
rebelde
rebelde1
rebelde10
rebelde11
rebelde12
rebelde123
rebelde13
rebelde14
rebelde15
rebelde2
rebelde22
rebelde23
rebelde3
rebelde5
rebelde6
rebelderbd
rebeldes
rebeldeway
rebeldia
rebelgirl
rebeli
rebelion
rebell
rebellion
rebelo
rebels
rebels1
rebequita
rebirth
reboot
reborn
rebound
recall
recardo
recca
reccos
reception
recess
rechel
rechelle
rechie
recinos
reckless
recoba
recodo
recon
recorcholis
record
recordar
records
recovery
recovery1
recreo
recuerdame
recuerdo
recuerdos
recycle
red
red007
red100
red101
red111
red123
red1234
red12345
red2007
red2008
red222
red234
red321
red333
red420
red456
red555
red718
red777
red789
red911
redalert
redalert2
redandblack
redangel
redapple
redarmy
redbaby
redbaron
redbird
redbird1
redbirds
redblack
redblood
redblue
redbone
redbone1
redboy
redbull
redbull1
redbutterfly
redcar
redcar1
redcarpet
redcat
redcherry
redcloud
redcross
reddevil
reddevils
reddick
reddish
reddog
reddog1
reddoor
reddragon
reddragon1
reddress
reddwarf
redeem
redeemed
redeemer
redemption
reden
redentor
redeye
redeyes
redfern
redfire
redfish
redfish1
redflag
redflower
redford
redfox
redfred
redgirl
redgreen
redhair
redhat
redhawk
redhawks
redhead
redhead1
redhead2
redheads
redheart
redhed
redhorse
redhot
redhot1
redhotchilipeppers
redhots
redhott
redhouse
redial
redick
redick4
redimi2
redken
redlady
redlands
redlight
redline
redline1
redlion
redlips
redlobster
redlove
redlover
redman
redman1
redmond
redmonkey
redmoon
rednaxela
redneck
redneck01
redneck1
redneck123
redneck13
redneck2
redneck3
rednecks
rednose
redondo
redone
redpanda
redpen
redpink
redraider
redraiders
redranger
redred
redred1
redred2
redredred
redribbon
redrider
redriver
redrobin
redrock
redrocket
redrooster
redrose
redrose1
redroses
redroses1
redrover
redruby
redrum
redrum1
redshoes
redskin
redskin1
redskins
redskins1
redskins21
redsky
redsox
redsox04
redsox07
redsox1
redsox11
redsox12
redsox24
redsox33
redsox34
redsox5
redsox7
redsoxs
redstar
redstone
redtiger
redtruck
redtube
redwall
redwine
redwing
redwings
redwings1
redwolf
redwood
redzone
reebok
reebok1
reece
reece1
reece123
reecey
reed22
reefer
reefer1
reefer420
reegan
reema
reena
reenie
reeree
reeree1
reese
reese07
reese1
reesecup
reeses
reeses1
reesey
reesie
reeves
referee
refinnej
reflection
reflex
refresh
refuge
refugio
regala
regalado
regalo
regan
regan1
regenboog
regency
regent
regeton
reggae
reggae1
reggaeton
reggeton
reggie
reggie1
reggie12
reggie2
reggie25
reggie31
reggie5
reggiebush
reggit
regie
regiment
regina
regina1
reginald
reginald1
regine
regino
regional
regis
register
registration
registro
regresa
regret
regrets
regueton
regulator
rehana
rehtaeh
reiayanami
reign
reigne
reilly
reilly1
reina
reina1
reinaldo
reinalyn
reinas
reindeer
reine
reinel
reiner
reinhard
reinier
reinita
reivaj
reivax
rejean
reject
rejected
rejects
rejoice
relampago
relationship
relax
release
relentless
reliance
relientk
religion
relish
relisys
rellik
relly
reload
reloaded
relogio
reloj
remaja
remedios
remedy
remelyn
remember
remember1
remember2
rememberme
remigio
remind
reminder
remington
remington1
remix
remote
remote1
rempit
remrem
remus
renacer
renae
renae1
renaissance
renaldo
renalyn
renamon
renan
renante
renard
renata
renate
renatita
renatito
renato
renault
renaultclio
rence
rendel
rendell
rendezvous
rendon
rendra
rendy
rene
rene12
rene123
rene13
renea
renea1
reneboy
renecito
renee
renee01
renee04
renee05
renee06
renee07
renee08
renee09
renee1
renee10
renee11
renee12
renee123
renee13
renee14
renee15
renee16
renee17
renee18
renee2
renee20
renee21
renee22
renee23
renee24
renee3
renee4
renee5
renee6
renee69
renee7
renee77
renee8
renee88
reneee
renees
renegade
renegade1
renegades
renegado
renelyn
renesmee
reneteamo
rengifo
reniel
renier
renike
renita
renmar
renner
rennie
renny
reno911
renoir
renren
renteria
renton
renuka
renzel
renzie
renzito
renzo
repeat
repent
replay
report
reporter
represent
repsaj
repsol
reptar
reptile
reptiles
reptilia
republic
republica
requiem
rere12
rere123
rerere
rescate
rescue
rescue1
research
resende
resendiz
reserve
reserved
reservoir
resha
reshma
resident
residente
residentevil
residentevil4
resist
resistencia
resita
resort
respect
respect1
respectme
respeto
responde
ressie
restart
restaurant
restinpeace
restless
restrepo
restricted
resty
resume
resurrection
retard
retard1
retard2
retarded
retarded1
retards
retired
retlaw
retnuh
retro
retrospect
retry
retsel
rettemich
return
retxed
retype
reuben
reunion
reussite
reveal
revelation
revelations
revelde
revelion
revels
revenge
revenge1
reventon
reverend
reverie
reverse
revilla
revilo
revival
revlon
revolt
revolucion
revolution
revolver
rewahard
reward
rewind
rex123
rexie
rexona
rexrex
rexter
rey123
rey619
reyann
reyanne
reydereyes
reyes
reyes1
reyes9
reyess
reygie
reyhan
reyjohn
reyleon
reylyn
reymar
reymark
reymart
reymisterio
reymisterio619
reymon
reymond
reymund
reymundo
reymysterio
reymysterio619
reyna
reyna1
reynald
reynaldo
reynalyn
reynan
reynante
reynard
reynas
reynita
reynold
reynolds
reynolds1
reynosa
reynoso
reyrey
reyrey1
reyrey619
reznor
rfc123
rfc1873
rfcno1
rfcrfc
rhaine
rhandy
rhapsody
rhasta
rhaven
rhayan
rhealyn
rheamae
rheanna
rheanne
rheena
rhein
rhenz
rhian
rhiana
rhiane
rhiann
rhianna
rhianne
rhiannon
rhiannon1
rhina
rhino
rhino1
rhinos
rhirhi
rhiza
rhizza
rhoanne
rhoda
rhodes
rhodora
rhona
rhonalyn
rhonda
rhonda1
rhonel
rhonna
rhose
rhubarb
rhyan
rhymes
rhythm
riana
rianna
rianne
ribbit
ribbon
ribbons
ribeiro
ribena
ribica
ricafort
ricamae
rican
rican1
ricard
ricarda
ricardina
ricardinho
ricardito
ricardo
ricardo1
ricardo12
ricardo123
ricardo13
ricardo14
ricardo2
ricardo22
ricardo3
ricardo7
ricardoarjona
ricardoteamo
riccardo
ricci
rice80
ricecake
rich12
rich123
richar
richard
richard!
richard01
richard06
richard07
richard1
richard10
richard11
richard12
richard123
richard13
richard14
richard15
richard16
richard18
richard2
richard21
richard22
richard23
richard3
richard4
richard5
richard69
richard7
richard9
richardo
richards
richardson
richbitch
richboy
richboy1
richel
richell
richelle
richer
riches
richey
richgirl
richi
richie
richie1
richie2
richierich
richkid
richman
richmond
richmond1
richter
richy
rick
rick12
rick123
rickey
rickey1
ricki
rickie
rickjames
rickjames1
rickross
rickster
ricky
ricky01
ricky06
ricky07
ricky08
ricky1
ricky10
ricky11
ricky12
ricky123
ricky13
ricky15
ricky16
ricky17
ricky18
ricky2
ricky22
ricky23
ricky3
ricky4
ricky5
ricky6
ricky69
ricky7
rickyb
rickyboy
rickyd
rickyg
rickylee
rickym
rickymartin
rickys
rico
rico12
rico123
ricochet
ricola
ricorico
ricosuave
ricoyan
ricric
ricura
riddick
riddick1
riddle
riddler
ridebmx
rideordie
rideordie1
rider
rider1
ridered
riders
ridgeway
ridgewood
ridho
ridhwan
ridiculous
riding
ridley
ridwan
ridzuan
rierie
riffraff
rifles
rifutaoci
rifutaoci123
rifutaoci2024
rifutaoci2025
rifutaoci2026
rifutaoci888
right
right1
righteous
rightnow
righton
rights
righty
rigoberto
rigsby
rihana
rihanna
rihanna1
rikardo
rikimaru
rikki
rikrdo
rileigh
riley
riley01
riley03
riley04
riley05
riley06
riley07
riley08
riley1
riley11
riley12
riley123
riley13
riley2
riley22
riley3
riley5
riley7
rileydog
rileyj
rileys
rimini
rimmel
rimmer
rinaldi
rinchen
rincon
ringer
ringgo
ringmaster
ringo
ringo1
ringos
ringostar
ringostarr
ringring
rings
ringtone
rinoa
rinoceronte
rinrin
rintintin
rio123
riobamba
riodejaneiro
riogrande
riordan
riorio
riotgirl
rip2pac
ripcurl
ripcurl1
ripdad
ripdad1
ripdaddy
ripken
ripley
ripley1
ripmom
ripped
ripper
ripper1
ripple
riquelme
ririn
riseagainst
riseup
risha
rising
risingsun
risitas
risitos
riska
rissa
rissa1
ritche
ritchel
ritchie
ritesh
ritika
ritinha
ritita
ritter
ritual
rivaldo
rivas
rivendell
river
river1
rivera
rivera1
riverdale
riverdance
riverisland
rivermaya
rivero
riverplate
riverrat
riverrock
rivers
rivers1
riverside
riverside1
riverton
riverview
riyadh
rizal
rizaldy
rizalyn
rizamae
rizelle
rizky
rizwan
rizza
rizzo
rizzo1
rjames
rkelly
rko619
rmadrid
roach
roach1
roaddogg
roadie
roadkill
roadking
roadrunner
roadster
roadtrip
roanne
rob123
robben
robbie
robbie01
robbie1
robbie12
robbie123
robbie13
robbie2
robbie3
robbie4
robbiew
robbiewilliams
robbin
robbins
robby
robby1
robelyn
rober
roberson
robert
robert!
robert.
robert0
robert01
robert02
robert03
robert04
robert05
robert06
robert07
robert08
robert09
robert1
robert10
robert11
robert12
robert123
robert13
robert14
robert15
robert16
robert17
robert18
robert19
robert2
robert20
robert21
robert22
robert23
robert24
robert25
robert26
robert27
robert28
robert3
robert30
robert32
robert4
robert5
robert6
robert69
robert7
robert8
robert88
robert9
robert99
roberta
roberta1
roberth
robertico
robertito
robertjr
robertlee
roberto
roberto1
roberto12
roberto123
roberto13
roberto2
robertocarlos
robertoteamo
robertpattinson
roberts
roberts1
robertson
robie
robin
robin1
robin12
robin123
robina
robinho
robinhood
robins
robinson
robinson1
robles
robocop
robot
robot1
robotech
robotics
robots
robrob
robson
robster
robthomas
robvandam
robyn
robyn1
robzombie
rocafella
rocafella1
rocanlover
rocawear
rocawear1
rocco
rocco1
rocelle
rocha
rochdale
rochel
rochell
rochelle
rochelle1
rochester
rochi
rochie
rochyou
rocio
rocio1
rocioteamo
rock
rock me
rock on
rock u
rock you
rock&roll
rock01
rock07
rock08
rock09
rock1
rock10
rock101
rock11
rock12
rock123
rock1234
rock13
rock14
rock15
rock16
rock18
rock2
rock21
rock22
rock23
rock24
rock28
rock4ever
rock4life
rock5
rock666
rock69
rock77
rock88
rock89
rockYou
rock_you
rocka
rockabilly
rockafella
rockandroll
rockangel
rockangels
rockangelz
rockbaby
rockband
rockbottom
rockboy
rockchic
rockchick
rockcity
rocked
rockenroll
rocker
rocker1
rocker12
rocker13
rocker14
rocker2
rocker7
rockera
rockerchick
rockergirl
rockerita
rockero
rockers
rockerz
rocket
rocket1
rocketdog
rocketmail
rocketman
rockets
rockets1
rockey
rockey1
rockford
rockforever
rockgirl
rockhard
rockhead
rocki
rockie
rockie1
rockies
rockin
rockin1
rocking
rockinroll
rockista
rockit
rockizta
rockiztah
rockk
rocklee
rocklee1
rockman
rockme
rockme1
rockme2
rockmebaby
rockmetal
rockmusic
rockmysocks
rockmyspace
rockmyworld
rocknroll
rocknroll1
rocko
rocko1
rockon
rockon!
rockon1
rockon12
rockon123
rockon2
rockon3
rockon7
rockondude
rockout
rockpass
rockport
rockprincess
rockpunk
rockrock
rockroll
rockrules
rocks
rocks1
rockshow
rockstar
rockstar!
rockstar07
rockstar08
rockstar1
rockstar10
rockstar101
rockstar11
rockstar12
rockstar123
rockstar13
rockstar14
rockstar15
rockstar18
rockstar2
rockstar21
rockstar22
rockstar23
rockstar3
rockstar5
rockstar69
rockstar7
rockstar8
rockstar9
rockstarr
rockstars
rocksteady
rockster
rocktheworld
rockthis
rocktou
rocku
rocku1
rocku2
rockwell
rocky
rocky!
rocky01
rocky04
rocky05
rocky06
rocky07
rocky08
rocky1
rocky10
rocky101
rocky11
rocky12
rocky123
rocky13
rocky14
rocky16
rocky17
rocky2
rocky21
rocky22
rocky23
rocky24
rocky3
rocky4
rocky5
rocky6
rocky69
rocky7
rocky8
rocky9
rocky99
rockya
rockyb
rockybalboa
rockyboy
rockydog
rockyo
rockyou
rockyou!
rockyou.com
rockyou01
rockyou06
rockyou07
rockyou08
rockyou09
rockyou1
rockyou11
rockyou12
rockyou123
rockyou13
rockyou16
rockyou2
rockyou2007
rockyou2009
rockyou21
rockyou22
rockyou23
rockyou3
rockyou4
rockyou4me
rockyou5
rockyou69
rockyou7
rockyou77
rockyoubaby
rockyoupass
rockyoupassword
rockyoupics
rockyourocks
rockyroad
rockys
rockytop
rockyu
rockyuo
rockyy
rockz
rococo
rodalyn
rodas
roddick
roddy
rodel
rodelio
rodell
rodelyn
rodent
rodeo
rodeo1
rodeos
roderick
rodger
rodgers
rodica
rodina
rodjun
rodman
rodman91
rodney
rodney1
rodney123
rodney2
rodolf
rodolfo
rodolfo1
rodri
rodrick
rodrigo
rodrigo1
rodrigoteamo
rodrigue
rodrigues
rodriguez
rodriguez1
rodriguito
rodrod
rogelio
rogelio1
rogelyn
roger
roger1
roger12
roger123
roger2
rogerio
rogers
rogers1
rogger
rogie
rogue
rogue1
rohan
rohana
rohani
rohini
roimata
roisin
rojas
rojinegro
rojito
rojo123
roker
rokera
rokero
rokyou
rolan
roland
roland1
rolanda
rolando
rolando1
roldan
rolemodel
rolex
rolito
rolland
rolldeep
roller
roller1
rollercoaster
rollie
rollie1
rollin
rollin60
rolling
rolling1
rollingstone
rollingstones
rollins
rollout
rolltide
rolltide1
rolltide12
rolly
rolodex
rolyat
rolyn
rolypoly
romain
romaine
romalyn
roman
roman1
romana
romance
romance1
romances
romane
romani
romania
romania1
romano
romanos
romans
romans12
romans828
romantic
romantica
romantico
romany
romar
romario
romark
romblon
romel
romela
romelia
romell
romello
romelyn
romeo
romeo01
romeo1
romeo11
romeo12
romeo123
romeo13
romeo15
romeo2
romeo22
romeo23
romeo3
romeo69
romeo7
romeoo
romeos
romeoyjulieta
romer
romerito
romero
romero1
romica
romina
rominita
rommel
romnick
rompecorazones
romrom
romtelecom
romualdo
romulo
romulus
ron123
ronal
ronald
ronald1
ronaldinho
ronaldinho10
ronaldino
ronaldo
ronaldo07
ronaldo09
ronaldo1
ronaldo10
ronaldo123
ronaldo17
ronaldo7
ronaldo9
ronalyn
ronamae
ronan
rondel
rondell
rondon
ronel
ronell
ronelle
ronette
ronica
ronie
roniel
ronilo
ronin
ronisha
ronjon
ronna
ronnel
ronney
ronnie
ronnie06
ronnie1
ronnie12
ronnie123
ronnie13
ronnie2
ronnie3
ronnie69
ronnie7
ronnoc
ronny
ronquillo
ronron
ronson
ronweasley
roofer
rooftop
rooftops
roofus
rookie
rookie1
rooney
rooney08
rooney1
rooney10
rooney123
rooney8
rooney9
roonie
rooroo
rooroo1
roosevelt
roosevelt1
roosje
rooster
rooster1
rooster2
roosters
root
rootbeer
rootbeer1
rootbeer2
rooter
ropero
roque
rororo
rosa1
rosa10
rosa12
rosa123
rosa13
rosa15
rosa23
rosabel
rosablanca
rosada
rosadita
rosadito
rosado
rosado1
rosaelena
rosal
rosalba
rosalee
rosales
rosali
rosalia
rosalie
rosalie1
rosalina
rosalind
rosalinda
rosaline
rosaly
rosalyn
rosamaria
rosana
rosanegra
rosangela
rosanna
rosanne
rosapastel
rosapink
rosaria
rosario
rosario1
rosarito
rosaroja
rosarosa
rosary
rosas
rosasrojas
rosateamo
rosaura
roscata
rosco
rosco1
roscoe
roscoe1
roscommon
rose
rose01
rose02
rose03
rose04
rose05
rose06
rose07
rose08
rose09
rose1
rose10
rose101
rose11
rose12
rose123
rose1234
rose13
rose14
rose143
rose15
rose16
rose17
rose18
rose19
rose20
rose2007
rose21
rose22
rose23
rose24
rose25
rose26
rose27
rose28
rose33
rose55
rose69
rose7673
rose77
rose87
rose88
rose89
rose91
rose92
rose93
rose95
rosean
roseann
roseanna
roseanne
rosebud
rosebud1
rosebud2
rosebuds
rosebush
rosedale
rosehill
rosel
rosela
roselia
roselin
roseline
rosell
rosella
roselle
roselove
rosely
roselyn
rosemae
rosemarie
rosemary
rosemary1
rosemount
rosenda
rosendo
rosenrot
roseonline
rosepetal
rosered
roserose
roses
roses1
roses123
roses2
rosesarered
rosesrred
rosess
rosete
rosetta
rosette
roseville
rosewood
rosey
rosey1
roshan
roshell
roshelle
roshni
rosibel
rosicky
rosie
rosie01
rosie1
rosie11
rosie12
rosie123
rosie13
rosie2
rosie3
rosie4
rosie5
rosiedog
rosiee
rosiel
rosieposie
rosies
rosina
rosine
rosinha
rosita
rosita1
rositafresita
rositas
roslan
roslyn
rosmary
rosmeri
rosmery
ross12
ross123
rossana
rossco
rossel
rosses
rossi
rossi46
rossie
rossignol
rossmery
rossoneri
rossy
rostro
roswell
roswell1
rotary
rotceh
rotciv
rotherham
rotorua
rotsen
rotten
rotten1
rotterdam
rottie
rottweiler
rouge
rouges
rounders
rounin
rouse
rousse
route66
router
rovelyn
rover
rover1
rover25
rovers
rovers1
rowan
rowdy
rowdy1
rowel
rowell
rowena
rowie
rowing
rowland
rowley
rowling
rox123
roxan
roxana
roxana1
roxane
roxanica
roxanik
roxanita
roxann
roxanna
roxanne
roxanne1
roxas
roxbury
roxette
roxie
roxie1
roxie123
roxita
roxmysox
roxxie
roxxy
roxy
roxy01
roxy02
roxy03
roxy04
roxy05
roxy06
roxy07
roxy08
roxy09
roxy1
roxy10
roxy101
roxy11
roxy12
roxy123
roxy1234
roxy13
roxy14
roxy15
roxy16
roxy17
roxy18
roxy20
roxy2005
roxy21
roxy22
roxy23
roxy24
roxy25
roxy33
roxy69
roxy77
roxy88
roxy92
roxy93
roxy94
roxy99
roxybabe
roxybaby
roxychic
roxychick
roxydog
roxyfoxy
roxygal
roxygirl
roxygirl1
roxygurl
roxylife
roxyrox
roxyroxy
roxysurf
roy123
royal
royal1
royalblue
royale
royalflush
royals
royalty
royalty1
royboy
royce
royer
roygbiv
roykeane
royroy
royston
rozalia
rozana
rozita
rrrrr
rrrrrr
rrrrrrr
rrrrrrrr
rs2000
rstlne
rsturbo
ru4real
ruairi
rubber
rubber1
rubberband
rubberduck
rubberduckie
rubberducky
rubbish
rubelyn
ruben
ruben1
ruben123
rubencito
rubendario
rubens
rubenteamo
rubia
rubicon
rubie
rubies
rubin
rubina
rubio
rubita
ruby
ruby01
ruby07
ruby1
ruby10
ruby11
ruby12
ruby123
ruby13
ruby16
ruby21
ruby22
ruby23
rubyann
rubyanne
rubydog
rubydoo
rubygloom
rubyjane
rubylee
rubyred
rubyred1
rubyrose
rubyruby
rucker
ruckus
ruddy
rudeboi
rudeboy
rudegal
rudegirl
rudolf
rudolph
rudy
rudy12
rudy123
rueben
ruffa
ruffedge
ruffles
ruffo
ruffruff
ruffryder
ruffryders
ruffus
ruffy
rufina
rufino
rufio
rufito
rufus
rufus1
rufuss
rugby
rugby1
rugby11
rugby12
rugby123
rugby13
rugby7
rugbyball
rugbyrules
ruger
ruger1
rugged
rugger
rugrat
rugrat1
rugrats
rugrats1
rugrats2
rugrats3
ruicosta
ruipedro
ruizinho
rukawa
rukawa11
rukia
rules
rulitos
rumahku
rumania
rumble
rumple
run4fun
run4life
runaway
runaway1
rundmc
runescape
runescape1
runescape2
runfast
runner
runner1
runner12
runner3
runners
running
running1
runrig
runrun
runway
rupert
rupert1
rupertgrint
ruperto
rurouni
rusell
rush2112
rushhour
ruslan
russel
russell
russell1
russell2
russelle
russia
russia1
russian
russian1
russo
rustie
rustom
rusty
rusty01
rusty1
rusty101
rusty11
rusty12
rusty123
rusty2
rusty3
rusty4
rusty69
rusty7
rustyboy
rustydog
rustys
rutger
rutgers
ruth123
ruthann
ruthanne
ruther
rutherford
ruthie
ruthie1
ruthless
ruthless1
ruthy
rutinha
rutita
rutland
rutledge
ruxandra
ruzzel
rwanda
ryan
ryan00
ryan01
ryan02
ryan03
ryan04
ryan05
ryan06
ryan07
ryan08
ryan09
ryan1
ryan10
ryan101
ryan11
ryan12
ryan123
ryan1234
ryan13
ryan14
ryan143
ryan15
ryan16
ryan17
ryan18
ryan19
ryan20
ryan2000
ryan2003
ryan2004
ryan2005
ryan2006
ryan2007
ryan21
ryan22
ryan23
ryan24
ryan25
ryan27
ryan28
ryan29
ryan33
ryan4eva
ryan4ever
ryan55
ryan69
ryan77
ryan87
ryan88
ryan99
ryanb
ryanbaby
ryangiggs
ryanishot
ryanjames
ryanjay
ryanjohn
ryanko
ryanlee
ryann
ryann1
ryanna
ryanne
ryanpaul
ryanpogi
ryanross
ryanryan
ryans
ryanscott
ryansgirl
ryansheckler
ryder
ryder1
ryland
rylee
rylee1
ryleigh
ryleigh1
rylie
rylie1
ryoma
ryomaechizen
ryuichi
ryuken
ryuzaki
s0cc3r
s0ccer
s0ftball
s12345
s123456
s1234567
s12345678
s123456789
s1s2s3
s3cr3t
saartje
saavedra
sabado
sabana
sabang
sabariah
sabastian
sabbath
sabbath1
sabby
sabby1
sabel
saber
sabers
sabian
sabiduria
sabiha
sabina
sabine
sabino
sabita
sable
sable1
sabotage
sabre
sabre1
sabres
sabri
sabrina
sabrina1
sabrina12
sabrina123
sabrina2
sabrina3
sabrina4
sabrina5
sabrina7
sabritas
sabrosa
sabroso
sac916
sacha
sachi
sachie
sachiko
sachin
sackings
sacramento
sacred
sacredheart
sacrifice
sactown
sacura
sad123
sadako
sadam
sadbuttrue
saddam
saddie
saddle
saddleclub
sadeyes
sadgirl
sadgirl1
sadgurl
sadia
sadie
sadie01
sadie05
sadie06
sadie07
sadie1
sadie11
sadie12
sadie123
sadie13
sadie17
sadie2
sadie22
sadie3
sadie4
sadie5
sadie6
sadie7
sadiebaby
sadiebug
sadiedog
sadiegirl
sadiemae
sadiemae1
sadiemay
sadies
sadiesue
sadista
sadiya
sadler
sadman
sadness
sadsad
sadsam
saechao
safari
safesex
safety
safety1
safeway
safeway1
saffie
saffron
safiah
safina
safira
safire
safiro
safiya
safwan
sagapo
sagapw
sagar
sagara
sagarmatha
sage
sage123
sagem
sagesse
sagetator
saging
sagita
sagitario
sagitarius
sagittarius
sagopa
sagrado
sagrario
sagres
sahabat
sahabatku
sahar
sahara
sahara1
sahira
saibaba
saida
saiful
saigon
saikano
sail2boat3
sailboat
sailing
sailing1
sailor
sailor1
sailormars
sailormoon
sailors
saimon
sainsburys
saint
saint1
saints
saints1
saints12
saints2
saints25
saintseiya
saintsfc
saipan
saipan670
saira
sairam
saisai
saiyan
saiyuki
sakina
sakinah
sakira
sakithati
sakshi
sakura
sakura1
sakura12
sakura123
sakura13
sakura15
sakura18
sakura2
sakurachan
sakuragi
sakuraharuno
sakurita
sakuya
sal123
salaam
salado
salah
salam
salama
salamanca
salamander
salamandra
salamat
salame
salami
salas
salatiga
salazar
salazar1
salbahe
salcedo
salchicha
salcido
saldana
saldivar
saleem
saleen
saleen1
saleens7
saleha
salem
salem1
salem123
salena
salerno
sales
salesharks
salesi
salesiano
salesianos
salford
salgado
salguero
salida
salim
salima
salina
salina1
salinas
salinas1
saline
saliou
salisbury
salita
salito
saliva
salleh
salley
sallie
sally
sally1
sally11
sally12
sally123
sally2
sallyann
sallyb
sallycat
sallydog
sallys
sallysue
salma
salmaa
salmah
salman
salmankhan
salmeron
salmo23
salmo91
salmon
salmon1
salmos
salome
salomon
salonga
saloni
salope
salote
salsa
salsa1
salsabila
salsal
salsas
salserin
salsero
saltamontes
saltandpepper
salter
saltlake
saltrock
saltwater
salty
salty1
saltydog
salud
saludo
salut
salute
salva
salvacion
salvador
salvador1
salvadordali
salvaje
salvame
salvatierra
salvation
salvation1
salvatore
salvatrucha
salve
sam
sam101
sam123
sam1234
sam12345
sam143
sam1988
sam1991
sam1992
sam1993
sam1994
sam1995
sam2005
sam2006
sam2007
sam2008
sam4eva
sam4ever
sam4life
samael
saman
samana
samaniego
samanta
samantha
samantha!
samantha01
samantha05
samantha07
samantha08
samantha1
samantha10
samantha11
samantha12
samantha123
samantha13
samantha14
samantha15
samantha16
samantha17
samantha2
samantha21
samantha22
samantha23
samantha3
samantha4
samantha5
samantha6
samantha7
samantha8
samantha9
samar
samara
samara1
samari
samaria
samarinda
samarita
samatha
samaya
samba
sambam
sambas
sambo
sambo1
sambora
samboy
sambuca
samconcepcion
samcute
samdog
samedi
sameer
sameera
samer
samera
samesame
samhain
sami
sami123
samia
samiam
samiam1
samie
samie1
samii
samijo
samina
samir
samira
samirah
samiscool
samita
samito
samiya
samiyah
samjhana
samlee
samman
sammantha
sammer
sammers
sammey
sammi
sammi1
sammi123
sammie
sammie01
sammie1
sammie12
sammie123
sammie14
sammie2
sammie22
sammie3
sammie4
sammiejo
sammii
sammijo
sammilby
sammmy
sammuel
sammy
sammy!
sammy00
sammy01
sammy05
sammy06
sammy07
sammy08
sammy09
sammy1
sammy10
sammy101
sammy11
sammy12
sammy123
sammy1234
sammy13
sammy14
sammy15
sammy16
sammy17
sammy18
sammy2
sammy20
sammy21
sammy22
sammy23
sammy24
sammy25
sammy3
sammy4
sammy5
sammy6
sammy69
sammy7
sammy8
sammy88
sammy89
sammy9
sammy94
sammy95
sammy99
sammyb
sammybaby
sammyboy
sammyc
sammycat
sammyd
sammydog
sammyg
sammygirl
sammyj
sammyjo
sammyjoe
sammyk
sammyp
sammys
sammysam
sammysosa
sammysue
sammyt
sammyy
samoa
samoa1
samoan
samoan1
samoana
samoanpride
samoht
samone
samone1
samonte
samora
samoyed
sampaguita
sampah
sampaio
sampaloc
sampang
sample
sampoerna
sampras
sampson
sampson1
samsam
samsam1
samsamsam
samsara
samsmith
samson
samson1
samson12
samsonite
samsons
samsoon
samster
samsul
samsun
samsung
samsung1
samsung12
samsung123
samsung2
samsung5
samsung7
samsungd500
samsungd600
samsunge900
samthedog
samtheman
samtron
samual
samudra
samuel
samuel01
samuel05
samuel08
samuel1
samuel11
samuel12
samuel123
samuel13
samuel14
samuel15
samuel2
samuel21
samuel3
samuel7
samuela
samuelito
samuels
samurai
samurai1
samurai7
samuraix
samuray
samuri
samusaran
samwise
samyra
san123
sanabria
sanagustin
sanandreas
sanandres
sanane
sananto210
sanantonio
sanbeda
sancai
sancarlos
sancha
sanchai
sanches
sanchez
sanchez1
sanchez13
sanchez2
sancho
sancho1
sanctuary
sanda
sandal
sandals
sandara
sandbox
sandee
sandeep
sandel
sander
sanders
sanders1
sanderson
sandford
sandhu
sandhya
sandi
sandi1
sandia
sandie
sandie1
sandiego
sandiego1
sandiego619
sandino
sandking
sandler
sandlot
sandman
sandman1
sandokan
sandor
sandoval
sandra
sandra01
sandra1
sandra10
sandra11
sandra12
sandra123
sandra13
sandra14
sandra15
sandra18
sandra2
sandra21
sandra22
sandra23
sandra24
sandrateamo
sandri
sandrina
sandrine
sandrinha
sandrita
sandrito
sandro
sandrock
sandstorm
sandu
sandunga
sandwich
sandy
sandy01
sandy06
sandy07
sandy08
sandy1
sandy10
sandy101
sandy11
sandy12
sandy123
sandy13
sandy15
sandy16
sandy18
sandy2
sandy21
sandy22
sandy23
sandy3
sandy4
sandy5
sandy6
sandy7
sandya
sandybell
sandydog
sandys
sandyy
sanela
sanfelipe
sanfernando
sanford
sanford1
sanfran
sanfran1
sanfrancisco
sangabriel
sangay
sangeeta
sangeetha
sanger
sangita
sango
sangoku
sangre
sangreal
sangreazul
sangria
sangsang
sanguine
saniah
sanita
sanitarium
sanity
saniya
saniyah
sanja
sanjana
sanjay
sanjaya
sanjeev
sanjo408
sanjose
sanjose1
sanjose408
sanju
sanjuan
sanjudas
sanjudastadeo
sankapa
sanlorenzo
sanluis
sanman
sanmar
sanmarcos
sanmartin
sanmateo
sanmig
sanmiguel
sanna
sanne
sannie
sanny
sanook
sanosuke
sanpablo
sanpedro
sanramon
sanrio
sansan
sansiro
sanson
sansui
santa
santa1
santa123
santaana
santababy
santaclara
santaclaus
santaclause
santacruz
santafe
santafe1
santai
santal
santamaria
santamonica
santamuerte
santan
santana
santana1
santander
santaponsa
santarosa
santas
santee
santeria
santi
santia
santiago
santiago1
santiagoteamo
santiaguito
santidad
santillan
santillana
santina
santini
santino
santis
santo
santodomingo
santol
santorini
santos
santos1
santos12
santosh
santoso
santuario
santy
sanvicente
sanya
sanyika
sanziana
saoirse
saopaulo
saori
saosin
saosin1
sapana
sapato
sapatos
saphira
saphire
saphire1
sapinha
sapinho
sapita
sapito
sapitos
sapos
sapote
sapoverde
sapper
sapphire
sapphire1
saprisa
saprissa
saputra
sara
sara01
sara06
sara1
sara10
sara11
sara12
sara123
sara1234
sara13
sara14
sara15
sara18
sara21
sara22
sara23
saraba
sarabear
sarabeth
sarabi
sarabia
saracen
sarada
sarafina
saragih
sarah
sarah!
sarah.
sarah01
sarah02
sarah03
sarah04
sarah05
sarah06
sarah07
sarah08
sarah09
sarah1
sarah10
sarah101
sarah11
sarah12
sarah123
sarah1234
sarah13
sarah14
sarah15
sarah16
sarah17
sarah18
sarah19
sarah2
sarah21
sarah22
sarah23
sarah24
sarah25
sarah3
sarah4
sarah5
sarah6
sarah69
sarah7
sarah8
sarah88
sarah89
sarah9
saraha
sarahann
sarahanne
sarahb
sarahbear
sarahbeth
sarahc
sarahd
sarahe
sarahf
sarahg
sarahgeronimo
sarahh
sarahi
sarahj
sarahjane
sarahjoy
sarahk
sarahl
sarahlee
sarahlou
sarahlouise
sarahm
sarahmae
sarahmarie
sarahmay
sarahp
sarahr
sarahs
sarahsarah
saraht
sarahw
sarahy
sarai
sarai1
saraiva
sarajane
sarajevo
sarala
saralee
saralove
saralynn
saranda
sarang
sarange
saranghae
saranghaeyo
saranghe
sarangheyo
saranya
sarap
saras
sarasara
sarasota
saraswati
sarateamo
saratoga
saravanan
saravia
sarawak
sarawut
saray
saraya
sarbear
sarcastic
sardegna
sardine
sardines
sardinha
sardonyx
sarena
saretta
sarge
sarge1
sargeant
sargent
sargent1
sariah
sarika
sarina
sarina1
sarinha
saris
sarita
sarita1
sarmale
sarmiento
sarnai
sarocas
sarona
sarrah
sartika
saruman
sas123
sasa123
sasafras
sasame
sasami
sasas
sasasa
sasasasa
sascha
sasha
sasha01
sasha06
sasha07
sasha1
sasha10
sasha11
sasha12
sasha123
sasha13
sasha15
sasha16
sasha2
sasha21
sasha22
sasha3
sasha5
sasha6
sasha7
sashaa
sashadog
sashas
sashie
sashimi
sashita
saskatoon
saske
saskia
sasori
saspurs
sasquatch
sassafras
sassafrass
sassas
sasser
sassey
sassie
sassie1
sassy
sassy!
sassy01
sassy05
sassy06
sassy07
sassy08
sassy09
sassy1
sassy10
sassy101
sassy11
sassy12
sassy123
sassy13
sassy14
sassy15
sassy16
sassy18
sassy2
sassy21
sassy22
sassy23
sassy24
sassy3
sassy4
sassy5
sassy6
sassy69
sassy7
sassy8
sassy9
sassybitch
sassycat
sassycat1
sassydog
sassyg
sassygal
sassygirl
sassygirl1
sassygurl
sassyme
sassys
sastra
sasuke
sasuke1
sasuke12
sasuke123
sasuke13
sasuke15
sasuke2
sasuke3
sasuke7
sasukekun
sasukeuchiha
sasunaru
sasusaku
satan
satan1
satan666
satana
satanas
satania
satanic
satanico
satans
satchmo
satefut
satelit
satelite
satellite
sathya
satine
satisfaction
satish
sativa
satnam
satomi
satori
satoshi
satria
satriani
satrio
satsuma
saturday
saturday1
saturn
saturn1
saturnino
saturno
saturnus
saucedo
saudade
saudades
saudia
saulito
saulo
saulteamo
saunders
saurabh
saurav
sauron
sausage
sausage1
sausages
savage
savage1
savage2
savagegarden
savages
savana
savanah
savanah1
savanna
savanna1
savannah
savannah01
savannah06
savannah1
savannah12
savannah2
savannah3
savannah6
savannah7
saved
saved1
saveme
saveme1
savers
savethelastdance
saviola
savion
savior
savior1
saviour
savira
savita
savvy
sawada
sawasdee
sawdust
sawsan
sawsaw
sawyer
sawyer1
saxaphone
saxman
saxofon
saxophone
saxophone1
saxovtr
sayaka
sayang
sayang1
sayang123
sayang89
sayangawak
sayangdia
sayangkamu
sayangku
sayangmama
sayank
sayayin
saycheese
saydee
saydie
saygoodbye
saylor
saymyname
sayonara
sayra
saysay
sayson
sayuri
saywhat
saywhat1
sazuke
sazzle
sazzy
sbc123
sc00by
sc00byd00
sc00ter
sc0tland
sc1234
scabbers
scales
scally
scallywag
scamp
scamp1
scamper
scampers
scampi
scampie
scamps
scampy
scandal
scandalous
scania
scanlon
scanner
scarecrow
scared
scareface
scarface
scarface1
scarface13
scarface2
scarface23
scarface3
scarface7
scarlet
scarlet1
scarleth
scarlets
scarlett
scarlett1
scarlette
scars
scary
scary1
scarymovie
scatty
scavenger
scenic
sceptre
schaap
schalke
schalke04
schatje
schatz
schatzi
schatzie
scheisse
schizo
schlampe
schmetterling
schmidt
schnapps
schnauzer
schnecke
schneider
schnucki
schokolade
scholar
scholes
school
school!
school06
school07
school08
school1
school10
school11
school12
school123
school13
school2
school3
school4
school5
school7
school8
school9
schoolboy
schoolbus
schoolgirl
schoolofrock
schoolrocks
schools
schoolsucks
schoolsux
schooner
schorpioen
schrei
schroeder
schubert
schule
schultz
schulz
schumacher
schumi
schuster
schuyler
schwartz
schwarz
science
science1
scientist
scion
scion05
scion06
sciontc
scipio
scissors
sclub7
scoala
scobby
scofield
scoobie
scoobs
scooby
scooby!
scooby-doo
scooby01
scooby06
scooby07
scooby08
scooby09
scooby1
scooby10
scooby11
scooby12
scooby123
scooby13
scooby14
scooby15
scooby16
scooby17
scooby2
scooby21
scooby22
scooby23
scooby3
scooby5
scooby6
scooby69
scooby7
scooby9
scooby_doo
scoobydo
scoobydoo
scoobydoo1
scoobydoo123
scoobydoo2
scooch
scoop
scoops
scoot
scoot1
scoota
scooter
scooter!
scooter07
scooter1
scooter12
scooter123
scooter13
scooter2
scooter3
scooter5
scooter7
scooter8
scooters
scootie
scooty
score
scorpia
scorpian
scorpio
scorpio08
scorpio1
scorpio11
scorpio13
scorpio17
scorpio18
scorpio2
scorpio21
scorpio24
scorpio3
scorpio69
scorpio7
scorpio8
scorpion
scorpion1
scorpions
scorpios
scotch
scotia
scotland
scotland1
scotland123
scott
scott01
scott06
scott07
scott1
scott10
scott11
scott12
scott123
scott13
scott143
scott15
scott16
scott2
scott21
scott22
scott23
scott24
scott3
scott4
scott5
scott69
scott7
scottb
scotti
scottie
scottie1
scottish
scottm
scottr
scotts
scottt
scotty
scotty1
scotty12
scotty2
scotty2hotty
scotty3
scottyboy
scouse
scouser
scout
scout1
scouting
scouts
scouty
scp4ever
scrabble
scrambler
scranton
scrapbook
scrapbooking
scrapper
scrappy
scrappy1
scrappy2
scrappy7
scrappydoo
scraps
scrapy
scratch
scratch1
scratchy
scream
scream1
screamer
screaming
screamo
screech
screen
screwball
screwdriver
screwed
screwu
screwu2
screwyou
screwyou1
screwyou2
scribble
scribbles
scribe
scroll
scrolllock
scrooge
scrubs
scruff
scruffy
scruffy1
scrumhalf
scrumpy
scuba
scuba1
scubasteve
scuffy
scully
scully1
scumbag
scumpa
scumpete
scumpi
scumpica
scumpik
scumpika
scumpy
scunny
scunthorpe
scuter
scythe
sd1904
sdfsdf
sdmj
sdmj123
sdmj2024
sdmj2025
sdmj2026
sdmj888
sdsdsd
sdxtly
sdxtly123
sdxtly2024
sdxtly2025
sdxtly2026
sdxtly888
se7en
seabass
seabiscuit
seabreeze
seacadets
seadog
seadoo
seafood
seagate
seagull
seagulls
seahawk
seahawks
seahawks1
seahorse
sealion
sealtiel
seaman
seamonkey
seamus
sean
sean01
sean02
sean03
sean04
sean05
sean06
sean07
sean08
sean1
sean10
sean11
sean12
sean123
sean1234
sean13
sean14
sean143
sean15
sean16
sean17
sean18
sean19
sean20
sean21
sean22
sean23
sean69
seanie
seanjohn
seanna
seanne
seanpaul
seanpaul1
seansean
seany
seanyboy
search
search1
searching
seasea
seashell
seashell1
seashells
seashore
seaside
season
season1
seasons
seastar
seatibiza
seatleon
seaton
seattle
seattle1
seaview
seaways
seaweed
seaworld
sebas
sebas1
sebast
sebasteamo
sebastian
sebastian1
sebastian2
sebastian3
sebastian7
sebastiana
sebastiao
sebastien
sebastion
sebelas
sebitas
sebring
sebring1
second
secondary
secret
secret!
secret.
secret01
secret07
secret1
secret11
secret12
secret123
secret13
secret17
secret18
secret2
secret21
secret22
secret23
secret3
secret5
secret6
secret69
secret7
secret8
secret9
secreta
secretaria
secretary
secretcode
secrete
secretgarden
secretlove
secretlover
secreto
secretos
secretpassword
secrets
secrets1
section
sector
sector9
sectumsempra
secundaria
secure
secure1
security
security1
sedona
sedric
sedrick
seduccion
seduction
seductive
seeker
seesaw
seesee
seether
seether1
seeyou
sefeliz
segovia
segredo
segundo
segura
seguridad
seguro
seifer
seigaku
seigneur
seiko
seinfeld
seiya
sejati
sekolah
sekret
sekreto
selalu
selamanya
selamat
selangor
selassie
select
selecta
selegna
selena
selena01
selena1
selena123
selenagomez
selene
selene1
selenita
selfish
selfish1
selfmade
selina
selina1
selipar
sellers
selly
selma
selmer
selosa
selphie
selvin
selwyn
semaj
semaj1
semana
semangat
semangka
semarang
sembarang
sembilan
sembiring
semedo
semeolvido
semilla
seminario
seminary
seminole
seminole1
seminoles
seminoles1
semisi
sempai
sempak
semper
semperfi
semperfi1
sempoi
sempre
sempron
sempurna
semsem
senada
senang
senate
senati
senator
senators
sendiri
sendoh
sendy
seneca
senegal
senha
senior
senior00
senior01
senior02
senior03
senior04
senior05
senior06
senior07
senior08
senior09
senior1
senior10
senior2005
senior2006
senior2007
senior2008
senior2009
senior2010
seniorita
seniors
seniors05
seniors06
seniors07
seniors08
seniors09
seniseviyorum
senna
senorita
sensacion
sensation
sensei
sensen
senses
sensesfail
sensible
sensitive
sensizim
sensual
sentiment
sentimental
sentimiento
sentimientos
sentinel
sentosa
sentra
senveben
senyum
sepatu
sepeda
sephia
sephiroth
sephiroth1
sephora
sept02
sept03
sept04
sept05
sept06
sept07
sept08
sept09
sept10
sept11
sept12
sept13
sept14
sept15
sept16
sept17
sept18
sept19
sept20
sept21
sept22
sept23
sept24
sept25
sept26
sept27
sept28
sept29
sept30
september
september1
september10
september11
september12
september13
september14
september15
september16
september17
september18
september19
september2
september20
september21
september22
september23
september24
september25
september26
september27
september28
september29
september3
september30
september4
september5
september6
september7
september8
september9
septembre
septembrie
septian
septiembre
sepultura
sepuluh
sepulveda
sequeira
sequoia
serafim
serafin
serafina
seraph
seraphim
serapio
serban
serbia
serch
serdar
sereia
seremban
serena
serena1
serenade
serendipity
serene
serenity
serenity1
serenity2
serenity7
serfeliz
serge
sergeant
sergei
serginho
sergio
sergio1
sergio12
sergio123
sergio13
sergio15
sergio2
sergio22
sergioteamo
sergito
sergiu
serial
series
serina
serious
serious1
seriously
serkan
serolf
seronoser
seroparecer
serpent
serpente
serpiente
serra
serrano
serrano1
serrot
serseri
servando
servant
served
server
service
service1
services
servicio
sesame
sesamestreet
sesamo
sesamstraat
sesese
seshomaru
sesimbra
sesshomaru
sesshoumaru
sesshy
session
sessions
setan
setanta
setembro
seth
seth01
seth06
seth11
seth12
seth123
sethcohen
sethgreen
setiawan
setiembre
setiram
setokaiba
setsuna
setter
settings
setubal
sevastian
seven
seven07
seven1
seven11
seven7
seven77
seven777
sevendays
sevendust
seveneleven
sevenfold
sevens
seventeen
seventeen1
seventeen17
seventh
seventy
seventy7
sevenup
severa
severin
severina
severino
severo
severus
sevgilim
sevilla
seville
seviyorum
sewell
sewing
sex
sex101
sex123
sex1234
sex247
sex4life
sex4me
sex666
sex69
sex6969
sexaddict
sexaholic
sexandthecity
sexappeal
sexbom
sexbomb
sexboy
sexcbabe
sexcbitch
sexcii
sexcme
sexfreak
sexgirl
sexgod
sexgoddess
sexi
sexi01
sexi09
sexi1
sexi101
sexi12
sexi123
sexi13
sexi14
sexi69
sexibabe
sexibabi
sexibaby
sexibitch
sexichick
sexie
sexie1
sexier
sexies
sexiest
sexiest1
sexigirl
sexigurl
sexii
sexii1
sexii12
sexii123
sexii13
sexii14
sexii2
sexiimama1
sexilexi
seximama
seximami
sexime
sexiness
sexinthecity
sexisexi
sexisfun
sexisgood
sexisgreat
sexkitten
sexkitten1
sexlife
sexlove
sexlover
sexmachine
sexmad
sexman
sexmaniac
sexmaster
sexme
sexme69
sexmeup
sexo69
sexoasa
sexonlegs
sexonthebeach
sexooral
sexos
sexosexo
sexpistol
sexpistols
sexpot
sexsex
sexsex1
sexsexsex
sexslave
sextau
sextayo
sexton
sextoy
sextoys
sextrip
sexual
sexual1
sexual69
sexwax
sexxi
sexxi1
sexxie
sexxii
sexxii1
sexxx
sexxxx
sexxxy
sexxxy1
sexxy
sexxy1
sexxyy
sexy
sexy bitch
sexy girl
sexy me
sexy!!
sexy#1
sexy00
sexy001
sexy007
sexy01
sexy02
sexy03
sexy04
sexy05
sexy06
sexy07
sexy08
sexy09
sexy1
sexy10
sexy100
sexy101
sexy102
sexy11
sexy111
sexy12
sexy123
sexy1234
sexy12345
sexy123456
sexy13
sexy14
sexy143
sexy15
sexy16
sexy17
sexy18
sexy19
sexy1990
sexy1991
sexy1992
sexy1993
sexy1995
sexy2
sexy20
sexy2006
sexy2007
sexy2008
sexy2009
sexy2010
sexy21
sexy22
sexy23
sexy24
sexy247
sexy25
sexy26
sexy27
sexy28
sexy29
sexy3
sexy30
sexy305
sexy31
sexy32
sexy321
sexy33
sexy34
sexy35
sexy36
sexy40
sexy411
sexy42
sexy420
sexy44
sexy45
sexy4eva
sexy4ever
sexy4life
sexy4u
sexy5
sexy55
sexy56
sexy6
sexy65
sexy66
sexy666
sexy67
sexy69
sexy6969
sexy7
sexy7399
sexy77
sexy78
sexy82
sexy84
sexy85
sexy86
sexy87
sexy88
sexy89
sexy90
sexy91
sexy911
sexy92
sexy93
sexy94
sexy95
sexy96
sexy99
sexy_bitch
sexy_girl
sexya
sexyadam
sexyako
sexyalex
sexyandy
sexyangel
sexyash
sexyashell
sexyass
sexyass1
sexyass2
sexyazz
sexyb
sexybabe
sexybabe1
sexybabe12
sexybabe123
sexybabes
sexybaby
sexybaby1
sexybaby12
sexybaby13
sexybaby2
sexybabygirl
sexyback
sexyback1
sexybear
sexybeast
sexybeast!
sexybeast1
sexyben
sexybeth
sexybex
sexybexy
sexybiatch
sexybitch
sexybitch!
sexybitch1
sexybitch123
sexybitch13
sexybitch2
sexybitch3
sexybitch4
sexybitch69
sexyblack
sexyblack1
sexyblonde
sexyblue
sexybody
sexyboi
sexyboo
sexyboo1
sexyboy
sexyboy1
sexyboys
sexyboyz
sexybrown
sexybum
sexybunny
sexybutt
sexyc
sexycani
sexycat
sexycc
sexychic
sexychica
sexychick
sexychick1
sexychik
sexychocolate
sexychris
sexycool
sexycow
sexycute
sexyd
sexydaddy
sexydan
sexydanny
sexydee
sexydevil
sexydiva
sexydiva1
sexydude
sexyemma
sexyeyes
sexyg
sexygal
sexygal1
sexygirl
sexygirl#1
sexygirl1
sexygirl10
sexygirl11
sexygirl12
sexygirl123
sexygirl13
sexygirl14
sexygirl15
sexygirl16
sexygirl2
sexygirl3
sexygirl4
sexygirl5
sexygirl69
sexygirl7
sexygirls
sexygrl
sexygurl
sexygurl1
sexygurl2
sexyguy
sexyguys
sexyhannah
sexyhot
sexyj
sexyjack
sexyjade
sexyjames
sexyjamie
sexyjay
sexyjess
sexyjo
sexyjoe
sexyjohn
sexyk
sexykay
sexykelly
sexykim
sexykitten
sexykitty
sexyko
sexyladies
sexylady
sexylady1
sexylady12
sexylady13
sexylatina
sexylaura
sexylee
sexylegs
sexylexi
sexylexy
sexylicious
sexylips
sexylove
sexylove1
sexylove2
sexylover
sexyluv
sexyluv1
sexym
sexyma
sexyma1
sexymama
sexymama!
sexymama1
sexymama12
sexymama13
sexymama14
sexymama15
sexymama2
sexymama3
sexymama69
sexymami
sexymami1
sexymamma
sexyman
sexyman1
sexymark
sexyme
sexyme1
sexyme12
sexyme123
sexyme2
sexymel
sexymen
sexymike
sexyminx
sexymofo
sexymom
sexymoma
sexymomma
sexymomma1
sexymommy
sexymonkey
sexynena
sexyness
sexyness1
sexyone
sexyone1
sexypants
sexypaul
sexypink
sexypooh
sexyprincess
sexyqueen
sexyred
sexyred1
sexyredd
sexyrexy
sexyryan
sexys
sexysam
sexysammy
sexysarah
sexyscott
sexysean
sexysex
sexysexy
sexysexy1
sexyshan
sexyshane
sexyshay
sexyshorty
sexyslim
sexyslim1
sexysophie
sexystar
sexysteph
sexysteve
sexystuff
sexysue
sexyt
sexyt1
sexythang
sexythang1
sexything
sexything1
sexytime
sexywoman
sexyxx
sexyy
sexyy1
sexyyy
seychelles
seymour
seymour1
seysey
sf49ers
sfgiants
sftball
sgerrard
sh0rty
sha123
shabana
shabazz
shabba
shabby
shabnam
shaboo
shabrina
shabrinigdo
shad0w
shadae
shadai
shaday
shaddai
shaddow
shaddy
shade
shade1
shade45
shadee
shades
shadey
shadia
shadie
shadmoss
shadmoss1
shadoe
shadon
shadow
shadow!
shadow.
shadow0
shadow00
shadow01
shadow02
shadow03
shadow05
shadow06
shadow07
shadow08
shadow09
shadow1
shadow10
shadow101
shadow11
shadow12
shadow123
shadow13
shadow14
shadow15
shadow16
shadow17
shadow18
shadow19
shadow2
shadow21
shadow22
shadow23
shadow24
shadow25
shadow26
shadow3
shadow4
shadow5
shadow6
shadow666
shadow69
shadow7
shadow77
shadow8
shadow87
shadow88
shadow89
shadow9
shadow91
shadow92
shadow99
shadowcat
shadowfax
shadowfox
shadowman
shadows
shadows1
shadrach
shady
shady1
shadylady
shadys
shaelyn
shaeshae
shafer
shaffer
shafiq
shafiqah
shagadelic
shagger
shaggin
shagging
shaggy
shaggy1
shaggy2
shaggy2dope
shagrath
shahani
shaheed
shaheen
shahid
shahida
shahidah
shahin
shahir
shahira
shahirah
shahril
shahrukh
shahrukhkhan
shahrul
shahzad
shaider
shaila
shaima
shaina
shaina1
shaine
shaira
shaishai
shaka
shaka1
shakadevirgo
shakara
shakayla
shake
shakeel
shakeem
shakeit
shaker
shakera
shakers
shakes
shakespear
shakespeare
shakey
shaki
shakia
shakil
shakila
shakim
shakir
shakira
shakira1
shakira13
shakirah
shakita
shakti
shakugan
shakur
shakur1
shala
shalala
shalee
shalimar
shalina
shalini
shallom
shallow
shally
shalom
shalom1
shalon
shalonda
shalyn
shalynn
sham69
shamae
shaman
shamanking
shamar
shamar1
shamara
shamari
shambles
shame
shameek
shameka
shamel
shameless
shamia
shamie
shamika
shamil
shamila
shamim
shamir
shamira
shammah
shammy
shamon
shamone
shamoo
shampoo
shampoo1
shamrock
shamrock1
shamrocks
shamus
shan11
shan12
shan123
shana
shana1
shanae
shanae1
shanahan
shanai
shanana
shanay
shanaya
shanaz
shancai
shanda
shandel
shandi
shandon
shandra
shandy
shandy1
shane
shane01
shane03
shane04
shane06
shane07
shane08
shane1
shane10
shane11
shane12
shane123
shane13
shane14
shane143
shane15
shane16
shane18
shane2
shane21
shane22
shane23
shane24
shane3
shane4
shane5
shane69
shane7
shanea
shaneb
shaned
shanee
shaneen
shanef
shanefilan
shaneka
shanel
shanell
shanelle
shanem
shanen
shaneo
shanequa
shaner
shanes
shanese
shanet
shanew
shaneward
shanewest
shaney
shang
shanghai
shango
shangrila
shanguoying
shanguoying123
shanguoying2024
shanguoying2025
shanguoying2026
shanguoying888
shani
shani1
shania
shania1
shaniah
shanice
shanice1
shanie
shaniece
shaniel
shanika
shanine
shaniqua
shanique
shanise
shanita
shaniya
shaniya1
shaniyah
shankar
shanker
shankill
shanks
shanky
shanley
shann0n
shanna
shanna1
shannah
shannan
shannara
shanne
shannel
shannen
shanni
shannie
shannon
shannon01
shannon06
shannon07
shannon09
shannon1
shannon11
shannon12
shannon123
shannon13
shannon2
shannon21
shannon22
shannon23
shannon3
shannon4
shannon5
shannon6
shannon69
shannon7
shannon8
shannon9
shannons
shanny
shanny1
shannyn
shanon
shanshan
shanta
shanta1
shantae
shantal
shantay
shante
shante1
shantel
shantel1
shantell
shantelle
shanti
shanty
shany
shanya
shanz
shaolin
shaoran
shaq32
shaq34
shaquan
shaquana
shaquille
shaquita
shara
sharae
sharan
sharapova
sharay
sharda
shardae
sharday
sharde
share
sharebear
sharee
sharee1
shareef
shareen
sharell
sharelle
sharen
shari
shari1
sharice
sharie
sharif
sharifa
sharifah
shariff
sharika
sharina
sharing
sharingan
sharis
sharita
sharito
shark
shark1
sharkbait
sharkboy
sharkey
sharkie
sharkman
sharks
sharks1
sharktale
sharky
sharky1
sharla
sharleen
sharlene
sharlyn
sharma
sharmaine
sharmane
sharmila
sharmin
sharna
sharni
sharnie
sharod
sharol
sharon
sharon1
sharon123
sharon2
sharona
sharonda
sharp
sharp1
sharpay
sharpe
sharpei
sharpey
sharpie
sharpie1
sharpshooter
sharpy
sharra
sharron
sharry
sharukh
shary
sharyn
shasha
shasha1
shashank
shashi
shasta
shasta1
shatta
shatter
shattered
shaun
shaun1
shaun123
shauna
shauna1
shaunc
shaunda
shauni
shaunie
shaunna
shauns
shaunta
shauntae
shaunte
shauny
shaver
shavon
shavonne
shawarma
shawee
shawie
shawn
shawn01
shawn06
shawn07
shawn08
shawn1
shawn11
shawn12
shawn123
shawn13
shawn16
shawn2
shawn21
shawn22
shawn23
shawn3
shawn4
shawn5
shawn69
shawn7
shawna
shawna1
shawnc
shawnda
shawne
shawnee
shawnee1
shawnie
shawnm
shawnmichaels
shawnna
shawns
shawnta
shawny
shawny1
shawtie
shawty
shawty08
shawty1
shawty10
shawty12
shawty13
shawty14
shawty2
shawty23
shay
shay06
shay07
shay08
shay09
shay1
shay10
shay11
shay12
shay123
shay13
shay14
shay15
shay16
shay17
shay23
shayan
shayboo
shayden
shaye
shayla
shayla1
shaylee
shaylee1
shaylin
shaylyn
shaylynn
shayna
shayna1
shayne
shayne1
shayneward
shayshay
shayshay1
shaz123
shaza
shazam
shazia
shazza
shazzy
shea
shean
sheann
sheanne
shearer
shearer9
sheart
sheashea
sheba
sheba1
sheba123
sheba2
shebadog
shebas
sheccid
sheckler
sheckler1
shedevil
shedrule
sheeba
sheeba1
sheeda
sheehan
sheela
sheema
sheen
sheena
sheena1
sheep
sheep1
sheepdog
sheeps
sheepy
sheera
sheetal
sheets
sheeva
sheffield
sheffwed
sheikh
sheila
sheila1
sheila12
sheilamae
sheilaon7
sheilla
sheina
shekina
shekinah
shela
shelbi
shelbie
shelbo
shelby
shelby!
shelby01
shelby02
shelby05
shelby06
shelby08
shelby1
shelby11
shelby12
shelby123
shelby13
shelby14
shelby2
shelby22
shelby3
shelby4
shelby5
shelby7
shelby8
shelby9
shelbygt500
sheldon
sheldon1
shelia
shelina
shell
shell1
shell123
shella
shellbell
shelle
shelley
shelley1
shellfish
shelli
shellie
shello
shells
shelly
shelly1
shelly12
shelly123
shelly13
shelly2
shellyann
shellybelly
shellz
shelter
sheltie
shelton
shelton1
shemar
shena
shenae
shenelle
sheng
shenice
shenika
shenise
shenlong
shenna
shenny
shenshen
shepard
sheperd
shepherd
sheppard
sheppy
shera
sheraton
sherbear
sherbert
sherbet
sheree
sheree1
shereen
sherell
sherelle
sherelyn
sherene
sheri
sherica
sherice
sheridan
sheridan1
sherie
sherif
sheriff
sherika
sheril
sherilyn
sherin
sherina
sherine
sherise
sherita
sherley
sherlock
sherlock1
sherlockholmes
sherly
sherlyn
shermaine
sherman
sherman1
sheron
sherpa
sherra
sherrell
sherri
sherrie
sherrie1
sherrill
sherrod
sherry
sherry1
sherryann
sherryl
shervin
sherwin
sherwood
sherwood1
sheryl
sheryll
sheryn
shesha
sheshe
sheshe1
shetland
sheva
sheva7
shevchenko
shevon
shewolf
shexii
sheyanne
sheyenne
sheyla
sheylita
shezza
shiann
shianne
shiawase
shibal
shibby
shibby1
shibuya
shicone
shicone123
shicone2024
shicone2025
shicone2026
shicone888
shiela
shielamae
shield
shields
shiella
shiena
shift
shift1
shifter
shifty
shihtzu
shikamaru
shikha
shikin
shikita
shila
shilo
shiloh
shiloh1
shilow
shilpa
shima
shimano
shimingchina
shimingchina123
shimingchina2024
shimingchina2025
shimingchina2026
shimingchina888
shimmer
shimmer1
shimmy
shimmy1
shina
shinchan
shindig
shine
shine1
shinedown
shinedown1
shinee
shineon
shiner
shines
shiney
shing
shinhwa
shinian
shinichi
shinichikudo
shinigami
shining
shiningstar
shinji
shinny
shino
shinobi
shinobu
shinoda
shinsawada
shinshin
shinta
shintaro
shiny
shinya
shippo
shippo1
shippuden
shippuuden
shipuden
shira
shiraz
shireen
shirin
shirley
shirley1
shirly
shiro
shisha
shishi
shit
shit1
shit11
shit12
shit123
shit22
shit69
shitass
shitbag
shitballs
shitbrick
shite
shiter
shitface
shitface1
shitfaced
shitfuck
shithappens
shithead
shithead!
shithead1
shithead2
shithole
shitka
shitman
shits
shitshit
shitson
shitter
shitty
shitty1
shity
shityou
shitzu
shiva
shivam
shivani
shiver
shivers
shiznit
shizuka
shizzle
shizzle1
shlong
shlonggang
shlonggang123
shlonggang2024
shlonggang2025
shlonggang2026
shlonggang888
shmily
shoaib
shobe
shock
shocker
shocker1
shockers
shockey
shocking
shocks
shockwave
shodan
shoebox
shoelace
shoes
shoes1
shogun
shohoku
shona
shonagh
shonda
shonda1
shoney
shonna
shonny
shonta
shontae
shonte
shontel
shontelle
shonuff
shooby
shooshoo
shoot
shooter
shooter1
shooters
shooting
shootingstar
shootme
shopaholic
shopgirl
shoping
shopper
shopper1
shoppin
shopping
shopping!
shopping1
shopping123
shopping2
shopping4
shopping7
short
short1
shortay
shortbread
shortbus
shortcake
shortcake1
shortcut
shorte
shortee
shorti
shorti1
shortie
shortie1
shorties
shortii
shortman
shorts
shortshit
shortstop
shortstuff
shorty
shorty!
shorty#1
shorty.
shorty01
shorty02
shorty03
shorty04
shorty05
shorty06
shorty07
shorty08
shorty09
shorty1
shorty10
shorty101
shorty11
shorty12
shorty123
shorty13
shorty14
shorty140
shorty15
shorty16
shorty17
shorty18
shorty19
shorty2
shorty20
shorty21
shorty22
shorty23
shorty24
shorty25
shorty26
shorty27
shorty3
shorty32
shorty33
shorty4
shorty420
shorty4life
shorty5
shorty55
shorty6
shorty69
shorty7
shorty77
shorty8
shorty84
shorty87
shorty88
shorty89
shorty9
shorty90
shorty91
shorty92
shorty93
shorty94
shortys
shosho
shotgun
shotgun1
shotokan
shotput
shotta
shottas
shotter
shovel
showbiz
showcase
showdown
shower
shower1
showers
showgirl
showjumping
showme
showmethemoney
showoff
showstopper
showtime
showtime1
shraddha
shreck
shredder
shrek
shrek1
shrek2
shrek3
shrestha
shrewsbury
shreya
shrimp
shrimp1
shrimpy
shroom
shrooms
shruti
shuffle
shugar
shuggie
shuggy
shuhada
shuichi
shukri
shunda
shunga
shunta
shuriken
shushi
shushu
shut up
shutdown
shutter
shutterbug
shutthefuckup
shuttle
shutup
shutup!
shutup1
shutup2
shuyin
shweta
shy123
shyann
shyann1
shyanna
shyanne
shyanne1
shyboy
shygirl
shygirl1
shygurl
shygurl1
shyguy
shyla
shylah
shylock
shyne
shyness
shyone
shyra
shyshy
shyshy1
shzyjjzz
shzyjjzz123
shzyjjzz2024
shzyjjzz2025
shzyjjzz2026
shzyjjzz888
siagian
siahaan
siakol
sialan
siamese
siantar
siaosi
siberia
siberian
sicantik
sicario
sicilia
sicily
sickboy
sickness
sicnarf
siddharth
sidekick
sidekick1
sidekick2
sidekick3
sideout
sideshow
sidewalk
sideways
sidewinder
sidney
sidney1
sidney2
sidoarjo
sidonia
sidsid
sidvicious
siegfried
siemens
siemens1
siempre
siemprecontigo
siemprejuntos
siempreteamare
siempretu
siempretuya
siempreyo
siena
sienna
sienna1
sierra
sierra01
sierra1
sierra11
sierra12
sierra123
sierra13
sierra2
sierra21
sierra23
sierra3
sierra4
sierra5
sierra6
sierra7
sierra99
siesta
siete
siete7
sigma
sigma3
sigmachi
sigmund
signal
signature
signin
signon
signout
signs
signup
sigrid
sihombing
sikreto
silalahi
silas
silence
silence1
silencer
silencio
silent
silent1
silent13
silenthill
silentkiller
silicon
silkmachine
silkmachine123
silkmachine2024
silkmachine2025
silkmachine2026
silkmachine888
silkroad
silky
silky1
silla
silliman
silly
silly1
silly123
silly2
silly7
sillybilly
sillyboy
sillyfools
sillygirl
sillygirl1
sillygoose
sillyme
sillyme1
sillymoo
sillysally
sillywilly
silva
silva1
silvan
silvana
silvanita
silvano
silveira
silver
silver01
silver07
silver08
silver1
silver10
silver11
silver12
silver123
silver13
silver14
silver16
silver17
silver18
silver2
silver21
silver22
silver23
silver24
silver25
silver3
silver33
silver4
silver5
silver69
silver7
silver77
silver9
silverado
silverado1
silverback
silverblue
silverbullet
silverchair
silverfish
silverfox
silveria
silverio
silverman
silvermist
silvermoon
silverplus-intl
silverplus-intl123
silverplus-intl2024
silverplus-intl2025
silverplus-intl2026
silverplus-intl888
silverplusintl
silverplusintl123
silverplusintl2024
silverplusintl2025
silverplusintl2026
silverplusintl888
silvers
silverstar
silverstein
silverstone
silverwolf
silvester
silvestre
silvi
silvia
silvia1
silvie
silvina
silvino
silvio
silvita
silviu
simang
simanjuntak
simao
simba
simba1
simba11
simba12
simba123
simba13
simba2
simba23
simba3
simba7
simbacat
simbad
simbadda
simbas
simber
simbhu
simbolon
simcity
simeon
simina
simion
simmie
simmons
simmons1
simmy
simoes
simon
simon1
simon12
simon123
simon2
simon3
simona
simonbolivar
simone
simone1
simone12
simone13
simone2
simonel
simoneta
simonica
simonik
simons
simonsays
simpati
simpatica
simpatico
simpel
simple
simple plan
simple1
simple123
simple2
simplegirl
simplegurl
simpleguy
simplelang
simplelife
simpleman
simpleme
simplemente
simplementeyo
simpleplan
simples
simplicity
simplu
simply
simplyme
simplythebest
simpson
simpson1
simpsons
simpsons1
simpsons123
simran
sims123
sims2
simsim
simson
sinaga
sinai
sinaloa
sinaloa1
sinatra
sinbad
sinbandera
sincan
sincera
sincere
sincere1
sinceridad
sincero
sinchan
sincity
sinclair
sindel
sindhu
sindy
sinead
sinead1
sinfonia
sinful
sing
sing4u
singapore
singasong
singel
singer
singer1
singer12
singer2
singers
singh
singing
singing1
singkit
singko
single
single!
single01
single06
single07
single08
single09
single1
single101
single11
single12
single123
single13
single14
single15
single16
single17
single18
single2
single21
single22
single23
single26
single3
single4
single4eva
single4life
single4now
single5
single69
single7
single8
singleagain
singleako
singlegirl
singlelady
singlelife
singlemom
singles
singleton
singsing
singson
singsong
singstar
singura
sinichi
sinigang
sininho
sinister
sinned
sinner
sinner1
sinsin
sinta
sinterklaas
sintia
sintra
sintuamor
siobhan
siobhan1
siomai
siomara
sione
sioned
siopao
siquijor
sirait
siraulo
siregar
siren
sirena
sirenas
sirene
sirenele
sirenita
siriporn
sirirat
sirius
siriusblack
siriwan
sirrah
sis4life
sisepuede
sisilia
sisisi
siska
sisley
sison
sissi
sissie
sissy
sissy01
sissy1
sissy12
sissy123
sissy13
sissy2
sissy3
sissy69
sissygirl
sissys
sista
sistah
sistas
sistem
sistema
sistemas
sistemofadown
sister
sister1
sister12
sister123
sister2
sister3
sister4
sister5
sister7
sisteract
sisterhood
sisters
sisters1
sisters2
sisters3
sisters4
sisters4ever
sisters4life
sithlord
sitihajar
sitorus
sittie
situmorang
sivaji
sivart
six666
six6six
sixela
sixers
sixers1
sixers3
sixfeetunder
sixflags
sixkids
sixpack
sixpence
sixsix
sixsix6
sixsixsix
sixteen
sixteen16
sixty6
sixty9
sixtynine
siyete
sizemore
sizuka
sizzla
sizzle
sizzle1
sizzler
sizzling
sjoerd
sk1ttles
sk84ever
sk84life
sk8board
sk8boarding
sk8er
sk8er1
sk8er4life
sk8erboi
sk8erboy
sk8erchick
sk8erdude
sk8ergirl
sk8ergrl
sk8ergurl
sk8ers
sk8forlife
sk8gr8
sk8ing
sk8ordie
sk8rboi
sk8rboy
sk8rgrl
sk8sk8
sk8ter
sk8terboi
sk8terboy
sk8tergirl
sk8ters
skandalo
skandar
skank
skank1
skanks
skanky
skapunk
skaska
skaskaska
skata
skate
skate1
skate101
skate11
skate12
skate123
skate13
skate2
skate22
skate3
skate4
skate4life
skate7
skate8
skateboard
skateboarder
skateboarding
skateforlife
skateordie
skatepark
skatepunk
skater
skater!
skater1
skater10
skater101
skater11
skater12
skater123
skater13
skater14
skater15
skater16
skater2
skater24
skater3
skater4
skater4life
skater5
skater6
skater69
skater7
skater8
skater9
skaterboi
skaterboy
skaterboy1
skaterdude
skatergirl
skaters
skaters1
skates
skating
skating1
skechers
skeet
skeet1
skeeter
skeeter1
skeetskeet
skeleton
skellington
skelly
skeptron
sketch
skibum
skidmore
skidoo
skidrow
skiing
skiline
skillet
skillet1
skills
skillz
skimmer
skinhead
skinhead1
skinheads
skinner
skinner1
skinny
skinny1
skiper
skipper
skipper1
skippy
skippy1
skippy12
skippy123
skippy2
skiski
skittle
skittle1
skittles
skittles!
skittles08
skittles1
skittles11
skittles12
skittles123
skittles13
skittles14
skittles2
skittles22
skittles23
skittles3
skittles4
skittles5
skittles7
skittles8
skittlez
skittlez1
skitty
skitzo
skooby
skool
skoolsux
skooter
skooter1
skopje
skorpija
skorpio
skorpion
skull
skull1
skulls
skulls1
skully
skullz
skunk
skunk2
skunks
skunky
skuter
skxclean
skxclean123
skxclean2024
skxclean2025
skxclean2026
skxclean888
sky123
skyangel
skybaby
skyblade
skyblue
skyblue1
skydive
skydiver
skydiving
skye123
skyflakes
skyhawk
skyhigh
skyla
skyla1
skylar
skylar06
skylar1
skylark
skyler
skyler01
skyler05
skyler1
skyler2
skyler3
skylight
skyline
skyline1
skyline123
skyline34
skyline7
skylinegtr
skyliner
skyliner34
skylines
skylove
skylynn
skynet
skynyrd
skysky
skysky1
skywalker
skywalker1
slacker
slacker1
slade
slamdunk
slamet
slammer
slammin
slank
slanker
slankers
slapnuts
slappa
slapper
slappy
slapshock
slapshot
slash
slash1
slasher
slater
slater1
slatina
slatka
slatkica
slaughter
slave
slave1
slave4u
slaves
slavica
slayer
slayer1
slayer12
slayer123
slayer2
slayer6
slayer666
slayer69
slayers
slazenger
slb4ever
slbenfica
slbslb
sledge
sleep
sleep1
sleeper
sleeping
sleeping1
sleepingbeauty
sleepless
sleepover
sleepy
sleepy1
sleepy13
sleepyhead
slick
slick1
slickem
slicker
slickrick
slicks
slide
slide1
slider
sliders
slides
slideshow
slideshow1
slideshows
slidshow
slifer
sligons
slim
slim12
slim69
slimer
slimfast
slimjim
slimjim1
slimshady
slimshady1
slimthug
slingshot
slinky
slinky1
slipknot
slipknot0
slipknot1
slipknot12
slipknot123
slipknot13
slipknot2
slipknot3
slipknot6
slipknot66
slipknot666
slipknot69
slipknot7
slipknot8
slipknot9
slipkorn
slipnot
slipper
slippers
slippers1
slippery
slippy
slither
sliver
slniecko
sloan
sloane
sloboz
sloopy
sloppy
slovakia
slovenija
slowdown
slowly
slowmotion
slowpoke
slugbug
slugger
slugger1
sluggo
slumber
slunicko
slurpee
slut
slut69
slutbag
slutface
slutty
slyfox
slytherin
slyvester
sm1234
smack
smack1
smackdown
smackdown1
smackers
smacks
smackthat
small
small1
smallboy
smallfry
smalls
smalls1
smallville
smallwood
smally
smansa
smarie
smart
smart1
smartass
smartass1
smartboy
smarter
smartgirl
smartgurl
smartguy
smartie
smarties
smartkid
smartone
smarts
smarty
smarty1
smartypants
smash
smash1
smasher
smashing
smeagle
smeagol
smecher
smechera
smecherita
smecheru
smecherul
smeghead
smegma
smell
smells
smelly
smelly1
smelly123
smelly2
smellybelly
smellybum
smellycat
smellyellie
smellyfeet
smellypoo
smellysocks
smexy
smidge
smiffy
smiggle
smil3y
smile
smile!
smile.
smile01
smile04
smile06
smile07
smile08
smile09
smile1
smile10
smile101
smile11
smile12
smile123
smile1234
smile13
smile14
smile15
smile16
smile17
smile18
smile2
smile20
smile21
smile22
smile23
smile24
smile247
smile25
smile3
smile33
smile4
smile4ever
smile4me
smile4u
smile5
smile6
smile69
smile7
smile77
smile8
smile88
smile9
smile99
smile:)
smilealways
smilebig
smiled
smilee
smileface
smileforever
smileforme
smilenow
smiler
smiles
smiles!
smiles1
smiles2
smiles4u
smiles5
smilesmile
smiley
smiley!
smiley01
smiley07
smiley1
smiley10
smiley101
smiley11
smiley12
smiley123
smiley13
smiley14
smiley15
smiley16
smiley2
smiley21
smiley22
smiley3
smiley4
smiley5
smiley69
smiley7
smileyface
smileymiley
smileys
smilez
smilez1
smilie
smilies
smiling
smille
smilyface
smirnoff
smirnoff1
smith
smith1
smith12
smith123
smith14
smith2
smithers
smiths
smithy
smithy1
smitten
smitty
smitty1
smoke
smoke1
smoke2
smoke20
smoke420
smokedog
smokee
smokeit
smokeone
smokeout
smokepot
smoker
smoker1
smokers
smokes
smokeweed
smokeweed1
smokey
smokey!
smokey01
smokey06
smokey07
smokey08
smokey1
smokey10
smokey101
smokey11
smokey12
smokey123
smokey13
smokey14
smokey15
smokey2
smokey21
smokey22
smokey23
smokey24
smokey3
smokey4
smokey420
smokey5
smokey6
smokey69
smokey7
smokey8
smokeybear
smokeyjoe
smokie
smokie1
smokin
smokin1
smokin420
smoking
smoking1
smokingkills
smoky
smoky1
smooch
smooch1
smooches
smooches1
smoochie
smoochies
smoochy
smooth
smooth1
smoothie
smoothie1
smoothies
smoothy
smoove
smores
smriti
smuckers
smudge
smudge1
smudge123
smudger
smudgie
smukke
smurf
smurf1
smurfet
smurfette
smurff
smurfs
smurfy
sn00py
snacks
snail
snails
snake
snake1
snake123
snake2
snakebite
snakeeater
snakeeyes
snakeman
snakepit
snakes
snakes1
snakey
snapdragon
snapon
snapper
snapper1
snapple
snapple1
snappy
snapshot
snaredrum
snatch
snazzy
sneaker
sneakers
sneakers1
sneaky
sneaky1
sneddon
sneeze
sneezy
snezana
snicker
snicker1
snickerdoodle
snickers
snickers!
snickers1
snickers11
snickers12
snickers123
snickers2
snickers3
snickers5
snickers7
snickerz
snider
sniffer
sniffles
sniffy
snikers
sniper
sniper1
snipers
snipes
snipper
snitch
snoball
snoepie
snoepje
snoogans
snoogins
snooker
snookie
snookie1
snooks
snookums
snooky
snoop
snoop1
snoop12
snoop123
snoop3
snoopdog
snoopdog1
snoopdogg
snoopdogg1
snooper
snoopie
snoops
snoopy
snoopy!
snoopy01
snoopy05
snoopy06
snoopy08
snoopy1
snoopy10
snoopy101
snoopy11
snoopy12
snoopy123
snoopy13
snoopy14
snoopy15
snoopy16
snoopy17
snoopy2
snoopy21
snoopy22
snoopy23
snoopy24
snoopy3
snoopy4
snoopy5
snoopy6
snoopy69
snoopy7
snoopy8
snoopy88
snoopy9
snoopydog
snooze
snoppy
snorlax
snotface
snotty
snow
snow11
snow12
snow123
snow13
snowangel
snowbaby
snowball
snowball1
snowball11
snowball12
snowball2
snowball3
snowball7
snowballs
snowbear
snowbell
snowbird
snowboard
snowboard1
snowboarder
snowboarding
snowbunny
snowbunny1
snowcone
snowday
snowden
snowdog
snowdogs
snowdrop
snowey
snowfall
snowflake
snowflake1
snowflake2
snowflakes
snowgirl
snowhite
snowie
snowing
snowman
snowman1
snowman2
snowmen
snowpatrol
snowqueen
snowsnow
snowwhite
snowwhite1
snowy
snowy1
snowy123
snuffel
snuffie
snuffle
snuffles
snuffy
snuffy1
snuggle
snuggle1
snugglebear
snugglebug
snugglebunny
snuggles
snuggles1
snuggles2
snuggles3
snugglez
snuitje
snyder
soar123
soare
soarele
soares
sober1
soberano
sobolan
sobrenatural
sobriety
sobrina
sobrino
sobrinos
socal
socc3r
soccer
soccer!
soccer#1
soccer*
soccer.
soccer0
soccer00
soccer01
soccer02
soccer03
soccer04
soccer05
soccer06
soccer07
soccer08
soccer09
soccer1
soccer10
soccer101
soccer11
soccer12
soccer123
soccer1234
soccer13
soccer14
soccer15
soccer16
soccer17
soccer18
soccer19
soccer2
soccer20
soccer21
soccer22
soccer23
soccer24
soccer25
soccer26
soccer27
soccer28
soccer29
soccer3
soccer30
soccer31
soccer32
soccer33
soccer34
soccer36
soccer4
soccer44
soccer45
soccer4life
soccer5
soccer55
soccer6
soccer66
soccer69
soccer7
soccer77
soccer8
soccer86
soccer87
soccer88
soccer89
soccer9
soccer90
soccer91
soccer92
soccer93
soccer94
soccer95
soccer96
soccer97
soccer98
soccer99
soccerbabe
soccerball
soccerboy
soccerchic
soccerchick
soccerdude
soccerfan
soccerfreak
soccergal
soccergirl
soccergurl
soccerlover
soccerman
soccermom
socceroos
soccerplayer
soccerrocks
soccerrox
soccerrules
soccerstar
soccerstud
soccor
social
sociales
society
sociologia
sociology
socker
socks
socks1
socks123
soclose
socom2
socom3
socool
socorro
socram
socrate
socrates
socute
sodaestereo
sodapop
sodapop1
sodastereo
soeusei
sofaki
sofetch
sofia
sofia1
sofia123
sofia2
sofiaa
sofiam
sofian
sofias
sofiateamo
sofie
sofija
sofine
sofresh
softball
softball!
softball.
softball00
softball01
softball02
softball03
softball04
softball05
softball06
softball07
softball08
softball09
softball1
softball10
softball101
softball11
softball12
softball123
softball13
softball14
softball15
softball16
softball17
softball18
softball19
softball2
softball20
softball21
softball22
softball23
softball24
softball25
softball26
softball27
softball28
softball3
softball30
softball31
softball32
softball33
softball34
softball4
softball44
softball5
softball6
softball7
softball77
softball8
softball88
softball9
softball99
softballchick
softballgirl
softballrocks
softtail
software
sognare
sogood
sohail
sohappy
soinlove
soinlove1
sokissme
sokker
sol123
solace
solamente
solamentetu
solamenteyo
solana
solange
solangel
solano
solar
solara
solari
solaris
solarsystem
solcito
soldado
soldat
soldier
soldier1
soldiers
soldout
solecito
soleda
soledad
soledad1
soleha
solehah
soleil
solero
soles
solesito
solid
solidaridad
solido
solidsnake
solidus
solihin
soliman
solimar
solis
solita
solitaire
solitaria
solitario
solito
solitude
soliven
soljah
solluna
solmar
solo123
solodios
soloio
soloman
solomio
solomon
solomon1
solonely
solongo
soloparami
soloparati
soloporhoy
soloporti
solorio
solorzano
solosolo
soloteamo
solotu
solotuya
solotuyyo
solovino
soloyo
soloyolose
soloyose
solrac
solsito
solskjaer
solsol
solstice
solteira
soltera
solterita
soltero
soluna
solution
solyluna
solymar
somali
somalia
somaliland
sombra
sombras
sombrero
somchai
somebody
someday
someday1
someone
someone1
somers
somerset
somethin
something
something1
something2
sometime
sometimes
somewhere
sommer
somostuyyo
sompong
somsak
somsom
son123
sonali
sonam
sonata
sondra
soneca
songbird
songbird1
songhyekyo
songohan
songoku
songs
sonhadora
sonhos
sonia
sonia1
sonia123
soniaa
sonias
sonic
sonic1
sonic12
sonic123
sonic2
sonic3
sonic5
sonic7
sonicboom
sonick
sonico
sonics
sonicx
sonido
sonika
soninha
sonita
soniya
sonja
sonne
sonnenschein
sonnet
sonnie
sonny
sonny1
sonny123
sonnybill
sonnyboy
sonnymoore
sonofabitch
sonofdork
sonofgod
sonoma
sonoma1
sonora
sonrics
sonrie
sonriesiempre
sonrisa
sonrisas
sonshine
sonson
sony12
sony123
sonya
sonya1
sonyericson
sonyericsson
sonypsp
sonysony
sonyvaio
sookie
sooner
sooner1
sooners
sooners1
sootie
sooty
sooty1
sooty123
sopas
soph123
sophia
sophia01
sophia06
sophia07
sophia1
sophia12
sophia123
sophia2
sophia3
sophie
sophie!
sophie01
sophie04
sophie05
sophie06
sophie07
sophie08
sophie1
sophie10
sophie101
sophie11
sophie12
sophie123
sophie1234
sophie13
sophie16
sophie2
sophie22
sophie3
sophie4
sophie5
sophie6
sophie7
sophisticated
sophmore
sophomore
sopink
sopita
soprano
soprano1
sopranos
sopretty
sora123
soraia
soraida
sorana
soraya
soraya1
sorcerer
sorceress
sorcha
sorensen
sorento
soria
soriano
soricel
sorin
sorina
sorinel
sorpresa
sorrento
sorriso
sorrow
sorry
sorry1
sorsogon
sorted
sos123
sosa21
sosexy
sosexy1
sosick
sosick1
sosimple
sosodef
sosolid
sososo
sossos
sossy
sossygirl
sosweet
sosyal
sotelo
sotero
sotnas
sotong
souleater
soulfly
soulfood
soulja
soulja1
souljaboi
souljaboy
souljaboy1
souljagirl
souljagurl
souljah
soulkeeper
soulm8
soulman
soulmate
soulmate1
soulmates
soulreaver
sound
soundgarden
sounds
soundwave
sourapple
source
sourcream
souris
sousa
sousou
south
south1
south13
southafrica
southampton
southbeach
southcarolina
southeast
southend
southern
southern1
southgate
southkorea
southpark
southpark1
southpaw
southpole
southpole1
southport
souths
southside
southside1
southside13
southside2
southside3
southsider
southwest
southwest1
sovereign
soviet
sowhat
sowhat1
soybella
soybonita
soychingon
soycool
soydelverde
soydivina
soyelmejor
soyemo
soyemoyque
soyfeliz
soygay
soygenial
soyguapo
soyhermosa
soylaley
soylamaslinda
soylamejor
soylaunica
soylibre
soylinda
soyloca
soylomaximo
soylomejor
soymuyfeliz
soyrebelde
soysexi
soysexy
soysoy
soysuper
soyunamor
soyunangel
soyunaperra
soyunaprincesa
soyunica
soyyo
sp0ngeb0b
space
space1
space123
space2
spacebar
spacejam
spaceman
spacemonkey
spacer
spaces
spaceship
spacey
spade
spades
spades1
spagetti
spaghetti
spain
spain1
spalding
spammy
spandex
spangle
spania
spaniel
spanish
spanish1
spanje
spankey
spankie
spankme
spankme1
spanky
spanky1
spanky123
spanky2
spanky3
spanky69
spanna
spanner
sparco
sparda
spark
spark1
sparkels
sparkey
sparkey1
sparki
sparkie
sparkie1
sparkle
sparkle1
sparkle12
sparkle123
sparkle2
sparkle3
sparkle4
sparkle5
sparkle7
sparkles
sparkles1
sparklez
sparkling
sparkly
sparkplug
sparks
sparks1
sparky
sparky01
sparky06
sparky1
sparky10
sparky11
sparky12
sparky123
sparky13
sparky2
sparky22
sparky3
sparky5
sparky69
sparky7
sparky8
sparkz
sparrow
sparrow1
sparta
spartacus
spartan
spartan1
spartan117
spartans
spartans1
sparticus
sparty
spastic
spatula
spaulding
spawn
spawn1
spazz
spazzy
speaker
speaker1
speakers
speakers1
spearmint
spears
special
special1
special2
speciala
specialed
specialist
specialized
specialk
specialk1
speckle
speckles
specky
spectac
spectac1
spectacular
spectra
spectre
spectrum
speech
speechless
speed
speed1
speed2
speedo
speedracer
speeds
speedster
speedtouch
speedway
speedway1
speedy
speedy1
speedy11
speedy12
speedy13
speedy2
speedy3
spellbound
spelling
spellman
spells
spence
spencer
spencer07
spencer1
spencer12
spencer123
spencer2
spencer3
spencer5
spencer7
spencers
spensa
spenser
speranta
spetter
sphere
sphinx
sphynx
spice
spice1
spice123
spiceboy
spicegirl
spicegirls
spicer
spices
spicey
spicy
spicy1
spider
spider-man
spider1
spider11
spider123
spider13
spider2
spider3
spider7
spiderboy
spidergirl
spiderman
spiderman!
spiderman1
spiderman12
spiderman123
spiderman2
spiderman3
spiderman4
spiderman5
spiderman6
spiderman7
spiderman8
spiderman9
spidermonkey
spiderpig
spiderpig1
spiders
spiderweb
spiderwick
spidey
spidey1
spiffy
spike
spike01
spike1
spike11
spike12
spike123
spike13
spike14
spike2
spike21
spike22
spike3
spike5
spike7
spiked
spikee
spikelee
spiker
spikers
spikes
spikes1
spikey
spikey1
spikie
spinach
spinal
spinner
spinner1
spinners
spinning
spioanele
spiral
spiridus
spirit
spirit1
spirit3
spirits
spiritual
spiros
spitfire
spitfire1
splash
splash1
spleen
splendid
spliff
splinter
splintercell
splodge
spoiled
spoiled1
spoiled2
spoiledbrat
spoiler
spoilt
spokane
spoken
spongbob
spongbob1
sponge
sponge1
sponge12
sponge123
sponge2
spongebob
spongebob!
spongebob.
spongebob0
spongebob01
spongebob07
spongebob1
spongebob10
spongebob101
spongebob11
spongebob12
spongebob123
spongebob13
spongebob14
spongebob15
spongebob2
spongebob23
spongebob3
spongebob4
spongebob5
spongebob6
spongebob7
spongebob8
spongebob9
spongebobsquarepants
spongecola
spongey
spongie
spongy
spook
spook1
spookey
spookie
spooks
spooky
spooky1
spooky13
spoon
spoon1
spooner
spoons
spoony
sport
sport1
sportgirl
sporting
sporting1
sports
sports!
sports1
sports11
sports12
sports13
sports2
sports23
sports3
sports4
sports5
sports7
sportscar
sportsgirl
sportsman
sportster
sporty
sporty1
sportygirl
sportz
spot123
spotdog
spotlight
spots
spottie
spotty
spotty1
spottydog
sprewell
spring
spring05
spring06
spring07
spring08
spring1
spring77
spring99
springbreak
springer
springfield
springhill
springs
springsteen
springtime
sprinkle
sprinkles
sprint
sprint1
sprinter
sprite
sprite!
sprite1
sprocket
sprouse
sprout
spruce
sprung
spuddy
spunk
spunky
spunky1
spunky2
spurs
spurs1
spurs123
spurs20
spurs21
sputnik
spyder
spyder1
spykid
spykids
squad
squadup
squall
square
square1
squarepants
squash
squeak
squeak1
squeaker
squeakers
squeaks
squeaky
squeaky1
squeek
squeeky
squeeze
squidge
squids
squidward
squiggle
squiggles
squire
squirrel
squirrel1
squirrels
squirt
squirt1
squirtle
squish
squishy
squishy1
sr2007
sr20det
srbija
srcence
srijana
srilanka
srinivas
sriram
ss1234
ss501
ssecnirp
ssgoku
sslazio
sss123
sssss
ssssss
sssssss
ssssssss
sssssssss
ssssssssss
st.jimmy
st.louis
st3ph3n
st3phani3
st3v3n
staana
stabilo
stable
stables
stace
stacey
stacey01
stacey1
stacey12
stacey123
stacey2
staci
stacia
stacie
stacie1
stacks
stacy
stacy1
stacy123
stad
stad123
stad2024
stad2025
stad2026
stad888
stadium
stafford
staffy
stagecoach
staind
staind1
stainless
stairs
stairway
stalin
stalker
stalker1
stallion
stallion1
stallions
stallone
stamaria
stamford
stamina
stampede
stamper
stampertje
stamps
stanciu
standard
standby
standbyme
standing
standrews
standup
stanford
stang
stanger
stank
stank1
stanka
stanky
stanlee
stanley
stanley1
stanly
stantheman
stanton
staple
stapler
staples
staples1
stapleton
star
star00
star01
star02
star03
star04
star05
star06
star07
star08
star09
star1
star10
star100
star101
star11
star12
star123
star1234
star12345
star13
star14
star143
star15
star16
star17
star18
star19
star20
star2000
star2006
star2008
star21
star22
star23
star24
star25
star26
star27
star28
star29
star30
star32
star33
star44
star45
star5
star52
star55
star56
star66
star67
star69
star7
star77
star777
star7827
star82
star84
star85
star86
star87
star88
star89
star90
star91
star92
star93
star94
star95
star96
star97
star99
starangel
starbabe
starbaby
starbar
starblue
starboy
starbright
starbuck
starbucks
starbucks1
starburst
starburst1
starcat
starchild
starcraft
starcraft1
stardoll
stardom
stardust
stardust1
stares
starfire
starfire1
starfish
starfish1
starfox
starfruit
stargate
stargate1
stargatesg1
stargazer
stargirl
stargirl1
stargurl
starkey
starks
starky
starla
starla1
starlet
starlight
starlight1
starlin
starling
starlite
starlite1
starlove
starmaker
starman
starme
starmoon
starone
starpink
starpower
starr
starr1
starr123
starr3
starrr
starrs
starry
starry1
starrynight
starrz
stars
stars!
stars*
stars07
stars08
stars1
stars101
stars11
stars12
stars123
stars13
stars14
stars2
stars21
stars22
stars23
stars3
stars4
stars5
stars6
stars7
stars8
stars9
starscream
starshine
starship
starsky
starss
starstar
starstruck
start
start1
start123
started
starter
starting
startrek
startrek1
starts
startup
starwar
starwars
starwars1
starwars12
starwars2
starwars3
starwind
starz
starz1
starz123
starz13
starzz
stasha
stasia
state
state1
statechamp
statechamps
statement
states
static
static1
staticx
station
station1
status
stavros
stawberry
stayaway
staycool
stayfly
stayfly1
stayfresh
stayoff
stayout
stayout!
stayout1
staytrue
staywithme
steady
steak
steaks
stealth
stealth1
steaua
steauabucuresti
steel
steel1
steele
steeler
steeler1
steelers
steelers1
steelers36
steelers43
steelers7
steelers86
steenbok
steeve
stef123
stefa
stefan
stefan1
stefana
stefanel
stefani
stefani1
stefania
stefanie
stefanie1
stefanny
stefano
stefanos
stefany
stefany1
steff
steff1
steffan
steffani
steffanie
steffany
steffen
steffi
steffie
steffy
stefi
stefon
stefy
steiner
stela
stelian
stelios
stelist
stelista
stelistu
stella
stella1
stella12
stella123
stella2
stella3
stellar
stellar1
stellina
steluta
stelute
stelutza
steph
steph01
steph05
steph06
steph07
steph08
steph09
steph1
steph10
steph101
steph11
steph12
steph123
steph13
steph14
steph15
steph16
steph17
steph18
steph19
steph2
steph21
steph22
steph23
steph24
steph3
steph4
steph5
steph69
steph7
steph88
steph89
steph92
stepha
stephaine
stephan
stephan1
stephane
stephani
stephania
stephanie
stephanie!
stephanie1
stephanie123
stephanie2
stephanie3
stephanie7
stephannie
stephanny
stephano
stephany
stephany1
stephen
stephen07
stephen1
stephen12
stephen123
stephen13
stephen2
stephen21
stephen3
stephen4
stephen5
stephen7
stephenie
stephens
stephenson
stephers
stephi
stephie
stephie1
stepho
stephon
stephon1
stephy
stephy1
steponme
steps
stepup
stepup2
stereo
stereophonics
sterling
sterling1
sternchen
steroids
sterretje
stetson
stevan
steve
steve-o
steve01
steve07
steve1
steve11
steve12
steve123
steve13
steve143
steve2
steve21
steve22
steve23
steve3
steve5
steve69
stevee
steveg
steveirwin
steven
steven!
steven.
steven01
steven05
steven06
steven07
steven08
steven09
steven1
steven10
steven101
steven11
steven12
steven123
steven13
steven14
steven15
steven16
steven17
steven18
steven19
steven2
steven21
steven22
steven23
steven24
steven3
steven4
steven5
steven6
steven69
steven7
steven8
steven88
steven9
stevenash
stevengerrard
stevens
stevens1
stevenson
steveo
steveo1
steves
stevevai
stevey
stevie
stevie1
stevieg
stevieg8
stevo
stevo1
steward
stewart
stewart1
stewart20
stewie
stewie1
stewie2
stfrancis
stgeorge
sthefany
sthelens
stich
stick
sticker
stickers
stickit
stickman
sticks
sticks1
stickwitu
sticky
sticky1
stiffler
stiffy
stifler
stigma
stigmata
stiletto
still
stillinlove
stillwater
stimpy
stina
stina1
sting
sting1
stinger
stinger1
stingers
stingray
stingy
stink
stink1
stinka
stinker
stinker1
stinkerbell
stinkie
stinks
stinky
stinky01
stinky1
stinky2
stinkybutt
stinkyfeet
stinson
stirling
stitch
stitch1
stitch626
stitches
stiven
stjames
stjimmy
stjohn
stjohns
stjoseph
stjude
stl314
stlouis
stlouis1
stlucia
stmary
stmarys
stmirren
stockcar
stockholm
stockton
stockton1
stockwell
stoke
stokecity
stoker
stokes
stolen
stomper
stone
stone1
stonecold
stonecold1
stoned
stoned1
stonehenge
stoneisland
stoner
stoner1
stoner420
stoner69
stoners
stones
stones1
stonesour
stonewall
stoney
stoney1
stonie
stonino
stooge
stoopid
stopit
stopit1
stopme
stopsign
storey
storm
storm1
storm11
storm123
storm2
stormbreaker
storme
stormi
stormie
storms
stormy
stormy1
story
stover
stpats
stpaul
stpauls
stpeters
str8up
strachan
strada
stradivarius
straight
strand
stranded
strange
strange1
stranger
stranger1
strangers
strat
stratford
strato
stratocaster
stratos
stratovarius
stratton
stratus
strauss
strawb3rry
strawberri
strawberries
strawberry
strawberry1
strawberry123
strawberrys
strawberryshortcake
strawbery
straws
stream
street
street1
streetart
streetball
streetdance
streetfighter
streetracer
streets
strella
strellita
strength
strength1
stress
stressed
stretch
stretch1
stricker
strickland
strider
strife
strike
strike1
strike3
striker
striker1
strikers
string
stringbean
stringer
strings
stripe
striper
stripes
stripes1
stripey
stripped
stripper
stripper1
strive
stroberi
stroke
stroker
strokes
strong
strong1
strongbad
strongbow
stronger
stronger1
stronghold
strongman
struggle
stryder
stryker
stryper
stthomas
stuart
stuart1
stuarty
stubborn
stubbs
stubby
stubby1
student
student1
studenta
students
studio
studio1
studio54
studioworks
studly
studmuffin
studyhard
stuff
stuff1
stuffy
stumpy
stumpy1
stunna
stunna1
stunner
stunner1
stunnin
stunning
stunt101
stuntman
stupid
stupid!
stupid1
stupid11
stupid12
stupid123
stupid13
stupid2
stupid3
stupid7
stupida
stupidass
stupidbitch
stupidboy
stupidcupid
stupidgirl
stupidity
stupidlove
stupidme
stupido
stussy
stuttgart
style
style1
styler
styles
styles1
stylez
stylin
stylish
stylist
stylist1
stylus
suankularb
suarez
suave
subang
subaru
subaru1
subaruwrx
subash
subhanallah
sublime
sublime1
sublime2
sublime420
submarine
submit
suburban
subway
subway1
subwoofer
subzero
subzero1
succes
success
success1
successful
succubus
suceava
sucess
sucesso
suchada
sucka
suckafree
suckass
suckdick
sucker
sucker1
suckers
suckit
suckit!
suckit1
suckit2
suckit69
suckme
suckme1
suckmyballs
suckmycock
suckmydick
sucks
sucram
sudoku
sueann
suellen
suenos
suerte
suesue
sueños
suferinta
suffer
suffolk
suflet
sufletel
sufletzel
sugababe
sugababes
sugababy
sugabear
sugalips
sugamama
sugaplum
sugar
sugar01
sugar06
sugar07
sugar08
sugar1
sugar10
sugar101
sugar11
sugar12
sugar123
sugar13
sugar14
sugar16
sugar18
sugar2
sugar21
sugar22
sugar23
sugar3
sugar4
sugar5
sugar6
sugar69
sugar7
sugar9
sugarandspice
sugarb
sugarbabe
sugarbabes
sugarbaby
sugarbaby1
sugarbear
sugarbear1
sugarbooger
sugarbutt
sugarcandy
sugarcane
sugarcookie
sugarcult
sugardaddy
sugarfoot
sugarfree
sugargirl
sugarland
sugarlips
sugarmama
sugarnspice
sugarpie
sugarpie1
sugarplum
sugarplum1
sugarpop
sugarpuff
sugarr
sugarray
sugarrush
sugars
sugars1
sugarspice
sugarsugar
sugarsweet
sugary
sugasuga
sugeng
suger
suger1
sugerplum
sugey
sugipula
suhada
suhail
suhaila
suhaimi
suhana
suicidal
suicide
suicide1
suicidio
suicune
suikoden
suisse
suitcase
suitelife
sujata
sukabumi
sukanya
sukasuka
sukisuki
sukiyaki
sukkel
sukses
sulaiman
sulema
suleman
sulley
sullivan
sullivan1
sully
sully1
sultan
sultana
sum41
sumadre
suman
sumatra
sumaya
sumedang
sumiko
sumita
sumitra
summ3r
summer
summer!
summer.
summer00
summer01
summer02
summer03
summer04
summer05
summer06
summer07
summer08
summer09
summer1
summer10
summer101
summer11
summer12
summer123
summer13
summer14
summer15
summer16
summer17
summer18
summer19
summer2
summer20
summer2005
summer2006
summer2007
summer2008
summer21
summer22
summer23
summer24
summer25
summer26
summer27
summer28
summer3
summer4
summer5
summer6
summer69
summer7
summer77
summer78
summer8
summer86
summer87
summer88
summer89
summer9
summer98
summer99
summerbabe
summerbaby
summerfun
summergirl
summerhill
summerland
summerlove
summerof69
summerrain
summers
summers1
summerslam
summersun
summertime
summit
summoner
sumner
sumpter
sumsum
sumter
sumthing
sun123
sunako
sunami
sunbeam
sunbird
sunburn
sunburst
sundae
sundance
sundance1
sundancer
sundar
sundari
sunday
sunday1
sunderland
sundevil
sundevils
sundown
sundrop
sunfire
sunfire1
sunflower
sunflower1
sunflower2
sunflower3
sunflower5
sunflower7
sunflowers
sunget
sungit
sunglasses
sunisa
sunita
sunkiss
sunkissed
sunkist
sunkist1
sunlight
sunmoon
sunnie
sunny
sunny1
sunny101
sunny11
sunny12
sunny123
sunny13
sunny2
sunny3
sunny5
sunny6
sunny7
sunnyboy
sunnybunny
sunnyd
sunnydale
sunnyday
sunnyday1
sunnydays
sunnydog
sunnygirl
sunnys
sunnyside
sunray
sunrise
sunrise1
suns13
sunset
sunset1
sunset12
sunset123
sunsets
sunsh1ne
sunshin3
sunshine
sunshine!
sunshine*
sunshine.
sunshine0
sunshine00
sunshine01
sunshine02
sunshine03
sunshine04
sunshine05
sunshine06
sunshine07
sunshine08
sunshine09
sunshine1
sunshine10
sunshine11
sunshine12
sunshine123
sunshine13
sunshine14
sunshine15
sunshine16
sunshine17
sunshine18
sunshine19
sunshine2
sunshine20
sunshine21
sunshine22
sunshine23
sunshine24
sunshine25
sunshine26
sunshine27
sunshine28
sunshine3
sunshine32
sunshine33
sunshine4
sunshine45
sunshine5
sunshine6
sunshine69
sunshine7
sunshine77
sunshine8
sunshine82
sunshine84
sunshine87
sunshine88
sunshine89
sunshine9
sunshine99
sunshines
sunshyne
sunsilk
sunstar
sunsun
suntan
sunttare
sup3rman
supadupa
supafly
supaman
supaporn
supastar
supattra
supawadee
super
super!
super*
super1
super10
super11
super12
super123
super13
super14
super2
super22
super3
super4
super5
super6
super7
super8
superally
superb
superbabe
superbaby
superbad
superbad1
superbike
superbitch
superbowl
superboy
supercali
supercar
supercars
supercat
superchic
superchica
superchick
superchivas
supercool
supercow
supercross
supercute
superd
superdave
superdiva
superdog
superdragoes
superdrug
superdude
superduper
superestrella
superfashion
superficial
superfly
superfly1
superfreak
superg
supergal
superganda
supergirl
supergirl1
superglue
supergrl
supergurl
superhero
superhot
superhuman
superinggo
superior
superior1
superj
superjunior
superkid
superking
superlinda
superm
superman
superman!
superman.
superman01
superman06
superman07
superman08
superman09
superman1
superman10
superman11
superman12
superman123
superman13
superman14
superman15
superman16
superman17
superman18
superman19
superman2
superman20
superman21
superman22
superman23
superman24
superman28
superman3
superman33
superman4
superman5
superman6
superman69
superman7
superman8
superman9
supermario
superme
supermen
supermodel
supermom
supermom1
supermonkey
supernatural
supernena
supernova
supernova1
superpet
superpets
superpoderosa
superpower
superr
supers
supersaiyan
supersam
supersexy
supersonic
superstar
superstar!
superstar1
superstar12
superstar123
superstar2
superstar3
superstar4
superstar5
superstar7
superstar8
superstar9
superstars
supersuper
supersweet
supert
superted
supertones
supertwins
supervisor
superwoman
superwomen
suplada
supladita
supladitah
suplado
supper
supply
support
support1
supra
supra1
supras
suprax
supreme
supreme1
supremo
suprise
supriya
supsup
sur13
surabaya
suraya
surena
surena13
sureno
sureno13
surenos
surenos13
suresh
surf
surf123
surf4life
surfbabe
surfboard
surfchick
surfer
surfer1
surfer2
surfer7
surferboy
surferchick
surfergirl
surfers
surfgirl
surfin
surfing
surfing1
surfista
surfsup
surfsup1
surgeon
surgery
surigao
suriname
surinder
surioara
suriya
suroscura
surprise
surreal
surrender
surrey
surside
surside13
survey
survival
survive
survivor
survivor1
surya
suryani
susan
susan1
susan123
susana
susana1
susaninha
susanita
susann
susanna
susannah
susanne
susans
susanteamo
susanti
susanto
susanu
sushi
sushi1
sushi123
sushil
sushma
sushmita
susie
susie1
susieq
susilo
susita
suspect
sussan
sussex
sussie
sussie4
susuki
sutherland
sutil
sutter
sutton
suwail
sux2bu
suyapa
suzaku
suzana
suzane
suzanna
suzanne
suzanne1
suzette
suzie
suzie1
suzieq
suzuki
suzuki1
suzzette
suzzie
svenja
sverige
svetlana
sw33ti3
sw33ty
swagg
swagga
swagger
swallow
swallows
swampy
swanky
swanlake
swanny
swansea
swansea1
swanseacity
swanson
swanton
swarovski
swastika
swatch
swathi
sweat
sweater
sweatheart
sweaty
swed420
sweden
swedish
sweeet
sweeney
sweeneytodd
sweeny
sweep
sweep1
sweeper
sweepy
sweet
sweet!
sweet.
sweet01
sweet02
sweet03
sweet05
sweet06
sweet07
sweet08
sweet09
sweet1
sweet10
sweet101
sweet11
sweet12
sweet123
sweet13
sweet14
sweet143
sweet15
sweet16
sweet17
sweet18
sweet19
sweet2
sweet20
sweet21
sweet22
sweet23
sweet24
sweet25
sweet26
sweet27
sweet28
sweet3
sweet33
sweet4
sweet4u
sweet5
sweet6
sweet666
sweet69
sweet7
sweet8
sweet87
sweet88
sweet89
sweet9
sweet94
sweet95
sweeta
sweetandsexy
sweetandsour
sweetangel
sweetapple
sweetart
sweetas
sweetass
sweetbabe
sweetbaby
sweetbaby1
sweetberry
sweetbitch
sweetboy
sweetcake
sweetcakes
sweetcandy
sweetcheeks
sweetcherry
sweetchick
sweetchild
sweetcorn
sweetd
sweetdevil
sweetdream
sweetdreams
sweetdude
sweete
sweeter
sweetescape
sweetest
sweetface
sweetgal
sweetgirl
sweetgirl1
sweetgurl
sweetguy
sweethang
sweethart
sweetheart
sweetheart1
sweethearts
sweething
sweethome
sweethoney
sweeti
sweetie
sweetie!
sweetie01
sweetie06
sweetie07
sweetie08
sweetie09
sweetie1
sweetie11
sweetie12
sweetie123
sweetie13
sweetie14
sweetie15
sweetie16
sweetie2
sweetie21
sweetie23
sweetie3
sweetie4
sweetie5
sweetie6
sweetie69
sweetie7
sweetie8
sweetiepie
sweeties
sweetj
sweetk
sweetkiss
sweetkisses
sweetlady
sweetlife
sweetlips
sweetlove
sweetlove1
sweetlover
sweetlovers
sweetluv
sweetmama
sweetman
sweetme
sweetnes
sweetness
sweetness1
sweetness2
sweetness3
sweetnovember
sweetnsexy
sweetnsour
sweetone
sweetp
sweetp1
sweetpea
sweetpea1
sweetpea12
sweetpea2
sweetpea3
sweetpea7
sweetpee
sweetpie
sweetpink
sweetprincess
sweetpussy
sweetrevenge
sweetrose
sweets
sweets01
sweets1
sweets123
sweets2
sweetsexy
sweetsixteen
sweetsmile
sweetstar
sweetstuff
sweetsugar
sweetsweet
sweett
sweettart
sweettea
sweetthang
sweetthing
sweettooth
sweetty
sweetu
sweetums
sweetwater
sweety
sweety01
sweety07
sweety1
sweety11
sweety12
sweety123
sweety13
sweety14
sweety16
sweety18
sweety2
sweety21
sweety23
sweety3
sweety4
sweety5
sweety6
sweety69
sweety7
sweety8
sweetygirl
sweetypie
sweetz
sweetz1
swerte
swerty
swetha
swetie
swettie
swetty
swiffer
swift
swift1
swifty
swim
swim12
swim123
swim4life
swimchick
swimer
swimfan
swimfast
swimgirl
swimmer
swimmer1
swimmer2
swimmers
swimming
swimming!
swimming1
swimming123
swimming2
swimmingpool
swimteam
swindon
swing
swinger
swingers
swiper
swisher
swiss
swissmiss
switch
switchfoot
swithart
switie
swity
switzerland
swoosh
sword
swordfish
swordfish1
swords
swordsman
swthrt
sxcbabe
sxcbeast
sxcbiatch
sxcbitch
sxcchick
sxcgal
sxcgirl
sxcme
sxcsxc
syafiq
syafiqah
syahid
syahidah
syahir
syahira
syahirah
syahmi
syakirah
syalom
syamimi
syaoran
syarifah
syasya
syawal
syaza
syazana
syazwan
syazwani
sycamore
sydalg
sydnee
sydney
sydney01
sydney04
sydney1
sydney11
sydney12
sydney123
sydney2
sydney3
sydney6
sydney7
sydnie
sygabg
syikin
sylvain
sylvan
sylvana
sylvania
sylver
sylvester
sylvester1
sylvia
sylvia1
sylvie
symbol
symon
symone
symone1
symphony
syncere
synchro
syncmaster
syndicate
syndrome
synergy
syntax
synthia
synyster
syracuse
system
system1
systemofadown
systems
syuhada
syukri
syurga
syusuke
szabolcs
szerelem
szerelmem
szeretet
szeretlek
szivem
szxmx
szxmx123
szxmx2024
szxmx2025
szxmx2026
szxmx888
t-baby
t-bone
t-mobile
t-money
t-pain
t12345
t123456
t1234567
t123456789
t1ffany
t1gg3r
t1gger
t1nk3rb3ll
t1nkerbell
tab123
tabaching
tabachoy
tabaco
tabasco
tabata
tabatha
tabatha1
tabatina
tabbie
tabbitha
tabby
tabby1
tabby123
tabby2
tabbycat
tabetha
tabing
tabita
tabitha
tabitha1
tabitha2
tables
tabletennis
tablou
taboo
tachibana
tachidito
tachuela
tackle
tacloban
taco
taco12
taco123
tacobell
tacobell1
tacobell2
tacoma
tacoma1
tacos
tacos1
tacotaco
tadashi
tadeo
tadpole
tadpole1
tae123
taeako
taeka
taekwondo
taekwondo1
taelor
taemo
taetae
taetae1
taetaetae
tafari
taffy
taffy1
taffy2
tagalog
tagaytay
taggart
tagged
tagged1
tagger
tagle
tagteam
taguro
tahira
tahirah
tahiti
tahlia
tahnee
tahoe
tahoe1
taiaojituan
taiaojituan123
taiaojituan2024
taiaojituan2025
taiaojituan2026
taiaojituan888
taibabi
taichi
taikucing
tailor
tails1
taina
tainted
taintedlove
tainui
taisha
taiso
taiso123
taiso2024
taiso2025
taiso2026
taiso888
taison
taitai
taiwan
tajmahal
takahashi
takamine
takara
takashi
takayuki
takecare
takeda
takedown
takeiteasy
takeme
takemeaway
taken
taken1
takeover
taker
taker1
takeshi
takethat
takingbacksunday
takishima
takito
takizawa
takoda
taktahu
taktak
takuma
takumi
takuya
talaga
talamasca
talara
talavera
talbot
taleah
talent
talented
talento
talia
talia1
taliah
taliban
talisa
talisay
talisha
talisman
talita
talitha
taliyah
talk2me
talkalot
talkative
talker
talking
talkshit
talktalk
talktome
tallaght
taller
talley
tallgirl
tallie
tallman
tallon
tallulah
tally
tally1
tallyho
talofa
talon
talon1
talong
taltal
talula
talvez
tamagochi
tamagotchi
tamahome
tamaki
tamale
tamales
tamalito
tamana
tamang
tamanna
tamar
tamara
tamara1
tamare
tamarindo
tamarita
tamati
tamayo
tambay
tambok
tambor
tambunan
tameka
tamera
tamerhosny
tamia
tamica
tamika
tamika1
tamiko
tamira
tamisha
tamiya
tammi
tammie
tammie1
tammy
tammy1
tammy12
tammy123
tammy2
tammys
tamobb
tampa1
tampabay
tampan
tampico
tampon
tampus
tamsin
tamtam
tamworth
tamzin
tan123
tanaka
tanaya
tanduay
taneisha
tanesha
tanga
tangaka
tangamandapio
tangas
tangerang
tangerine
tangie
tangina
tanginamo
tangkad
tangkwa
tangles
tanglewood
tangmo
tangna
tango
tango1
tango123
tango2
tangos
tangtang
tania
tania1
tania12
tania123
taniaa
tanias
taniateamo
taniela
tanika
taninha
tanis
tanisha
tanisha1
tanita
taniya
taniyah
tanja
tanjung
tank12
tanker
tanker1
tankers
tankgirl
tanman
tanner
tanner01
tanner05
tanner07
tanner1
tanner11
tanner12
tanner123
tanner13
tanner2
tanner3
tanner5
tanner7
tannia
tanning
tanning1
tanny
tannya
tanque
tantan
tantra
tanya
tanya1
tanya12
tanzania
taotao
tapang
tapanga
tapdance
tapia
tapioca
tapout
tapper
taproot
taptap
taquito
tara
tara1
tara12
tara123
tara1234
tara22
tarada
tarado
tarah
tarakanita
taralets
taralynn
taranaki
taranee
tarantado
tarantino
tarantula
tarapoto
taratara
taray
tarazona
tarbaby
tardis
tareca
tareco
tarek
tarepanda
target
target1
tarheel
tarheel1
tarheels
tarheels1
tarigan
tarina
tariq
tarique
tarita
tarkan
tarlac
tarleton
tarmac
tarpon
tarquin
tarsha
tarsier
tartan
tartar
tartaruga
tartko
tarugo
taruna
taryn
taryn1
tarzan
tarzan1
tash123
tasha
tasha01
tasha07
tasha1
tasha11
tasha12
tasha123
tasha15
tasha2
tasha21
tashab
tashan
tashana
tashas
tashawn
tashay
tashi
tashia
tashie
tashina
tasia
tasia1
tasman
tasmania
tasmanian
tasmin
tasneem
tasnim
tassen
tassie
tastatura
tasty
tasty1
tasuki
tasya
tata
tata12
tata123
tata13
tataie
tatamama
tatan
tatang
tatanka
tatata
tatatata
tatay
tatayko
tatenda
tater
tater1
taterbug
taterbug1
taters
tatertot
tatertot1
tatertots
tati123
tatiana
tatiana1
tatiana2
tatianita
tatianna
tatica
taticu
tatina
tating
tatis
tatita
tatito
tatiyana
tatjana
tatoo
tatoos
tatortot
tatskie
tatsky
tatsuya
tattie
tatto
tattoo
tattoo1
tattoo2
tattoos
tatty
tattyted
tattyteddy
tatuaje
tatum
tatum1
tatung
tatyana
tatyana1
tatyanna
tatys
taufik
taufiq
taugama
taugamma
taugammaphi
tauranga
taurean
tauro
tauros
taurus
taurus1
taurusgirl
tavares
tavarez
tavaris
tavera
taveras
tavern
tavia
tavian
tavion
tavita
tavito
tawana
tawanda
tawanna
taweng
tawing
tay-tay
tay123
tayan
tayl0r
tayla
tayla1
taylah
taylar
tayler
tayler1
taylor
taylor!
taylor.
taylor00
taylor01
taylor02
taylor03
taylor04
taylor05
taylor06
taylor07
taylor08
taylor09
taylor1
taylor10
taylor101
taylor11
taylor12
taylor123
taylor13
taylor14
taylor15
taylor16
taylor17
taylor18
taylor19
taylor2
taylor20
taylor21
taylor22
taylor23
taylor24
taylor25
taylor26
taylor27
taylor28
taylor3
taylor33
taylor4
taylor5
taylor6
taylor69
taylor7
taylor8
taylor9
taylor92
taylor93
taylor94
taylor95
taylor96
taylor97
taylor98
taylor99
taylorann
taylormade
taylors
taylorswift
taysha
tayshaun
tayson
taytay
taytay1
taytay11
taytay12
taytay123
taytay13
taytay15
taytay2
taytay3
taytay4
taytay7
taz
taz123
tazdevil
tazgirl
tazman
tazman1
tazmania
tazmania1
tazmanian
tazmaniandevil
tazmin
taztaz
tazz12
tazz123
tazzer
tazzie
tazzman
tazzmania
tazzy
tazzy1
tazzzz
tbaby
tbaby1
tbirds
tbone
tbone1
tbones
tbs13
tbscrips
te amo
te iubesc
te kiero
te quiero
te_amo
teabag
teabags
teacher
teacher1
teacher2
teacher3
teachers
teaching
teacup
teador
teadoro
teagan
teagan1
teague
teaira
teamare
teamareporsiempre
teamaresiempre
teamarex100pre
teamarexsiempre
teamo
teamo!
teamo.
teamo0
teamo01
teamo1
teamo10
teamo100
teamo1000
teamo11
teamo12
teamo123
teamo1234
teamo123456
teamo13
teamo14
teamo15
teamo16
teamo17
teamo18
teamo19
teamo2
teamo20
teamo21
teamo22
teamo23
teamo24
teamo25
teamo28
teamo29
teamo3
teamo4
teamo5
teamo7
teamo8
teamo9
teamoa
teamoadrian
teamoalan
teamoalberto
teamoaldo
teamoale
teamoalejandro
teamoalex
teamoalexis
teamoamor
teamoana
teamoandrea
teamoandres
teamoandy
teamoangel
teamoangie
teamoarturo
teamoati
teamobaby
teamobb
teamobebe
teamobebita
teamobebito
teamobeto
teamobrayan
teamobrenda
teamobryan
teamoc
teamocarlos
teamocarmen
teamocesar
teamochino
teamocorazon
teamocris
teamocristian
teamocristo
teamod
teamodani
teamodaniel
teamodaniela
teamodanny
teamodany
teamodavid
teamodemaciado
teamodemasiado
teamodiana
teamodiego
teamodios
teamoe
teamoedgar
teamoeduardo
teamoedwin
teamoeli
teamoelvis
teamoerick
teamoerik
teamoerika
teamof
teamofer
teamoflor
teamofrank
teamogaby
teamogordo
teamogustavo
teamoh
teamohector
teamohenry
teamohugo
teamoivan
teamoj
teamojaime
teamojavier
teamojc
teamojessica
teamojesus
teamojhon
teamojimmy
teamojoel
teamojonathan
teamojorge
teamojose
teamojoseluis
teamojosue
teamojuan
teamojulio
teamojunior
teamok
teamokaren
teamokarina
teamokarla
teamokatty
teamokaty
teamokevin
teamokike
teamol
teamolalo
teamolaura
teamoleo
teamolili
teamolinda
teamoliz
teamolokito
teamolucero
teamoluis
teamoluz
teamom
teamomama
teamomami
teamomamita
teamomanuel
teamomarco
teamomarcos
teamomaria
teamomario
teamomartin
teamomary
teamomayra
teamomemo
teamomiamor
teamomibb
teamomibebe
teamomiguel
teamomivida
teamomucho
teamomuxo
teamonena
teamonene
teamoo
teamook
teamoomar
teamooscar
teamop
teamopablo
teamopamela
teamopaola
teamopapa
teamopapi
teamopaul
teamopedro
teamopepe
teamoperu
teamoporsiempre
teamor
teamoraul
teamorenzo
teamoricardo
teamoroberto
teamorodrigo
teamoronald
teamorosa
teamoruben
teamoruth
teamos
teamosandra
teamosaul
teamosergio
teamosoloati
teamotania
teamotanto
teamoteamo
teamotlv
teamotony
teamouriel
teamovictor
teamow
teamowendy
teamox100pre
teamoxsiempre
teamoy
teamoyo
teamwork
teanna
teapot
teardrop
teardrops
tearhere
tearoha
tears
tears1
teaser
teasha
teaspoon
teatea
teatime
teatro
tecate
techdeck
techn9ne
technical
technician
technics
technika
techno
techno1
technology
tecktonik
teclado
tecnico
tecnicos
tecnologia
tecnologico
tecson
tedbaker
teddie
teddie1
teddies
teddy
teddy!
teddy01
teddy06
teddy07
teddy1
teddy10
teddy11
teddy12
teddy123
teddy13
teddy14
teddy15
teddy2
teddy21
teddy22
teddy23
teddy3
teddy4
teddy5
teddy6
teddy7
teddy9
teddyb
teddybear
teddybear!
teddybear1
teddybear123
teddybear2
teddybear3
teddybear4
teddybear7
teddybear8
teddybears
teddybeer
teddyboy
teddyg
teddys
tedeseo
tedted
tedua
teduashum
tedybear
tee-tee
tee123
teegan
teehee
teejay
teena
teenage
teenager
teenagers
teenangel
teenie
teentitans
teeny
teepee
teerak
teesha
teetee
teetee1
teetee12
teeter
teeth
teextrano
teextraño
teffy
tefita
teflon
tegan
tegan1
tegocalderon
teguh
teigan
teigetje
teinesamoa
teisha
teiubesc
teiubescbebe
teiubescmult
teiubescpui
teiubesk
teixeira
tejada
tejano
tejeda
tekelo
tekelomucho
tekelomuto
tekelomuxo
tekero
tekiero
tekiero1
tekierobb
tekieromucho
tekieromuxo
tekila
tekken
tekken5
tekla
teknik
telcel
telecaster
telecom
telecomanda
telefon
telefone
telefonica
telefono
telefoon
telekom
telemovel
telephone
telephone1
teletubbies
televisa
televisao
television
televisor
televizor
telford
telisha
telkom
telkomsel
telle
teller
tellez
tellme
tello
telly
telma
telmex
telminha
telmo
teltel
teman
temari
tembem
tembong
temitope
temp123
temper
temperature
tempest
templar
temple
temple1
temple13
templeros
templeton
templo
tempo
tempo1
temporal
temporary
temptation
tempura
tenacious
tenaciousd
tenchi
tenchu
tendai
tender
tenderheart
tenecesito
tenerife
tengku
tengohambre
tengounamor
tengteng
tenika
tenille
tenis
tenisha
tennant
tennessee
tennessee1
tennille
tennis
tennis!
tennis05
tennis06
tennis08
tennis1
tennis10
tennis11
tennis12
tennis123
tennis13
tennis130
tennis14
tennis2
tennis22
tennis3
tennis4
tennis5
tennis7
tennisball
tennisgirl
tennyson
tenorio
tenorsax
tensai
tenshi
tension
tentacion
tenten
tenzin
teodio
teodor
teodora
teodoro
teofila
teofilo
teolvidare
tepito
teppei
teptep
teqiero
tequiero
tequiero1
tequiero12
tequiero123
tequiero2
tequieroamor
tequieromama
tequieromucho
tequieromuxo
tequierotanto
tequila
tequila1
tequilla
terance
terang
terangi
teratai
terate
terceira
tercel
tercero
tereamo
terell
terence
terence1
terengganu
teresa
teresa1
teresa12
teresa123
teresa2
teresa7
terese
teresinha
teresita
teressa
tereza
terezka
terika
terina
teriyaki
terminal
terminate
terminator
termite
termopan
terms
ternura
ternurita
terra
terra1
terrace
terran
terrance
terrance1
terranova
terrapin
terrel
terrell
terrell1
terrell2
terremoto
terren
terrence
terrence1
terri
terri1
terrible
terrie
terrier
terriers
terrific
terrill
terrion
terron
terrones
terror
terror1
terrorist
terry
terry1
terry12
terry123
terry2
terry26
terry69
terryb
terrylee
terrym
terrys
terserah
terter
tesakam
tesco
tescos
tesha
tesigoamando
tesorito
tesoro
tess123
tessa
tessa1
tessa123
tessa2
tessie
tessie1
tessy
test123
test1234
testament
tester
testify
testing
testing123
testtest
tetas
tetay
tete12
teteng
tetero
tetet
tetete
tetley
tetova
tetris
tetsuo
tetsuya
teufel
teurasc
tevez
tevez32
tevin
tevin1
tevion
tevita
texaco
texans
texas
texas!
texas01
texas05
texas06
texas07
texas08
texas1
texas10
texas11
texas12
texas123
texas13
texas2
texas21
texas22
texas23
texas254
texas3
texas4
texas5
texas6
texas7
texas8
texasgirl
texaslonghorns
texass
texastech
texastech1
teytey
teyubesc
tezuka
tgp1968
th0mas
thaddeus
thailand
thailand1
thais
thaitanium
thaking
thalia
thalia1
thamara
thammasat
thanakorn
thanatos
thanh
thania
thankful
thankgod
thanks
thanks1
thanksgod
thanku
thankyou
thankyou1
thanos
thanya
thart
thata
thatbitch
thatcher
thatgirl
thatguy
thatha
thatnigga
thatshot
thatshot!
thatshot1
thatshott
thatsit
thatsme
thatsme1
thatsright
thatssoraven
the best
the game
the king
the rock
the123
the14me
the1andonly
the1ilove
the1nonly
the2ofus
the3ofus
the4ofus
theamo
theangel
theanimal
theanswer
theart
theater
theatre
theatre1
thebabe
thebaby
thebadboy
theband
thebeach
thebear
thebears
thebeast
thebeatles
thebest
thebest1
thebestdamnthing
thebestgirl
thebhoys
thebible
thebig1
thebigboss
thebigman
thebill
thebitch
thebitch1
theblack
theblackparade
theblues
thebomb
theboss
theboss1
theboy
theboys
thebrat
thebronx
thebull
thecalling
thecat
thechamp
thechosen1
theclash
theclick5
thecorrs
thecrazy
thecrew
thecross
thecrow
thecrow1
thecure
thedarkness
thedevil
thediva
thedoctor
thedog
thedog1
thedon
thedon1
thedons
thedoors
thedoors1
thedragon
thedude
theduke
theend
theend1
thefamily
thefather
theflash
theforce
thefray
thegame
thegame1
thegathering
thegers
thegift
thegirl
thegirls
thegoat
thegod
thegodfather
thegr81
thegreat
thegreat1
thegreatone
thegrinch
thegunners
thehero
thehills
thehoops
thehorrors
thehulk
thejoker
thekid
thekid1
thekids
thekill
thekiller
thekillers
theking
theking1
thekooks
thekop
thelegend
thelion
thelionking
thelma
thelma1
thelord
thelove
thelover
thelword
themall
theman
theman1
theman12
theman2
themask
themaster
thematrix
themis
themom
themoon
thenewme
thenotebook
thenry
theoc
theoc1
theodor
theodora
theodore
theodore1
theone
theone1
theoneandonly
theonly
theonly1
theonlyone
theory
theowls
thepars
thepassword
thepast
thepimp
thepimp1
thepooh
thepower
theprince
theprincess
thepunisher
thequeen
thequick
theramones
therams
therapist
therapy
therasmus
there
thereal
thereason
thered
thereds
theresa
theresa1
therese
therese1
theresia
thering
therion
theriver
thermo
theroc
therock
therock1
therock2
therockyouteam
theron
therose
thesaint
thesame
thesecret
thesexy1
theshit
theshit1
thesimpsons
thesims
thesims1
thesims2
thesis
thesky
thespian
thess
thessa
thestar
thestars
thestrokes
thesun
thethe
thething
thetribe
thetruth
thetruth1
thetwins
theundertaker
theused
theused!
theused1
theused2
theveronicas
theverve
theview
thevines
thewall
theway
thewho
thewolf
theworld
theworldismine
thexfiles
thiago
thick
thick1
thickness
thickness1
thicky
thienthan
thierry
thierryhenry
thina
thine
thing
thing1
thing2
things
thingy
think
think1
thinker
thinkerbell
thinking
thinking1
thinkpad
thinkpink
thinkpink1
thinlizzy
third
thirdday
thirdeye
thirdy
thirsty
thirteen
thirteen13
thirty
thirty3
thirtyone
thisisgay
thisisit
thisisme
thisisme1
thisismine
thisismypassword
thisiswhyimhot
thislove
thissucks
thissucks1
thistle
thizz
thizz1
thomas
thomas!
thomas01
thomas02
thomas03
thomas04
thomas05
thomas06
thomas07
thomas08
thomas09
thomas1
thomas10
thomas11
thomas12
thomas123
thomas13
thomas14
thomas15
thomas16
thomas17
thomas18
thomas19
thomas2
thomas20
thomas21
thomas22
thomas23
thomas24
thomas25
thomas27
thomas3
thomas4
thomas5
thomas6
thomas69
thomas7
thomas8
thomas87
thomas88
thomas9
thomas99
thomasina
thomasj
thomasjames
thommy
thompson
thompson1
thomson
thong
thongs
thony
thorn
thorne
thornhill
thorns
thornton
thorpe
though
thought
thoughts
thousand
thrash
thrasher
three
three11
three3
three333
three6
three6mafia
threeboys
threedaysgrace
threegirls
threekids
threekids3
threesome
thrice
thrill
thriller
thug
thug101
thug123
thug4life
thug69
thugangel
thuganomics
thugette
thuggin
thuggish
thugin
thuglife
thuglife1
thugline
thuglove
thugluv
thugmisses
thugs
thugsta
thugstools
thugz
thugzz
thumbelina
thumbs
thumper
thumper1
thumper12
thumper2
thumpstar
thunder
thunder1
thunder12
thunder123
thunder13
thunder2
thunder22
thunder3
thunder4
thunder5
thunder7
thunder8
thunderbird
thunderbirds
thunderbolt
thundercat
thundercats
thunders
thunderstorm
thunderstruck
thuong
thurman
thursday
thursday1
thurston
thuylinh
thx1138
tia123
tiago
tiaguinho
tiamaria
tiamarie
tiamat
tiamo
tiana
tiana1
tianlinfeiye
tianlinfeiye123
tianlinfeiye2024
tianlinfeiye2025
tianlinfeiye2026
tianlinfeiye888
tianna
tianna1
tiantian
tiara
tiara1
tiarna
tiarra
tiatia
tibbles
tibby
tiberiu
tibetan
tibike
tiburcio
tiburon
tiburones
ticha
ticket
tickle
tickle1
tickleme
tickles
ticktock
ticotico
tictac
tictac1
tictactoe
tictoc
tidbit
tiddles
tidus
tiegan
tiempo
tiera
tierna
tiernan
tierney
tierno
tierra
tierra1
tiesha
tiesto
tiesto1
tietie
tifani
tifanny
tifany
tiff
tiff07
tiff123
tiff22
tiffani
tiffani1
tiffanie
tiffany
tiffany1
tiffany11
tiffany12
tiffany123
tiffany13
tiffany14
tiffany15
tiffany16
tiffany18
tiffany2
tiffany21
tiffany3
tiffany5
tiffany6
tiffany69
tiffany7
tiffany8
tiffanys
tiffer
tiffers
tiffie
tifftiff
tiffy
tiffy1
tiganu
tigari
tiger
tiger!
tiger01
tiger03
tiger04
tiger05
tiger06
tiger07
tiger08
tiger09
tiger1
tiger10
tiger101
tiger11
tiger12
tiger123
tiger13
tiger14
tiger15
tiger16
tiger17
tiger18
tiger2
tiger20
tiger21
tiger22
tiger23
tiger24
tiger25
tiger26
tiger3
tiger321
tiger33
tiger34
tiger4
tiger45
tiger5
tiger55
tiger6
tiger69
tiger7
tiger74
tiger77
tiger8
tiger86
tiger87
tiger88
tiger89
tiger9
tiger92
tiger94
tiger98
tiger99
tigerbaby
tigerboy
tigercat
tigercub
tigeress
tigereye
tigereyes
tigergirl
tigerlilly
tigerlily
tigerlily1
tigerlove
tigerman
tigerr
tigers
tigers!
tigers01
tigers04
tigers05
tigers06
tigers07
tigers08
tigers09
tigers1
tigers10
tigers11
tigers12
tigers123
tigers13
tigers14
tigers15
tigers2
tigers21
tigers22
tigers24
tigers25
tigers3
tigers4
tigers5
tigers7
tigers8
tigers9
tigershark
tigersrule
tigertiger
tigerw
tigerwoods
tigerz
tigg3r
tigga
tigger
tigger!
tigger#1
tigger*
tigger.
tigger00
tigger01
tigger02
tigger03
tigger04
tigger05
tigger06
tigger07
tigger08
tigger09
tigger1
tigger10
tigger101
tigger11
tigger12
tigger123
tigger1234
tigger13
tigger14
tigger15
tigger16
tigger17
tigger18
tigger19
tigger2
tigger20
tigger2005
tigger21
tigger22
tigger23
tigger24
tigger25
tigger26
tigger27
tigger28
tigger29
tigger3
tigger30
tigger31
tigger32
tigger33
tigger34
tigger4
tigger44
tigger45
tigger5
tigger55
tigger6
tigger68
tigger69
tigger7
tigger76
tigger77
tigger78
tigger8
tigger81
tigger82
tigger83
tigger84
tigger85
tigger86
tigger87
tigger88
tigger89
tigger9
tigger90
tigger91
tigger92
tigger93
tigger94
tigger95
tigger96
tigger98
tigger99
tiggerific
tiggers
tiggertoo
tiggie
tiggy
tiggy1
tigre
tigres
tigresa
tigress
tigris
tigrou
tijana
tijger
tijgertje
tijuana
tikboy
tiking
tikitiki
tiktak
tiktik
tiktok
tilica
tiller
tilley
tillie
tillie1
tillman
tilly
tilly1
tilly123
tilly2
tillydog
tim123
timang
timbaland
timber
timber1
timberlake
timberland
timberwolf
timberwolves
timbiriche
timbo
timburton
timduncan
time12
time123
time2go
time4fun
time4me
timea
timebomb
timeless
timeline
timeout
timepass
timer
timex
timezone
timida
timido
timika
timike
timisoara
timmcgraw
timmer
timmie
timmothy
timmy
timmy06
timmy08
timmy1
timmy11
timmy12
timmy123
timmy13
timmy14
timmy2
timmy3
timmys
timon
timone
timoteo
timothy
timothy1
timothy2
timothy21
timothy3
timothy4
timothy6
timothy7
timtam
timtim
tin-tin
tina
tina06
tina07
tina08
tina1
tina10
tina11
tina12
tina123
tina1234
tina13
tina14
tina15
tina17
tina18
tina20
tina21
tina22
tina23
tina69
tinamarie
tinang
tinapay
tinas
tinashe
tinatina
tinaturner
tinay
tincan
tincute
tineke
tinetine
tingting
tingtong
tinhyeu
tininha
tinisha
tinita
tink
tink01
tink05
tink06
tink07
tink08
tink09
tink1
tink10
tink101
tink11
tink12
tink123
tink13
tink14
tink15
tink16
tink17
tink18
tink19
tink20
tink21
tink22
tink23
tink24
tink27
tink3rb3ll
tink69
tink77
tink87
tink88
tink89
tink91
tink92
tink93
tink94
tink95
tink99
tinka
tinka1
tinkabell
tinkbell
tinker
tinker!
tinker01
tinker03
tinker06
tinker07
tinker08
tinker09
tinker1
tinker10
tinker101
tinker11
tinker12
tinker123
tinker13
tinker14
tinker15
tinker16
tinker2
tinker21
tinker22
tinker23
tinker24
tinker3
tinker4
tinker5
tinker6
tinker69
tinker7
tinker8
tinker9
tinkerbe11
tinkerbel
tinkerbel1
tinkerbel2
tinkerbell
tinkerbell01
tinkerbell07
tinkerbell1
tinkerbell101
tinkerbell11
tinkerbell12
tinkerbell123
tinkerbell13
tinkerbell14
tinkerbell2
tinkerbell7
tinkerbella
tinkerbelle
tinkers
tinkey
tinkie
tinkle
tinks
tinks1
tinktink
tinky
tinky1
tinkywinky
tinman
tinnie
tinoco
tinsel
tinsley
tintan
tintin
tintin1
tintoy
tinutza
tiny
tiny01
tiny06
tiny12
tiny123
tiny13
tinydancer
tinydog
tinytim
tinytina
tinytiny
tinytot
tinytots
tiocfaidharla
tiongson
tionna
tipdrill
tipene
tipharris
tipper
tipper1
tipperary
tippie
tippmann
tippy
tippy1
tippy2
tipsey
tipsy
tipsy1
tiptip
tiptoe
tiptoes
tipton
tiptop
tirado
tiramisu
tirana
tirano
tirona
tisay
tiscali
tisdale
tisha
tisha1
tisoy
tissue
tissues
tita123
titan
titan1
titanes
titania
titanic
titanic1
titanic1912
titanic2
titanik
titanium
titans
titans1
titans10
titas
titatita
titch
titch1
titchy
titeuf
tithead
titi123
titian
titicaca
tities
titiko
titimo
titin
titina
titine
titing
titinha
titino
titis
titit
titita
tititi
titito
titleist
tito
tito01
tito12
tito123
tito13
titoelbambino
titos
titotito
titties
tittys
titus
titus1
titwank
tivoglio
tivogliobene
tivoli
tixinha
tiziana
tiziano
tizzle
tizzy
tj1234
tjames
tjtjtj
tkfkdgo
tkiero
tkieromuxo
tkmtkm
tlc123
tmac01
tmarie
tmnet123
tmobile
tmobile1
tmoney
tmoney1
tnt123
tnt4ever
toadie
toadstool
toamna
toast
toast1
toaster
toastie
toasty
tobago
tobbie
tobby
tobeornottobe
tobey1
tobias
tobias1
tobing
tobito
toblerone
toby
toby01
toby05
toby06
toby07
toby1
toby10
toby11
toby12
toby123
toby1234
toby13
toby15
toby17
toby22
tobyboy
tobycat
tobydog
tobydog1
tobykeith
tobylove
tobymac
tobytoby
tocino
tocool
tocute
todalavida
today
today1
todays
todd123
toddie
toddler
toddles
toddy
todiefor
todobien
todocambio
todopoderoso
todoporti
todos
toejam
toenail
toenails
toetoe
toffee
toffee1
toffee123
toffer
toffie
togepi
together
together1
together4ever
togetherforever
tohoshinki
tohot4u
toietmoi
toilatoi
toilet
toilet1
toiletpaper
toink
toinks
toinkz
tokelau
tokio
tokio hotel
tokioh
tokiohotel
tokiohotel4ever
tokiohotelbill
tokita
tokoroa
toktok
tokyo
tokyodrift
toledo
tolentino
tolima
tolits
tolitz
tolkien
tolosa
toluca
toluca1
tolulope
tom123
tom1234
tom182
tomahawk
tomandjerry
tomas
tomas1
tomasa
tomasi
tomasina
tomasita
tomasito
tomass
tomate
tomates
tomatito
tomato
tomato1
tomatoe
tomatoes
tombill
tomboy
tomboy1
tombrady
tombrady12
tombraider
tombstone
tomcat
tomcat1
tomcruise
tomdelonge
tomfelton
tomgreen
tomika
tomishot
tomislav
tomita
tomitza
tomjerry
tomkaulitz
tomlinson
tommi
tommie
tommie1
tommy
tommy01
tommy06
tommy07
tommy08
tommy1
tommy10
tommy11
tommy12
tommy123
tommy13
tommy14
tommy16
tommy17
tommy2
tommy21
tommy22
tommy23
tommy24
tommy3
tommy4
tommy5
tommy6
tommy69
tommy7
tommyb
tommyboy
tommyboy1
tommyc
tommycat
tommyd
tommyg
tommygirl
tommygirl1
tommygun
tommyh
tommyj
tommyk
tommylee
tommyp
tommys
tommyt
tomnjerry
tomodachi
tomoko
tomorrow
tomorrow1
tomoyo
tompel
tompetty
tomtom
tomtom1
tomtomtom
tomuch
tomwelling
tonatiuh
tonet
tonetone
tonette
tonga
tonga1
tongan
tongde
tongde123
tongde2024
tongde2025
tongde2026
tongde888
tongtong
tongue
toni
toni123
tonia
toniann
tonie
tonight
tonimarie
tonino
tonio
tonio1
tonirose
tonisha
tonita
tonito
tonitoni
tonka
tonka1
tonkpils
tonnie
tonny
tonta
tontas
tonterias
tontin
tontita
tontito
tonto
tonton
tontos
tony
tony01
tony02
tony04
tony05
tony06
tony07
tony08
tony09
tony1
tony10
tony101
tony11
tony12
tony123
tony1234
tony13
tony14
tony15
tony16
tony17
tony18
tony19
tony20
tony2006
tony21
tony22
tony23
tony24
tony25
tony33
tony69
tony88
tonya
tonya1
tonyboy
tonyhawk
tonyhawk1
tonylee
tonymontana
tonyparker
tonys
tonystewart
tonyteamo
tonytony
tonyyayo
toobad
toocool
toocute
toocute1
toodles
toodles1
toofly
toogood
toohot
toohot4u
tookie
tookie1
tookta
toolate
toolband
toolbox
tools
toomuch
toonami
toonarmy
toonces
toontoon
toontown
toosexy
tooshort
toosweet
tootall
tooter
tooth
toothbrush
toothfairy
toothpaste
toothpick
tootie
tootie1
tootie2
tootles
tootoo
toots
toots1
tootsie
tootsie1
tootsie2
tootsieroll
tootsy
toottoot
tooty
topacio
topak
topakin
topanga
topaz
topaz1
topcat
topcat1
topdawg
topdog
topdog1
topeka
topeng
toper
topflight
topgear
topgirl
topgun
topgun1
tophat
topher
topher1
topito
topless
topman
topmodel
topmodel1
topnotch
topnotch1
topogigio
topolino
topoyiyo
topper
topper1
toppers
topsecret
topsecret1
topshop
topten
toptop
torana
torchic
torchwood
torcida
torero
torete
toreto
tori
tori01
tori10
tori12
tori123
tori13
toria
toriamos
torian
toribio
torie
torilynn
torino
torito
tormenta
tormento
tornado
tornado1
tornadoes
tornasol
toronto
toronto1
torpedo
torque
torrance
torre
torrence
torreon
torres
torres09
torres1
torres10
torres9
torrey
torrez
torrie
torrie1
torta
tortas
tortilla
tortoise
tortor
tortuga
tortugas
tortuguita
tortura
torvic
tosca
toscano
tosexy
tosha
toshi
toshiba
toshiba1
toshiro
tosser
total90
totalgirl
totally
totallyspies
totis
totita
totito
totnak
toto
toto12
toto123
totodile
totong
totoro
totos
tototo
totototo
totoy
totoybato
totsie
totskie
tottenham
tottenham1
totti
totti10
tottie
totto
toucan
touch
touchdown
touchdown1
touchit
touchme
touchmenot
toughguy
toujours
toulouse
tourism
tourniquet
touro
toushiro
toutou
towels
tower
tower1
towers
townsend
towson
toxic
toxic1
toxica
toxicity
toxico
toxics
toyang
toybox
toyboy
toyitoyi
toymachine
toyota
toyota1
toyota2
toyotamr2
toyotasupra
toysrus
toystory
toystory2
toytoy
toñito
toño
tpain
tquiero
trabajo
trabalho
trabant
trace
tracer
tracey
tracey1
traci
tracie
track
track06
track07
track08
track1
track10
track11
track12
track3
tracker
tracker1
tracks
trackstar
trackstar1
tractor
tractor1
tractors
tracy
tracy1
tracy12
tracy123
tracyann
tracyb
tracybeaker
tracymcgrady
tracys
tradare
trademark
trader
traffic
trafford
tragedy
tragic
traian
traicion
trailblazer
trailer
train
trainer
trainers
training
trains
trainspotting
traktor
tralala
tralee
tramaine
tramel
tramore
tramp
trampa
trampoline
trampolining
tramps
trance
trance1
trandafir
trandafiri
trane
trang
tranmere
tranny
tranquil
tranquility
transam
transam1
transfer
transform
transformer
transformers
transilvania
transit
transport
trapped
trapper
trapper1
trapstar
trapstar1
trasero
trash
trashcan
trashcan1
trasher
trashy
tratra
trauma
travel
travel1
traveler
traveller
travelmate
travesura
travesuras
traviesa
traviesa1
traviesa13
travieso
travieza
travion
travis
travis!
travis01
travis04
travis06
travis07
travis08
travis1
travis11
travis12
travis123
travis13
travis14
travis15
travis16
travis18
travis2
travis21
travis22
travis23
travis24
travis3
travis4
travis5
travis6
travis69
travis7
travisbarker
travolta
travon
travon1
traxdata
traxxas
trayvon
tre123
treacle
treasure
treasure1
treasures
treats
trebla
treble
treble99
treblig
trebol
trebor
trece
trece13
trecool
trecool1
tree
tree12
tree123
treefrog
treehill
treehouse
treehugger
trees
trees1
treetop
treetops
treetree
trekker
trell
trell1
tremaine
tremaine1
tremayne
tremenda
tremendo
tremolo
tremonti
trendy
trent
trent1
trenta
trenten
trenton
trenton1
trenton2
treo650
trescoronas
trese
trese13
tresha
tresmarias
tresor
tressa
tretre
trever
trevin
trevino
trevion
trevis
trevon
trevon1
trevor
trevor!
trevor01
trevor1
trevor11
trevor12
trevor123
trevor13
trevor2
trevor3
trevor4
trevor5
trey
trey01
trey06
trey07
trey08
trey12
trey123
trey13
treybaby
treysongz
treysongz1
treytrey
treyvon
treze
trezeh
trials
triana
triangle
tribal
tribes
tribilin
tribute
trice
trice1
tricey
tricia
tricia1
trick
trick1
tricks
trickster
tricky
tricky1
tricolor
trident
triforce
triger
trigga
trigger
trigger1
trigun
trilce
trill
trill1
trille
trilogy
trimble
trina
trina1
trina123
trinchera
trincheranorte
trindade
trini
trini1
trinidad
trinidad1
trinigirl
triniti
trinitron
trinity
trinity01
trinity03
trinity04
trinity05
trinity06
trinity07
trinity1
trinity123
trinity2
trinity3
trinity4
trinity5
trinity6
trinity7
trinket
triple
triple h
triple3
triple7
triplea
tripleh
tripleh1
triplehhh
triplej
triplet
triplet3
triplets
triplets3
triplex
triplexxx
tripod
tripod3
tripoli
tripp
tripper
trippin
trippy
triquetra
trisakti
trish
trish1
trisha
trisha1
trishia
triskelion
trista
tristan
tristan01
tristan06
tristan07
tristan1
tristan2
tristan5
tristan7
tristania
tristar
triste
tristen
tristen1
tristete
tristeza
tristian
tristin
tristin1
triston
triston1
tristyn
triton
triton1
tritri
triumph
triunfar
triunfo
trival
trivia
trivium
trivium1
trixia
trixie
trixie1
trixie123
trixie2
trixy
trogdor
trojan
trojan1
trojans
trojans1
troll
trolls
trollz
trombone
trombone1
trompeta
trooper
trooper1
troops
tropa
trophy
tropic
tropical
tropical1
tropicana
trotter
trouble
trouble1
trouble2
trouble3
troubled
troublemaker
troubles
trousers
trouwen
troy
troy12
troy123
troy14
troy18
troya
troybolton
troyboy
troytroy
trublu
trucha
truck
truck1
trucker
trucker1
truckin
trucking
trucks
trucks1
trudie
trudy
trudy1
trueblue
truebrown
truebrownstyle
truefriend
truefriends
truel0ve
truelies
truelife
truelove
truelove!
truelove1
truelove13
truelove2
truelove3
truelove4
truelove7
truelover
truelovewaits
trueluv
trueno
truestar
truffle
truffles
trujillo
trulove
truluv
truman
truman1
trumpet
trumpet1
trumpets
trundle
trunks
trunks1
truong
trust
trust1
trusted
trustgod
trusting
trustingod
trustme
trustme1
trustn01
trustno1
trustnoone
trusty
truth
truth1
truthful
trx450r
tryagain
tryagain1
trying
tryme
trystan
tsering
tshering
tshirt
tsinelas
tst13
tst213
tsubasa
tsukasa
tsunade
tsunami
tsuyoshi
ttr125
ttttt
tttttt
ttttttt
tttttttt
tttttttttt
tuamiga
tuamor
tuamorcito
tuangel
tuazon
tubarao
tubbie
tubby
tubby1
tubebe
tubebita
tuborg
tucker
tucker!
tucker01
tucker07
tucker1
tucker11
tucker12
tucker2
tucker22
tucker3
tucson
tuculo
tudor
tudorel
tueresmiamor
tueresmivida
tuesday
tuesday1
tuffy
tuffy1
tugade
tugboat
tugger
tuhanyesus
tuitui
tukmol
tukta
tuktik
tuktuk
tulalit
tulang
tulio
tulip
tulipa
tulipan
tulipanes
tulipe
tulips
tuliro
tullamore
tulokita
tumacho
tumadre
tumadre1
tumama
tumamacalata
tumami
tumanako
tumarido
tumbin
tumble
tumble1
tumbler
tumbleweed
tumbling
tumeke
tumiamor
tummy
tumtum
tunafish
tunafish1
tunde
tunder
tundra
tunena
tungtung
tuning
tunisia
tunisie
tunning
tunombre
tuntun
tupac
tupac1
tupac123
tupac2
tupac7
tupac96
tupacs
tupacshakur
tupadre
tupapa
tupapi
tupelo
tuppence
tupper
tuprincesa
tuputamadre
turbo
turbo1
turbo2
turbos
turion64
turismo
turkey
turkey1
turkish
turkiye
turnbull
turnen
turner
turner1
turnip
turnmeon
turntable
turquesa
turqueza
turquoise
turtle
turtle!
turtle01
turtle07
turtle1
turtle11
turtle12
turtle123
turtle13
turtle14
turtle2
turtle21
turtle22
turtle24
turtle3
turtle4
turtle5
turtle6
turtle69
turtle7
turtle8
turtle9
turtles
turtles1
turtles2
turtoise
tururu
tuscany
tushar
tusieu
tusita
tutankamon
tutifruti
tutito
tuttie
tuttifrutti
tuttle
tututu
tuvieja
tuwharetoa
tuxedo
tuyyo
tuyyoporsiempre
tuyyox100pre
tuzita
tuzos
tw33ty
twatface
tweaker
tweedy
tweeker
tweeling
tweenies
tweet
tweet1
tweet2
tweeter
tweetie
tweets
tweetums
tweety
tweety!
tweety#1
tweety.
tweety01
tweety03
tweety04
tweety05
tweety06
tweety07
tweety08
tweety09
tweety1
tweety10
tweety101
tweety11
tweety12
tweety123
tweety13
tweety14
tweety15
tweety16
tweety17
tweety18
tweety19
tweety2
tweety20
tweety21
tweety22
tweety23
tweety24
tweety25
tweety26
tweety28
tweety29
tweety3
tweety30
tweety4
tweety5
tweety6
tweety69
tweety7
tweety8
tweety86
tweety88
tweety89
tweety9
tweety91
tweety92
tweety93
tweety94
tweety95
tweetyb
tweetybaby
tweetybird
tweetyboo
tweetygirl
tweetypie
twelve
twelve12
twenty
twenty1
twenty2
twenty20
twenty3
twenty4
twenty5
twenty6
twenty7
twenty8
twentyeight
twentyfive
twentyfour
twentynine
twentyone
twentyseven
twentysix
twentythree
twentytwo
twetty
twetty1
twety
twiggy
twiggy1
twiglet
twilight
twilight1
twilight12
twilight13
twin
twin02
twin12
twinboys
twincam
twingirls
twingo
twinkie
twinkie1
twinkie2
twinkies
twinkle
twinkle1
twinkle2
twinkles
twinklestar
twinkletoes
twinks
twinky
twinky1
twinny
twins
twins02
twins04
twins05
twins06
twins07
twins08
twins1
twins12
twins123
twins2
twins22
twins3
twins4life
twinss
twinstar
twintowers
twinturbo
twinz
twirler
twirling
twist
twista
twisted
twisted1
twister
twister1
twisters
twitch
twitty
twiztid
twiztid1
twizzle
twizzler
twizzlers
twoboys
twogirls
twokids
twokids2
twolves
twopac
tworemix
twotone
twotwo
tyanna
tyasia
tybaby
tycoon
tyeisha
tyesha
tyetye
tyisha
tylenol
tyler
tyler!
tyler00
tyler01
tyler02
tyler03
tyler04
tyler05
tyler06
tyler07
tyler08
tyler09
tyler1
tyler10
tyler101
tyler11
tyler12
tyler123
tyler1234
tyler13
tyler14
tyler15
tyler16
tyler17
tyler18
tyler19
tyler2
tyler20
tyler2000
tyler2004
tyler2005
tyler2006
tyler21
tyler22
tyler23
tyler24
tyler25
tyler26
tyler3
tyler33
tyler4
tyler4ever
tyler5
tyler55
tyler6
tyler69
tyler7
tyler8
tyler9
tyler95
tyler96
tyler97
tyler98
tyler99
tylera
tylerb
tylerc
tylerd
tylerg
tylerh
tylerj
tylerj1
tylerjames
tylerjay
tylerjohn
tylerk
tylerl
tylerlee
tylerm
tylerman
tylerp
tylerr
tylers
tylert
tylerw
tylor
tynesha
tynisha
typecast
typewriter
typhoon
tyquan
tyrabanks
tyrant
tyrece
tyree
tyree1
tyreece
tyreek
tyreese
tyreke
tyrell
tyrell1
tyrelle
tyrese
tyrese1
tyrique
tyron
tyrone
tyrone1
tyrrell
tyshaun
tyshawn
tyshon
tyson
tyson06
tyson07
tyson1
tyson11
tyson12
tyson123
tyson13
tyson2
tyson3
tyson7
tysons
tytyty
tyuiop
tzutzu
uandme
ub6ib9
ubaldo
ubitch
ucantcme
ucantseeme
uchenna
uchiha
uchihasasuke
udontknow
uganda
ugly
ugly123
uglybetty
uglygirl
uglyme
ugogirl
ugotme
uilani
uknow
uknowit
uknowme
ukraine
ulaanbaatar
ulices
ulises
ulises1
ulolka
uloveme
uloveme2
ulrich
ulster
ultima
ultimate
ultimate1
ultra
ultrafiel
ultraman
ultras
ultraviolet
ulysse
ulysses
umairah
umali
umberella
umbrela
umbrella
umbrella1
umpalumpa
unbelievable
unborn
unbreakable
uncion
unclebob
unclesam
undead
undecided
undefeated
undefined
under
under1
under18
undercover
underdog
underdog1
underground
undermyskin
underoath
underoath1
underoath7
underpants
underscore
understand
understanding
undertaker
undertaker1
undertow
underwater
underwear
underwear1
underwood
underworld
undies
unfabulous
unfaithful
unforgetable
unforgiven
ungas
unggoy
ungureanu
unhappy
unica
unicahija
unico
unicorn
unicorn1
unicorn2
unicorn7
unicornio
unicorns
unicycle
uniden
uniden1
unidos
unika
unintended
union
unionjack
unique
unique1
unitec
united
united07
united1
united123
united4eva
united7
united99
unitedkingdom
unitedstates
unity
univers
universal
universal1
universe
universidad
universidade
universitaria
universitario
university
universo
unknown
unknown1
unleashed
unlimited
unlock
unlocked
unloved
unloved1
unlucky
unme4ever
unnamed
unodos
unodostres
unouno
unperfect
unpredictable
unpretty
unreal
unseen
unstoppable
untamed
untitled
untouchable
unwanted
unwell
unwritten
uoyevoli
uoykcor
update
upgrade
upiicsa
upinsmoke
uprising
upsidedown
upsilon
upthera
uptown
uptown1
uptoyou
upyours
urabitch
uragon
uraloser
uranus
urban
urbandub
urbano
urbina
urcool
urface
urgay
urgay1
uriel
urielteamo
urlacher
urlacher54
urlove
urmama
urmine
urmom
urmom!
urmom1
urmom123
urmomma
urmother
urmum
urmylove
urock
ursinha
ursinho
ursula
ursulet
ursuletz
ursuline
urthe1
uruguay
us4ever
usa123
usa1234
usa1776
usa2003
usa2004
usa777
usagi
usarmy
usarmy1
usausa
usc123
useless
username
usher
usher01
usher1
usher12
usher123
usher13
usher2
usher4
usher5
usher7
usher8701
usherr
usherraymond
ushers
usman
usmarine
usmarines
usmc0311
usmell
usnavy
usnavy1
ustink
usuck
usuck1
usuck2
utada
utadahikaru
utahjazz
utopia
utotmo
utvols
uuuuu
uuuuuu
uyanga
uzumaki
uzumakinaruto
uzumymw
uzziel
v-ball
v12345
v123456
v1ctoria
vacaciones
vacaloca
vacanta
vacas
vacation
vacation1
vader
vader1
vaffanculo
vagabond
vagabundo
vagina
vagina1
vagina69
vainilla
vakantie
vakero
vakita
val123
valadez
valarie
valdemar
valderrama
valdes
valdez
valdivia
vale123
vale46
valedictorian
valen
valencia
valencia1
valent
valente
valenti
valentijn
valentin
valentin1
valentina
valentina1
valentine
valentine1
valentine2
valentines
valentinesday
valentino
valentino1
valentinorossi
valenzuela
valer
valera
valeri
valeria
valeria1
valeria123
valeriana
valeriano
valeriateamo
valerica
valerie
valerie1
valerie7
valerio
valerita
valeriu
valero
valery
vales
valeska
valevale
valhalla
valiant
valiente
valita
valkyrie
valladares
valladolid
vallarta
vallavan
valle
vallejo
vallejos
valles
valletta
valley
valley1
valleyforge
valleygirl
valo666
valorie
valter
valval
valverde
vamaveche
vampir
vampira
vampire
vampire1
vampire13
vampire2
vampire666
vampire69
vampire7
vampireknight
vampires
vampires1
vampiresa
vampiress
vampirita
vampiro
vampiros
vampyre
van123
vananh
vance
vance1
vancouver
vanda
vandal
vandals
vandam
vandamme
vandana
vander
vandersar
vandread
vane123
vanegas
vanes
vanesa
vanesa1
vanesita
vaness
vanessa
vanessa01
vanessa1
vanessa10
vanessa12
vanessa123
vanessa13
vanessa14
vanessa15
vanessa16
vanessa18
vanessa2
vanessa21
vanessa22
vanessa23
vanessa3
vanessa4
vanessa5
vanessa7
vanessa8
vanessahudgens
vanessita
vanevane
vanexa
vaneza
vanezza
vangie
vangogh
vanguard
vanhalen
vanhelsing
vania
vanidosa
vanie
vanila
vanilla
vanilla!
vanilla1
vanilla2
vanilla3
vanilla7
vanillaice
vanillasky
vanille
vanina
vaninha
vanish
vanita
vanity
vanity1
vanna
vanna1
vannah
vanne
vannesa
vanness
vannessa
vannia
vannie
vanny
vanpersie
vanquish
vans12
vans123
vanvan
vaquera
vaquero
vaqueros
vaquita
varadero
varela
vargas
vargas1
varitek33
varken
varsator
varsha
varsity
varsity1
vartan
vasco
vasconcelos
vaselina
vaseline
vashti
vasile
vasilica
vasiliki
vasilis
vasquez
vasquez1
vatican
vatoloco
vatoloco1
vatoslocos
vaughan
vaughn
vaughn1
vauxhall
vavavoom
vazquez
vball
vball07
vball08
vball09
vball1
vball10
vball11
vball12
vball13
vball14
vball15
vball16
vball2
vball21
vball22
vball23
vball24
vball3
vball4
vball5
vball6
vball7
vball8
vball9
vecina
vecino
vector
vectra
vedder
vedeta
veejay
veevee
vegas
vegas06
vegas1
vegas21
vegas702
vegasbaby
vegemite
vegeta
vegeta1
vegetable
vegetables
vegetarian
vegetto
veggie
veggietales
vegita
vegito
vegueta
veilside
veinte
velarde
velasco
velasquez
velazquez
velcro
velez
velocity
veloso
velvet
velvet1
velvetrevolver
venado
venancio
vencedor
vencer
vendetta
venecia
venegas
veneno
venera
venessa
venetia
venezia
venezuela
venezuela1
venganza
vengeance
vengence
venice
venita
venkat
venner
venom
venom1
venoms
ventana
venteuno
ventilador
ventura
ventura1
venture
venus
venus1
venus123
venusa
venuss
venven
veracruz
veralucia
verano
verbatim
verdad
verdade
verde
verde1
verdes
verdolaga
verdugo
verena
verenice
verga
vergara
vergas
vergel
vergessen
vergeten
vergie
vergil
vergin
verify
verinha
verita
veritas
veritaserum
verito
verity
verizon
verizon1
verjaardag
verliefd
verlyn
vermelho
vermilion
vermillion
vermont
vermont1
verna
vernell
vernice
vernie
vernon
vernon1
vero12
vero123
vero13
veron
verona
veroni
veronica
veronica1
veronica15
veronica2
veronica21
veronica3
veronicamars
veronicas
veronik
veronika
veronique
veros
veroteamo
verovero
versace
versace1
versailles
versatile
verseau
version
version1
versus
vertical
vertigo
vertigo1
verycute
verygood
verynice
verysexy
verysexy1
verzosa
vespa
vesper
vester
vetealamierda
vetealaverga
veteran
veterinaria
vette
vette1
veverita
veyron
vh5150
vhente
vhenteuno
vhince
viagra
vialactea
vianca
vianey
vianka
vianna
vianne
vianney
viatamea
viatza
viatzamea
vibora
vibrator
vic123
vicecity
vicelord
vicent
vicenta
vicente
vicente1
vicentico
viceroy
vicious
vicious1
vick07
vickers
vickey
vicki
vicki1
vicki123
vickie
vickie1
vicky
vicky1
vicky123
vickys
vicmar
victim
victoire
victor
victor01
victor07
victor1
victor10
victor11
victor12
victor123
victor13
victor14
victor15
victor2
victor21
victor23
victor24
victor3
victor4
victor5
victor69
victor7
victor8
victorhugo
victoria
victoria!
victoria01
victoria06
victoria07
victoria1
victoria11
victoria12
victoria123
victoria13
victoria2
victoria3
victoria4
victoria5
victoria6
victoria7
victorian
victoriano
victoriasecret
victorino
victorio
victormanuel
victorteamo
victory
victory1
vicvic
viczhou
vidal
vidalia
vidaloca
vidaloka
vidamia
vidanova
vidanueva
vidas
video
video1
videogame
videogames
videos
vidita
vieira
viejito
vienna
vienne
viento
vierge
viernes
viernes13
vietnam
vietnam1
vietnamese
vietpride
vievie
viewsonic
vigilante
vijay
vijaya
vikash
viking
viking1
vikingo
vikings
vikings1
vikki
vikram
viktor
viktoria
vilanova
vilela
viliami
villa
villa1
villa123
villacorta
villaflor
villafuerte
village
villalobos
villamor
villan
villanueva
villar
villareal
villarin
villarosa
villarreal
villaruel
villas
villavicencio
ville
ville1
ville666
villegas
villena
villevalo
villevalo1
vilma
vilmita
viloria
vince
vince1
vince10
vince15
vince21
vincecarter
vincent
vincent1
vincent123
vincent14
vincent2
vincent3
vincenzo
vinces
vindaloo
vindicated
vindiesel
vineyard
vinicio
vinicius
vinluan
vinnie
vinnie1
vinny
vinny1
vinotinto
vinsanity
vinson
vintage
vintage1
vinvin
viola
viola1
violator
violence
violent
violentj
violet
violet1
violeta
violeta1
violetas
violets
violetta
violette
violin
violin1
violino
viorel
viorica
vip123
viper
viper1
viper12
viper123
viper69
vipera
vipergts
vipers
virago
viray
virgem
virgen
virgenmaria
virgie
virgil
virgil1
virgilio
virgin
virgin1
virgina
virginia
virginia1
virginie
virginity
virginmary
virgins
virgo
virgo08
virgo09
virgo1
virgo12
virgo123
virgo13
virgo14
virgo15
virgo16
virgo17
virgo18
virgo19
virgo2
virgo21
virgo22
virgo23
virgo24
virgo3
virgo69
virgo7
virgo8
virgo86
virgo88
virgo89
virgo9
virgo91
virgo92
virgo93
virgogirl
virgoo
virgos
viridiana
viris
virita
virtual
virtue
virus
viruses
viruss
vishal
vishnu
vision
vision1
visions
vissen
vista
visual
vitamin
vitamina
vitamins
vitara
vitesse
vitico
vitinha
vitinho
vitor
vitoria
vitorino
vittoria
vittorio
vivacious
vivaelrock
vivalabam
vivalaraza
vivalavida
vivaldi
vivamexico
vivanco
vivayo
vivelavida
vivera
vivi123
vivian
vivian1
viviana
viviana1
viviane
vivianita
vivianne
vivien
vivienne
vivir
vivis
vivita
vivitron
vivivi
vixen
vixen1
vixens
vizcarra
vktalent
vktalent123
vktalent2024
vktalent2025
vktalent2026
vktalent888
vladi
vladimir
vladut
vladutz
vlady
vlekkie
vlinder
vocalist
vocals
vodafone
vodafone1
vodka
vodka1
vodka69
vodkas
vodkashots
voetbal
vogue
voicemail
voices
voiture
volare
volcan
volcano
volcom
volcom!
volcom1
volcom12
volcom123
volcom13
volcom2
volcom3
volcom69
volcom7
volcom8
volcomstone
voldemort
voleibol
volibol
volimte
volkan
volkova
volkswagen
volkswagon
volley
volley1
volley10
volley11
volley12
volley13
volley14
volley2
volley22
volley3
volley4
volley5
volley7
volley8
volleybal
volleybal1
volleyball
volleyball1
volleyball11
volleyball12
volleyball3
vollyball
voltage
voltaire
voltron
volume
volume1
volumen
volunteer
volver
volvic
volvo
volvo1
vondutch
vonne
vonnie
vonnie1
vonte
vonvon
voodoo
voodoo1
vortex
vote4pedro
voyage
voyager
voyager1
vpjkglnvd
vr181dec87
vrajeala
vrienden
vrijgezel
vuelve
vuelveami
vuitton
vulcan
vulnerable
vulpix
vultur
vuurwerk
vvvvv
vvvvvv
vwbeetle
vwgolf
vwjetta
vwpolo
w12345
w123456
w1ll1am
w8woord
wabbit
wachtwoord
wacker
wacko
wacky
waco254
waddell
waddle
waddles
wade03
wade123
wade23
wade3
wafako
wafame
waffle
waffle1
waffles
waffles1
wagner
wahaha
waheeda
waheguru
wahida
wahidah
wahine
wahoo
wahwah
wahyu
wahyudi
wahyuni
waianae
waikato
waikiki
wairoa
wait4me
waiting
waitress
waiwai
wakala
wakeboard
wakeboarding
wakefield
wakeke
wakemeup
wakeup
wakoko
wakwak
wal-mart
walalang
walalng
walana
walcott
waldemar
walden
waldir
waldo
waldo1
waldorf
waldron
waleed
wales
wales1
wales123
wales4eva
waleska
walgreens
walkaway
walker
walker1
walkers
walking
walkitout
walkman
walkon
wallabies
wallace
wallace1
wallace2
waller
wallet
walleye
wallflower
wallie
wallis
wallpaper
wally
wally1
walmart
walmart1
walmart2
walnut
walnut1
walrus
walsall
walshy
waltdisney
walter
walter1
walter13
walter2
walters
walther
walton
wamba
wan123
wanadoo
wanda
wanda1
wander
wanderers
wanderlust
wangbu
wangsta
wangwang
wanida
wanie
waniey
wanita
wanker
wanker1
wankers
wanksta
wanna
wannabe
wannabe1
wannafuck
wannaplay
wannie
wannisa
wanted
wanted1
wanwan
wanwisa
wanzhengdq
wanzhengdq123
wanzhengdq2024
wanzhengdq2025
wanzhengdq2026
wanzhengdq888
wapak
wapakels
wapakelz
war123
waraporn
warcraft
warcraft1
warcraft3
ward86
wardah
warden
wardrobe
wareagle
wareagle1
warehouse
warfreak
warhammer
warhammer40k
warhead
warior
warlock
warlock1
warlord
warlords
warner
warnet
warning
warning1
warped
warpten
warren
warren1
warreng
warrick
warrington
warrior
warrior1
warrior2
warriors
warriors1
warrock
warsaw
warshock
warthog
warwar
warwick
warzone
was123
wasabi
wasalak
wasana
waseem
washburn
washer
washing
washington
wassaw
wasser
wassup
wassup1
wasted
wasted1
wasteland
wasteman
wasup
waswas
waswas1
waswaswas
watanabe
watashi
watashiwa
watch
watchout
watchtower
watdafuck
water
water1
water11
water12
water123
water13
water2
water22
water3
water4
water5
water6
water7
water911
waterbabe
waterbaby
waterbed
waterbottle
waterboy
waterbug
waterfall
waterfall1
waterfalls
waterford
watergirl
waterh2o
waterlily
waterloo
waterman
watermellon
watermelon
watermelon1
watermelons
waterpolo
waterpolo1
waters
waters1
waterside
waterski
waterworld
watery
wateva
wateva1
watever
watever1
watford
watitdo
watitdo1
watkins
watson
watson1
watsup
watthefuck
watts
watup
watwat
watzup
wave125
waverley
waverly
waves
wawan
wawang
wawawa
wawawe
way2cool
way2cute
way2go
waycool
waylon
waylon1
wayne
wayne01
wayne07
wayne1
wayne12
wayne123
wayne13
wayne14
wayne2
wayne22
wayne3
wayne5
wayne7
waynee
wayner
waynerooney
waynes
wayway
wazup
wazup1
wazzup
wazzup1
weakness
wealth
wealthy
weapon
weapons
weare1
weare138
weareone
wearethepeople
weasel
weasel1
weasle
weasley
weather
weather1
weaver
weaver1
webber
webbie
webbie1
webcam
webcam1
webelong
webelongtogether
webkinz
webkinz1
webkinz123
webmaster
website
webstar
webster
webster1
websters
wedding
wedding06
wedding07
wedding08
wedding1
weddings
wedgie
wednesday
wednesday1
wednesday13
wee123
weeble
weed
weed101
weed12
weed123
weed13
weed420
weed69
weedee
weedhead
weedman
weedman1
weedman420
weeds
weedsmoker
weedweed
weedz
weeee
weeeee
weegschaal
weejack
weekend
weeman
weeman1
weener
weenie
weenie1
weetabix
weetikniet
weetikveel
weewee
weewee1
weezer
weezer1
weezie
weezy
weezy1
weezy2
weezybaby
weezyfbaby
wehttam
weight
weiner
weiner1
weipurenzheng
weipurenzheng123
weipurenzheng2024
weipurenzheng2025
weipurenzheng2026
weipurenzheng888
weird
weird1
weirdo
weirdo1
weiwei
wekwek
welcom
welcome
welcome01
welcome1
welcome12
welcome123
welcome2
welcome3
welcome5
welcome888
welcometomylife
welder
welder1
welding
weldon
welkom
welkom01
wella
wellcome
welldone
weller
wellies
welling
wellington
wellness
wells
wells1
welly
welove
weloveyou
welshbabe
welshgirl
welshy
wembley
wences
wenceslao
wency
wendel
wendell
wendell1
wendi
wendie
wendita
wendy
wendy1
wendy12
wendy123
wendy2
wendy21
wendyl
wendys
wendys1
wendyteamo
wengay
wenger
wenggay
wengweng
wennie
wentworth
wentworth1
wentworthmiller
wentz
wenwen
wer123
werder
werdna
were123
werever
werewere
werewolf
werewolf1
weride
werita
werito
werner
werock
weronika
wert123
werter
wertwert
werty
werty1
werty12
werty123
wertys
wertyu
wertyuiop
wertzu
werule
werwer
wesker
weslaco
wesley
wesley1
wesley12
wesley2
wesley3
wessel
west
west12
west123
west13
westbrom
westbrook
westbury
westcoast
westcoast1
westend
wester
western
western1
westfield
westgate
westham
westham1
westhamunited
westhigh
westie
westies
westin
westlake
westland
westley
westlife
westlife1
westlife123
westly
westminster
weston
weston1
westover
westpoint
westport
westside
westside1
westside12
westside13
westside18
westside2
westside3
westside4life
westside5
westsyde
westtigers
westview
westward
westwest
westwood
westwood1
westy
weswes
wethepeople
wetnwild
wetpussy
wetseal
wetter
wetwet
wetwilly
wewewe
wewill
wewillrockyou
wexford
weymouth
whakatane
whale
whales
whammy
whanau
whangarei
wharton
whassup
what
what12
what123
what2do
what3v3r
whatev
whateva
whateva1
whatever
whatever!
whatever.
whatever0
whatever07
whatever1
whatever10
whatever11
whatever12
whatever123
whatever13
whatever14
whatever16
whatever2
whatever22
whatever23
whatever24
whatever3
whatever4
whatever5
whatever6
whatever69
whatever7
whatever8
whatif
whatisit
whatislove
whatisup
whatitdo
whatitis
whatnow
whats
whatsername
whatsgood
whatslove
whatsup
whatsup1
whatsup?
whatthe
whatthe1
whatthefuck
whatthehell
whatup
whatup1
whatwhat
whatzup
wheelchair
wheeler
wheeler1
wheels
wheezy
whelan
whenever
wheng
whereisthelove
whinnie
whipcream
whiplash
whippet
whiskas
whiskers
whiskers1
whiskey
whiskey1
whiskey7
whisky
whisper
whisper1
whispers
whistle
whistler
whitaker
whitby
white
white1
white123
whiteangel
whiteboy
whiteboy1
whitecat
whitechick
whitechicks
whitechocolate
whitedog
whitedove
whitedragon
whitee
whitefang
whiteflag
whitegirl
whitegirl1
whitegold
whitehall
whitehead
whitehorse
whitehouse
whitelady
whitelion
whiteman
whiteout
whitepower
whiterabbit
whiterose
whiteroses
whites
whitesnake
whitesox
whitesox1
whitetail
whitetiger
whitetigers
whitetrash
whitewater
whitewolf
whitey
whitey1
whitley
whitlock
whitmore
whitney
whitney1
whitney2
whitney7
whittaker
whittier
whittle
whittney
whitty
whitwhit
whoa
whoami
whoareyou
whocares
whocares1
whodat
whodey
whodoilove
whoknew
whoknows
whoknows1
whoohoo
whoopass
whoopi
whoopie
whoopwhoop
whoopy
whopper
whoppers
whore
whore!
whore.
whore1
whore123
whore69
whorebag
whores
whosyourdaddy
whyme
whyme1
whyme2
whyme?
whynot
whynot1
whywhy
wibble
wibowo
wicaksono
wicca
wicca1
wiccan
wiccan1
wichita
wicho
wicked
wicked1
wicked13
wicked2
wicked69
wicker
wicket
wicklow
widescreen
widget
widgets
widodo
widya
wiener
wierdo
wifey
wifey1
wifey4life
wigger
wiggie
wiggins
wiggle
wiggles
wiggles1
wigwam
wijaya
wilber
wilbert
wilbur
wilbur1
wilcox
wildan
wildangel
wildbill
wildboy
wildboyz
wildcard
wildcat
wildcat1
wildcats
wildcats08
wildcats1
wildcats12
wildcats14
wildcats4
wildcherry
wildchild
wildchild1
wilder
wilderness
wildfire
wildfire1
wildflower
wildgirl
wildhorse
wildhorses
wildlife
wildman
wildone
wildrose
wildthang
wildthing
wildthing1
wildwood
wiley1
wilford
wilfred
wilfredo
wilfrido
wilhelm
wilhelmina
wiliam
wilian
wilito
wilkerson
wilkie
wilkin
wilkins
wilkinson
will
will07
will12
will123
will13
will23
willaim
willam
willandgrace
willard
willem
willer
willi
william
william!
william.
william01
william02
william03
william05
william06
william07
william08
william1
william10
william11
william12
william123
william13
william14
william15
william16
william17
william18
william19
william2
william21
william22
william23
william25
william27
william3
william4
william5
william6
william69
william7
william8
william88
william9
williams
williams1
williams2
williamson
willian
willie
willie1
willie12
willie123
willie13
willie2
willie3
willies
willis
willis1
willito
willoughby
willow
willow01
willow1
willow12
willow123
willow13
willow2
willow3
willows
willowtree
wills
willsmith
willsmith1
willson
willturner
willwill
willy
willy1
willy123
willy2
willyoung
willys
willywonka
wilma
wilma1
wilman
wilmar
wilmarie
wilmas
wilmer
wilmington
wilson
wilson06
wilson1
wilson11
wilson12
wilson123
wilson2
wilson3
wilton
wimbledon
winamp
winchester
winda
windel
winder
windex
windex1
windmill
window
window1
windows
windows1
windows2
windows98
windowslive
windowsvista
windowsxp
windsor
windsor1
windstar
windstruck
windsurf
windy
winegums
winfield
winger
wingman
wingnut
wings
wings1
wingwing
wingzero
winifred
winker
winkie
winkle
winkwink
winky
winky1
winndixie
winner
winner1
winners
winnie
winnie01
winnie1
winnie12
winnie123
winnie14
winnie2
winniedapooh
winniedpooh
winniepooh
winniethepooh
winning
winnipeg
winny
winona
winslow
winsome
winson
winston
winston1
winston123
winston2
winter
winter00
winter01
winter04
winter05
winter06
winter07
winter08
winter1
winter11
winter12
winter123
winter15
winter2
winter21
winter22
winter3
winter5
winter7
winter77
winter99
winterfresh
winters
winthrop
winton
winwin
winxclub
wipemedown
wipeout
wippo
wireless
wireless1
wiremu
wisconsin
wisconsin1
wisdom
wisdom1
wiseguy
wiseman
wishart
wishbear
wishbone
wishbone1
wisheart
wishes
wishes1
wishful
wishing
wishmaster
wisin
wisinyandel
wisinyyandel
wiskers
wiskey
wisper
wisteria
witch
witch1
witchblade
witchcraft
witches
witchs
witchy
witchy1
withasmile
withers
within
withintemptation
withlove
without
withoutyou
withyou
witness
wizard
wizard1
wizardofoz
wizards
wizkid
wizzard
wizzer
wizzy
wladimir
wlalng
wlk3dgs
woaini
woaini1314
wobble
wobbles
wogboy
wolas
wolf
wolf12
wolf123
wolf13
wolf23
wolf359
wolf69
wolfen
wolfgang
wolfgang1
wolfgirl
wolfie
wolfie1
wolflover
wolfman
wolfman1
wolfmother
wolfpac
wolfpack
wolfpack1
wolfram
wolfwood
wolfy
wolverine
wolverine1
wolverines
wolves
wolves07
wolves1
wolves123
wolves2
wolvesfc
womack
woman
woman1
womanizer
wombat
womble
women
wonbin
wonder
wonder1
wonderboy
wonderbra
wonderful
wonderful1
wonderfull
wondergirl
wondering
wonderland
wonders
wonderwall
wonderwoman
wonderwomen
wonka
wonka1
wonton
woobie
woodard
woodbine
woodchuck
woodcock
wooden
woodford
woodgate
woodhouse
woodie
woodland
woodlands
woodlawn
woodman
woodpecker
woodridge
woodrow
woodrow1
woodruff
woods
woodside
woodson
woodstock
woodstock1
woodvale
woodview
woodville
woodward
woodworm
woody
woody1
woody123
woody2
woodys
woofer
woofie
woofwoof
woogie
woohoo
woohoo!
woohoo1
wookie
wookie1
woolworths
woopwoop
wooster
wooten
wootwoot
wootwoot1
woowoo
woowoo1
worcester
word
word123
wordlife
wordlife1
wordpass
wordpass1
words
wordup
wordup1
worker
workhard
working
workit
workman
workout
workout1
workshop
world
world1
worldcup
worldlife
worldofwarcraft
worldpeace
worlds
worldwar2
worldwide
worship
worship1
worthless
worthy
woteva
wotever
wouter
wow
wow123
wowie
wowowe
wowowee
wowsers
wowwow
wowzers
wraith
wrangler
wrangler1
wrecker
wrestle
wrestle1
wrestlemania
wrestler
wrestler1
wrestling
wrestling1
wrexham
wright
wright1
wright5
wrighty
wrigley
wrigley1
wrinkle
wrinkles
wrinkles1
writer
writing
wrxsti
wsxedc
wtf123
wtfwtf
wuchun
wulan
wulandari
wullie
wussup
wutang
wutang1
wutangclan
wuteva
wutever
wuzizuifood
wuzizuifood123
wuzizuifood2024
wuzizuifood2025
wuzizuifood2026
wuzizuifood888
wuzzup
wwe.com
wwe123
wwe4life
wwe619
wwechamp
wweecw
wwefan
wweraw
wweraw1
wwerocks
wwewwe
wwjd
wwjd4u
wwjd777
wwjdwwjd
www
www.com
www123
www2024
www2025
www2026
www888
wwwww
wwwwww
wwwwwww
wwwwwwww
wwwwwwwwww
wxcvbn
wyatt
wyatt1
wynter
wyoming
wyoming1
wyrecords
wysiwyg
wyvern
x0x0x0
x100pre
x100prejuntos
x100pretu
x100preyo
x123456
xalapa
xanadu
xander
xander1
xandra
xandria
xanga
xangelx
xaninha
xanita
xanthe
xavier
xavier01
xavier02
xavier03
xavier04
xavier05
xavier06
xavier07
xavier08
xavier1
xavier12
xavier123
xavier13
xavier15
xavier2
xavier21
xavier23
xavier3
xavier4
xavier5
xavier7
xaviera
xavion
xavior
xaxaxa
xbox360
xboxlive
xcalibur
xclusive
xcountry
xena123
xenia
xenosaga
xerox
xerxes
xfactor
xfiles
xgames
xiahjunsu
xiaoyu
xikita
ximena
ximenita
xinita
xinxin
xiomara
xiomara1
xiomarita
xiomi
xiomy
xjapan
xkissx
xlovex
xochitl
xocolate
xoxo
xoxo11
xoxo12
xoxo123
xoxo13
xoxox
xoxoxo
xoxoxo1
xoxoxoxo
xpinkx
xplayboyx
xpress
xrated
xristina
xristos
xsiempre
xterra
xtian
xtina
xtina1
xtine
xtreme
xtreme1
xxlovexx
xxmwahxx
xxpinkxx
xxplayboyxx
xxsexyxx
xxx123
xxx666
xxxooo
xxxxx
xxxxxx
xxxxxx1
xxxxxxx
xxxxxxxx
xxxxxxxxxx
xylophone
xyz123
xyz789
xzavier
xzibit
y12345
y123456
y3ll0w
y3llow
yaalimadad
yaallah
yabang
yacine
yadhira
yadiel
yadiel1
yadigg
yadira
yadira1
yadirita
yaelyuzon
yagami
yahaira
yahir
yahoo
yahoo!
yahoo.
yahoo.co
yahoo.com
yahoo1
yahoo11
yahoo12
yahoo123
yahoo13
yahoo2
yahoo21
yahoo22
yahoo3
yahoo5
yahoo6
yahoo7
yahoo9
yahoocom
yahooid
yahoom
yahoomail
yahoomessenger
yahooo
yahoopassword
yahoos
yahooyahoo
yahtzee
yahweh
yahweh1
yahyah
yajaira
yakima
yaknow
yakult
yakumo
yakusa
yakuza
yakyak
yamada
yamaha
yamaha1
yamaha125
yamaha22
yamaha250
yamahar1
yamahar6
yamakasi
yamama
yamamoto
yamapee
yamapi
yamashita
yamato
yamazaki
yambao
yamil
yamila
yamile
yamilet
yamileth
yamilex
yamilka
yamina
yamiyugi
yammy
yamum
yamuna
yamyam
yancarlos
yancey
yancy
yandel
yandel1
yanela
yaneli
yanely
yanet
yaneth
yangyang
yanick
yanie
yanin
yanina
yanique
yanira
yanis
yanita
yankee
yankee1
yankee12
yankee13
yankee2
yankees
yankees02
yankees06
yankees08
yankees1
yankees12
yankees13
yankees2
yankees21
yankees23
yankees3
yankees4
yankees7
yanks
yankumi
yanna
yannah
yanni
yannick
yannie
yannis
yanomas
yanoteamo
yanti
yanuar
yanyan
yaoming
yaquelin
yared
yareli
yarelis
yarely
yareth
yaretzi
yariel
yarika
yarima
yarina
yaris
yarita
yaritza
yasdnil
yaseen
yasemin
yashira
yashiro
yasin
yasmeen
yasmien
yasmin
yasmin1
yasmin123
yasmina
yasmine
yasmine1
yasser
yassin
yassine
yasumi
yatusabes
yawaka
yawasap
yaya
yaya1
yaya12
yaya123
yayabz
yayan
yayang
yayank
yayarea
yayaya
yayis
yayita
yayme
yazmin
yazmin1
yazmine
yazzie
yazzy
ybanez
ybarra
ydaleu
ydolem
yeaboi
yeager
yeah
yeah123
yeahbaby
yeahboy
yeahh
yeahman
yeahright
yeahyeah
yeahyeah1
year2000
year2006
year2007
year3000
yearbook
yearight
yeayea
yecats
yeehaa
yeehaw
yeferson
yehey
yehyeh
yeimi
yeimy
yeison
yeknom
yel22low
yelena
yelhsa
yelhsa1
yelitza
yell0w
yeller
yello
yellow
yellow!
yellow.
yellow00
yellow01
yellow02
yellow04
yellow05
yellow06
yellow07
yellow08
yellow1
yellow10
yellow11
yellow12
yellow123
yellow13
yellow14
yellow15
yellow16
yellow17
yellow18
yellow19
yellow2
yellow20
yellow21
yellow22
yellow23
yellow24
yellow25
yellow27
yellow3
yellow33
yellow4
yellow5
yellow55
yellow6
yellow69
yellow7
yellow77
yellow8
yellow87
yellow88
yellow9
yellow99
yellowbird
yellowcard
yellowgirl
yellowish
yellowjackets
yellowman
yellowpages
yellowrose
yellowroses
yellowstone
yemaya
yemisi
yendor
yengyeng
yenifer
yennifer
yenny
yenoh
yenyen
yeovil
yeppers
yepyep
yeral
yeraldin
yeremi
yerffej
yerlin
yermaw
yermom
yerson
yes123
yesdnil
yesenia
yesenia1
yesha
yeshua
yeshua1
yesiam
yesica
yesika
yesita
yeslek
yeslord
yessenia
yessi
yessica
yessik
yessika
yessir
yessy
yesterday
yesterday1
yesus
yesusku
yesyes
yesyes1
yesyesyes
yetunde
yetyet
yeuanh
yeyeng
yeyeye
yeyita
yeyito
yfz450
yhang
yhanie
yhanyhan
yheng
yheyhe
yhhuixin
yhhuixin123
yhhuixin2024
yhhuixin2025
yhhuixin2026
yhhuixin888
yhummy
yidarmy
yijeong
yingdatest
yingdatest123
yingdatest2024
yingdatest2025
yingdatest2026
yingdatest888
yingyang
yingying
yinyan
yinyang
yinyin
yippee
yissel
ylime
ylonen
yloveyou
ynaffit
ynattirb
yneng
yngwie
yo
yo1234
yo12345
yoamoadios
yoana
yoanna
yocelin
yodawg
yodude
yogesh
yoghurt
yogibear
yogibear1
yogurt
yogyakarta
yohan
yohana
yohanes
yohann
yohanna
yojimbo
yokohama
yokoono
yokyok
yolamejor
yolanda
yolanda1
yolande
yolis
yolita
yomaira
yomama
yomama1
yomama12
yomama123
yomama2
yomamma
yomamma1
yoman
yomara
yomeamo
yomera
yomero
yomira
yomisma
yomismo
yomoma
yomomma
yomomma1
yonatan
yonathan
yondaime
yonela
yongyong
yonkers
yonnie
yonofui
yonose
yonutz
yonyon
yoohoo
yooneunhye
yoooo
yooooo
yopis
yopuedo
yopyop
yordan
yorkie
yorkie1
yorkies
yorkshire
yoselin
yoselyn
yosemite
yoseph
yoshi
yoshi1
yoshi123
yoshie
yoshiki
yoshiko
yoshua
yosimar
yosoloyo
yosoy
yosoyasi
yosoyelmejor
yosoylamejor
yosoylinda
yosoysexy
yosoyyo
yoteamo
yotekiero
yotequiero
yotuel
you
you rock
you suck
you&me
you123
youandi
youandme
youandme1
youandme2
youare
youaregay
youaremine
youaremylove
youaretheone
youbitch
youcantseeme
youdontknow
youfuck
yougogirl
yougotserved
youknow
youknow1
youknowit
youknowme
youllneverguess
youlove
youlovei
youloveme
young
young1
young10
young2
youngb
youngblood
youngbuck
youngc
youngd
younger
youngest
youngin
youngjeezy
younglady
younglife
younglove
younglove1
youngmoney
youngone
youngs
youngsta
youngster
youngy
younme
youporn
your mom
yourcool
yourdad
yourface
yourgay
yourgay1
yourlove
yourm0m
yourma
yourmama
yourmine
yourmom
yourmom!
yourmom.
yourmom1
yourmom12
yourmom123
yourmom2
yourmom21
yourmom3
yourmom4
yourmom5
yourmom69
yourmom7
yourmomma
yourmother
yourmum
yourname
yourname1
yourock
yourock!
yourock1
yours
yourself
yourtheone
yousef
yousmell
yousra
youssef
youstink
yousuck
yousuck!
yousuck1
yousuck2
yousuck3
youth
youth1
youths
youtoo
youtube
youtube1
youwish
youwish1
youyou
youyouyou
yovana
yovani
yovanna
yovany
yovita
yoyis
yoyita
yoyito
yoyo
yoyo1
yoyo11
yoyo12
yoyo123
yoyoma
yoyong
yoyoy
yoyoyo
yoyoyo1
yoyoyo3
yoyoyoyo
yoysoloyo
yoytu
yrrehc
ysabel
ysabella
ysabelle
ysmael
ysrael
ytrewq
ytrewq1
yu-gi-oh
yubyre
yubyta
yucatan
yuckfou
yudha
yudith
yuffie
yugiho
yugioh
yugioh1
yugiohgx
yuichi
yuiop
yuiyui
yukari
yukie
yukiko
yukina
yukino
yukito
yukiyuki
yukon
yukon1
yulia
yulian
yuliana
yuliani
yulianita
yulieth
yulisa
yulissa
yulita
yumiko
yummie
yummmy
yummy
yummy!
yummy1
yummy123
yummy2
yummymummy
yummys
yummyyummy
yumyum
yumyum1
yumyumyum
yunalesca
yungjoc
yungmoney
yungying
yuniar
yunior
yunita
yunuen
yunyun
yuppers
yupyup
yurani
yurenmed
yurenmed123
yurenmed2024
yurenmed2025
yurenmed2026
yurenmed888
yurico
yuridia
yurika
yuriko
yuripa
yuritzi
yurundianqi
yurundianqi123
yurundianqi2024
yurundianqi2025
yurundianqi2026
yurundianqi888
yusuf
yusuke
yutaka
yuyayu
yuyis
yuyita
yuyito
yuyuhakusho
yuyun
yuyuyu
yvette
yvette1
yvone
yvonne
yvonne1
yvonne2
yxcvbnm
yyyyy
yyyyyy
yyyyyyyy
yz-li
yz-li123
yz-li2024
yz-li2025
yz-li2026
yz-li888
yz250f
yzerman
yzerman19
yzli
yzli123
yzli2024
yzli2025
yzli2026
yzli888
z12345
z123456
z1x2c3
z1x2c3v4
z28camaro
zabala
zabrina
zabuza
zac efron
zac123
zacapa
zacarias
zacatecas
zacatecas1
zaceffron
zacefron
zacefron1
zacefron12
zacefron14
zach
zach01
zach1
zach11
zach12
zach123
zach13
zachariah
zachary
zachary01
zachary1
zachary10
zachary11
zachary12
zachary2
zachary3
zachary4
zachary5
zachary6
zachary7
zachery
zachery1
zachy
zacishot
zack
zack01
zack10
zack11
zack12
zack123
zack13
zack14
zackary
zackary1
zackefron
zackery
zackery1
zackie
zacky
zacky1
zackyv
zaclover
zaczac
zafira
zafirah
zafiro
zagreb
zahara
zaharah
zaheer
zahir
zahira
zahra
zaida
zaido
zainab
zainal
zaira
zaire
zaiton
zaizai
zakaria
zakary
zakiah
zakiya
zakiyah
zakiyyah
zakura
zakzak
zaldy
zaleha
zalina
zamalek
zamani
zamantha
zambales
zambet
zambia
zamboanga
zambrano
zamira
zamora
zamorano
zamudio
zamzam
zanahoria
zander
zander1
zandra
zandro
zanessa
zaneta
zangetsu
zaniyah
zanjoe
zanzibar
zaoldyeck
zapacita
zapada
zapanta
zapata
zapatito
zapato
zapatos
zapdos
zappa
zapper
zaq1!QAZ
zaq123
zaq12wsx
zaq1xsw2
zaqwsx
zaqwsxcde
zaqxsw
zaqxswcde
zaqzaq
zaragoza
zarah
zarate
zaraza
zarela
zaria
zariah
zarina
zarita
zashley
zathura
zavala
zavaleta
zavier
zaynab
zayra
zayzay
zayzay1
zazaza
zealand
zealot
zealous
zebedee
zebra
zebra1
zebra123
zebras
zebulon
zechariah
zedrick
zeeshan
zeezee
zefron
zegarra
zegikniet
zeinab
zelaya
zelda
zelda1
zelda123
zelda64
zeldas
zelle
zenaida
zenith
zenitram
zenki
zenobia
zenzen
zepeda
zephaniah
zephyr
zeppelin
zeppelin1
zepplin
zeratul
zerimar
zero
zero00
zero12
zero123
zero13
zerocool
zeroeight
zerofive
zerofour
zeronine
zeroone
zeroordie
zeroseven
zerosix
zerothree
zerozero
zetans
zetroc
zeus123
zevallos
zeynep
zezinha
zezinho
zhazha
zhelle
zholido
zhutil
zhuzhu
zidane
zidane10
ziggie
ziggy
ziggy1
ziggy123
ziggy2
zigzag
zigzag1
zildjian
zimbabwe
zimmer
zimmer483
zimmerman
zindagi
zinedine
zinger
zinnia
zionbaby
zipper
zipper1
zippo
zippo1
zipporah
zippy
zippy1
zipzap
zipzip
zircon
zizou
zj-xgj
zj-xgj123
zj-xgj2024
zj-xgj2025
zj-xgj2026
zj-xgj888
zjxgj
zjxgj123
zjxgj2024
zjxgj2025
zjxgj2026
zjxgj888
zlatan
zlatko
zmxncbv
zodiac
zodiaco
zodiak
zoe101
zoe123
zoedog
zoegirl
zoejane
zoey
zoey01
zoey05
zoey101
zoey12
zoey123
zoeygirl
zoezoe
zoila
zoilita
zoinks
zola25
zolika
zoloft
zoltan
zombie
zombie1
zombies
zonessoft
zonessoft123
zonessoft2024
zonessoft2025
zonessoft2026
zonessoft888
zonnebloem
zonnetje
zookeeper
zoolander
zoology
zoomer
zoomzoom
zootycoon
zooyork
zooyork1
zoozoo
zoraida
zorra
zorras
zorrita
zorrito
zorro
zorro1
zorros
zouzou
zsazsa
zsolti
zsuzsa
zubaidah
zubair
zucaritas
zulaikha
zuleika
zuleima
zulema
zuleyka
zuleyma
zulhilmi
zulkifli
zully
zulma
zulueta
zumiez
zuniga
zuplada
zuraidah
zurdo
zurich
zuriel
zurita
zuzana
zuzanka
zuzuzu
zvezda
zwemmen
zwinky
zwolle
zxasqw
zxasqw12
zxc123
zxcasd
zxcasdqwe
zxccxz
zxcv12
zxcv123
zxcv1234
zxcvb
zxcvb1
zxcvb123
zxcvbn
zxcvbn1
zxcvbnm
zxcvbnm,
zxcvbnm,.
zxcvbnm,./
zxcvbnm1
zxcvbnm12
zxcvbnm123
zxcvzxcv
zxczxc
zxzxzx
zxzxzxzxzx
zyaire
zyanya
zygote
zzxxcc
zzz123
zzzxxx
zzzzz
zzzzzz
zzzzzzz
zzzzzzzz
zzzzzzzzzz
ๅ/-ภถุ
