candidates: 7879 threads=16
11ban.top	/admin/login.php	typecho	7663	LOGIN
1betvegas.com	/admin/	asp/access	4854	LOGIN
1minutereview.org	/login.php	unknown	5439	LOGIN
2betqd.r14.35.com	/admin/	unknown	3834	LOGIN
2wxyfm.r14.35.com	/manage/	unknown	3835	LOGIN
317.szdongdao.com	/admin/login	unknown	49652	LOGIN
360led.net	/admin/login	unknown	6624	LOGIN
4allprograms.me	/admin/index.php	wordpress	12416	LOGIN
420grill.com	/admin.php	unknown	3260	LOGIN
3ngenhocas.com	/login.php	wordpress	9312	LOGIN
4yjoax.r14.35.com	/admin.php	unknown	3837	LOGIN
3rstars.com	/admin/	wordpress	5475	LOGIN
5911911.com	/admin/login.php	unknown	3254	LOGIN
50dates50states.com	/admin/	wordpress	6614	LOGIN
51jixiang.net	/admin/login.asp	unknown	43223	ADMIN
5twt2o.r14.35.cn	/houtai/	unknown	3835	LOGIN
3stechnologie.com	/login.php	wordpress	10406	LOGIN
63ba.com	/admin/login.asp	asp/access	36785	LOGIN
6390.cn.com	/login.php	wordpress	10052	LOGIN
6qub2z.r14.35.com	/admin.php	unknown	3837	LOGIN
632.cn	/admin.php	unknown	5488	LOGIN
673harbor.com	/admin/index.php	wordpress	6664	LOGIN
9bet.net	/admin/	wordpress	49486	LOGIN
8hvmhz.r14.35.cn	/login.php	unknown	3837	LOGIN
88westrealtypm.com	/admin/	unknown	29746	ADMIN
7pcd.com	/admin/	wordpress	6493	LOGIN
96krock.com	/login.php	wordpress	7930	LOGIN
a40a8q.r14.35.com	/dede/	unknown	3833	LOGIN
a6981a107babbac.aipage.com	/admin/	unknown	6521	LOGIN
accad.net	/admin/login.php	asp/access	9356	LOGIN
abledvd.com	/admin/index.asp	unknown	21269	ADMIN
aavta.com	/admin/	wordpress	6288	LOGIN
acluofnc.org	/admin/	asp/access	44185	LOGIN
adbuth.com	/admin.php	unknown	5481	LOGIN
abilitymotor.com	/login.php	wordpress	36270	LOGIN
aczlsu.r14.35.com	/admin/	unknown	3834	LOGIN
aaavn.com	/admin/	wordpress	7422	LOGIN
aandjventuresconstruction.com	/admin/login	wordpress	50000	LOGIN
acadianamfg.com	/login.php	wordpress	5502	LOGIN
admin.treefortsystems.com	/admin/	unknown	8019	ADMIN
achoirofghosts.com	/login.php	wordpress	7251	LOGIN
actionrolloffs.com	/login.php	wordpress	7647	LOGIN
aendorphin.com	/admin/login	wordpress	49988	LOGIN
adnandemirturk.com	/login.php	wordpress	8754	LOGIN
acrylicdisplay-stands.com	/admin/index.php	wordpress	2340	LOGIN
ag.liga168.com	/admin/	asp/access	2402	LOGIN
ag.egorun.net	/admin/	asp/access	12207	LOGIN
affordablesharedhost.com	/login.php	unknown	15753	LOGIN
afts6j.r14.35.com	/dede/	unknown	3833	LOGIN
admin.rompnrollfranchise.com	/admin/	wordpress	3468	LOGIN
agadirjourney.com	/login.php	wordpress	8113	LOGIN
ahbaoan.net	/admin/	unknown	20125	LOGIN
agronest.org	/login.php	wordpress	30058	LOGIN
agaoglunakliye.com	/login.php	wordpress	9526	LOGIN
ah-wolong.com	/admin/	unknown	20125	LOGIN
ahbill.com	/admin/	unknown	20125	LOGIN
ahxiyy.com	/admin/	unknown	20125	LOGIN
ahgqcy.com	/admin/	unknown	20125	LOGIN
ahyxfh.com	/admin/	unknown	20254	LOGIN
ahqhmq.com	/admin/	unknown	20254	LOGIN
aecc.com	/login.php	wordpress	6892	LOGIN
ahhzlq.com	/admin/	unknown	20125	LOGIN
ahxsd.net	/admin/	unknown	20125	LOGIN
ahyouhao.com	/admin/	unknown	20125	LOGIN
agence-uni.com	/login.php	wordpress	20684	LOGIN
ahrsdq.com	/admin/	unknown	20125	LOGIN
ahygfz.com	/admin/	unknown	20125	LOGIN
agrojivan.com	/admin/	wordpress	5933	LOGIN
ahzfgg.com	/admin/	unknown	20125	LOGIN
airtonchina.net	/admin/login.asp	asp/access	2042	LOGIN
ahzybf.com	/admin/	unknown	20125	LOGIN
ahtlgmb.com	/admin/	unknown	20125	LOGIN
ahsjkx.net	/admin/	unknown	20125	LOGIN
ak5ah2.r14.35.com	/admin/	unknown	3834	LOGIN
ahllbp.com	/admin/	unknown	20125	LOGIN
ahsdyyl.com	/admin/	unknown	20125	LOGIN
ahqsjc.com	/admin/	unknown	20125	LOGIN
ahzr.com.cn	/admin/	unknown	20125	LOGIN
ahlinyang.com	/admin/	unknown	20125	LOGIN
ahyyhb.net	/admin/	unknown	20125	LOGIN
ahhubang.com	/admin/	unknown	20125	LOGIN
ali-gator.com	/admin/index.php	unknown	3917	LOGIN
ahtlt.com.cn	/admin/	unknown	20125	LOGIN
ahftby.cn	/admin/	unknown	20254	LOGIN
ahyhsykj.com	/admin/	unknown	20125	LOGIN
ahzhuoke.com	/admin/	unknown	20254	LOGIN
alisenfire.com	/admin/login.php	unknown	20461	ADMIN
alessioolimpio.com	/login.php	wordpress,asp/access	45318	LOGIN
airgunsofkansas.com	/login.php	wordpress	6944	LOGIN
alexsilvaconsultoria.com	/login.php	wordpress	11075	LOGIN
ahzyhh.com	/admin/	unknown	20254	LOGIN
alexeinz.info	/login.php	wordpress,asp/access	42244	LOGIN
alipedram.net	/admin/	wordpress	6418	LOGIN
alithiasophia.com	/login.php	wordpress	6268	LOGIN
alkaatul.com	/login.php	wordpress	5687	LOGIN
alesforals.org	/admin/	asp/access	43870	LOGIN
alliowens.info	/admin/	wordpress	2263	LOGIN
all-bookmaker-pk.com	/manage/	wordpress,asp/access	23770	LOGIN
alexandrewsgeorge.com	/login.php	wordpress	6397	LOGIN
altimetry.com	/login.php	asp/access	41354	LOGIN
alohawinners.com	/admin/	asp/access	6079	LOGIN
allprocountertops.com	/login.php	wordpress	6289	LOGIN
alisachilders.com	/login.php	wordpress	34212	LOGIN
alumni.rolandberger.com	/admin/	unknown	14332	LOGIN
aljobat.com	/login.php	wordpress	6366	LOGIN
alwaqaar.com	/login.php	wordpress	33373	LOGIN
americanartdecor.com	/admin/login	unknown	2385	ADMIN
amandatattersall.com	/admin/	wordpress,asp/access	45895	LOGIN
alrajwanhijab.com	/login.php	wordpress	7596	LOGIN
amsburg.com	/login.php	wordpress	5554	LOGIN
amatoauthor.com	/admin/	wordpress	9605	LOGIN
ambercampbell.com	/admin/	wordpress	5503	LOGIN
alsautomotive.com	/login.php	wordpress	7645	LOGIN
andalasweb.com	/login.php	wordpress	5191	LOGIN
ancientpedia.com	/login.php	wordpress	6032	LOGIN
androplay.net	/login.php	wordpress	10922	LOGIN
ambulancetangsel.com	/login.php	wordpress	5681	LOGIN
anhuabrasives.cn	/admin/index.asp	asp/access	3448	LOGIN
amphalal.com	/login.php	wordpress	8857	LOGIN
anasrentcar.com	/admin/	wordpress	35600	LOGIN
anshig.com	/admin/login.php	unknown	3852	LOGIN
ankarates5.org	/admin/login	wordpress	28035	LOGIN
anthony-gonnet.com	/admin/	wordpress	12161	LOGIN
annazassimova.com	/login.php	wordpress	6391	LOGIN
ansar-group.com	/login.php	wordpress	8867	LOGIN
aoqtz4.r14.35.com	/login.php	unknown	3837	LOGIN
angloiraqi.org	/login.php	wordpress	8585	LOGIN
aneeshkuniyil.com	/login.php	wordpress	5871	LOGIN
aopinionatedman.com	/login.php	wordpress	4753	LOGIN
anthonyvincentphoto.com	/login.php	wordpress	5851	LOGIN
api-prod-wellness.petco.com	/admin/	unknown	3207	LOGIN
api.famepilot.com	/admin/login	unknown	2174	LOGIN
apartamentosrd.com	/admin/	wordpress	3331	LOGIN
apollosuite.com	/admin/	wordpress	7313	LOGIN
apiject.com	/login.php	wordpress	6563	LOGIN
apexadj.com	/login.php	wordpress	5865	LOGIN
app.zhipin.com	/admin/index.php	unknown	14085	LOGIN
api-domain-compado.com	/dede/	unknown	50000	LOGIN
apartemen123.com	/login.php	wordpress	6310	LOGIN
armord-alloy.com	/admin/login.php	unknown	4017	LOGIN
aqhuaxia.com	/admin/	unknown	20125	LOGIN
aquahoy.com	/login.php	wordpress	9295	LOGIN
arquitectosdeabogados.com	/login.php	wordpress	10658	LOGIN
aqcwyy.cn	/admin/	unknown	20125	LOGIN
arrivistes.com	/login.php	wordpress	5963	LOGIN
assets.altimetry.com	/login.php	asp/access	41354	LOGIN
arsatc.org	/admin/	wordpress	11109	LOGIN
athdf.com	/admin/login	unknown	3982	LOGIN
ar.dawahskills.com	/login.php	wordpress	11445	LOGIN
arocn.com	/admin/	unknown	6765	LOGIN
auncel.com.cn	/admin/login	unknown	4002	LOGIN
askrvmechanic.com	/houtai/	asp/access	49995	LOGIN
artsrochester.net	/login.php	wordpress	7026	LOGIN
asian.com	/login.php	unknown	34779	LOGIN
atakumsutesisatcisi.com	/login.php	wordpress	10407	LOGIN
arquitecturaenbarro.com	/login.php	wordpress	10096	LOGIN
aucwau.r14.35.com	/houtai/	unknown	3835	LOGIN
aussie-play.com	/admin/login	unknown	1618	LOGIN
auth.forchildren.com	/admin/login.php	unknown	4204	LOGIN
augmind.me	/login.php	wordpress	7107	LOGIN
avrupafmtv.com	/admin/	unknown	3417	LOGIN
bagoolusa.com	/admin/login.php	unknown	2362	LOGIN
authentictunisia.com	/login.php	wordpress	5512	LOGIN
badasong.com	/login.php	wordpress	8933	LOGIN
autismassessmentswales.org	/login.php	wordpress,asp/access	43994	LOGIN
bannedfatlossmethod.com	/admin/login	wordpress	16902	LOGIN
baliwineshop.com	/login.php	wordpress	6980	LOGIN
basaltdynamics.com	/admin/login	unknown	8834	LOGIN
baohiemlibertyvn.com	/login.php	wordpress	10624	LOGIN
balancewitharchana.com	/admin/index.php	wordpress	8716	LOGIN
bahaarholidays.com	/login.php	wordpress	6885	LOGIN
basecamper.com	/admin/login	unknown	2369	ADMIN
bat-chuon-d1267665.blogripley.com	/admin/login	unknown	6089	LOGIN
bazfui.r14.35.cn	/admin.php	unknown	3837	LOGIN
backstagemilano.com	/admin/	wordpress	9787	LOGIN
bazaradvisor.com	/admin/login.php	unknown	3579	LOGIN
be-mag.com	/login.php	wordpress	6103	LOGIN
basementdesignstudio.com	/login.php	wordpress	8099	LOGIN
baliwholesalemarket.com	/login.php	wordpress	7763	LOGIN
batesadvanced.com	/login.php	wordpress	7019	LOGIN
benabar-officiel.com	/admin/	unknown	50000	LOGIN
bensonic-china.cn	/admin/login.php	unknown	4020	LOGIN
bdcctvcamera.com	/login.php	wordpress	7944	LOGIN
bbqbarbecuegrill.com	/admin/	wordpress,asp/access	44907	LOGIN
bengusu.com	/login.php	wordpress,asp/access	32817	LOGIN
baikehotel.com	/admin/	wordpress	9205	LOGIN
besttc.net	/admin/login.php	unknown	4150	LOGIN
berza-valuta.com	/login.php	wordpress	6158	LOGIN
bethelsheldon.org	/admin/	wordpress,asp/access	42378	LOGIN
beanandboy.com	/admin/	wordpress	6779	LOGIN
betapollo.net	/admin/	asp/access	5739	LOGIN
bellehairextensions.com	/login.php	wordpress,asp/access	46190	LOGIN
betbullpen.com	/houtai/	asp/access	6046	LOGIN
bethockeytown.com	/manage/	asp/access	6082	LOGIN
benditamariatattoo.com	/admin/	wordpress	6797	LOGIN
bexpey.r14.35.com	/manage/	unknown	3835	LOGIN
bexpey.r14.35.cn	/admin/	unknown	3834	LOGIN
bertramfinancial.com	/login.php	wordpress	9885	LOGIN
bg-florida.com	/admin/login.asp	asp/access	12821	LOGIN
bifa8.net	/manage/	unknown	26482	LOGIN
binae.org	/login.php	wordpress	7027	LOGIN
bikefinder.com	/login.php	wordpress	4693	LOGIN
bftutoring.com	/admin/	wordpress	7900	LOGIN
bio-muscles.net	/login.php	wordpress	5789	LOGIN
birminghamsitematerials.com	/admin/	wordpress	7852	LOGIN
bhavitrabd.com	/login.php	wordpress	18081	LOGIN
biotectura.com	/admin/	wordpress	7155	LOGIN
bitintruder.com	/login.php	wordpress	9289	LOGIN
blissbets.com	/admin/index.asp	asp/access	49971	LOGIN
biblestorieshub.com	/admin/	wordpress	5878	LOGIN
bluecom.uk.com	/login.php	wordpress	10524	LOGIN
bmcchannel.com	/login.php	wordpress	6271	LOGIN
blog.fincra.com	/admin/index.php	wordpress,asp/access	42950	LOGIN
bmyd.net	/admin/login.php	unknown	3930	LOGIN
baoshidianqi.com	/admin/	unknown	39655	ADMIN
blvdautoworks.com	/login.php	wordpress	6669	LOGIN
bluegooseholidays.com	/login.php	wordpress	7554	LOGIN
bomexpo.com	/admin/	unknown	6765	LOGIN
bookgirlsguide.com	/login.php	wordpress	6956	LOGIN
bingoweekly.com	/admin/index.php	wordpress	5963	LOGIN
bogurcu.com	/admin/	wordpress	9697	LOGIN
bluelynxstudio.com	/login.php	wordpress	10575	LOGIN
bolivia.forchildren.com	/admin/index.php	unknown	12811	LOGIN
bmsservis.com	/login.php	wordpress	10667	LOGIN
booyasportsline.com	/admin/	asp/access	6298	LOGIN
bowlwithseoul.com	/admin/	wordpress	6889	LOGIN
botuzl.com	/admin/login	unknown	3985	LOGIN
bodymassage.com	/login.php	wordpress	6964	LOGIN
bookharpy.com	/login.php	wordpress	7671	LOGIN
bojaco.com	/admin/	wordpress	16726	LOGIN
brightworkspace.com	/login.php	asp/access	40550	LOGIN
bragmedallion.com	/admin/	wordpress	11448	LOGIN
branchbets.com	/manage/	asp/access	6148	LOGIN
brasil.forchildren.com	/admin/	unknown	12847	LOGIN
brentwoodchurch.com	/admin/login	unknown	6361	LOGIN
burghartswieser.com	/manage/	unknown	7804	ADMIN
btsk.cn	/admin/login.asp	asp/access	9425	LOGIN
buonmenu.com	/admin/	unknown	7036	LOGIN
bycpa.com	/admin/login.asp	asp/access	4864	LOGIN
buildingarabia.com	/login.php	wordpress	7206	LOGIN
bsp.com	/login.php	wordpress	6107	LOGIN
brittjanyk.com	/admin/	wordpress	6853	LOGIN
bxrunhao.com	/admin/index.php	unknown	2616	LOGIN
c72bei.r14.35.cn	/login.php	unknown	3837	LOGIN
c72bei.r14.35.com	/admin.php	unknown	3837	LOGIN
buckskinlady.com	/admin/	wordpress	5522	LOGIN
careers.petco.com	/admin/login	wordpress,asp/access	50000	LOGIN
canadabots.com	/login.php	unknown	2194	LOGIN
cadillacrock.com	/admin/index.php	wordpress	8633	LOGIN
calendarwiz.net	/admin/login	unknown	1613	LOGIN
cardiothinklab.com	/admin/	asp/access	32832	LOGIN
canada.shopkidde.com	/admin/	asp/access	16877	LOGIN
cariboucollections.com	/login.php	wordpress	6681	LOGIN
campus-academy.lseg.com	/admin/index.php	asp/access	30891	LOGIN
carepoint-bg.com	/admin/login	unknown	8692	LOGIN
campus-lsegacademy.lseg.com	/admin/	asp/access	30891	LOGIN
casadei.biz	/login.php	wordpress	12013	LOGIN
capaenerji.com	/login.php	wordpress	9700	LOGIN
casinospel.biz	/admin/	unknown	4106	LOGIN
cascadewaterfeatures.com	/admin/	wordpress	10620	LOGIN
casabarros.com	/login.php	wordpress	15444	LOGIN
casadeloscaracoles.com	/login.php	wordpress	9501	LOGIN
casitaweb.info	/admin/login	unknown	49774	LOGIN
celoxmedical.com	/login.php	wordpress	16763	LOGIN
castromarimlocalmarket.com	/admin/index.php	unknown	4083	LOGIN
cerizmo.com	/admin/	unknown	4278	LOGIN
ceohyeah.com	/admin/	wordpress	4979	LOGIN
casino-non-aams.com	/admin/	wordpress	8802	LOGIN
chandacottage-newarthill.com	/manage/	unknown	50000	LOGIN
catholicfraternity.net	/login.php	wordpress	6997	LOGIN
cecinvestor.com	/admin/	asp/access	33141	LOGIN
ccpi.org	/login.php	wordpress	6144	LOGIN
certiretie.com	/login.php	wordpress	9912	LOGIN
chargercash.com	/admin/	unknown	5796	LOGIN
cerineajoyas.com	/login.php	wordpress	12534	LOGIN
china-sanchuan.com	/admin/login.php	unknown	3890	LOGIN
chinahrj.com.cn	/admin/login.php	unknown	33882	ADMIN
chinaglass.club	/admin/index.php	dedecms,empirecms	3207	LOGIN
chinafpzj.com	/manage/	asp/access	6422	LOGIN
chengxiangdoor.com	/admin/login	unknown	4029	LOGIN
chinahrj.cn	/admin/login.php	unknown	33882	ADMIN
chinasanjin.com	/manage/	asp/access	7211	LOGIN
certifiedconsumerreviews.com	/admin/	wordpress	33344	LOGIN
chingosdeimpacto.com	/admin/	unknown	5977	LOGIN
chocobuy.com	/admin/login.php	asp/access	24943	LOGIN
chinaweidun.com	/admin/login	unknown	3965	LOGIN
chinatinboxes.cn	/admin/index.asp	asp/access	1859	LOGIN
centrobartolome.org	/login.php	wordpress	9986	LOGIN
chirurgienplasticien.com	/admin/	unknown	7000	LOGIN
chookysburton.com	/admin/login	unknown	50000	LOGIN
ci.rolandberger.com	/admin/	asp/access	9930	LOGIN
cleanroomsuppliesltd.com	/admin/	asp/access	49995	LOGIN
chunyicanyin.com	/admin/	unknown	20254	LOGIN
civico201.com	/admin/	wordpress	9723	LOGIN
chnwidestone.com	/admin/	unknown	20254	LOGIN
cldry.com	/admin/	asp/access	5523	LOGIN
cimaworld.com	/admin/index.php	wordpress	2977	LOGIN
clarkfund.org	/login.php	wordpress	9775	LOGIN
clubspark.net	/admin/	unknown	11750	LOGIN
clintonelectronics.com	/admin/	wordpress,asp/access	12322	LOGIN
ckmmakina.net	/login.php	wordpress	9029	LOGIN
clarkrendering.com	/login.php	wordpress	9362	LOGIN
cms.empirefinancialresearch.com	/admin/	wordpress	6589	LOGIN
cnctshirts.com	/admin/index.asp	asp/access	2240	LOGIN
cocilux2009.com	/admin/login	unknown	27781	LOGIN
clevelandcliniclabs.com	/login.php	wordpress	6730	LOGIN
cn.spg666.com	/login.php	unknown	7984	LOGIN
cnbonly.com	/login.php	unknown	6948	LOGIN
codesdb.com	/admin/	wordpress	8992	LOGIN
cnlgwz.com	/admin/login.asp	asp/access	3721	LOGIN
cohostrail.com	/login.php	wordpress	6814	LOGIN
coleyporterbell.com	/admin/index.asp	asp/access	34305	LOGIN
coelhoengenharia.com	/login.php	wordpress	9043	LOGIN
colombia.forchildren.com	/admin/index.php	unknown	12815	LOGIN
compared4u.net	/admin/login.asp	unknown	39048	LOGIN
comprayenvia.com	/manage/	wordpress	19291	LOGIN
concordcommunitiesalliance.org	/login.php	wordpress	9419	LOGIN
concretefloorpaintadvice.com	/login.php	wordpress	6439	LOGIN
claytonohgaragerepair.com	/login.php	wordpress	7131	LOGIN
communi-tt.tracking-progress.org	/admin/	wordpress,asp/access	46034	LOGIN
consulting.stylemixthemes.com	/login.php	wordpress	8628	LOGIN
cordeiroesaraiva.com	/admin/	unknown	3357	LOGIN
cooglife.com	/login.php	wordpress	6242	LOGIN
consueloc.com	/login.php	wordpress	15102	LOGIN
conexionjapon.com	/admin/	unknown	2529	LOGIN
cotcchina.com	/admin.php	unknown	2004	LOGIN
cqtransformer.com.cn	/admin/login.php	unknown	4187	LOGIN
cpanel.gzm.com	/admin/	asp/access	13210	LOGIN
courtneyarmstrong.com	/admin/	wordpress	5773	LOGIN
cowenrecruitment.com	/login.php	wordpress	10357	LOGIN
crispeducation.com	/admin/	wordpress	9031	LOGIN
cpcontacts.hiproficiency.com	/admin/	wordpress	7161	LOGIN
cookieassistant.com	/login.php	wordpress	5754	LOGIN
coralive.org	/login.php	wordpress	8182	LOGIN
crystalpure.com	/login.php	unknown	32237	LOGIN
cresenergy.com	/login.php	wordpress	8805	LOGIN
cryo-pump.com	/admin/	unknown	42787	ADMIN
creekbankstudio.com	/login.php	wordpress	6634	LOGIN
cscjzkdm.com	/admin/login.php	unknown	3995	LOGIN
coolfacelife.com	/admin/	wordpress	35339	LOGIN
cryptostatto.com	/admin/	unknown	23529	LOGIN
creherald.com	/login.php	wordpress	10424	LOGIN
ctugm4.r14.35.cn	/login.php	unknown	3837	LOGIN
crystalwizardry.com	/login.php	wordpress	6019	LOGIN
cu.accioncasa.com	/admin/login.asp	unknown	39225	ADMIN
csbeate.com	/admin/login	unknown	2359	ADMIN
ctugm4.r14.35.com	/login.php	unknown	3837	LOGIN
cucinatoscananashua.com	/admin/	unknown	2717	LOGIN
customercarerecord.com	/login.php	unknown	15832	LOGIN
cucinanicolina.com	/admin/	wordpress	12323	LOGIN
cyanmango.xyz	/houtai/	unknown	3228	LOGIN
cyclicmagazine.com	/login.php	wordpress	5548	LOGIN
d2pass.com	/admin.php	asp/access	38368	LOGIN
csroots.cn	/admin/	wordpress	10138	LOGIN
cypruseconomicsociety.org	/admin/	wordpress,asp/access	42902	LOGIN
cuteness.com	/admin/	wordpress	2615	LOGIN
czswyxh.com	/admin/	unknown	20125	LOGIN
cycoaustralia.info	/admin/	wordpress	6531	LOGIN
dainmomscare.com	/admin/	asp/access	25190	LOGIN
dacsantuyenquang.com	/login.php	wordpress	9508	LOGIN
daily-harvest.com	/admin/login	unknown	2492	ADMIN
dairitenhp.com	/login.php	wordpress	5459	LOGIN
dashboard-global.bdswiss-kr.com	/manage/	wordpress	21780	LOGIN
dashboard.bdswiss-kr.com	/admin/	wordpress	18989	LOGIN
dashboard-global.swissmarkets-kr.com	/admin/	wordpress	22887	LOGIN
daiseyiowa.daiseysolutions.org	/admin/	wordpress	7388	LOGIN
danica.net	/login.php	unknown	24188	LOGIN
czscxyy.com	/admin/	unknown	20125	LOGIN
dashboard.swissmarkets-kr.com	/admin/	wordpress	19190	LOGIN
dalrossiitaly.com	/admin/	wordpress	9966	LOGIN
dadbodpov.com	/login.php	asp/access	49998	LOGIN
danasakht.com	/login.php	wordpress	11028	LOGIN
cuulongct.com	/login.php	wordpress	12829	LOGIN
danburyfencing.com	/login.php	wordpress	12260	LOGIN
dasen.cn	/login.php	unknown	3774	LOGIN
date.milf-area.com	/manage/	unknown	43787	LOGIN
dc-b08cda86a36a.rewardsbutler.com	/admin/	unknown	12164	LOGIN
daveandbusters.com	/admin.php	unknown	50000	LOGIN
date.whatssexy.com	/dede/	unknown	44409	LOGIN
dcexecutivecharter.com	/admin/login	unknown	7239	LOGIN
dealabc.com	/admin.php	discuz	2972	LOGIN
deepfast.com	/admin/login.php	unknown	3862	LOGIN
decentbeautyclinic.com	/login.php	wordpress	5850	LOGIN
danieldoctor.com	/login.php	wordpress	11209	LOGIN
deerparklibrary.org	/admin/	wordpress	6924	LOGIN
delmarvairr.com	/login.php	wordpress	7376	LOGIN
demo.healthpath.com	/admin/	wordpress	46610	LOGIN
delseibo.com	/admin/	wordpress	5014	LOGIN
dawahskills.com	/login.php	wordpress	6073	LOGIN
dentalsavings.webmd.com	/login.php	wordpress	6732	LOGIN
defuah.com	/admin/	unknown	20254	LOGIN
denverreign.com	/login.php	wordpress	6948	LOGIN
deltafoxair.net	/admin/	wordpress	6276	LOGIN
developer.brightpearl.com	/admin/login	unknown	5481	LOGIN
dev-random.net	/login.php	wordpress	5013	LOGIN
dezpad.com	/login.php	wordpress	8559	LOGIN
dg-yongrong.com	/admin/login.php	unknown	3877	LOGIN
desautelsvt.com	/admin/login.php	unknown	3500	LOGIN
dentistauburnca.com	/login.php	wordpress	7746	LOGIN
dev.quedessolutions.com	/login.php	wordpress	11280	LOGIN
digioznetportal.digioz.net	/admin/	unknown	9006	LOGIN
dhyindustry.com	/admin/login	unknown	3007	LOGIN
dimaikj.com	/admin.php	unknown	5533	LOGIN
dixmw7.r14.35.com	/houtai/	unknown	3835	LOGIN
digimify.com	/login.php	wordpress	10130	LOGIN
do.accioncasa.com	/houtai/	unknown	39225	ADMIN
dezbonsazeh.com	/login.php	wordpress	10720	LOGIN
dolzikgoo.com	/admin/login.php	unknown	3484	LOGIN
domisoso.com	/admin/login.php	unknown	3873	LOGIN
discovergates.org	/admin/	asp/access	44060	LOGIN
diya-log.com	/admin/	unknown	49637	LOGIN
dollyhouse.net	/login.php	wordpress	6835	LOGIN
dolphinspeedboats.com	/login.php	wordpress	6594	LOGIN
downmagaz.net	/admin/index.php	unknown	49998	LOGIN
dpb02a.r14.35.com	/login.php	unknown	3837	LOGIN
dobestlight.com	/admin/	asp/access	4176	LOGIN
drebrownenterprises.com	/admin/login.php	unknown	24309	LOGIN
dreamdbio.info	/login.php	wordpress	4952	LOGIN
douaihuanbao.com	/admin/	unknown	20125	LOGIN
dongyuesheji.com	/login.php	wordpress	9658	LOGIN
draadloos-alarmsysteem.com	/login.php	wordpress	11288	LOGIN
dripfree.com	/login.php	wordpress	8116	LOGIN
dowxtergroup.com	/login.php	wordpress	8091	LOGIN
dryoho.com	/login.php	wordpress	6415	LOGIN
dsgtamir.com	/login.php	wordpress	9097	LOGIN
dthomasgallery.com	/admin/	wordpress	5749	LOGIN
dzsb.com	/admin/login.php	unknown	3840	LOGIN
dubainetsolutions.com	/login.php	wordpress	23446	LOGIN
drcotrufo.com	/admin/	wordpress	9539	LOGIN
dumpsnow.com	/login.php	wordpress	5398	LOGIN
dukeandboone.com	/admin/	wordpress	6256	LOGIN
e8007.com	/login.php	unknown	19779	LOGIN
ebk3en.r14.35.cn	/login.php	unknown	3837	LOGIN
ecgeek.com	/houtai/	unknown	7804	ADMIN
drstevesavage.com	/login.php	wordpress	6921	LOGIN
dyslexialifehacks.com	/admin/	wordpress	10816	LOGIN
durganursery.com	/login.php	wordpress	6380	LOGIN
ebk3en.r14.35.com	/admin/	unknown	3834	LOGIN
ecosun.org	/login.php	wordpress	6305	LOGIN
dougbarkerplumbingandheating.com	/admin/	wordpress	6744	LOGIN
earnevents.com	/login.php	wordpress	10486	LOGIN
ebullicion.com	/login.php	wordpress,asp/access	18631	LOGIN
ecwxex.r14.35.com	/houtai/	unknown	3835	LOGIN
edwinlicvo.blogripley.com	/admin/login	unknown	6033	LOGIN
ecuadorinformate.com	/login.php	wordpress	10402	LOGIN
edoutslaymemorial.org	/admin/	wordpress	8048	LOGIN
ehzjzp.r14.35.cn	/login.php	unknown	3837	LOGIN
eflmagazine.com	/admin/	wordpress,asp/access	47704	LOGIN
ecuador.forchildren.com	/admin/login.php	unknown	12811	LOGIN
elenawidmer.com	/login.php	wordpress	7421	LOGIN
ejoinmfg.net	/admin/login.php	unknown	3862	LOGIN
elwafeyat.com	/admin/	unknown	6041	LOGIN
elevatortoday.com	/login.php	wordpress	10561	LOGIN
eddyfoods.com	/login.php	wordpress	8515	LOGIN
elexim.net	/admin/	wordpress	10213	LOGIN
edsetzler.org	/admin/	wordpress	6372	LOGIN
elisimone.com	/login.php	wordpress	9949	LOGIN
eniuhak.com	/admin/	asp/access	25195	LOGIN
emiratisation.org	/admin/	asp/access	4859	LOGIN
enray.net	/admin/login	unknown	3910	LOGIN
employeehealthplan.clevelandclinic.org	/admin/	asp/access	16050	LOGIN
empowerfitnessri.com	/admin/login	wordpress	43310	LOGIN
embaixadadoclima.com	/login.php	wordpress	10881	LOGIN
emirhandongel.com	/login.php	wordpress	10030	LOGIN
enterate.info	/admin/index.php	unknown	2052	LOGIN
elegansguzellik.com	/login.php	wordpress	10576	LOGIN
enricocavallin.com	/admin/	wordpress	8730	LOGIN
environmentalhelp.net	/login.php	wordpress	6658	LOGIN
entradasharrypotterlondres.com	/admin/	wordpress	11151	LOGIN
erickvadfh.blogripley.com	/houtai/	unknown	6033	LOGIN
encuentraempleord.com	/login.php	wordpress	9190	LOGIN
espaciopurma.com	/admin/index.php	wordpress	30452	LOGIN
essencebeauty.com	/admin/login	unknown	2367	ADMIN
endermite.cn	/login.php	wordpress	11878	LOGIN
esmty.com	/admin/	wordpress	4966	LOGIN
esquireabroad.com	/login.php	wordpress	5945	LOGIN
et.forchildren.com	/admin/	unknown	15592	LOGIN
evapaddleboards.com	/admin/	unknown	24475	LOGIN
erzurumpress.com	/admin/index.php	unknown	9761	LOGIN
en.salamatfard.com	/admin/	wordpress	11619	LOGIN
everygame247.com	/manage/	asp/access	5339	LOGIN
everlastgz.com	/login.php	wordpress	5505	LOGIN
everythingwindowsanddoors.com	/login.php	wordpress	6748	LOGIN
exprolab.com	/login.php	wordpress	10968	LOGIN
eyeprescription.com	/admin/	wordpress	4743	LOGIN
existentialtherapies.org	/login.php	wordpress	6875	LOGIN
etufegypt.com	/login.php	wordpress	13042	LOGIN
ewdrewelectrical.com	/login.php	wordpress	6831	LOGIN
face3media.com	/admin/	wordpress	7460	LOGIN
espadana-tech.com	/login.php	wordpress	11172	LOGIN
fashionintaipei.com	/login.php	asp/access	48746	LOGIN
fairviewadc.com	/admin/	wordpress	7893	LOGIN
fabiolacosta.com	/admin/login	unknown	3396	LOGIN
fatjimmysresort.com	/admin/	wordpress	6814	LOGIN
family-friendlyvacation.com	/login.php	wordpress	5521	LOGIN
felzip.r14.35.com	/dede/	unknown	3833	LOGIN
feianex.com	/manage/	unknown	43056	ADMIN
ffdz.net	/admin/login	unknown	3975	LOGIN
feelmyworth.com	/login.php	wordpress	6540	LOGIN
fd4a.net	/admin/	wordpress	11446	LOGIN
fengshui-world-tv.eu.org	/admin/	wordpress	2391	LOGIN
filterthenews.com	/admin/login	wordpress,asp/access	33559	LOGIN
fencingprodigy.com	/admin/	wordpress	6693	LOGIN
ffraga.com	/login.php	wordpress	10064	LOGIN
finflix-photography.com	/login.php	wordpress	9385	LOGIN
finalexpence.com	/login.php	wordpress	5326	LOGIN
firm-rankings.vrl-financial-news.com	/admin/	wordpress	4854	LOGIN
fieldedge.com	/admin/	wordpress	8842	LOGIN
firegrill.com	/login.php	wordpress	7129	LOGIN
fleximoveservices.com	/admin/	wordpress	8608	LOGIN
feissihair.com	/admin/	wordpress	16242	LOGIN
fireflygraphicarts.com	/admin/	wordpress	6376	LOGIN
fillmorecountyfair.com	/login.php	wordpress,asp/access	43318	LOGIN
flowerqueenflorist.com	/login.php	wordpress	6245	LOGIN
forlawfirmsonlynet54208.blogripley.com	/dede/	unknown	6124	LOGIN
foodieonadiet.com	/login.php	wordpress	6870	LOGIN
financereference.com	/login.php	wordpress	6552	LOGIN
flowsberry.com	/login.php	wordpress	9499	LOGIN
forms.nexhealth.com	/admin/	unknown	1653	LOGIN
forchildren.com	/admin/index.php	unknown	18875	LOGIN
forestlanepediatrics.com	/login.php	wordpress	6781	LOGIN
formaplus.org	/login.php	wordpress	17473	LOGIN
floralchain.com	/login.php	wordpress	10387	LOGIN
fragrosa.com	/admin/	unknown	2823	LOGIN
fountop.com	/admin/login	unknown	3990	LOGIN
freerundown.com	/admin/login	asp/access	9057	LOGIN
foxtailinsights.com	/login.php	wordpress	6492	LOGIN
french.forchildren.com	/admin/login.php	unknown	4204	LOGIN
frigokar.com	/admin/index.php	unknown	6396	LOGIN
fmafaridabad.com	/login.php	wordpress	6914	LOGIN
frenchlearner.com	/admin/	wordpress	7141	LOGIN
fuchitex.com	/login.php	asp/access	48738	LOGIN
fulongks.com	/admin/login	unknown	3997	LOGIN
forminsights.com	/admin/index.php	unknown	6032	LOGIN
fscll.net	/admin/	wordpress	10048	LOGIN
future.com	/login.php	wordpress	6366	LOGIN
ftp.newwestsymphony.org	/login.php	wordpress,asp/access	46891	LOGIN
fuyuga.com	/admin/index.php	unknown	2957	LOGIN
gajihub.com	/admin/login	wordpress	50000	LOGIN
fzonesolutions.com	/login.php	wordpress	6872	LOGIN
fullscopestaffing.com	/login.php	wordpress	8370	LOGIN
fyhxjx.com	/admin/	unknown	33163	ADMIN
gamingtipsonline.com	/admin/	wordpress	5864	LOGIN
gadgetskool.com	/login.php	wordpress	8284	LOGIN
gatechemical.com	/admin/login.php	unknown	5026	LOGIN
gao-nn.com	/admin/	wordpress	10216	LOGIN
gatzchina.com	/admin/login	unknown	4159	LOGIN
gardenguides.com	/admin/	wordpress	2615	LOGIN
gas-psa.com	/manage/	unknown	6777	LOGIN
gdcsubs.com	/login.php	unknown	50000	LOGIN
gesher.com	/login.php	wordpress	6397	LOGIN
gcjcga.org	/admin/	wordpress	10139	LOGIN
gemarecords.com	/admin/	asp/access	33615	LOGIN
getaspect.com	/admin/	wordpress	6183	LOGIN
getoffdrugsyuma.com	/admin/	wordpress	6708	LOGIN
getfitwithshilpi.com	/login.php	wordpress	7626	LOGIN
gershon-bram.com	/login.php	wordpress	11485	LOGIN
giftcardsify.com	/admin/index.php	asp/access	11099	LOGIN
gaysplanet.com	/login.php	wordpress	11410	LOGIN
globalbibleschool.org	/admin/login.php	unknown	18862	LOGIN
gizdev.com	/admin/	wordpress	8713	LOGIN
godavaripharmedu.com	/admin/login.php	unknown	10220	LOGIN
garagedoors-auburnwa.com	/admin/	wordpress	6911	LOGIN
globalwellnessstore.com	/login.php	wordpress	9086	LOGIN
giacomobellazzi.com	/login.php	wordpress	11152	LOGIN
gonenlisut.com	/admin/	unknown	4296	LOGIN
gmautopro.eu.org	/admin/index.php	wordpress	2391	LOGIN
goodtexintl.com	/login.php	wordpress	6942	LOGIN
gotthelook.com	/admin/login	unknown	2375	ADMIN
gratisvps.net	/manage/	asp/access	35912	LOGIN
gorgeouscaptures.com	/admin/	wordpress	6286	LOGIN
give.sos-usa.org	/admin/	asp/access	14914	LOGIN
goggingolf.com	/admin/	wordpress	6385	LOGIN
gpkgroup.com	/login.php	wordpress	14297	LOGIN
goodnewslibrary.com	/login.php	wordpress	8165	LOGIN
greencartbd.com	/login.php	unknown	37525	LOGIN
goodcycles.org	/login.php	wordpress,asp/access	47157	LOGIN
greenerspoon.com	/admin/	unknown	16416	LOGIN
greenbankfishbar.com	/manage/	unknown	45315	LOGIN
grandtop.cn	/admin/login.php	unknown	3992	LOGIN
grgdt.com	/admin/login.asp	unknown	38074	ADMIN
greenlightservices.com	/login.php	wordpress	6348	LOGIN
greenzay.com	/login.php	wordpress	6027	LOGIN
gotaticket.com	/login.php	unknown	50000	LOGIN
guntruths.com	/admin/index.php	wordpress	5004	LOGIN
guatemala.forchildren.com	/admin/	unknown	12817	LOGIN
greenjav.com	/login.php	wordpress	6564	LOGIN
guanxinic.com	/admin.php	unknown	3679	LOGIN
gursel.biz	/admin/login.php	unknown	2872	LOGIN
h5jz.net	/login.php	unknown	49920	LOGIN
gz01.aipage.baidu-itm.com	/admin/	unknown	6521	LOGIN
gzxinghong.com	/admin/	unknown	6521	LOGIN
hammill-institute.org	/admin/	wordpress	6670	LOGIN
haoxi.org	/manage/	unknown	32241	LOGIN
haolandoor.com	/admin/login.php	unknown	4005	LOGIN
haiti.forchildren.com	/admin/index.asp	asp/access	12836	LOGIN
hacc-cn.com	/admin.php	unknown	1545	LOGIN
gztodo.com	/manage/	unknown	47850	ADMIN
h-poly.com	/manage/	unknown	5652	LOGIN
hapari.com	/admin/login	unknown	2395	ADMIN
haidinghvac.com	/admin/	wordpress	7606	LOGIN
happinesstimes.com	/login.php	wordpress	6999	LOGIN
gulfrecliners.com	/admin/	wordpress	6775	LOGIN
harmoniahealthcare.com	/admin/	wordpress	10721	LOGIN
harutour.com	/admin/	unknown	45261	ADMIN
harterventures.com	/admin/	wordpress	4816	LOGIN
happilyheather.com	/login.php	wordpress	6626	LOGIN
hardrocktampareservations.com	/admin/	asp/access	8738	LOGIN
harekrishnavillage.org	/login.php	wordpress	6630	LOGIN
halal-world.com	/login.php	wordpress	5825	LOGIN
hanseatic-maritime.com	/login.php	wordpress,asp/access	42069	LOGIN
hashgraph.com	/login.php	wordpress	5881	LOGIN
hcsrepair.com	/admin/	wordpress	12812	LOGIN
hdxaox.r14.35.com	/admin.php	unknown	3837	LOGIN
healthcoach.stylemixthemes.com	/admin/	wordpress	9038	LOGIN
helpmecompost.com	/admin/	wordpress	6363	LOGIN
hdas.biz	/login.php	wordpress	7452	LOGIN
hffuding.com	/admin/	unknown	20125	LOGIN
hfbodu.com	/admin/	unknown	20125	LOGIN
hfwdhqc.com	/admin/	unknown	20125	LOGIN
hfcmn.com	/admin/	unknown	20125	LOGIN
heretohlepyou.com	/admin/	wordpress	9827	LOGIN
hjdq.cn	/login.php	unknown	19636	LOGIN
hitoholidays.com	/admin/login	unknown	16031	LOGIN
hfxsyw.com	/admin/	unknown	20125	LOGIN
hiroteck.com	/admin.php	unknown	3344	LOGIN
hgsolutionscr.com	/login.php	wordpress	12706	LOGIN
hiproficiency.com	/login.php	wordpress	7153	LOGIN
hipercasinobonus.com	/login.php	wordpress	11374	LOGIN
hgint.com	/login.php	wordpress	6419	LOGIN
hndsyjx.com	/admin/login.php	unknown	3254	LOGIN
highendrehab.com	/admin/index.php	wordpress	5693	LOGIN
hnstbkj.com	/admin/login.asp	unknown	3254	LOGIN
hnsgdjx.com	/admin/login.php	unknown	3254	LOGIN
hmfalah.com	/login.php	wordpress	6998	LOGIN
holidaysandobservances.net	/admin/	wordpress	11979	LOGIN
hopeforfulanis.org	/login.php	wordpress	5106	LOGIN
hollywoodrolls.com	/admin/	wordpress	6232	LOGIN
hoannguyenvi.com	/admin/	wordpress	10692	LOGIN
homemell.com	/admin/	wordpress	6517	LOGIN
hongkongvaults.com	/admin/login.asp	asp/access	4124	LOGIN
honduras.forchildren.com	/admin/index.asp	asp/access	12814	LOGIN
hopplaw.com	/login.php	wordpress	6147	LOGIN
hoxurl.hoxhunt.com	/login.php	unknown	4032	LOGIN
htck.net	/admin/login.php	unknown	3254	LOGIN
hivainco.com	/login.php	wordpress	10450	LOGIN
hotdevelopments.com	/admin/	wordpress	8188	LOGIN
homegrownni.com	/login.php	wordpress	16663	LOGIN
hourglasshomes.com	/login.php	wordpress	6275	LOGIN
huaguansy.com	/admin/login	unknown	3254	LOGIN
hpengineeringbd.com	/admin/	wordpress	7542	LOGIN
huaxiaolu.com	/admin/	wordpress	20147	LOGIN
huludan.com	/login.php	unknown	3477	LOGIN
hurricaneshutters.com	/admin/	unknown	5105	LOGIN
huertasconsulting.com	/admin/index.php	asp/access	39140	LOGIN
humanumreview.com	/admin/login	asp/access	46912	LOGIN
hybris5.linksys.com	/admin/login	unknown	2363	ADMIN
hsfoundation.org	/login.php	wordpress	14513	LOGIN
hybris1.linksys.com	/admin/login	unknown	2363	ADMIN
huaxujc.com	/admin/	unknown	20125	LOGIN
hzshtjc.com	/admin/login	unknown	3990	LOGIN
icrkj.com	/login.php	unknown	8960	ADMIN
huspi.com	/login.php	wordpress	6397	LOGIN
i0f.cn	/admin/login	unknown	4043	LOGIN
icilome.com	/login.php	wordpress	5344	LOGIN
ia-bcshome.com	/login.php	wordpress	9323	LOGIN
icemaidencakes.com	/login.php	wordpress	6879	LOGIN
ibamegastore.com	/login.php	wordpress	10638	LOGIN
ibrijesh.com	/login.php	wordpress	4786	LOGIN
ihaique.com	/admin/index.php	ecshop	14675	LOGIN
illinoisraptorcenter.org	/login.php	wordpress	5514	LOGIN
iimagedesign.com	/login.php	wordpress	8193	LOGIN
impact-initiatives.org	/admin/	wordpress	11897	LOGIN
indonesia.forchildren.com	/admin/index.php	unknown	12664	LOGIN
impelvate.com	/login.php	wordpress	4922	LOGIN
immunedata.org	/login.php	asp/access	13924	LOGIN
impactcoop.org	/admin/	unknown	26123	LOGIN
ibextechnologygroup.com	/admin/	wordpress	5512	LOGIN
iddaily.net	/admin/index.php	wordpress	10193	LOGIN
improvtx.com	/admin/	wordpress	5447	LOGIN
impermeabilizantes.seowebmx.com	/login.php	wordpress	9737	LOGIN
info-extremechat.com	/houtai/	unknown	41228	LOGIN
indesignelements.com	/login.php	wordpress	6857	LOGIN
indianamuseum.org	/login.php	wordpress	10202	LOGIN
inkonchain.com	/admin/login.php	asp/access	49986	LOGIN
incatrailexpeditions.com	/login.php	wordpress	7459	LOGIN
indiancity.com	/login.php	wordpress	5611	LOGIN
inroad.com.cn	/login.php	unknown	12237	LOGIN
ino3hx.r14.35.com	/admin.php	unknown	3837	LOGIN
inyalearning.com	/admin.php	asp/access	39304	LOGIN
imopalheiro.com	/login.php	wordpress,asp/access	41961	LOGIN
investor.starsmicro.com	/admin/	wordpress	8449	LOGIN
iqtradings.com	/admin/	unknown	7729	LOGIN
imsteks.com	/login.php	wordpress	8882	LOGIN
insuropedia.lemonade.com	/admin/index.asp	wordpress,asp/access	34793	LOGIN
insightwebhosting.net	/login.php	wordpress	29828	LOGIN
israelnews.org	/login.php	wordpress	5219	LOGIN
investmentindubai.com	/login.php	wordpress	7580	LOGIN
ipgsf.com	/login.php	wordpress	5823	LOGIN
itechandrepairsva.com	/admin/index.asp	unknown	2650	LOGIN
invest4land.com	/admin/	wordpress	8892	LOGIN
ivadog.com	/admin/	wordpress	7073	LOGIN
itfbrasil.com	/login.php	wordpress	9057	LOGIN
jacaranda.com	/login.php	wordpress	7009	LOGIN
itsmiddletown.org	/admin/	wordpress	6952	LOGIN
izumitherapy.com	/admin/	wordpress	7467	LOGIN
iranontrip.com	/login.php	wordpress	6963	LOGIN
izmedya.com	/login.php	wordpress	9917	LOGIN
jainrasoi.com	/admin/login	wordpress	33791	LOGIN
isca.uk.com	/login.php	wordpress	6264	LOGIN
jbzsb.com	/admin/	unknown	7798	ADMIN
jaipurflooring.com	/login.php	wordpress	6214	LOGIN
irandarsafar.com	/admin/index.php	wordpress	3996	LOGIN
jafworks.com	/admin/index.php	wordpress	6746	LOGIN
javagyansite.com	/login.php	wordpress,asp/access	41477	LOGIN
jayantisolanki.com	/login.php	wordpress	6828	LOGIN
jewishvirtuallibrary.org	/admin/	unknown	17353	LOGIN
jckonline.com	/admin/	wordpress	7908	LOGIN
jasonrichards.org	/login.php	wordpress	11519	LOGIN
jdsroofrescue.eu.org	/admin/index.php	wordpress	2427	LOGIN
jerseycaperealty.com	/admin/login	unknown	8578	LOGIN
jhjhcb.com	/admin/login.php	unknown	4147	LOGIN
jeremyjamesfl.com	/admin/	wordpress	5091	LOGIN
jdbookservices.com	/login.php	wordpress	7631	LOGIN
jessicajpackard.com	/login.php	wordpress	5180	LOGIN
jetaport.com	/login.php	wordpress	6226	LOGIN
jhnew.com	/admin/login.php	dedecms,empirecms	1945	LOGIN
irmikro.com	/admin/	wordpress	9496	LOGIN
jghh88.com	/admin.php	unknown	2137	LOGIN
jillsivert.com	/admin/	wordpress	7289	LOGIN
jjpybf.com	/admin.php	pbootcms	3558	LOGIN
jlhcn.cn	/admin/login.php	unknown	3979	LOGIN
job.xidian.edu.cn	/admin/	asp/access	27012	LOGIN
jobs.51job.com	/admin.php	unknown	27837	LOGIN
job.neu.edu.cn	/admin/	asp/access	26772	LOGIN
jmg.sh.cn	/admin.php	asp/access	18030	LOGIN
jrp-precision.com	/admin/login.php	unknown	4020	LOGIN
johnaotte.com	/admin/	unknown	1922	LOGIN
joyfulneuro.com	/login.php	wordpress	5640	LOGIN
jrhqd.com	/admin.php	pbootcms	3558	LOGIN
jshwjxkj.com	/admin/login	unknown	3995	LOGIN
joomlat.com	/admin/	wordpress	4718	LOGIN
johnsteelman.com	/admin/	wordpress	6205	LOGIN
js-yxkt.com	/admin/	unknown	34961	ADMIN
jsty.com	/admin/	unknown	10835	LOGIN
jshyhj.com	/manage/	asp/access	12851	ADMIN
js-777.com	/admin/login.asp	asp/access	6935	LOGIN
jonsav.com	/login.php	wordpress	5104	LOGIN
judaspriest-namegenerator.com	/admin/login.php	unknown	4098	LOGIN
junchang.xyz	/manage/	wordpress	2215	LOGIN
junyugas.com	/admin/login.php	unknown	3995	LOGIN
julongjt.com	/admin/	unknown	20125	LOGIN
jyhg0k.r14.35.com	/admin/	unknown	3834	LOGIN
jzglulam.com	/admin/login	unknown	3995	LOGIN
jutuike.com	/admin/	unknown	26975	LOGIN
jzglulam.cn	/admin/login	unknown	3990	LOGIN
jyyjbl.com	/admin/	asp/access	2284	LOGIN
kanyanzhan.com	/admin/login.asp	asp/access	13010	LOGIN
karlekvist.com	/admin/	unknown	7804	ADMIN
jwfarmpainting.com	/admin/	wordpress	5607	LOGIN
katkariacreations.com	/admin/	unknown	3514	LOGIN
jzsycy.com	/admin/	unknown	20125	LOGIN
kb.linksys.com	/admin/login	unknown	2363	ADMIN
kenicable.com	/admin/login	unknown	4000	LOGIN
kazdaglari.net	/admin/login	unknown	22320	LOGIN
keterlife.com	/login.php	wordpress	6358	LOGIN
ke.docin.com	/login.php	unknown	34749	LOGIN
katiekassel.com	/login.php	wordpress	6812	LOGIN
kahler-i-tivoli.com	/admin/	unknown	7496	LOGIN
kemisk.com	/login.php	wordpress	5348	LOGIN
katinyman.com	/login.php	wordpress	7940	LOGIN
kavoshjob.com	/login.php	wordpress	10408	LOGIN
khoahoanmy.com	/admin/login.asp	asp/access	3640	LOGIN
keysandcrossmedia.com	/admin/	wordpress	7740	LOGIN
khalilantoun.com	/login.php	wordpress	5373	LOGIN
keysnap.com	/admin/	wordpress	6240	LOGIN
keapsyourcarinmotion.com	/login.php	wordpress	6597	LOGIN
khazarelectron.com	/login.php	wordpress	7730	LOGIN
kaiyandianli.com	/admin/	unknown	20125	LOGIN
kingstonfieldnaturalists.org	/admin/	wordpress	8008	LOGIN
khmerlisting.com	/admin/	wordpress	6479	LOGIN
kirschner-panos.info	/admin/	wordpress	9260	LOGIN
kfg-valve.com	/admin.php	unknown	2141	LOGIN
kevinnading.com	/login.php	wordpress	4753	LOGIN
kidsinflight.org	/login.php	wordpress	6115	LOGIN
kimannehotra.com	/admin/	wordpress	5673	LOGIN
kinsta.clintonelectronics.com	/admin/	wordpress,asp/access	12322	LOGIN
klpenanglogistic.com	/login.php	wordpress	5877	LOGIN
kids.lojasdix.com	/login.php	wordpress	9204	LOGIN
kitchenware44.com	/login.php	wordpress	10104	LOGIN
korpinen.com	/admin.php	unknown	1561	LOGIN
kos.nova-dine.com	/admin/	wordpress	6201	LOGIN
knowledge.staffino.com	/login.php	wordpress	7591	LOGIN
kreenplus.com	/admin/	wordpress	9975	LOGIN
ksayk.com	/admin/login	unknown	3980	LOGIN
ksmend.com	/admin/login.php	unknown	3985	LOGIN
ksliwei.com	/admin/login.php	unknown	3866	LOGIN
ksgzjx.com	/admin/login.php	unknown	3987	LOGIN
kisoken.biz	/login.php	wordpress	11234	LOGIN
ksxyydz.com	/admin/login	unknown	3868	LOGIN
ksfuhai.com	/admin/login.asp	asp/access	8894	LOGIN
kszhuyan.com	/admin/login	unknown	3873	LOGIN
ksjlcc.com	/admin/login.php	unknown	3985	LOGIN
ksjcled.com	/admin/login	unknown	3945	LOGIN
kw.boots.com	/admin/login	unknown	3280	LOGIN
ksyhcy.com	/admin/login	unknown	3985	LOGIN
kupntm.r14.35.com	/dede/	unknown	3833	LOGIN
kuberhotel.com	/login.php	wordpress	5971	LOGIN
lamoo.cn	/manage/	asp/access	1864	ADMIN
l2studioarch.com	/login.php	wordpress	9468	LOGIN
lamarinaalta.com	/login.php	wordpress	13857	LOGIN
landmarkspinning.com	/login.php	wordpress	6453	LOGIN
lacocheracabaret.com	/login.php	wordpress	9440	LOGIN
kraftystash.com	/login.php	wordpress	6546	LOGIN
lautrec-warm.com	/login.php	unknown	16645	LOGIN
law-denovo.com	/admin/	wordpress	5016	LOGIN
laverdadnica.com	/login.php	wordpress	10998	LOGIN
lawngardeners.com	/login.php	wordpress	6252	LOGIN
lanyuqp.com	/admin/login.php	unknown	5952	LOGIN
laurensarazen.com	/admin/	asp/access	32808	LOGIN
lavarunners.com	/admin/index.php	wordpress	6374	LOGIN
lawcpd.com	/admin/login.asp	unknown	36164	LOGIN
landmarkbangkok.com	/login.php	wordpress	8135	LOGIN
leduo88.com	/admin/login.asp	asp/access	18787	LOGIN
lahzjc.com	/admin/	unknown	20125	LOGIN
lebanban.com	/houtai/	unknown	2714	ADMIN
leever.cn	/admin/login	asp/access	27176	LOGIN
leahlauchlan.com	/admin/	wordpress	50000	LOGIN
leevedryfruits.com	/login.php	wordpress	7541	LOGIN
leadersynq.com	/admin/	wordpress	6116	LOGIN
lfuav.com	/admin/login.asp	unknown	46823	ADMIN
lenz-auto.com	/admin/	unknown	20125	LOGIN
ligazone.com	/admin/index.php	unknown	27311	LOGIN
letsgotrotting.com	/login.php	wordpress	8307	LOGIN
lincolnian.net	/login.php	wordpress	12366	LOGIN
lifebyleo.com	/admin/	wordpress	6322	LOGIN
listbook.com	/admin/login	asp/access	25540	LOGIN
linksys.com	/admin/login	unknown	2363	ADMIN
levelsncurves.com	/login.php	wordpress	7164	LOGIN
link-strong.com	/login.php	unknown	12509	LOGIN
linkarabiapk.com	/admin/	wordpress	6460	LOGIN
litseller.com	/admin/login.php	asp/access	32820	LOGIN
liftsafe.net	/login.php	wordpress	10623	LOGIN
lk0355.com	/admin.php	discuz	2442	LOGIN
longtir.com	/admin/login.php	unknown	3992	LOGIN
loihatviet.com	/admin/login.php	asp/access	26330	LOGIN
live.excotrader.com	/admin/login	asp/access	18614	LOGIN
lombokgreennature.com	/login.php	wordpress	5321	LOGIN
loungelovers.com	/admin/login	unknown	2482	ADMIN
lomid.cn	/admin/login	unknown	3250	LOGIN
londondampspecialists.com	/login.php	wordpress	10048	LOGIN
lpktakahashiindonesia.com	/login.php	wordpress	9706	LOGIN
lionsroar.com	/admin/	wordpress	8096	LOGIN
littlepicklememories.com	/admin/	wordpress	8089	LOGIN
looplycase.com	/login.php	wordpress	5371	LOGIN
lupkj.com	/admin.php	unknown	8944	ADMIN
lwhb.com.cn	/admin/login	unknown	3945	LOGIN
lvhtebook.com	/login.php	unknown	7290	LOGIN
lpoholidays.com	/login.php	wordpress	7696	LOGIN
lwt8kd.r14.35.com	/login.php	unknown	3837	LOGIN
lyxcw.com	/admin/login.asp	asp/access	16109	LOGIN
lymtianyi.com	/admin/login.php	unknown	4000	LOGIN
lozzadecor.com	/login.php	wordpress	5374	LOGIN
lxsensor.com	/admin/	unknown	20125	LOGIN
m.ahhxzj.com	/admin/	unknown	19430	LOGIN
luxeperfil.com	/admin/	unknown	2529	LOGIN
mail.7x.com.cn	/login.php	unknown	48014	LOGIN
mackygonzalez.com	/login.php	wordpress	10015	LOGIN
maichevietnam.com	/admin/	wordpress	8940	LOGIN
mail.basaltdynamics.com	/admin/login	unknown	8899	LOGIN
mail.casitaweb.info	/admin/	unknown	49774	LOGIN
mail.competencias9000.com	/login.php	unknown	15075	LOGIN
mail.cagdasspormerkezi.com	/admin/index.php	asp/access	38772	LOGIN
mail.cartemcoins.com	/admin/login	unknown	2363	ADMIN
mail.cyclubliveapp.com	/login.php	unknown	7159	LOGIN
magmed.net	/admin/login	asp/access	29874	LOGIN
mail.costsmaster.com	/login.php	wordpress	9624	LOGIN
mail.cocolafood.com	/admin/	wordpress	6708	LOGIN
maestrosdecorazon.com	/login.php	wordpress	11390	LOGIN
m.hfhuiyang.com	/admin/	unknown	19430	LOGIN
mail.gideonhaigh.com	/admin/	wordpress	6794	LOGIN
mail.kjpschooljowai.com	/admin/index.php	unknown	5083	LOGIN
mail.jafworks.com	/admin/	wordpress	6746	LOGIN
mail.medicarerecords.com	/manage/	asp/access	45525	LOGIN
mail.motoped.com	/admin/login	unknown	4111	LOGIN
mail.mehsoms.net	/login.php	wordpress	9727	LOGIN
mail.lqky.cn	/admin/login.asp	unknown	35729	LOGIN
mail.parrysoundpets.com	/admin.php	unknown	5305	LOGIN
mail.cardinalvintage.com	/login.php	wordpress	9502	LOGIN
mail.obionvotes.com	/login.php	wordpress,asp/access	41057	LOGIN
mail.codetrung.com	/login.php	wordpress	10288	LOGIN
mail.legalurge.com	/admin/	wordpress	7563	LOGIN
mail.rackstrack.com	/login.php	wordpress	8828	LOGIN
mail.notimundovirtual.com	/login.php	wordpress	9738	LOGIN
mail.thaidigitalschool.com	/admin/	unknown	11817	LOGIN
mail.tecumotor.com	/login.php	wordpress	8267	LOGIN
mail.tedxplano.org	/login.php	wordpress	6140	LOGIN
mail.thosoncuago.com	/admin/	wordpress	8789	LOGIN
mail.spurgeonsmorningandevening.com	/admin/	wordpress	4743	LOGIN
mail.prestigepropertymagazine.com	/login.php	wordpress	6038	LOGIN
mail.wiredsignage.com	/login.php	wordpress	11962	LOGIN
mail.topdebrid.com	/login.php	wordpress	9174	LOGIN
mail.spenglerindustries.com	/login.php	wordpress	10813	LOGIN
makscpl.com	/admin/login.php	unknown	2362	LOGIN
mail.ytukampus.com	/admin/index.php	wordpress	10860	LOGIN
maltepekiralikvinc.com	/admin/	wordpress	5639	LOGIN
malawi.forchildren.com	/admin/	unknown	15736	LOGIN
maksimasenov.org	/admin/	wordpress	12873	LOGIN
marketbeatdaily.com	/admin/	unknown	4078	LOGIN
manufacturer.stylemixthemes.com	/admin/index.php	wordpress	7090	LOGIN
martresearch.com	/login.php	unknown	50000	LOGIN
matrabali.com	/admin/	asp/access	8618	LOGIN
masterstudy.stylemixthemes.com	/admin/index.php	asp/access	32860	LOGIN
maynuu.com	/admin/	unknown	6804	LOGIN
maxwin68.com	/manage/	asp/access	5992	LOGIN
mbaygg.r14.35.com	/admin.php	unknown	3837	LOGIN
mavglobal.net	/login.php	wordpress	6662	LOGIN
masytjx.com	/admin/	unknown	20125	LOGIN
marshallcranes.com	/login.php	wordpress	6584	LOGIN
mbimc.com	/admin/	unknown	2672	ADMIN
mascot.com	/admin/login	unknown	43506	LOGIN
mdying.com	/admin/login	unknown	9739	LOGIN
mcm-tw.com	/login.php	asp/access	48744	LOGIN
mctx.org	/admin.php	unknown	11165	LOGIN
meadowsfamilydental.com	/login.php	wordpress	7121	LOGIN
meconozco.com	/login.php	wordpress	10166	LOGIN
medtechdive.com	/admin/login.php	unknown	8326	LOGIN
mecanicaylaminacion.com	/login.php	wordpress	8473	LOGIN
mcasino2020.com	/login.php	wordpress	7511	LOGIN
medhealpharma.com	/login.php	wordpress	6546	LOGIN
medtrueunited.com	/login.php	wordpress	6590	LOGIN
medicaltravelcompanions.com	/login.php	wordpress	7224	LOGIN
meeting.azaronline.com	/login.php	wordpress	12277	LOGIN
mehsoms.net	/login.php	wordpress	9727	LOGIN
medicineskart.com	/login.php	wordpress	8842	LOGIN
menn.me	/admin/	unknown	21035	LOGIN
mengtaigroup.com	/manage/	unknown	10904	LOGIN
merchfox.com	/login.php	unknown	10083	LOGIN
medinzabiotech.com	/admin/	wordpress	6776	LOGIN
melhorescassino.com	/admin/	wordpress	6683	LOGIN
mentormeng.com	/admin/login	wordpress	50000	LOGIN
mexico.forchildren.com	/admin/index.php	unknown	12842	LOGIN
mercycorps.assetmaster.net	/admin/	unknown	7393	LOGIN
mghdat.com	/admin/	unknown	20254	LOGIN
miciall.com	/admin/login	unknown	3990	LOGIN
menorcarent.com	/login.php	unknown	2529	LOGIN
miadsanat.com	/login.php	wordpress	9196	LOGIN
midwestinsure.com	/login.php	wordpress	6363	LOGIN
mingyangshijia.cn	/admin/index.php	unknown	8129	LOGIN
mike-mentzer.com	/admin/	wordpress	5762	LOGIN
miolet.com	/admin/	wordpress	5527	LOGIN
minesoft.com	/login.php	wordpress	9665	LOGIN
minkatsu-ringring.net	/manage/	wordpress,asp/access	47590	LOGIN
mindthesugar.org	/login.php	wordpress	7008	LOGIN
mixconsultancy.com	/login.php	wordpress	9054	LOGIN
mobilepenthouse.com	/admin/index.php	wordpress,asp/access	49996	LOGIN
missionbeach.com	/login.php	wordpress	10211	LOGIN
mokkacuts.com	/admin/	wordpress	5762	LOGIN
mistcannons.com	/admin/	wordpress	6443	LOGIN
mobilyacht.com	/login.php	wordpress	9590	LOGIN
montesite.com	/admin.php	unknown	50000	LOGIN
modaeleganta.com	/login.php	wordpress	10622	LOGIN
moocreativemedia.com	/admin/index.php	wordpress	7274	LOGIN
motherearthsoil.com	/admin/login	unknown	2377	ADMIN
montfortinstitute.com	/admin/	wordpress	12400	LOGIN
morleyonline.com	/login.php	wordpress	8105	LOGIN
misteriosocultos.com	/login.php	wordpress	5626	LOGIN
muaanhshutterstock.com	/login.php	unknown	21800	LOGIN
moredownload.com	/login.php	wordpress	5478	LOGIN
multanoilkohlu.com	/admin/index.php	unknown	3153	LOGIN
motorlifemuseum.com	/login.php	wordpress	15148	LOGIN
mtjrak.com	/admin/login	unknown	14695	LOGIN
mrcool4ac.com	/admin/	wordpress	7124	LOGIN
multiedges.com	/login.php	wordpress	6242	LOGIN
mvphangout.com	/admin/	asp/access	6175	LOGIN
myanmar.forchildren.com	/admin/index.php	unknown	16095	LOGIN
myflippingtools.com	/admin/login	unknown	5638	LOGIN
myhotname.com	/admin/	unknown	49668	LOGIN
murdebrique.com	/admin/	wordpress	7478	LOGIN
mudrahandpan.com	/admin/	wordpress	9347	LOGIN
mujeresontop.com	/login.php	wordpress	7566	LOGIN
mypoz.com	/admin.php	unknown	1812	LOGIN
mymseed.com	/admin/	unknown	20125	LOGIN
mydentaladvocate.com	/admin/	wordpress	8765	LOGIN
mylifeworksrehab.com	/admin/	wordpress	7179	LOGIN
mytvboss.org	/admin/index.php	unknown	6863	LOGIN
mysmiletrain.org	/admin/	unknown	32386	LOGIN
mysafety.cn	/login.php	unknown	19837	LOGIN
naisih.nicecoltd.com	/login.php	unknown	48780	LOGIN
naisih.com	/login.php	unknown	48780	LOGIN
myzmanim.com	/admin/	asp/access	9187	LOGIN
nalitwie.com	/login.php	wordpress	7909	LOGIN
myshaksales.com	/login.php	wordpress	11351	LOGIN
mysexygirlzclub.com	/admin/	wordpress	5887	LOGIN
nakoudo.jpn.com	/admin/	wordpress	10455	LOGIN
nacecare.com	/login.php	wordpress	6597	LOGIN
nbbll.com	/admin/login.php	unknown	3984	LOGIN
nbnaheng.com	/admin.php	pbootcms	3271	LOGIN
national-school.com	/admin/	wordpress	6248	LOGIN
naturalhairandlifestyle.com	/login.php	wordpress	6263	LOGIN
naukrigov.com	/login.php	wordpress	6719	LOGIN
naramalone.com	/admin/	wordpress	9897	LOGIN
nb-haiying.com	/admin/	unknown	45884	LOGIN
myweightlosssurgerynow.com	/login.php	wordpress	6362	LOGIN
naturalandunshaven.com	/login.php	wordpress	9902	LOGIN
nbxhyy.com	/admin/	unknown	46400	LOGIN
neo-sanki.com	/admin/login.asp	asp/access	2959	LOGIN
nerdyradar.com	/admin/	wordpress	6864	LOGIN
neofusioncreativefoundation.org	/login.php	wordpress	6759	LOGIN
nazreeshteghal.com	/login.php	wordpress	11405	LOGIN
ncaeonline.org	/login.php	wordpress	7170	LOGIN
nepalraftar.com	/login.php	wordpress	6683	LOGIN
nestesco.com	/login.php	wordpress	6202	LOGIN
neng-bo.com	/admin/	unknown	20125	LOGIN
nazhi.com	/login.php	unknown	8272	LOGIN
news.luenve.com	/admin/	unknown	35758	LOGIN
new.amishshowroom.com	/login.php	wordpress	11035	LOGIN
neginsoft.com	/login.php	wordpress	10758	LOGIN
nemojames.com	/login.php	wordpress,asp/access	41933	LOGIN
nfsq.com.cn	/manage/	unknown	34231	ADMIN
nextdoordigest.com	/login.php	wordpress	8640	LOGIN
nicewh.com	/login.php	unknown	2513	LOGIN
nexteratechs.com	/login.php	wordpress	9524	LOGIN
ngkwgw.com	/admin/	unknown	20125	LOGIN
nicecoltd.com	/login.php	unknown	48764	LOGIN
nicaragua.forchildren.com	/admin/	unknown	12828	LOGIN
njhdjt.com	/admin.php	pbootcms	3289	LOGIN
nightowlinteractive.com	/admin/index.php	wordpress	2843	LOGIN
nmhlst.com	/admin/login.php	unknown	3985	LOGIN
nisukaindustries.com	/login.php	wordpress	7580	LOGIN
nongfuspring.com	/admin/	unknown	34231	ADMIN
noiascape.com	/login.php	wordpress	9066	LOGIN
nqbtro.r14.35.cn	/login.php	unknown	3837	LOGIN
noaintroserve.com	/login.php	wordpress	6704	LOGIN
nita-marie.com	/admin/	wordpress	5593	LOGIN
noticiasyprogramas.com	/admin/	wordpress	6666	LOGIN
nitamilfmarie.com	/admin/	wordpress	5593	LOGIN
nonprofitlibrary.com	/admin/	wordpress	34316	LOGIN
nqbtro.r14.35.com	/manage/	unknown	3835	LOGIN
north-sun.com	/manage/	unknown	3250	LOGIN
norabahisgiris.com	/admin/	wordpress	10872	LOGIN
ny884.com	/houtai/	unknown	8236	ADMIN
nyomnyomcoffee.com	/admin/	wordpress	5544	LOGIN
ntcsonline.com	/login.php	wordpress	4595	LOGIN
nursejessy.com	/login.php	wordpress	11606	LOGIN
nydis.org	/admin/	wordpress	8137	LOGIN
ns2.megason-sonorisation.com	/login.php	wordpress	7126	LOGIN
oceanwavesmedical.com	/login.php	wordpress	7623	LOGIN
observatoire.canopee.cc	/login.php	wordpress	12373	LOGIN
oceanrobbins.com	/admin/	wordpress	8597	LOGIN
obionvotes.com	/login.php	wordpress,asp/access	41057	LOGIN
offwale.com	/login.php	wordpress	5206	LOGIN
olasperu.com	/admin/login	unknown	6995	LOGIN
okaliptusapart.com	/login.php	wordpress	8254	LOGIN
oesequipment.com	/login.php	unknown	27526	LOGIN
offerscapes.com	/login.php	wordpress	6272	LOGIN
okaymachupicchu.com	/login.php	wordpress	10084	LOGIN
okaloosaclerk.com	/admin/	wordpress	7651	LOGIN
officialsimpleplan.com	/login.php	wordpress	10802	LOGIN
omi0vz.r14.35.com	/admin.php	unknown	3837	LOGIN
oldtimeyclips.com	/admin/	wordpress	8627	LOGIN
onebridgelandgreen.com	/login.php	wordpress	7008	LOGIN
omgluie.com	/login.php	wordpress,asp/access	43612	LOGIN
ohiobusinessretreat.com	/login.php	wordpress	9095	LOGIN
onesource-co.com	/login.php	wordpress	5967	LOGIN
only-roses.com	/admin/login	unknown	2371	ADMIN
omni-web.org	/admin/	wordpress	12623	LOGIN
openaccess.gatesfoundation.org	/admin/	asp/access	44177	LOGIN
optixec.com	/login.php	wordpress	6095	LOGIN
ontheroadbags.com	/login.php	wordpress	6995	LOGIN
optimizerjobs.com	/admin/	unknown	17851	LOGIN
onlineweldments.net	/admin/	wordpress	8104	LOGIN
oszikz.r14.35.com	/manage/	unknown	3835	LOGIN
oxtradegift.com	/login.php	unknown	11394	LOGIN
omayurvedaeye.com	/login.php	wordpress	6770	LOGIN
oncowin.com	/login.php	wordpress	6205	LOGIN
otrabalhador.com	/admin/	wordpress	10382	LOGIN
owa.travelbelize.org	/admin.php	asp/access	50000	LOGIN
optionstrategiesinsider.com	/login.php	wordpress	11573	LOGIN
ozenginmuhendislik.com	/admin/index.php	unknown	4359	LOGIN
p4adnow.org	/login.php	wordpress	7101	LOGIN
paracord550.net	/admin/login	unknown	5107	LOGIN
pacificdigitalworks.com	/login.php	wordpress	5862	LOGIN
palliser.com	/manage/	unknown	50000	LOGIN
paltaobd.com	/login.php	wordpress	7084	LOGIN
paradiseactivitycompany.com	/login.php	wordpress	7185	LOGIN
partners.fincra.com	/admin/	wordpress,asp/access	42688	LOGIN
patiocomfortelements.com	/login.php	wordpress	7047	LOGIN
patch1stripe.com	/login.php	wordpress	8019	LOGIN
pamelashaw.com	/login.php	wordpress	9786	LOGIN
parsabarchasb.com	/login.php	wordpress	10791	LOGIN
peacemotorspk.com	/login.php	unknown	13062	LOGIN
payen.com	/login.php	wordpress,asp/access	44503	LOGIN
ozblackbird.net	/login.php	wordpress	10991	LOGIN
pearl.stylemixthemes.com	/admin/	asp/access	32856	LOGIN
pears.com	/admin/	wordpress,asp/access	6814	LOGIN
partosindolor.com	/login.php	wordpress,asp/access	46817	LOGIN
performancephysicaltherap62296.blogripley.com	/admin/login	unknown	8553	LOGIN
peltzshoes.com	/admin/login	unknown	2373	ADMIN
penbram.com	/login.php	wordpress	7520	LOGIN
peermolvi.com	/login.php	wordpress	6938	LOGIN
penthousemall.net	/admin/login.asp	wordpress,asp/access	49996	LOGIN
penthouse-celebs.net	/admin/login.asp	wordpress,asp/access	49996	LOGIN
peoplesmedshop.net	/login.php	wordpress	5637	LOGIN
penthousex.net	/admin/login.asp	wordpress,asp/access	49996	LOGIN
peru.forchildren.com	/admin/login.asp	asp/access	12802	LOGIN
phoenix-mfg.com	/login.php	wordpress	5060	LOGIN
perfect-china.net	/login.php	wordpress	9272	LOGIN
philosophy.com	/admin/login	unknown	2373	ADMIN
pestpro1.com	/login.php	wordpress	11401	LOGIN
phases-therapy.com	/admin/	wordpress	5711	LOGIN
perf-plus.com	/login.php	wordpress	7893	LOGIN
photography.azaronline.com	/admin/index.php	wordpress	10977	LOGIN
pilan.org	/admin/login	unknown	41670	LOGIN
pinewoodcc.net	/admin/	wordpress	6833	LOGIN
ozelkadikoyogrenciyurdu.com	/admin/index.php	wordpress	4678	LOGIN
pharmatraders.com	/login.php	wordpress	6576	LOGIN
pinaresdelsol.com	/login.php	wordpress	10577	LOGIN
pitt.myonplanu.com	/admin/	unknown	10988	LOGIN
pizzakitdirect.net	/admin/login.php	asp/access	23877	LOGIN
petvmd.com	/admin/	wordpress	6496	LOGIN
playballs2.com	/houtai/	asp/access	6020	LOGIN
ponstream24.com	/admin/	wordpress	10721	LOGIN
positivevibe.xyz	/login.php	wordpress	5303	LOGIN
plbint.com	/login.php	wordpress	10775	LOGIN
portlandvelo.net	/admin/	wordpress	5638	LOGIN
powmotor.com	/admin/	asp/access	3115	LOGIN
portugal-magik.com	/admin/	wordpress	6726	LOGIN
popcenturysite.com	/admin/	wordpress	6260	LOGIN
pivatoporte.com	/login.php	wordpress	14079	LOGIN
portuguese.forchildren.com	/admin/login.php	unknown	12856	LOGIN
poznervfetzer.com	/login.php	wordpress,asp/access	8166	LOGIN
princetondental.org	/manage/	wordpress	20950	LOGIN
precisionswitchgear.com	/login.php	wordpress	6906	LOGIN
presseprivee.com	/admin/	wordpress	26445	LOGIN
prestigeonsite.com	/admin/	wordpress	6426	LOGIN
presscluboftibet.org	/login.php	wordpress	5783	LOGIN
printove.com	/login.php	wordpress	5845	LOGIN
prod.skil.com	/admin/login	unknown	2363	ADMIN
polymershabnam.com	/login.php	wordpress	9297	LOGIN
profit-hacks.com	/login.php	wordpress	7012	LOGIN
prophotoguide.com	/login.php	wordpress	5593	LOGIN
prosvr.com	/admin/login.php	unknown	29634	LOGIN
pscsport.com	/admin/index.php	wordpress	9001	LOGIN
prodexim.com	/admin/	wordpress	7291	LOGIN
puppydaily.net	/admin/	asp/access	25155	LOGIN
pusatbaja.com	/login.php	wordpress	9896	LOGIN
purple-mountain.com	/login.php	unknown	6710	LOGIN
puya-auto.com	/login.php	unknown	8411	LOGIN
qdhxxj.com	/manage/	asp/access	2571	ADMIN
qdjiefengda.com	/manage/	asp/access	6168	LOGIN
qhyuke.com	/admin/index.asp	asp/access	1863	LOGIN
qifanfm.com	/admin/login.php	unknown	3945	LOGIN
qdyukun.com	/admin/login.asp	asp/access	3335	LOGIN
prophegy.com	/login.php	wordpress	4458	LOGIN
purelybynature.com	/login.php	wordpress	6370	LOGIN
qwp4aa.r14.35.cn	/houtai/	unknown	3835	LOGIN
qjjzjx.com	/admin/	unknown	20125	LOGIN
ractstudio.com	/admin/login.php	asp/access	13547	LOGIN
raanckee.com	/login.php	wordpress	7633	LOGIN
qiair.net	/admin/	unknown	20125	LOGIN
qzxyhb.cn	/admin.php	unknown	44473	ADMIN
raisethequestion.com	/login.php	wordpress	5422	LOGIN
rackstrack.com	/login.php	wordpress	8828	LOGIN
quedessolutions.com	/login.php	wordpress	11280	LOGIN
raffiapalm.com	/login.php	wordpress,asp/access	36061	LOGIN
radioelsol.com	/login.php	wordpress	5274	LOGIN
rallslegal.com	/login.php	wordpress	7904	LOGIN
rbeiset.com	/login.php	wordpress	6352	LOGIN
recruit.ygfamily.com	/admin/login	asp/access	4277	LOGIN
rdprmcc.research.lseg.com	/houtai/	asp/access	3890	LOGIN
redribbonbakeshop.com	/admin/login	unknown	2383	ADMIN
redzonefb.com	/houtai/	asp/access	9798	LOGIN
rating-cc.com	/admin/	wordpress	5528	LOGIN
regal-clock.com	/admin/login	unknown	3358	LOGIN
raiamark.com	/login.php	wordpress	15370	LOGIN
remingtonosvxa.blogripley.com	/houtai/	unknown	6061	LOGIN
repuebla.me	/admin/	unknown	12954	LOGIN
rentcanada.com	/admin/login.asp	asp/access	11586	LOGIN
regardingwork.com	/admin/	unknown	4588	LOGIN
refugecontent.com	/admin/	wordpress	6128	LOGIN
refinancegold.com	/admin/	wordpress	3214	LOGIN
research-proposals.iadb.org	/admin/	unknown	11224	LOGIN
registriesdirect.com	/admin/	wordpress,asp/access	11367	LOGIN
rediscussed.com	/admin/index.php	wordpress	8614	LOGIN
relioncharging.com	/login.php	wordpress	7474	LOGIN
redeemerde.org	/login.php	wordpress	36975	LOGIN
repdominicana.forchildren.com	/admin/login.asp	asp/access	12829	LOGIN
residencefrontemare.com	/admin/	unknown	2304	LOGIN
revivehairtransplant.com	/login.php	wordpress	6406	LOGIN
ricolaplastics.com	/admin/login	unknown	4027	LOGIN
rewardsbutler.com	/admin/index.php	unknown	12164	LOGIN
retiringtomyrtlebeach.com	/login.php	wordpress,asp/access	45254	LOGIN
retrouver-une-bonne-vue-sans-lunettes.com	/login.php	wordpress	10790	LOGIN
restaurantetomodachi.com	/login.php	wordpress	6565	LOGIN
repentaustralia.org	/admin/	wordpress	11655	LOGIN
rinff.com	/login.php	wordpress,asp/access	13849	LOGIN
roc.com	/admin/login	unknown	2369	ADMIN
resultbaba.com	/admin/	wordpress	9838	LOGIN
rmibiladi.com	/login.php	wordpress	6344	LOGIN
rmcphotoworks.com	/login.php	wordpress	5985	LOGIN
roamingchina.com	/login.php	wordpress	6434	LOGIN
rivergreensoftware.com	/login.php	wordpress	7165	LOGIN
rockyhomeshow.com	/login.php	wordpress	5352	LOGIN
ruihaijx.com	/admin/login	unknown	3995	LOGIN
rosettahomestead.com	/admin/	wordpress	7012	LOGIN
rexburgcarshop.com	/admin/	wordpress	6551	LOGIN
roots-immigration.com	/login.php	wordpress	6859	LOGIN
rzed.cn	/admin/login	unknown	3923	LOGIN
rvsolarthatworks.com	/admin/	wordpress,asp/access	45160	LOGIN
rutgers.myonplanu.com	/admin/	unknown	10895	LOGIN
safetyware.com	/admin/	wordpress	9023	LOGIN
sagaramobile.com	/admin/	wordpress	6226	LOGIN
saichuandz.com	/admin/index.asp	asp/access	47007	LOGIN
rvltech.com	/login.php	wordpress	6537	LOGIN
sailwinlight.com	/admin/	unknown	11924	LOGIN
sajagindia.com	/login.php	wordpress	7687	LOGIN
sacra-felice.com	/login.php	wordpress	11709	LOGIN
salondesfleurscy.com	/login.php	wordpress	13125	LOGIN
samzal.com	/admin.php	unknown	10537	LOGIN
sao.zhipin.com	/admin.php	unknown	8856	LOGIN
salires.com	/login.php	wordpress	6127	LOGIN
sandboxnv.com	/admin/	wordpress	7167	LOGIN
sabatradeco.com	/admin/index.php	wordpress	8964	LOGIN
sasorganics.com	/admin/	wordpress	5773	LOGIN
save.freedomdebtrelief.com	/admin.php	unknown	38082	LOGIN
sbhk1281.com	/login.php	unknown	6390	ADMIN
salamatfard.com	/admin/login	wordpress	17117	LOGIN
sbdiamonds.com	/login.php	wordpress	5997	LOGIN
scipn.org	/admin/	asp/access	50000	LOGIN
sadrarobot.com	/login.php	wordpress	11054	LOGIN
scirange.com	/login.php	unknown	4432	LOGIN
savingthecrumbs.com	/login.php	wordpress	7572	LOGIN
savingdays.com	/login.php	wordpress	11786	LOGIN
scfiretraining.com	/admin/	asp/access	25884	LOGIN
sdzbsy.com	/admin/index.asp	unknown	9447	ADMIN
sczd.com.cn	/admin.php	thinkphp	4756	LOGIN
sdnuoen.com	/admin.php	unknown	1878	LOGIN
schanxi.com	/admin.php	unknown	2041	LOGIN
sdtxqz.com	/admin.php	unknown	3254	LOGIN
secure.rewardsbutler.com	/admin/	unknown	12164	LOGIN
serviskontrol.com	/admin/	unknown	7166	LOGIN
sejoursvoyage.com	/admin/	wordpress	9203	LOGIN
shen-da.com	/admin/login	unknown	3856	LOGIN
shgenlu.cn	/admin/index.asp	unknown	9377	LOGIN
sh-yusheng.net	/admin/index.asp	asp/access	2602	LOGIN
sh-volo.com	/admin/	unknown	6765	LOGIN
shipstation.brightpearlconnect.com	/admin/login.asp	unknown	3232	LOGIN
shipstation-staging.brightpearlconnect.com	/admin/login.php	unknown	3264	LOGIN
shawneecycle.com	/admin/	wordpress,asp/access	31642	LOGIN
shawnleeconstruction.com	/admin/	asp/access	35876	LOGIN
sextoyscenter.net	/login.php	wordpress,asp/access	32825	LOGIN
shopaew.com	/admin/login	unknown	2363	ADMIN
shwszh.com	/admin/login.asp	asp/access	49493	LOGIN
shilaco.com	/login.php	wordpress	9975	LOGIN
shunzcheng.com	/admin/login	unknown	4005	LOGIN
shoptangerineboutique.com	/manage/	wordpress	49991	LOGIN
signup.zhipin.com	/admin/index.asp	unknown	8856	LOGIN
sidicamper.com	/login.php	wordpress	11156	LOGIN
simplyburialinsurance.com	/login.php	wordpress	7900	LOGIN
skorbola365.com	/login.php	wordpress	5507	LOGIN
skullcandy.com	/admin/login	unknown	2361	ADMIN
shwlhy.com	/admin/login	unknown	4210	LOGIN
skyh-m.com	/admin/login.asp	unknown	27906	ADMIN
sinergiatotal.com	/login.php	wordpress	10097	LOGIN
smabenimleyuru.org	/login.php	wordpress	11677	LOGIN
simonmercs.biz	/admin/	wordpress	10234	LOGIN
sklz.implus.com	/admin/login	unknown	2363	ADMIN
sietegc.com	/login.php	wordpress	9782	LOGIN
smlpinc.com	/login.php	wordpress	5694	LOGIN
smartyschool.stylemixthemes.com	/admin/	wordpress	8942	LOGIN
softrhythm.com	/admin/	unknown	3691	LOGIN
situstarget.com	/admin/	wordpress,asp/access	48713	LOGIN
skitimothy.com	/login.php	wordpress	7169	LOGIN
sneakatomic.com	/houtai/	unknown	25970	LOGIN
snipeit.helloprint.com	/admin/	unknown	6734	LOGIN
soicau366.com	/admin/login	unknown	49991	LOGIN
solitairefitness.com	/login.php	wordpress	6526	LOGIN
sogfnv.r14.35.com	/login.php	unknown	3837	LOGIN
socalthepolarexpressride.com	/admin/	wordpress	7424	LOGIN
solvelr.com	/admin/	wordpress	7457	LOGIN
sna-co.com	/login.php	wordpress	10734	LOGIN
sophialuypaert.com	/login.php	wordpress	6723	LOGIN
solucaoimport.com	/login.php	wordpress	10783	LOGIN
southendeye.com	/admin/	wordpress	6674	LOGIN
soscambodia.org	/admin/	asp/access	14730	LOGIN
southernwasteinformationexchange.com	/login.php	wordpress	7107	LOGIN
sos-childrensvillagesuganda.org	/admin/	asp/access	14914	LOGIN
sonyimager.com	/login.php	wordpress	6862	LOGIN
southjerseyev.com	/login.php	wordpress	7401	LOGIN
sportsbetnow.com	/houtai/	asp/access	6221	LOGIN
sparebusiness.com	/manage/	wordpress,asp/access	49989	LOGIN
southernnutrition.org	/login.php	wordpress	8338	LOGIN
sosvietnam.org	/admin/	asp/access	14914	LOGIN
splash.stylemixthemes.com	/login.php	wordpress	8228	LOGIN
sqqsb.com	/admin/	unknown	44142	ADMIN
squirreldogtraining.com	/admin/	wordpress	21586	LOGIN
sportcointl.com	/login.php	wordpress	9168	LOGIN
spythrillermusic.com	/login.php	wordpress	7266	LOGIN
stage-cms.altimetry.com	/login.php	asp/access	41354	LOGIN
spurgeonsmorningandevening.com	/admin/index.php	wordpress	4743	LOGIN
ssjjka.com	/admin/login.php	unknown	1885	LOGIN
stage.altimetry.com	/login.php	asp/access	41354	LOGIN
staging.altimetry.com	/login.php	asp/access	41354	LOGIN
spanish.forchildren.com	/admin/	unknown	16634	LOGIN
staging.developer.brightpearl.com	/admin/login	unknown	5481	LOGIN
staging.events.ringcentral.com	/admin/login	unknown	1554	LOGIN
staroswestry.com	/admin/	unknown	50000	LOGIN
ssvprd.org	/admin/	wordpress	8573	LOGIN
sound-light.com	/login.php	wordpress	11238	LOGIN
status.neverbounce.com	/admin/	unknown	26956	LOGIN
stanford.myonplanu.com	/admin/	unknown	10787	LOGIN
status.coinbase.com	/admin/	unknown	26956	LOGIN
stmichaelwang.com	/login.php	unknown	2322	LOGIN
stjpm.com	/houtai/	unknown	49992	LOGIN
spenglerindustries.com	/login.php	wordpress	10813	LOGIN
stommed.net	/admin/	wordpress	10261	LOGIN
stcarriescenter.org	/login.php	wordpress	5879	LOGIN
sukmoc.r14.35.cn	/login.php	unknown	3837	LOGIN
ststephensrva.org	/admin/login	wordpress,asp/access	47455	LOGIN
stylemixthemes.com	/login.php	wordpress	8493	LOGIN
stensland.net	/admin/login	wordpress,asp/access	48859	LOGIN
store.elite-shotguns.com	/admin/	wordpress,asp/access	7360	LOGIN
sukmoc.r14.35.com	/manage/	unknown	3835	LOGIN
stmichaelstorage.com	/login.php	wordpress	6634	LOGIN
superpizzachertsey.com	/admin/	unknown	50000	LOGIN
suitneeds.com	/login.php	wordpress	9548	LOGIN
sv.accioncasa.com	/manage/	unknown	39225	ADMIN
superiorenviroservices.com	/login.php	wordpress	6982	LOGIN
surfacepatternlife.com	/admin/	wordpress	6366	LOGIN
sweets-today.com	/admin/	wordpress	9416	LOGIN
sustho.com	/login.php	wordpress	6644	LOGIN
suspendedcirque.com	/login.php	wordpress	6888	LOGIN
sweatyspaghetti.com	/admin/login.php	unknown	4610	LOGIN
swahili.forchildren.com	/admin/login	unknown	15766	LOGIN
susiemiller.com	/admin/	wordpress	5805	LOGIN
syruide.net	/admin/login.php	unknown	3855	LOGIN
swedx.com	/login.php	wordpress,asp/access	43042	LOGIN
szalljg.com	/admin/login	unknown	3945	LOGIN
sz-qitian.com	/admin/login.php	unknown	4000	LOGIN
szhmsh.com	/admin/login	unknown	3987	LOGIN
szqtbz.com	/admin/login.php	unknown	3985	LOGIN
swiftygo.com	/login.php	wordpress	5388	LOGIN
szparo.com	/admin.php	unknown	3816	LOGIN
szsbmx.com	/admin/login	unknown	3985	LOGIN
szxfqczc.com	/admin/login.php	unknown	4155	LOGIN
sz-mt.com.cn	/manage/	unknown	3365	LOGIN
syncpain.com	/admin/	wordpress	7032	LOGIN
szbelitt.com	/login.php	unknown	15564	LOGIN
task.edoctor.cn	/admin/login.php	unknown	9717	LOGIN
tanzania.forchildren.com	/admin/index.php	unknown	15770	LOGIN
szwusheng.com	/admin/login	unknown	4000	LOGIN
taifengpump.com	/admin.php	unknown	2578	LOGIN
tamu.myonplanu.com	/admin/	unknown	12361	LOGIN
t1limos.com	/login.php	wordpress	6181	LOGIN
tasteofbengalclacton.com	/houtai/	unknown	50000	LOGIN
tarifasdeluz.com	/login.php	wordpress	9653	LOGIN
tchuameng.com	/admin/login	unknown	4002	LOGIN
tcysdz.cn	/admin/login.php	unknown	3982	LOGIN
tc-huamei.com	/admin/login.php	unknown	4000	LOGIN
tcjianzhouli.com	/admin/	unknown	7425	LOGIN
tdfitloans.com	/admin/	unknown	8211	LOGIN
techinmocean.com	/admin/	wordpress	4687	LOGIN
tengjunsz.com	/admin/login.php	unknown	4000	LOGIN
tedxplano.org	/login.php	wordpress	6140	LOGIN
tecumotor.com	/login.php	wordpress	8267	LOGIN
tastedstories.com	/admin/index.php	wordpress	4101	LOGIN
tekdeep.com	/login.php	wordpress	7117	LOGIN
telyap.com	/login.php	wordpress	9374	LOGIN
tek-analytics.com	/admin/	wordpress	7289	LOGIN
techtomy.com	/login.php	wordpress	6323	LOGIN
tchqsl.com	/admin/	unknown	20125	LOGIN
thai.forchildren.com	/admin/index.php	unknown	12826	LOGIN
teslaarquitectura.com	/login.php	wordpress	9967	LOGIN
teknomira.com	/login.php	wordpress	9027	LOGIN
tfcw.com	/admin/login	unknown	2084	LOGIN
test-stanford.myonplanu.com	/admin/	unknown	10827	LOGIN
tfff.org	/login.php	wordpress	6945	LOGIN
thakkellapaduofficial.com	/login.php	wordpress	8902	LOGIN
technologydip.com	/login.php	wordpress	5191	LOGIN
thdy755.com	/admin/login.php	unknown	3254	LOGIN
tengda-industrial.com	/admin.php	unknown	2877	LOGIN
tfinders.com	/admin/	wordpress	5163	LOGIN
thebravopizza.com	/admin/	unknown	50000	LOGIN
thedonutdenver.com	/houtai/	unknown	49945	LOGIN
thedodad.com	/admin/	wordpress	5903	LOGIN
thailandphotographer.com	/login.php	wordpress	6627	LOGIN
thejollyrogerfishbar.com	/admin/	unknown	50000	LOGIN
thehappyhomes.com	/manage/	asp/access	24389	LOGIN
thehardponys.com	/login.php	wordpress	5489	LOGIN
thedailycat.com	/admin/	wordpress	8229	LOGIN
thekoalamom.com	/login.php	wordpress	6553	LOGIN
themeparkbeds.com	/houtai/	asp/access	26680	LOGIN
thejustifiable.com	/login.php	wordpress	8398	LOGIN
theluxurytribe.com	/login.php	wordpress	6312	LOGIN
thesmalltools.com	/login.php	wordpress	6526	LOGIN
theposingportal.com	/admin/login	wordpress	49923	LOGIN
theracquet.org	/login.php	wordpress	12624	LOGIN
thesilversword.com	/admin/	wordpress	12116	LOGIN
theworldopinion.com	/admin/index.php	asp/access	48322	LOGIN
thesleepermustawaken.com	/admin/	wordpress	6307	LOGIN
thisbelongsinamuseum.com	/admin/	wordpress	3807	LOGIN
thinkbar.net	/admin/login.php	typecho	7998	LOGIN
thinklikeamonkbook.com	/admin/	wordpress	5825	LOGIN
thezelisassembly.com	/login.php	wordpress	6319	LOGIN
thetranslationboutique.com	/login.php	wordpress	16918	LOGIN
thetwincookingproject.net	/admin/	wordpress	9133	LOGIN
tian-wu.cn	/admin/login	unknown	4147	LOGIN
tiangui.com.cn	/admin/login	unknown	4166	LOGIN
thenailbabe.com	/login.php	wordpress	6028	LOGIN
tiankangi.net	/admin/	unknown	20254	LOGIN
tianyuyun.com	/manage/	unknown	24693	LOGIN
tiendaderopanegra.com	/login.php	wordpress	7655	LOGIN
titanwind.com.cn	/admin/login.php	unknown	4015	LOGIN
tjytsrq.com	/admin/login.php	unknown	3254	LOGIN
tinboxchina.com	/login.php	wordpress	5510	LOGIN
tj-bj.com	/admin.php	pbootcms	3289	LOGIN
tippimaan.com	/admin/	wordpress	8100	LOGIN
timothythelin.com	/login.php	wordpress	5238	LOGIN
tlxjgd.com	/admin/	unknown	20125	LOGIN
timwood.com	/login.php	wordpress	10780	LOGIN
toolur.com	/admin/login	asp/access	17842	LOGIN
tntn1515.com	/login.php	unknown	7484	LOGIN
tochishobun.com	/admin/	wordpress	10620	LOGIN
timmpi.com	/login.php	wordpress	8413	LOGIN
tooliebonka.com	/login.php	wordpress	6594	LOGIN
tonjony.com	/login.php	wordpress	9454	LOGIN
toddcokennel.com	/login.php	wordpress	7605	LOGIN
timmannbuilders.com	/admin/	wordpress	6689	LOGIN
tonglinjunye.com	/login.php	wordpress	9057	LOGIN
topdebrid.com	/login.php	wordpress	9174	LOGIN
tour1.prettydirty.com	/admin/index.php	asp/access	35111	LOGIN
toponetech.cn	/login.php	wordpress	6953	LOGIN
treatment4all.org	/admin/	unknown	3892	LOGIN
transpenninechallenge.com	/login.php	asp/access	50000	LOGIN
treefortsystems.com	/dede/	asp/access	49852	LOGIN
travelinggypsycorgis.com	/login.php	wordpress	11113	LOGIN
transorze.com	/login.php	wordpress,asp/access	43449	LOGIN
triangleland.org	/login.php	wordpress	8803	LOGIN
top1tv.net	/login.php	wordpress,asp/access	11830	LOGIN
ttuser.com	/manage/	unknown	1680	LOGIN
trendingnewsbuzz.com	/login.php	wordpress	6876	LOGIN
ty-bat-chuon84836.blogripley.com	/admin/login	unknown	6082	LOGIN
translator-shop.org	/admin/login	wordpress	47034	LOGIN
tube-8com.com	/manage/	unknown	26482	LOGIN
trypeak.com	/login.php	wordpress	7026	LOGIN
twaimmigration.com	/login.php	wordpress	8913	LOGIN
tunbiya.com	/admin/	wordpress	28101	LOGIN
tuguiadejapon.com	/admin/	wordpress	10457	LOGIN
twotonesstore.com	/login.php	wordpress	6649	LOGIN
tzwolves.com	/login.php	wordpress	8735	LOGIN
tzcpremium.com	/login.php	wordpress	10601	LOGIN
truemountaintraveler.com	/admin/	wordpress	7014	LOGIN
ufabetbet7.com	/login.php	unknown	11998	LOGIN
unique-lube.com	/admin/	unknown	47601	LOGIN
uniconbg.com	/admin/index.php	unknown	12224	LOGIN
umeex.com	/login.php	wordpress	10594	LOGIN
ufaocity.xyz	/admin/	wordpress	11253	LOGIN
unitsolutions.com	/admin/login	unknown	2385	ADMIN
tuzlaatlasotomotiv.com	/admin/	wordpress	10294	LOGIN
unqcare.com	/admin/login	unknown	3990	LOGIN
uhohdigital.com	/login.php	wordpress	6197	LOGIN
unitygames.org	/login.php	wordpress	5695	LOGIN
vcfkj.com	/admin.php	unknown	8940	ADMIN
urbancreeks.org	/admin/	wordpress	5921	LOGIN
vb1plj.r14.35.cn	/login.php	unknown	3837	LOGIN
urbanstoryventures.com	/admin/	wordpress	7310	LOGIN
upiaindia.org	/admin/	wordpress	6166	LOGIN
valve.com	/admin/	wordpress	7859	LOGIN
vb1plj.r14.35.com	/admin/	unknown	3834	LOGIN
va-leaders.com	/login.php	wordpress	7022	LOGIN
varthamana.com	/admin/	wordpress	9416	LOGIN
verified-motor-vehicle-le65319.blogripley.com	/manage/	unknown	6173	LOGIN
vbtutor.net	/login.php	wordpress	5140	LOGIN
verticalcircus.com	/login.php	unknown	1612	LOGIN
vanwagenen.com	/login.php	wordpress	7819	LOGIN
vfw2667.org	/admin/	wordpress	4629	LOGIN
ventav.com	/houtai/	unknown	7001	LOGIN
venueindelhi.com	/login.php	wordpress	9043	LOGIN
vickypetite.com	/login.php	wordpress	9743	LOGIN
viqkj.com	/login.php	unknown	9401	ADMIN
vescctv.com	/login.php	wordpress	6100	LOGIN
vilemetalvids.com	/admin/login.php	unknown	4874	LOGIN
vision-renu.com	/login.php	unknown	3192	LOGIN
veterinaire-roumanie.com	/login.php	wordpress	11341	LOGIN
vin-decoder.stylemixthemes.com	/admin/	wordpress	6884	LOGIN
vmnkj.com	/admin.php	unknown	9184	ADMIN
viralkhobor.com	/login.php	wordpress	6499	LOGIN
victoryhealthandfitness.org	/login.php	wordpress,asp/access	43591	LOGIN
vision-bizmarket.com	/login.php	wordpress	44293	LOGIN
visitmanggaraitimur.com	/login.php	wordpress	9502	LOGIN
virginia.myonplanu.com	/admin/	unknown	10920	LOGIN
vn88up.com	/admin/	wordpress	6179	LOGIN
vxskj.com	/manage/	unknown	8981	ADMIN
vj9v93pa.org	/login.php	wordpress	8621	LOGIN
wakigataisaku-clinic.com	/admin/index.php	wordpress	3239	LOGIN
wanglaw.tw	/login.php	wordpress	10458	LOGIN
votremarabout.com	/admin/index.php	unknown	44773	LOGIN
vpsatech.com	/login.php	wordpress	8687	LOGIN
wdvcy5.r14.35.cn	/admin/	unknown	3834	LOGIN
verdesaires.com	/login.php	wordpress	9985	LOGIN
vn888a.com	/admin/	wordpress	10791	LOGIN
way-of-the-phoenix.com	/login.php	wordpress	11676	LOGIN
visualdx.com	/login.php	wordpress	7262	LOGIN
watch.azaronline.com	/admin/	wordpress	10774	LOGIN
wdvcy5.r14.35.com	/admin.php	unknown	3837	LOGIN
webcontentonline.com	/admin.php	unknown	14772	ADMIN
web-dk.com	/login.php	wordpress	10261	LOGIN
webdisk.competencias9000.com	/login.php	unknown	16097	LOGIN
watan.com	/login.php	wordpress	10955	LOGIN
webmail.dorshonshiksha.com	/houtai/	asp/access	37803	LOGIN
webcamporntubez.com	/login.php	wordpress	5828	LOGIN
webmail.cartemcoins.com	/admin/login	unknown	2363	ADMIN
webmail.fairgreenlimited.com	/admin/login	asp/access	37321	LOGIN
webmail.jesusmentribe.com	/admin/login.asp	asp/access	36956	LOGIN
weatherglaze2000.com	/login.php	wordpress	7083	LOGIN
webmail.krishgenpudgala.com	/admin/	asp/access	37652	LOGIN
webmail.nagman-calibration.com	/manage/	asp/access	37317	LOGIN
webmail.jessicazumbusch.com	/login.php	wordpress	10257	LOGIN
webmail.pearcemarketinggroup.com	/admin/index.asp	asp/access	37169	LOGIN
weian.com.cn	/admin/login	unknown	3995	LOGIN
webtevar.com	/login.php	wordpress	8617	LOGIN
well-grid.com	/admin/login	unknown	4150	LOGIN
wfm8.poloralphlauren.com	/admin.php	asp/access	42512	LOGIN
wfm8dev.poloralphlauren.com	/login.php	asp/access	42464	LOGIN
wfm8tst.poloralphlauren.com	/admin.php	asp/access	42550	LOGIN
wgxtg0.r14.35.cn	/dede/	unknown	3833	LOGIN
wgxtg0.r14.35.com	/admin/	unknown	3834	LOGIN
wehnhvac.com	/admin/	wordpress	7090	LOGIN
westafricanewthinking.com	/login.php	wordpress	10399	LOGIN
welshstonesupply.com	/login.php	wordpress	11478	LOGIN
whmilon.com	/admin/login.asp	asp/access	14880	LOGIN
whchengzhuo.com	/admin/	unknown	20125	LOGIN
whhqbz.com	/admin/index.asp	asp/access	3301	LOGIN
wh-bx.com	/admin/	unknown	20125	LOGIN
wjdart.com	/admin/index.asp	asp/access	14201	LOGIN
webserver.safetyware.com	/admin/	wordpress	5751	LOGIN
willystransmission.com	/admin/login.asp	asp/access	3722	LOGIN
wkdoor.com	/admin/login	unknown	3985	LOGIN
wiredbyteit.net	/login.php	wordpress	5776	LOGIN
world.downmagaz.net	/admin.php	unknown	3043	LOGIN
wileydigitalarchives.com	/login.php	wordpress	6500	LOGIN
wofava.org	/login.php	wordpress	7672	LOGIN
wppindiafoundation.com	/login.php	wordpress	5405	LOGIN
wjqzyyy.com	/admin.php	unknown	2139	LOGIN
wordstoreality.com	/admin.php	unknown	49923	LOGIN
wujiangkanglong.cn	/admin/login.php	unknown	4025	LOGIN
wprs.daiseysolutions.org	/admin/	wordpress	12223	LOGIN
wtfwasithinking.org	/login.php	wordpress	7568	LOGIN
wozlawgroup.com	/login.php	wordpress	6017	LOGIN
wuyi-sh.com	/admin/login.php	unknown	3992	LOGIN
www.1ntv.org	/login.php	unknown	11987	LOGIN
wuhushangjie.com	/admin/	unknown	20125	LOGIN
wunav.com	/admin/	wordpress	9554	LOGIN
www.94fmbaturite.org	/admin/login	unknown	5710	LOGIN
www.96krock.com	/login.php	wordpress	7930	LOGIN
www.acluofnc.org	/login.php	asp/access	44216	LOGIN
wuhurf.com	/admin/	unknown	20254	LOGIN
www.accidentattorneys.com	/manage/	unknown	5093	LOGIN
www.aihaishen.com	/admin/login.php	unknown	10347	LOGIN
www.ahhuilic.com	/admin/	unknown	20125	LOGIN
www.ahxiyy.com	/admin/	unknown	20125	LOGIN
www.511enterprises.com	/login.php	wordpress	6583	LOGIN
www.ahshengcheng.com	/admin/	unknown	20125	LOGIN
www.abacodisasterrelief.org	/admin/	wordpress	6190	LOGIN
www.ahgzzn.com	/admin/	unknown	20125	LOGIN
www.algorllc.com	/admin/index.php	unknown	6492	LOGIN
www.akereso.com	/admin/	wordpress	3672	LOGIN
ws15.iotfm.org	/admin/	asp/access	29596	LOGIN
wimaxnear.com	/admin/	wordpress	9496	LOGIN
www.ahftby.cn	/admin/	unknown	20254	LOGIN
www.ahnimishabusinessconsulting.com	/login.php	wordpress	8572	LOGIN
www.analsee.com	/admin/index.php	unknown	2053	LOGIN
www.ahjsny.cn	/admin/	unknown	20254	LOGIN
www.alessioolimpio.com	/login.php	wordpress,asp/access	45318	LOGIN
www.aghazetaleem.com	/login.php	wordpress	7501	LOGIN
www.ahzr.com.cn	/admin/	unknown	20125	LOGIN
www.acadianamfg.com	/login.php	wordpress	5502	LOGIN
www.aldeasinfantiles.org	/admin/	asp/access	14856	LOGIN
www.aldeias-sos.org	/admin/	asp/access	14914	LOGIN
www.alsautomotive.com	/login.php	wordpress	7645	LOGIN
www.amothersrandomthoughts.com	/admin/index.php	wordpress	7723	LOGIN
www.anchorpointfoundation.com	/login.php	wordpress	7896	LOGIN
www.androidmobiles.org	/admin/	wordpress	4753	LOGIN
www.anhuilengqueta.com	/admin/	unknown	20125	LOGIN
www.apple-cores.com	/login.php	wordpress	5731	LOGIN
www.atp-bio.com	/login.php	unknown	16661	LOGIN
www.angloiraqi.org	/login.php	wordpress	8585	LOGIN
www.arresha.com	/admin/	unknown	16192	LOGIN
www.arsatc.org	/admin/	wordpress	11109	LOGIN
www.ballsrodandkustom.com	/admin/login.php	unknown	2607	LOGIN
www.arvadasitematerials.com	/admin/	wordpress	7740	LOGIN
www.apartamentosrd.com	/admin/	wordpress	3331	LOGIN
www.asliceofstyle.com	/admin/	wordpress	6895	LOGIN
www.armorservices.com	/login.php	wordpress	6506	LOGIN
www.baohay.net	/login.php	wordpress	10354	LOGIN
www.atlashomehealth.com	/login.php	wordpress	8652	LOGIN
www.backlinkurl.com	/login.php	wordpress	9041	LOGIN
www.badasong.com	/login.php	wordpress	8933	LOGIN
www.bbhlfz.com	/admin/	unknown	20125	LOGIN
www.baohiemlibertyvn.com	/login.php	wordpress	10624	LOGIN
www.bg-florida.com	/admin/login.asp	asp/access	12915	LOGIN
www.be-mag.com	/login.php	wordpress	6103	LOGIN
www.axongroup.com	/admin/login	asp/access	46914	LOGIN
www.avrupamedya.com	/login.php	wordpress	9883	LOGIN
www.berthoud970locksmith.com	/admin/	wordpress	7286	LOGIN
www.blueprintkenya.com	/houtai/	asp/access	9793	LOGIN
www.baliwholesalemarket.com	/login.php	wordpress	7763	LOGIN
www.blessedpropertysolutions.com	/admin/	wordpress	8719	LOGIN
www.bingoweekly.com	/admin/	wordpress	5963	LOGIN
www.bellehairextensions.com	/login.php	wordpress,asp/access	46190	LOGIN
www.blvdautoworks.com	/login.php	wordpress	6669	LOGIN
www.beatsarcoma.org	/admin/	wordpress	6538	LOGIN
www.bravafabrics.com	/admin/login	unknown	2377	ADMIN
www.bbqbarbecuegrill.com	/admin/	wordpress,asp/access	44907	LOGIN
www.boxallprofile.org	/login.php	wordpress,asp/access	43323	LOGIN
www.butterkinsquash.com	/admin/index.asp	unknown	3448	LOGIN
www.bsp.com	/login.php	wordpress	6107	LOGIN
www.cadencelondon.com	/admin/login	unknown	2371	ADMIN
www.carrierjobs.cn	/admin/login	asp/access	39926	ADMIN
www.bmsservis.com	/login.php	wordpress	10667	LOGIN
www.brittjanyk.com	/admin/	wordpress	6853	LOGIN
www.bwqrlzy.com	/admin/	unknown	20125	LOGIN
www.capaenerji.com	/admin/	wordpress	9799	LOGIN
www.chargercash.com	/admin/	unknown	5796	LOGIN
www.catholicfraternity.net	/login.php	wordpress	6997	LOGIN
www.cargoconteyner.com	/admin/index.php	unknown	1977	LOGIN
www.casarebeca.com	/login.php	wordpress	38186	LOGIN
www.chadavalencia.com	/admin/login	wordpress	6496	LOGIN
www.centralponiente.com	/admin/	unknown	12319	LOGIN
www.cj.nicecoltd.com	/login.php	unknown	48774	LOGIN
www.cnkotharihomeocollege.org	/admin/login	asp/access	30356	LOGIN
www.civico201.com	/admin/index.php	wordpress	9723	LOGIN
www.clickee.net	/admin/index.php	asp/access	41742	LOGIN
www.cimaworld.com	/admin/	wordpress	2977	LOGIN
www.co.skechers.com	/admin/login	unknown	3423	LOGIN
www.cellarclub.org	/login.php	wordpress	6710	LOGIN
www.clarkrendering.com	/login.php	wordpress	9362	LOGIN
www.clintonelectronics.com	/admin/	wordpress,asp/access	12322	LOGIN
www.cloudanswers.com	/login.php	wordpress	16288	LOGIN
www.crossvalid.com	/admin/login	unknown	7703	LOGIN
www.comeauappraisals.com	/login.php	wordpress	6710	LOGIN
www.concordcommunitiesalliance.org	/login.php	wordpress	9419	LOGIN
www.coralive.org	/login.php	wordpress	8182	LOGIN
www.crystalwizardry.com	/login.php	wordpress	6019	LOGIN
www.clevelandcliniclabs.com	/login.php	wordpress	6730	LOGIN
www.csroots.cn	/admin/	wordpress	10138	LOGIN
www.d2pass.com	/admin.php	asp/access	38368	LOGIN
www.conexionjapon.com	/admin/index.php	unknown	2529	LOGIN
www.daily-harvest.com	/admin/login	unknown	2492	ADMIN
www.daveandbusters.com	/admin/login.php	unknown	50000	LOGIN
www.cuteness.com	/admin/	wordpress	2615	LOGIN
www.cookieassistant.com	/login.php	wordpress	5754	LOGIN
www.cresenergy.com	/login.php	wordpress	8805	LOGIN
www.cypruseconomicsociety.org	/login.php	wordpress,asp/access	42902	LOGIN
www.crediblecapital.com	/login.php	wordpress	6440	LOGIN
www.cuulongct.com	/login.php	wordpress	12829	LOGIN
www.cynthiacramblett.com	/admin/	wordpress	7793	LOGIN
www.dripfree.com	/login.php	wordpress	8116	LOGIN
www.defendyourcase.com	/admin/	wordpress	10240	LOGIN
www.damar-germany.com	/admin/	wordpress	2755	LOGIN
www.domainprice.me	/admin/login	unknown	3756	LOGIN
www.danburyfencing.com	/admin/	wordpress	12363	LOGIN
www.dvxdx1809.eu.org	/admin/	wordpress	2748	LOGIN
www.dryoho.com	/login.php	wordpress	6415	LOGIN
www.digimify.com	/login.php	wordpress	10130	LOGIN
www.drcotrufo.com	/login.php	wordpress	9444	LOGIN
www.docksandrockstn.com	/login.php	wordpress	7771	LOGIN
www.emiratisation.org	/admin/	asp/access	4859	LOGIN
www.elcolectivodi.com	/login.php	wordpress	5995	LOGIN
www.eltoutcomes.com	/admin/	asp/access	28858	LOGIN
www.enc-online.org	/login.php	wordpress	5640	LOGIN
www.efhco.com	/admin/	wordpress	9563	LOGIN
www.elisimone.com	/login.php	wordpress	9949	LOGIN
www.eryamanterasevler.com	/admin/login	wordpress	44437	LOGIN
www.fatjimmysresort.com	/admin/	wordpress	6814	LOGIN
www.enfluxeng.com	/login.php	wordpress	6815	LOGIN
www.essayeducation.com	/admin/	wordpress	8181	LOGIN
www.farebros.com	/admin/index.php	asp/access	9462	LOGIN
www.favogames.com	/admin.php	unknown	2874	LOGIN
www.filsdereves.com	/admin/login	unknown	2363	ADMIN
www.feherlawfirm.com	/login.php	wordpress	6768	LOGIN
www.ecstaticself.com	/admin/index.php	wordpress	7814	LOGIN
www.escoladolouvor.com	/login.php	wordpress	11300	LOGIN
www.firegrill.com	/login.php	wordpress	7129	LOGIN
www.fillmorecountyfair.com	/login.php	wordpress,asp/access	43318	LOGIN
www.fleximoveservices.com	/admin/index.php	wordpress	8608	LOGIN
www.fnbmifflintown.com	/login.php	wordpress	6986	LOGIN
www.fencingprodigy.com	/admin/	wordpress	6693	LOGIN
www.floridachiropractor.com	/admin/index.php	wordpress	6663	LOGIN
www.forestlanepediatrics.com	/login.php	wordpress	6781	LOGIN
www.flowsberry.com	/login.php	wordpress	9499	LOGIN
www.forchildren.com	/admin/index.asp	asp/access	18875	LOGIN
www.g-gmakine.com	/admin/index.php	asp/access	6219	LOGIN
www.friendsofonemilecreek.org	/admin/	wordpress	7889	LOGIN
www.elysiumchicago.com	/login.php	wordpress	6696	LOGIN
www.freetnbooks.com	/login.php	wordpress	6923	LOGIN
www.garagedoorsrepaircanyoncountry.com	/admin/	wordpress	7934	LOGIN
www.gcjcga.org	/admin/	wordpress	10139	LOGIN
www.gardenguides.com	/admin/login	wordpress	2615	LOGIN
www.getitim.com	/login.php	wordpress	5834	LOGIN
www.foxtailinsights.com	/login.php	wordpress	6492	LOGIN
www.gemarecords.com	/admin/	asp/access	33615	LOGIN
www.global-prog.com	/login.php	wordpress	7209	LOGIN
www.gmautopro.eu.org	/admin/	wordpress	2391	LOGIN
www.gtocad.com	/login.php	wordpress	9810	LOGIN
www.goodeveningcity.com	/login.php	wordpress	6299	LOGIN
www.hammill-institute.org	/admin/	wordpress	6670	LOGIN
www.glc-us.net	/login.php	wordpress	7633	LOGIN
www.greenlightservices.com	/login.php	wordpress	6348	LOGIN
www.fpavelectronics.com	/login.php	wordpress,asp/access	41647	LOGIN
www.hacksaholic.com	/admin/	wordpress	6684	LOGIN
www.goggingolf.com	/admin/	wordpress	6385	LOGIN
www.h3co.com	/login.php	wordpress	10924	LOGIN
www.happinesstimes.com	/admin/index.php	wordpress	6999	LOGIN
www.goodnewslibrary.com	/login.php	wordpress	8165	LOGIN
www.haltonmachining.com	/login.php	wordpress	8458	LOGIN
www.healthjockey.com	/login.php	wordpress	6051	LOGIN
www.hashgraph.com	/login.php	wordpress	5881	LOGIN
www.hcsrepair.com	/admin/	wordpress	12812	LOGIN
www.hefeiduanyayeke.com	/admin/	unknown	20125	LOGIN
www.hfmeike.com	/admin/	unknown	20125	LOGIN
www.guardstack.com	/login.php	wordpress	6800	LOGIN
www.hermanngmeinerakademie.org	/admin/	wordpress	6847	LOGIN
www.hfzdqj.com	/admin/	unknown	20125	LOGIN
www.hnlbdq.com	/admin/login	unknown	3254	LOGIN
www.hnsgdjx.com	/admin/login.asp	unknown	3254	LOGIN
www.hnstbkj.com	/admin/login	unknown	3254	LOGIN
www.hnljqz.com	/admin/login	unknown	3254	LOGIN
www.htck.net	/admin/login.php	unknown	3254	LOGIN
www.howbottle.com	/admin/login	unknown	2363	ADMIN
www.homesbyarrow.com	/admin/	wordpress,asp/access	50000	LOGIN
www.healthbenefitsexplained.com	/admin.php	empirecms,asp/access	49992	LOGIN
www.hyperreview.com	/admin/login	unknown	2595	LOGIN
www.holidaysandobservances.net	/admin/	wordpress	11979	LOGIN
www.grupoalc.com	/admin/index.php	wordpress	10120	LOGIN
www.hsfoundation.org	/login.php	wordpress	14513	LOGIN
www.iarcedu.com	/admin/	asp/access	9039	LOGIN
www.hurricaneshutters.com	/admin/index.php	unknown	5105	LOGIN
www.homesbyhanesllc.com	/login.php	wordpress	12279	LOGIN
www.icta-office.com	/admin/login.asp	unknown	28759	ADMIN
www.icilome.com	/login.php	wordpress	5344	LOGIN
www.indianamuseum.org	/login.php	wordpress	10202	LOGIN
www.immunedata.org	/login.php	asp/access	13924	LOGIN
www.improvtx.com	/admin/	wordpress	5447	LOGIN
www.hotelkinsley.com	/login.php	wordpress,asp/access	42878	LOGIN
www.inambahar.com	/login.php	wordpress	6802	LOGIN
www.imopalheiro.com	/login.php	wordpress,asp/access	41961	LOGIN
www.insightwebhosting.net	/login.php	wordpress	49956	LOGIN
www.idcmweb.com	/login.php	wordpress	34524	LOGIN
www.huh-cloud.com	/admin/index.php	wordpress	6134	LOGIN
www.iimagedesign.com	/login.php	wordpress	8193	LOGIN
www.ismailbardhoshi.com	/login.php	wordpress	5859	LOGIN
www.interiorsourceusa.com	/login.php	wordpress	6507	LOGIN
www.jenniferyang.com	/admin/login.asp	asp/access	4964	LOGIN
www.itmanagementnews.com	/admin/	wordpress	6200	LOGIN
www.jewishvirtuallibrary.org	/admin/login	unknown	17353	LOGIN
www.jetaport.com	/login.php	wordpress	6226	LOGIN
www.jslet.cn	/admin/login.php	unknown	3995	LOGIN
www.jx02.com	/login.php	unknown	4849	LOGIN
www.jacaranda.com	/login.php	wordpress	7009	LOGIN
www.judaspriest-namegenerator.com	/admin/login.php	unknown	4098	LOGIN
www.kdsclfm.com	/admin/login.php	unknown	3254	LOGIN
www.interwebs.com	/login.php	wordpress	4810	LOGIN
www.kjpschooljowai.com	/admin/index.php	unknown	5083	LOGIN
www.kustomduo.com	/manage/	asp/access	1905	LOGIN
www.jimmyauw.com	/admin/	wordpress,asp/access	10147	LOGIN
www.jointherivercoalition.org	/login.php	wordpress	12834	LOGIN
www.kortniesflowers.com	/admin/index.php	unknown	13747	LOGIN
www.kiliboundadventures.com	/login.php	wordpress	7760	LOGIN
www.jeffharnaraward.com	/login.php	wordpress	6578	LOGIN
www.lamoo.cn	/houtai/	asp/access	1864	ADMIN
www.katinyman.com	/login.php	wordpress	7940	LOGIN
www.leduo88.com	/manage/	asp/access	18787	LOGIN
www.kreenplus.com	/login.php	wordpress	9881	LOGIN
www.ladybugmalta.com	/login.php	wordpress	9188	LOGIN
www.lerevekw.com	/manage/	unknown	13477	ADMIN
www.kmsfab.com	/admin/index.php	wordpress	2926	LOGIN
www.laverdadnica.com	/login.php	wordpress	10998	LOGIN
www.linksys.com	/admin/login	unknown	2363	ADMIN
www.littlesofts.com	/admin/login	unknown	2367	ADMIN
www.letsgotrotting.com	/login.php	wordpress	8307	LOGIN
www.lincolnian.net	/admin/	wordpress	12366	LOGIN
www.lucentlife.com	/admin/login	unknown	2357	ADMIN
www.linkarabiapk.com	/admin/	wordpress	6460	LOGIN
www.liuxuecowboy.com	/login.php	wordpress	6340	LOGIN
www.laceyomalley.com	/admin/	wordpress	6678	LOGIN
www.magentonotes.com	/admin/	wordpress	7921	LOGIN
www.makerojavagreenagain.org	/login.php	wordpress	6886	LOGIN
www.mahtabhussain.com	/login.php	wordpress	10333	LOGIN
www.liftsafe.net	/login.php	wordpress	10623	LOGIN
www.macazezro.info	/login.php	wordpress	5327	LOGIN
www.maxburstein.com	/admin/login.php	unknown	2851	LOGIN
www.medtechdive.com	/admin/login.php	unknown	8326	LOGIN
www.managingconsultserv.com	/admin/	wordpress	8329	LOGIN
www.medellincomovamos.org	/login.php	wordpress	10137	LOGIN
www.mechanicsburgrestaurant.com	/admin/	wordpress	8086	LOGIN
www.mingyangshijia.cn	/admin/	unknown	8120	LOGIN
www.merakidentalstudio.com	/login.php	wordpress	9672	LOGIN
www.midwestinsure.com	/admin/	wordpress	6363	LOGIN
www.mentormeng.com	/admin/login	wordpress	50000	LOGIN
www.mitsubishikereta.com	/admin/index.php	wordpress	6792	LOGIN
www.melhorescassino.com	/admin/	wordpress	6683	LOGIN
www.miolet.com	/admin/	wordpress	5527	LOGIN
www.michigancasinorewards.com	/admin/	asp/access	34093	LOGIN
www.mifsuds.com	/login.php	wordpress	13064	LOGIN
www.missionbeach.com	/admin/	wordpress	10211	LOGIN
www.mistcannons.com	/admin/	wordpress	6443	LOGIN
www.memorylaneinn.com	/admin/	wordpress	8592	LOGIN
www.mt2gb.com	/admin/login.php	unknown	4537	LOGIN
www.moillusions.com	/admin/	wordpress	6397	LOGIN
www.mycollect.com	/admin.php	unknown	19095	LOGIN
www.minecraftminerals.com	/admin/	wordpress	7508	LOGIN
www.mrcormacwilson.com	/login.php	wordpress	4945	LOGIN
www.movie-guide.com	/houtai/	unknown	49998	LOGIN
www.mutlubeyinpodcast.com	/login.php	wordpress	10312	LOGIN
www.mysmiletrain.org	/admin/	unknown	32387	LOGIN
www.metalhen.com	/admin/	wordpress	4784	LOGIN
www.minuteformedicine.com	/admin/index.php	wordpress	6566	LOGIN
www.netnovelwriter.com	/login.php	unknown	1612	LOGIN
www.myscriptx.net	/login.php	unknown	1884	LOGIN
www.nfsq.com.cn	/manage/	unknown	34231	ADMIN
www.njhdjt.com	/admin.php	pbootcms	3289	LOGIN
www.national-school.com	/login.php	wordpress	6248	LOGIN
www.noniebuddhist.com	/admin/	wordpress	7636	LOGIN
www.nj61.com	/admin/	wordpress	9924	LOGIN
www.noraun.com	/admin/login	unknown	49771	LOGIN
www.northridgetrading.com	/login.php	asp/access	39456	LOGIN
www.ny884.com	/houtai/	unknown	8232	ADMIN
www.mtgproxies.biz	/login.php	wordpress,asp/access	50000	LOGIN
www.napacarpetcleaning.net	/admin/	wordpress	6492	LOGIN
www.niageneticsdata.org	/admin/	wordpress	6502	LOGIN
www.ohvoice.org	/login.php	wordpress,asp/access	7853	LOGIN
www.ourpioneers.org	/admin/	unknown	2044	LOGIN
www.oceanrobbins.com	/admin/	wordpress	8597	LOGIN
www.parrysoundpets.com	/admin.php	unknown	5305	LOGIN
www.peltzshoes.com	/admin/login	unknown	2373	ADMIN
www.obionvotes.com	/login.php	wordpress,asp/access	41057	LOGIN
www.parc-w-benin.net	/login.php	wordpress	6272	LOGIN
www.parisparker.com	/login.php	wordpress	17596	LOGIN
www.otrabalhador.com	/admin/	wordpress	10382	LOGIN
www.payrolling.com	/admin/	asp/access	20397	LOGIN
www.pcnsj.com	/admin/index.php	wordpress	5964	LOGIN
www.organizacionservital.com	/login.php	wordpress	9816	LOGIN
www.peoplesmedshop.net	/login.php	wordpress	5637	LOGIN
www.pianoinduzione.com	/admin/	wordpress	10479	LOGIN
www.old.kavoshjob.com	/admin/	wordpress	2919	LOGIN
www.perf-plus.com	/login.php	wordpress	7893	LOGIN
www.pinkbuffalo.com	/login.php	wordpress	7049	LOGIN
www.popcenturysite.com	/admin/	wordpress	6260	LOGIN
www.optionstrategiesinsider.com	/login.php	wordpress	11573	LOGIN
www.purple-mountain.com	/login.php	unknown	6710	LOGIN
www.ramblerhotels.com	/admin/	unknown	49948	LOGIN
www.presscluboftibet.org	/login.php	wordpress	5783	LOGIN
www.prioritylandscape.net	/login.php	wordpress	6810	LOGIN
www.pivatoporte.com	/login.php	wordpress	14079	LOGIN
www.pinolerosbienesraices.com	/admin/	wordpress	12184	LOGIN
www.rallslegal.com	/login.php	wordpress	7904	LOGIN
www.radiocares.org	/admin/	wordpress	6805	LOGIN
www.qxzjzx.com	/admin/	unknown	5897	LOGIN
www.purcellfoods.com	/login.php	wordpress	6714	LOGIN
www.repuebla.me	/admin/	unknown	12954	LOGIN
www.quran2.com	/login.php	wordpress	6979	LOGIN
www.rentcanada.com	/admin/login.asp	asp/access	11586	LOGIN
www.redribbonbakeshop.com	/admin/login	unknown	2383	ADMIN
www.rbeiset.com	/login.php	wordpress	6352	LOGIN
www.rewardsbutler.com	/admin/index.php	unknown	12164	LOGIN
www.reinhartpaint.com	/login.php	wordpress	7407	LOGIN
www.residencefrontemare.com	/admin/index.php	unknown	2304	LOGIN
www.primefyre.com	/login.php	wordpress	13343	LOGIN
www.registriesdirect.com	/admin/	wordpress,asp/access	11367	LOGIN
www.roundhousenews.org	/login.php	wordpress	10894	LOGIN
www.pzhccb.com	/houtai/	unknown	42409	LOGIN
www.romsaeio.info	/login.php	wordpress	5794	LOGIN
www.rushdaycamp.com	/login.php	wordpress	6556	LOGIN
www.repentaustralia.org	/admin/	wordpress	11655	LOGIN
www.scipn.org	/admin/	asp/access	50000	LOGIN
www.ronpearsonproductions.com	/admin/index.php	wordpress	13650	LOGIN
www.sd17cheng.com	/login.php	unknown	49920	LOGIN
www.sararwa.com	/admin/	wordpress	12387	LOGIN
www.sdkj.net	/admin/	unknown	20125	LOGIN
www.scirange.com	/login.php	unknown	4432	LOGIN
www.secretescortsdr.com	/admin/	unknown	7355	LOGIN
www.sdwhalewatch.com	/login.php	wordpress	42064	LOGIN
www.setupinsaudi.com	/admin/login.php	unknown	17090	LOGIN
www.shopaew.com	/admin/login	unknown	2363	ADMIN
www.si.skechers.com	/admin/login	unknown	3423	LOGIN
www.shell-photo.com	/login.php	wordpress	6780	LOGIN
www.sk.skechers.com	/admin/login.asp	unknown	3423	LOGIN
www.skyehomeimprovements.com	/admin/index.asp	asp/access	18256	LOGIN
www.sherece.com	/manage/	wordpress	50000	LOGIN
www.schoolsfootball.org	/login.php	wordpress	10729	LOGIN
www.shiplp.com	/houtai/	unknown	34159	LOGIN
www.skullriderz.com	/admin/login	unknown	2369	ADMIN
www.seng-lee.com	/admin/index.php	wordpress	7477	LOGIN
www.skorbola365.com	/login.php	wordpress	5507	LOGIN
www.siamsawadee.com	/login.php	wordpress,asp/access	45044	LOGIN
www.situstarget.com	/admin/	wordpress,asp/access	48713	LOGIN
www.solitairefitness.com	/login.php	wordpress	6526	LOGIN
www.simonmercs.biz	/admin/	wordpress	10234	LOGIN
www.sonasia-holiday.com	/admin/	unknown	4842	LOGIN
www.sparklingsoundblog.com	/admin/index.php	wordpress	9247	LOGIN
www.slhadvisor.com	/admin/	wordpress	6090	LOGIN
www.smeclabs.net	/login.php	wordpress	6820	LOGIN
www.soothingarts.com	/login.php	wordpress	6152	LOGIN
www.soschildrensvillages-arabic.org	/admin/	asp/access	14730	LOGIN
www.skitimothy.com	/login.php	wordpress	7547	LOGIN
www.sparebusiness.com	/manage/	wordpress,asp/access	49989	LOGIN
www.sos-usa.org	/admin/	asp/access	14914	LOGIN
www.spaescalesante.com	/login.php	wordpress	10632	LOGIN
www.sstf.org.cn	/admin/login.asp	asp/access	11615	LOGIN
www.stommed.net	/admin/	wordpress	10261	LOGIN
www.suitepro.com	/admin/	unknown	4335	LOGIN
www.supplyscience.com	/admin/	unknown	31586	LOGIN
www.stmichaelstorage.com	/login.php	wordpress	6634	LOGIN
www.sweets-today.com	/admin/	wordpress	9416	LOGIN
www.studio77home.com	/login.php	wordpress	5877	LOGIN
www.tcjianzhouli.com	/admin/	unknown	7425	LOGIN
www.tarifasdeluz.com	/login.php	wordpress	9653	LOGIN
www.staffino.com	/login.php	wordpress	12924	LOGIN
www.terracorpinc.com	/login.php	asp/access	15749	LOGIN
www.targetsurvey.com	/admin/login.asp	asp/access	49978	LOGIN
www.teejuana.com	/admin/index.php	unknown	50000	LOGIN
www.thdy755.com	/admin/login.php	unknown	3254	LOGIN
www.tedxplano.org	/login.php	wordpress	6140	LOGIN
www.synergyautowash.com	/login.php	wordpress	7608	LOGIN
www.thailandconveyancers.com	/login.php	wordpress	10385	LOGIN
www.templebethshalomcc.org	/admin/	wordpress	8139	LOGIN
www.thecontentbug.com	/admin/	wordpress	7021	LOGIN
www.thehardponys.com	/admin/	wordpress	5489	LOGIN
www.tfinders.com	/admin/index.php	wordpress	5163	LOGIN
www.theantiquedjourney.com	/admin/	wordpress	7490	LOGIN
www.tekdeep.com	/admin/	wordpress	7209	LOGIN
www.themeparkbeds.com	/manage/	asp/access	26679	LOGIN
www.theanfieldtalk.com	/admin/	wordpress	6769	LOGIN
www.thesmalltools.com	/admin/index.php	wordpress	6526	LOGIN
www.thedailycat.com	/admin/index.php	wordpress	8229	LOGIN
www.theracquet.org	/admin/index.php	wordpress	12719	LOGIN
www.thevergegreeley.com	/admin/login.php	asp/access	49976	LOGIN
www.thailandphotographer.com	/login.php	wordpress	6627	LOGIN
www.thetwincookingproject.net	/admin/	wordpress	9133	LOGIN
www.titansesports.com	/manage/	unknown	8896	LOGIN
www.thinklikeamonkbook.com	/admin/	wordpress	5825	LOGIN
www.thomascgruber.com	/login.php	wordpress,asp/access	42583	LOGIN
www.tj-bj.com	/admin.php	pbootcms	3289	LOGIN
www.tinboxchina.com	/login.php	wordpress	5510	LOGIN
www.travelinggypsycorgis.com	/login.php	wordpress	11113	LOGIN
www.theweddingfactor.com	/login.php	wordpress	6204	LOGIN
www.tourmalineenterprises.com	/admin/	wordpress	9901	LOGIN
www.treasurevalleylawyers.com	/login.php	wordpress	9200	LOGIN
www.truongthanhphuong.com	/login.php	wordpress	15984	LOGIN
www.truemountaintraveler.com	/admin/	wordpress	7014	LOGIN
www.tipdowns.com	/login.php	wordpress	6949	LOGIN
www.uawlocal174.com	/admin/	unknown	50000	LOGIN
www.tvlia.com	/login.php	wordpress	13782	LOGIN
www.ufoag.cn	/admin/login.php	unknown	2000	LOGIN
www.ufa877.com	/login.php	wordpress	6101	LOGIN
www.tucsonmall.com	/login.php	wordpress	7619	LOGIN
www.tri-mor.com	/login.php	wordpress	7577	LOGIN
www.twaimmigration.com	/login.php	wordpress	8913	LOGIN
www.unitedrefrigerants.com	/login.php	wordpress	6758	LOGIN
www.urbancreeks.org	/admin/	wordpress	5920	LOGIN
www.unitygames.org	/login.php	wordpress	5695	LOGIN
www.unilet.net	/login.php	wordpress	14510	LOGIN
www.ventodisardegna.com	/admin/	wordpress	3548	LOGIN
www.undisciplinedenvironments.org	/login.php	wordpress	7360	LOGIN
www.vilemetalvids.com	/admin/login.php	unknown	4874	LOGIN
www.va-leaders.com	/admin/index.php	wordpress	6876	LOGIN
www.vanwagenen.com	/login.php	wordpress	7819	LOGIN
www.tuzlaatlasotomotiv.com	/admin/	wordpress	10294	LOGIN
www.waterjc.com	/login.php	unknown	4359	LOGIN
www.vip-toto.com	/login.php	wordpress	7777	LOGIN
www.visualdx.com	/login.php	wordpress	7262	LOGIN
www.wardchiroandrehab.com	/admin/	wordpress	7015	LOGIN
www.walpolestudentmedianetwork.com	/login.php	wordpress	12455	LOGIN
www.waltechdrainage.com	/login.php	wordpress	10263	LOGIN
www.wjdart.com	/manage/	asp/access	14229	LOGIN
www.welshstonesupply.com	/login.php	wordpress	11478	LOGIN
www.whsafety.cn	/admin/	unknown	20254	LOGIN
www.whyxair.com	/admin/	unknown	20125	LOGIN
www.wileydigitalarchives.com	/login.php	wordpress	6500	LOGIN
www.wilsonmetalsnc.com	/admin/	unknown	31880	LOGIN
www.verygoodtreeservice.com	/login.php	wordpress	7704	LOGIN
www.wccrmmissions.org	/login.php	wordpress	6616	LOGIN
www.wintersurfing.net	/login.php	wordpress	6790	LOGIN
www.websitesmiths.com	/login.php	wordpress	6256	LOGIN
www.wjzscb.com	/login.php	wordpress	8548	LOGIN
www.xfungame.com	/admin/login.php	unknown	3493	LOGIN
www.wuhulxbz.com	/admin/	unknown	20125	LOGIN
www.wisdomscout.com	/login.php	wordpress	6526	LOGIN
www.whorelords.com	/login.php	wordpress	5825	LOGIN
www.xinxinjj.com	/admin/	unknown	20125	LOGIN
www.xianlifood.com	/admin/login.php	unknown	3254	LOGIN
www.wppindiafoundation.com	/login.php	wordpress	5405	LOGIN
www.wowgoldmine.net	/login.php	wordpress	6945	LOGIN
www.xxhx.net	/admin/login.php	unknown	3254	LOGIN
www.wiredsignage.com	/login.php	wordpress	11962	LOGIN
www.xxsrx.com	/admin/login.php	unknown	3254	LOGIN
www.xxyjtex.com	/admin/login.php	unknown	3254	LOGIN
www.yicheen.com	/login.php	unknown	2536	LOGIN
www.yuhuaqizhong.com	/admin/login.asp	unknown	3254	LOGIN
www.yesblueprint.com	/manage/	unknown	1670	LOGIN
www.zillem.com	/admin/login.php	unknown	2362	LOGIN
wzg.net.cn	/admin/	unknown	10671	LOGIN
www.youririshadventure.com	/admin/	wordpress	22214	LOGIN
wyoe.com	/login.php	wordpress	5656	LOGIN
xccjgy.com	/admin/login.asp	unknown	25115	ADMIN
x511m.marketuno.com	/admin/index.asp	asp/access	43702	LOGIN
xianlifood.com	/admin/login.php	unknown	3254	LOGIN
xf928.com	/login.php	unknown	42219	ADMIN
xiaxinnp.com	/admin/login	unknown	3995	LOGIN
xinxiangkexin.com	/admin/login.asp	unknown	3254	LOGIN
xinxinjj.com	/admin/	unknown	20125	LOGIN
xianxiapifu.com	/admin/	unknown	20125	LOGIN
xlfzz.com	/admin/login	unknown	3980	LOGIN
xjbzsh.com	/admin/login.php	unknown	4150	LOGIN
xlgh.com	/admin.php	unknown	2050	LOGIN
xinyijianshe.com	/admin/	unknown	20125	LOGIN
xn--bo1a19j.com	/admin/index.asp	asp/access	1853	LOGIN
xn--vcsa105akgt91ivr2a3frs4f77b.com	/admin/	asp/access	6297	LOGIN
xn--sssz6u.com	/admin/index.php	unknown	44843	LOGIN
xxhengrun.com	/admin/login.php	unknown	3254	LOGIN
xnewtech.com	/admin/	unknown	6765	LOGIN
xxjiasen.com	/admin/login.php	unknown	3254	LOGIN
xxyjtex.com	/admin/login.php	unknown	3254	LOGIN
xycfs.cn	/admin/login.php	unknown	3975	LOGIN
yfukj.com	/admin.php	unknown	8966	ADMIN
xybwg.com.cn	/admin/	unknown	20125	LOGIN
yellowurl.cn	/admin/index.asp	asp/access	22088	LOGIN
yearstarcare.com	/login.php	wordpress	7332	LOGIN
yghagq.r14.35.cn	/admin/	unknown	3834	LOGIN
yghagq.r14.35.com	/houtai/	unknown	3835	LOGIN
yikkj.com	/manage/	unknown	8927	ADMIN
yl2468.com	/admin/login	unknown	25593	LOGIN
ylhbz.com	/admin/login.php	unknown	3980	LOGIN
ypakj.com	/admin.php	unknown	8911	ADMIN
xyyld.com	/admin.php	unknown	2125	LOGIN
yj-bf.com	/admin/	unknown	20125	LOGIN
yuhaoelectronics.com	/admin/login	unknown	3254	LOGIN
ylqz.cn	/admin/	unknown	6623	LOGIN
yqdz4sd.com	/admin/login.php	unknown	3360	LOGIN
yukai-ks.com	/admin/login	unknown	3995	LOGIN
yusheng-sh.net	/admin/	asp/access	2602	LOGIN
yhpop.com	/admin/	wordpress	32124	LOGIN
yuhuaqizhong.com	/admin/	unknown	3254	LOGIN
ytzjzx.com	/admin/	unknown	6765	LOGIN
youdo99.com	/admin/	asp/access	3969	LOGIN
zafersekerci.net	/login.php	wordpress	8217	LOGIN
zagroup.net	/manage/	unknown	4846	LOGIN
z2h.me	/admin/login	unknown	14974	LOGIN
ywcamaduraitn.com	/login.php	wordpress	6575	LOGIN
youshouldlisten.com	/login.php	wordpress	6568	LOGIN
zbllj.com	/admin/	unknown	3928	LOGIN
zelve.com	/admin/	asp/access	37107	LOGIN
zhaoyangby.com	/admin/	unknown	4116	LOGIN
zagrosref.com	/login.php	wordpress	8550	LOGIN
zionlfztm.blogripley.com	/houtai/	unknown	6026	LOGIN
zonebeat.com	/admin/index.php	asp/access	43663	LOGIN
zilb.com	/admin/	wordpress	9608	LOGIN
zsbg888.com	/admin/	unknown	11612	LOGIN
zpqfm2.r14.35.com	/admin/	unknown	3834	LOGIN
zrowgk.r14.35.com	/dede/	unknown	3833	LOGIN
zy7dty.r14.35.cn	/admin/	unknown	3834	LOGIN
zzbhip.com	/admin/	unknown	33918	ADMIN
zonnepanelen.top	/login.php	wordpress	8821	LOGIN
zwzs1688.com	/admin/index.asp	pbootcms,asp/access	31490	ADMIN
zzyxyf.com	/admin.php	pbootcms	3288	LOGIN
zy7dty.r14.35.com	/houtai/	unknown	3835	LOGIN
=== DONE: 2068 real backends ===
