unique domains: 2681
LOGIN: 0do.net	/admin.php	fields=['username', 'password']	action=http://0do.net/admin.php
LOGIN: 1betvegas.com	/admin/	fields=['UserName', 'Password']	action=http://1betvegas.com/Security/ValidateCredentials
LOGIN: 4allprograms.me	/admin/index.php	fields=['log', 'pwd', 'rememberme', 'wp-submit', 'redirect_to', 'testcookie', 'redirect_to']	action=https://4allprograms.me/wp-login.php
LOGIN: 420grill.com	/admin.php	fields=['login', 'user', 'pass']	action=http://420grill.com/admin.php
LOGIN: 11ban.top	/admin/login.php	fields=['name', 'password', 'referer', 'remember']	action=https://www.11ban.top/index.php/action/login?_=dcbbf309e0a31
LOGIN: 5911911.com	/admin/login.php	fields=['username', 'password', 'verify', 'ok']	action=http://5911911.com/
LOGIN: 3ngenhocas.com	/admin/index.php	fields=['log', 'pwd', 'rememberme', 'wp-submit', 'redirect_to', 'testcookie', 'redirect_to']	action=http://drengenhocas.com/wp-login.php
LOGIN: 50dates50states.com	/admin/	fields=['log', 'pwd', 'rememberme', 'wp-submit', 'redirect_to', 'testcookie']	action=https://50dates50states.com/wp-login.php
LOGIN: 3rstars.com	/admin/	fields=['log', 'pwd', 'rememberme', 'wp-submit', 'redirect_to', 'testcookie']	action=https://3rstars.com/wp-login.php
LOGIN: 632.cn	/admin.php	fields=['is_form', 'is_admin', 'is_tips', 'csrf_test_name', 'data[username]', 'data[password]', 'data[mode]', 'data[mode]']	action=http://632.cn/
LOGIN: 6390.cn.com	/admin/index.php	fields=['log', 'pwd', 'rememberme', 'wp-submit', 'redirect_to', 'testcookie', 'redirect_to']	action=https://5mb.beer/wp-login.php
LOGIN: 96krock.com	/admin/index.php	fields=['log', 'pwd', 'rememberme', 'wp-submit', 'redirect_to', 'testcookie', 'redirect_to']	action=https://96krock.com/wp-login.php?wpe-login=true
LOGIN: 7pcd.com	/admin/	fields=['log', 'pwd', 'rememberme', 'wp-submit', 'redirect_to', 'testcookie']	action=https://7pcd.com/wp-login.php
LOGIN: adbuth.com	/admin.php	fields=['password']	action=http://adbuth.com/admin.php
LOGIN: 673harbor.com	/admin/index.php	fields=['log', 'pwd', 'rememberme', 'wp-submit', 'redirect_to', 'testcookie']	action=https://www.673harbor.com/wp-login.php
LOGIN: aavta.com	/admin/	fields=['log', 'pwd', 'rememberme', 'wp-submit', 'redirect_to', 'testcookie']	action=https://aavta.com/wp-login.php
LOGIN: 3stechnologie.com	/admin/index.php	fields=['log', 'pwd', 'rememberme', 'wp-submit', 'redirect_to', 'testcookie']	action=https://www.3stechnologie.com/wp-login.php
LOGIN: 360led.net	/admin/	fields=['username', 'password', 'code', 'memberPass']	action=http://360led.net/Admin/Login/doLogin.html
LOGIN: ag.liga168.com	/admin/	fields=['__VIEWSTATE', '__VIEWSTATEGENERATOR', '__VIEWSTATEENCRYPTED']	action=http://ag.liga168.com/./Forbidden.aspx?r=781965533
LOGIN: ag.egorun.net	/admin/	fields=['__VIEWSTATE', '__VIEWSTATEGENERATOR', '__VIEWSTATEENCRYPTED', '__EVENTVALIDATION', 'txtUserName', 'txtPassword', 'txtCode', 'btnSignIn']	action=http://ag.egorun.net/./Default2.aspx?lang=ZH-CN
LOGIN: aendorphin.com	/admin/	fields=['log', 'pwd', 'rememberme', 'wp-submit', 'redirect_to', 'testcookie']	action=https://aendorphin.com/wp-login.php
LOGIN: affordablesharedhost.com	/login.php	fields=['s_emailIs', 's_fnameIs', 's_lnameIs', 's_typequestionhere', 's_submitTo', 's_submitting', 'email', 'pword']	action=http://affordablesharedhost.com/
LOGIN: aaavn.com	/admin/	fields=['log', 'pwd', 'rememberme', 'wp-submit', 'redirect_to', 'testcookie']	action=https://aaavn.com/wp-login.php
LOGIN: actionrolloffs.com	/admin/index.php	fields=['log', 'pwd', 'rememberme', 'wp-submit', 'redirect_to', 'testcookie']	action=https://actionrolloffs.com/wp-login.php?wpe-login=true
LOGIN: abilitymotor.com	/admin/index.php	fields=['log', 'pwd', 'rememberme', 'wp-submit', 'redirect_to', 'testcookie', 'redirect_to']	action=https://www.abilitymotor.com/wp-login.php
LOGIN: ahbaoan.net	/admin/	fields=['__RequestVerificationToken', 'UserName', 'Password', 'submit']	action=http://ahbaoan.net/admin/login.html?ReturnUrl=%2fadmin%2f
LOGIN: ah-wolong.com	/admin/	fields=['__RequestVerificationToken', 'UserName', 'Password', 'submit']	action=http://ah-wolong.com/admin/login.html?ReturnUrl=%2fadmin%2f
LOGIN: ahhzlq.com	/admin/	fields=['__RequestVerificationToken', 'UserName', 'Password', 'submit']	action=http://ahhzlq.com/admin/login.html?ReturnUrl=%2fadmin%2f
LOGIN: ahxiyy.com	/admin/	fields=['__RequestVerificationToken', 'UserName', 'Password', 'submit']	action=http://ahxiyy.com/admin/login.html?ReturnUrl=%2fadmin%2f
LOGIN: ahgqcy.com	/admin/	fields=['__RequestVerificationToken', 'UserName', 'Password', 'submit']	action=http://ahgqcy.com/admin/login.html?ReturnUrl=%2fadmin%2f
LOGIN: aecc.com	/login.php	fields=['log', 'pwd', 'rememberme', 'wp-submit', 'redirect_to', 'testcookie']	action=https://www.aecc.com/wp-login.php
LOGIN: achoirofghosts.com	/admin/index.php	fields=['log', 'pwd', 'rememberme', 'wp-submit', 'redirect_to', 'testcookie']	action=https://achoirofghosts.com/wp-login.php
LOGIN: adnandemirturk.com	/admin/index.php	fields=['log', 'pwd', 'rememberme', 'wp-submit', 'redirect_to', 'testcookie', 'redirect_to']	action=https://adnandemirturk.com/wp-login.php
LOGIN: ahqhmq.com	/admin/	fields=['hidden1', '__RequestVerificationToken', 'UserName', 'Password', 'submit']	action=http://ahqhmq.com/admin/login.html?ReturnUrl=%2fadmin%2f
LOGIN: ahyxfh.com	/admin/	fields=['hidden1', '__RequestVerificationToken', 'UserName', 'Password', 'submit']	action=http://ahyxfh.com/admin/login.html?ReturnUrl=%2fadmin%2f
LOGIN: ahxsd.net	/admin/	fields=['__RequestVerificationToken', 'UserName', 'Password', 'submit']	action=http://ahxsd.net/admin/login.html?ReturnUrl=%2fadmin%2f
LOGIN: agadirjourney.com	/admin/index.php	fields=['log', 'pwd', 'rememberme', 'wp-submit', 'redirect_to', 'testcookie']	action=https://agadirjourney.com/wp-login.php
LOGIN: ahyouhao.com	/admin/	fields=['__RequestVerificationToken', 'UserName', 'Password', 'submit']	action=http://ahyouhao.com/admin/login.html?ReturnUrl=%2fadmin%2f
LOGIN: agaoglunakliye.com	/admin/index.php	fields=['log', 'pwd', 'rememberme', 'wp-submit', 'redirect_to', 'testcookie', 'redirect_to']	action=https://agaoglunakliye.com/wp-login.php
LOGIN: acrylicdisplay-stands.com	/admin/index.php	fields=['log', 'pwd', 'rememberme', 'wp-submit', 'redirect_to', 'testcookie']	action=https://www.acrylicdisplay-stands.com/wp-login.php
LOGIN: acadianamfg.com	/admin/index.php	fields=['log', 'pwd', 'rememberme', 'wp-submit', 'redirect_to', 'testcookie']	action=https://acadianamfg.com/wp-login.php
LOGIN: admin.rompnrollfranchise.com	/admin/	fields=['log', 'pwd', 'rememberme', 'wp-submit', 'redirect_to', 'testcookie']	action=http://laargentinareciente.com.ar/wp-login.php
LOGIN: ahsdyyl.com	/admin/	fields=['__RequestVerificationToken', 'UserName', 'Password', 'submit']	action=http://ahsdyyl.com/admin/login.html?ReturnUrl=%2fadmin%2f
LOGIN: ahyhsykj.com	/admin/	fields=['__RequestVerificationToken', 'UserName', 'Password', 'submit']	action=http://ahyhsykj.com/admin/login.html?ReturnUrl=%2fadmin%2f
LOGIN: ahzfgg.com	/admin/	fields=['__RequestVerificationToken', 'UserName', 'Password', 'submit']	action=http://ahzfgg.com/admin/login.html?ReturnUrl=%2fadmin%2f
LOGIN: ahqsjc.com	/admin/	fields=['__RequestVerificationToken', 'UserName', 'Password', 'submit']	action=http://ahqsjc.com/admin/login.html?ReturnUrl=%2fadmin%2f
LOGIN: ahbill.com	/admin/	fields=['__RequestVerificationToken', 'UserName', 'Password', 'submit']	action=http://ahbill.com/admin/login.html?ReturnUrl=%2fadmin%2f
LOGIN: ahllbp.com	/admin/	fields=['__RequestVerificationToken', 'UserName', 'Password', 'submit']	action=http://ahllbp.com/admin/login.html?ReturnUrl=%2fadmin%2f
LOGIN: ahtlt.com.cn	/admin/	fields=['__RequestVerificationToken', 'UserName', 'Password', 'submit']	action=http://ahtlt.com.cn/admin/login.html?ReturnUrl=%2fadmin%2f
LOGIN: ahlinyang.com	/admin/	fields=['__RequestVerificationToken', 'UserName', 'Password', 'submit']	action=http://ahlinyang.com/admin/login.html?ReturnUrl=%2fadmin%2f
LOGIN: ahyyhb.net	/admin/	fields=['__RequestVerificationToken', 'UserName', 'Password', 'submit']	action=http://ahyyhb.net/admin/login.html?ReturnUrl=%2fadmin%2f
LOGIN: ahzhuoke.com	/admin/	fields=['hidden1', '__RequestVerificationToken', 'UserName', 'Password', 'submit']	action=http://ahzhuoke.com/admin/login.html?ReturnUrl=%2fadmin%2f
LOGIN: ali-gator.com	/admin/index.php	fields=['username', 'password']	action=https://ali-gator.com/admin/index.php?route=common/login
LOGIN: agence-uni.com	/admin/index.php	fields=['log', 'pwd', 'rememberme', 'wp-submit', 'redirect_to', 'testcookie', 'redirect_to']	action=https://agence-uni.com/wp-login.php
LOGIN: ahhubang.com	/admin/	fields=['__RequestVerificationToken', 'UserName', 'Password', 'submit']	action=http://ahhubang.com/admin/login.html?ReturnUrl=%2fadmin%2f
LOGIN: ahtlgmb.com	/admin/	fields=['__RequestVerificationToken', 'UserName', 'Password', 'submit']	action=http://ahtlgmb.com/admin/login.html?ReturnUrl=%2fadmin%2f
LOGIN: agronest.org	/admin/index.php	fields=['log', 'pwd', 'rememberme', 'wp-submit', 'redirect_to', 'testcookie']	action=https://agronest.org/wp-login.php
LOGIN: ahzyhh.com	/admin/	fields=['hidden1', '__RequestVerificationToken', 'UserName', 'Password', 'submit']	action=http://ahzyhh.com/admin/login.html?ReturnUrl=%2fadmin%2f
LOGIN: ahygfz.com	/admin/	fields=['__RequestVerificationToken', 'UserName', 'Password', 'submit']	action=http://ahygfz.com/admin/login.html?ReturnUrl=%2fadmin%2f
LOGIN: ahsjkx.net	/admin/	fields=['__RequestVerificationToken', 'UserName', 'Password', 'submit']	action=http://ahsjkx.net/admin/login.html?ReturnUrl=%2fadmin%2f
LOGIN: ahzybf.com	/admin/	fields=['__RequestVerificationToken', 'UserName', 'Password', 'submit']	action=http://ahzybf.com/admin/login.html?ReturnUrl=%2fadmin%2f
LOGIN: ahrsdq.com	/admin/	fields=['__RequestVerificationToken', 'UserName', 'Password', 'submit']	action=http://ahrsdq.com/admin/login.html?ReturnUrl=%2fadmin%2f
LOGIN: ahzr.com.cn	/admin/	fields=['__RequestVerificationToken', 'UserName', 'Password', 'submit']	action=http://ahzr.com.cn/admin/login.html?ReturnUrl=%2fadmin%2f
LOGIN: altimetry.com	/login.php	fields=['global-turnstile-token', 'username', 'password', 'terms_accepted', 'username', 'password', 'terms_accepted', 'username']	action=http://altimetry.com/sign-in
LOGIN: ahftby.cn	/admin/	fields=['hidden1', '__RequestVerificationToken', 'UserName', 'Password', 'submit']	action=http://ahftby.cn/admin/login.html?ReturnUrl=%2fadmin%2f
LOGIN: alliowens.info	/admin/index.php	fields=['log', 'pwd', 'rememberme', 'wp-submit', 'redirect_to', 'testcookie']	action=http://alliowens.info/wp-login.php
LOGIN: alexsilvaconsultoria.com	/admin/index.php	fields=['log', 'pwd', 'aiowps-captcha-string-info', 'aiowps-captcha-temp-string', 'aiowps-captcha-answer', 'rememberme', 'wp-submit', 'redirect_to']	action=https://alexsilvaconsultoria.com/wp-login.php
LOGIN: alipedram.net	/admin/	fields=['log', 'pwd', 'rememberme', 'wp-submit', 'redirect_to', 'testcookie']	action=https://alipedram.net/wp-login.php
LOGIN: alohawinners.com	/admin/	fields=['UserName', 'Password']	action=http://alohawinners.com/Security/ValidateCredentials
LOGIN: alumni.rolandberger.com	/admin/login.php	fields=['username', 'password', '_spring_security_remember_me']	action=http://alumni.rolandberger.com/login
LOGIN: alessioolimpio.com	/admin/index.php	fields=['log', 'pwd', 'rememberme', 'wp-submit', 'redirect_to', 'testcookie', 'redirect_to']	action=https://www.alessioolimpio.com/wp-login.php
LOGIN: alexeinz.info	/admin/index.php	fields=['log', 'pwd', 'rememberme', 'wp-submit', 'redirect_to', 'testcookie']	action=https://www.alexeinz.info/wp-login.php
LOGIN: alisachilders.com	/admin/index.php	fields=['log', 'pwd', 'rememberme', 'wp-submit', 'redirect_to', 'testcookie', 'redirect_to']	action=https://alisachilders.com/wp-login.php
LOGIN: alkaatul.com	/admin/index.php	fields=['log', 'pwd', 'rememberme', 'wp-submit', 'redirect_to', 'testcookie']	action=https://alkaatul.com/wp-login.php
LOGIN: amandatattersall.com	/admin/index.php	fields=['log', 'pwd', 'wpa_initiator', 'rememberme', 'wp-submit', 'redirect_to', 'testcookie', 'redirect_to']	action=https://amandatattersall.com/wp-login.php
LOGIN: alithiasophia.com	/admin/index.php	fields=['log', 'pwd', 'rememberme', 'wp-submit', 'redirect_to', 'testcookie']	action=https://alithiasophia.com/wp-login.php
LOGIN: alwaqaar.com	/admin/index.php	fields=['log', 'pwd', 'rememberme', 'wp-submit', 'redirect_to', 'testcookie', 'redirect_to']	action=https://www.alwaqaar.com/wp-login.php
LOGIN: anhuabrasives.cn	/admin/	fields=['username', 'password', 'yzm', 'dosubmit']	action=http://anhuabrasives.cn/index.asp?action=check
LOGIN: airgunsofkansas.com	/admin/index.php	fields=['log', 'pwd', 'rememberme', 'wp-submit', 'redirect_to', 'testcookie']	action=https://airgunsofkansas.com/wp-login.php
LOGIN: alexandrewsgeorge.com	/admin/index.php	fields=['log', 'pwd', 'rememberme', 'wp-submit', 'redirect_to', 'testcookie']	action=https://www.alexandrewsgeorge.com/wp-login.php
LOGIN: amatoauthor.com	/admin/	fields=['log', 'pwd', 'rememberme', 'wp-submit', 'redirect_to', 'testcookie']	action=https://amatoauthor.com/wp-login.php
LOGIN: ancientpedia.com	/admin/index.php	fields=['log', 'pwd', 'rememberme', 'wp-submit', 'redirect_to', 'testcookie']	action=https://ancientpedia.com/wp-login.php?wpe-login=true
LOGIN: anshig.com	/admin/login.php	fields=['action', 'uuid', 'username', 'password']	action=http://anshig.com/login.php
LOGIN: andalasweb.com	/admin/index.php	fields=['log', 'pwd', 'rememberme', 'wp-submit', 'redirect_to', 'testcookie']	action=http://andalasweb.com/wp-login.php
LOGIN: allprocountertops.com	/admin/index.php	fields=['log', 'pwd', 'rememberme', 'wp-submit', 'redirect_to', 'testcookie']	action=https://allprocountertops.com/wp-login.php
LOGIN: aljobat.com	/admin/index.php	fields=['log', 'pwd', 'rememberme', 'wp-submit', 'redirect_to', 'testcookie']	action=https://aljobat.com/wp-login.php
LOGIN: androplay.net	/admin/index.php	fields=['log', 'pwd', 'rememberme', 'wp-submit', 'redirect_to', 'testcookie', 'redirect_to']	action=https://androplay.net/wp-login.php
LOGIN: amsburg.com	/admin/index.php	fields=['log', 'pwd', 'rememberme', 'wp-submit', 'redirect_to', 'testcookie']	action=https://amsburg.com/wp-login.php
LOGIN: alrajwanhijab.com	/admin/index.php	fields=['log', 'pwd', 'rememberme', 'wp-submit', 'redirect_to', 'testcookie']	action=https://alrajwanhijab.com/wp-login.php
LOGIN: ambercampbell.com	/admin/	fields=['log', 'pwd', 'rememberme', 'wp-submit', 'redirect_to', 'testcookie']	action=https://ambercampbell.com/wp-login.php
LOGIN: anasrentcar.com	/admin/index.php	fields=['log', 'pwd', 'rememberme', 'wp-submit', 'redirect_to', 'testcookie']	action=https://www.anasrentcar.com/admin/
LOGIN: ankarates5.org	/admin/index.php	fields=['log', 'pwd', 'cptch_result', 'cptch_number', 'rememberme', 'wp-submit', 'redirect_to', 'testcookie']	action=https://ankarates5.org/wp-login.php
LOGIN: amphalal.com	/admin/index.php	fields=['log', 'pwd', 'rememberme', 'wp-submit', 'redirect_to', 'testcookie', 'redirect_to']	action=https://amphalal.com/wp-login.php
LOGIN: annazassimova.com	/admin/index.php	fields=['log', 'pwd', 'rememberme', 'wp-submit', 'redirect_to', 'testcookie', 'redirect_to']	action=https://annazassimova.com/wp-login.php
LOGIN: ambulancetangsel.com	/admin/index.php	fields=['log', 'pwd', 'rememberme', 'wp-submit', 'redirect_to', 'testcookie']	action=https://ambulancetangsel.com/wp-login.php
LOGIN: ansar-group.com	/login.php	fields=['log', 'pwd', 'rememberme', 'wp-submit', 'redirect_to', 'testcookie']	action=https://www.ansar-group.com/wp-login.php
LOGIN: anthony-gonnet.com	/admin/index.php	fields=['log', 'pwd', 'rememberme', 'wp-submit', 'redirect_to', 'testcookie', 'redirect_to']	action=https://anthony-gonnet.com/wp-login.php
LOGIN: agrojivan.com	/admin/	fields=['log', 'pwd', 'rememberme', 'wp-submit', 'redirect_to', 'testcookie']	action=https://agrojivan.com/wp-login.php
LOGIN: api-prod-wellness.petco.com	/admin/	fields=['csrfmiddlewaretoken', 'username', 'password', 'next']	action=http://api-prod-wellness.petco.com/admin/login/?next=%2Fadmi
LOGIN: alsautomotive.com	/admin/index.php	fields=['log', 'pwd', 'rememberme', 'wp-submit', 'redirect_to', 'testcookie']	action=https://www.alsautomotive.com/wp-login.php
LOGIN: aquahoy.com	/login.php	fields=['log', 'pwd', 'rememberme', 'wp-submit', 'redirect_to', 'testcookie']	action=https://aquahoy.com/wp-login.php
LOGIN: apollosuite.com	/admin/index.php	fields=['log', 'pwd', 'rememberme', 'wp-submit', 'redirect_to', 'testcookie']	action=https://apollosuite.com/wp-login.php?wpe-login=true
LOGIN: apiject.com	/admin/index.php	fields=['log', 'pwd', 'rememberme', 'wp-submit', 'redirect_to', 'testcookie']	action=https://apiject.com/wp-login.php?wpe-login=true
LOGIN: api.famepilot.com	/admin/	fields=['csrfmiddlewaretoken', 'username', 'password', 'next']	action=http://api.famepilot.com/admin/login/?next=/admin/
LOGIN: armord-alloy.com	/admin/login.php	fields=['action', 'uuid', 'loginId', 'username', 'password']	action=http://armord-alloy.com/login.php
LOGIN: apartamentosrd.com	/admin/	fields=['log', 'pwd', 'rememberme', 'wp-submit', 'redirect_to', 'testcookie']	action=https://apartamentosrd.com/wp-login.php
LOGIN: assets.altimetry.com	/login.php	fields=['global-turnstile-token', 'username', 'password', 'terms_accepted', 'username', 'password', 'terms_accepted', 'username']	action=http://assets.altimetry.com/sign-in
LOGIN: apartemen123.com	/login.php	fields=['log', 'pwd', 'redirect_slug', 'rememberme', 'wp-submit', 'redirect_to', 'testcookie']	action=https://www.apartemen123.com/wp-login.php?ks=1
LOGIN: athdf.com	/admin/login.php	fields=['action', 'uuid', 'loginId', 'username', 'password']	action=http://athdf.com/login.php
LOGIN: angloiraqi.org	/admin/index.php	fields=['log', 'pwd', 'rememberme', 'wp-submit', 'redirect_to', 'testcookie']	action=https://www.angloiraqi.org/wp-login.php
LOGIN: anthonyvincentphoto.com	/admin/index.php	fields=['log', 'pwd', 'rememberme', 'wp-submit', 'redirect_to', 'testcookie']	action=https://anthonyvincentphoto.com/wp-login.php
LOGIN: aneeshkuniyil.com	/admin/index.php	fields=['log', 'pwd', 'rememberme', 'wp-submit', 'redirect_to', 'testcookie']	action=https://www.aneeshkuniyil.com/wp-login.php
LOGIN: aopinionatedman.com	/admin/index.php	fields=['log', 'pwd', 'rememberme', 'wp-submit', 'redirect_to', 'testcookie']	action=http://aopinionatedman.com/wp-login.php
LOGIN: arsatc.org	/admin/	fields=['log', 'pwd', 'rememberme', 'wp-submit', 'redirect_to', 'testcookie', 'redirect_to']	action=https://coradius.io/wp-login.php
LOGIN: apexadj.com	/admin/index.php	fields=['log', 'pwd', 'rememberme', 'wp-submit', 'redirect_to', 'testcookie']	action=https://apexadj.com/wp-login.php
LOGIN: ar.dawahskills.com	/login.php	fields=['log', 'pwd', 'rememberme', 'wp-submit', 'redirect_to', 'testcookie']	action=https://ar.dawahskills.com/wp-login.php
LOGIN: aqcwyy.cn	/admin/	fields=['__RequestVerificationToken', 'UserName', 'Password', 'submit']	action=http://aqcwyy.cn/admin/login.html?ReturnUrl=%2fadmin%2f
LOGIN: arquitectosdeabogados.com	/admin/index.php	fields=['log', 'pwd', 'rememberme', 'wp-submit', 'redirect_to', 'testcookie', 'redirect_to']	action=https://arquitectosdeabogados.com/wp-login.php
LOGIN: bagoolusa.com	/admin/login.php	fields=['username', 'password']	action=http://bagoolusa.com/admin/login.php
LOGIN: avrupafmtv.com	/admin/index.php	fields=['kullanici', 'sifre']	action=http://avrupafmtv.com/
LOGIN: auth.forchildren.com	/admin/login.php	fields=['csrfmiddlewaretoken', 'username', 'password', 'next']	action=http://auth.forchildren.com/admin/login/?next=/admin/login.p
LOGIN: auncel.com.cn	/admin/login.php	fields=['action', 'uuid', 'loginId', 'username', 'password']	action=http://auncel.com.cn/login.php
LOGIN: atakumsutesisatcisi.com	/login.php	fields=['log', 'pwd', 'rememberme', 'wp-submit', 'redirect_to', 'testcookie']	action=https://atakumsutesisatcisi.com/wp-login.php
LOGIN: aussie-play.com	/admin/index.php	fields=['username', 'password']	action=http://aussie-play.com/admin/index.php
LOGIN: arrivistes.com	/admin/index.php	fields=['log', 'pwd', 'rememberme', 'wp-submit', 'redirect_to', 'testcookie']	action=http://arrivistes.com/wp-login.php
LOGIN: basaltdynamics.com	/admin/login	fields=['_token', '_method', 'email', 'password', 'remember']	action=http://basaltdynamics.com/admin/login
LOGIN: baliwineshop.com	/admin/index.php	fields=['log', 'pwd', 'rememberme', 'wp-submit', 'redirect_to', 'testcookie', 'redirect_to']	action=https://baliwineshop.com/wp-login.php
LOGIN: aqhuaxia.com	/admin/	fields=['__RequestVerificationToken', 'UserName', 'Password', 'submit']	action=http://aqhuaxia.com/admin/login.html?ReturnUrl=%2fadmin%2f
LOGIN: authentictunisia.com	/admin/index.php	fields=['log', 'pwd', 'rememberme', 'wp-submit', 'redirect_to', 'testcookie']	action=https://authentictunisia.com/wp-login.php
LOGIN: bazaradvisor.com	/admin/login.php	fields=['username', 'password', 'login_token']	action=http://bazaradvisor.com/
LOGIN: arquitecturaenbarro.com	/admin/	fields=['log', 'pwd', 'rememberme', 'wp-submit', 'redirect_to', 'testcookie', 'redirect_to']	action=https://arquitecturaenbarro.com/wp-login.php
LOGIN: artsrochester.net	/admin/index.php	fields=['log', 'pwd', 'rememberme', 'wp-submit', 'redirect_to', 'testcookie']	action=https://rocartsunited.org/wp-login.php?wpe-login=true
LOGIN: avelartutoriais.com	/admin/index.php	fields=['log', 'pwd', 'rememberme', 'wp-submit', 'redirect_to', 'testcookie', 'redirect_to']	action=https://avelartutoriais.com/wp-login.php
LOGIN: badasong.com	/admin/index.php	fields=['log', 'pwd', 'rememberme', 'wp-submit', 'redirect_to', 'testcookie', 'redirect_to']	action=https://badasong.com/wp-login.php
LOGIN: baohiemlibertyvn.com	/admin/index.php	fields=['log', 'pwd', 'rememberme', 'wp-submit', 'redirect_to', 'testcookie', 'redirect_to']	action=https://baohiemlibertyvn.com/wp-login.php
LOGIN: bensonic-china.cn	/admin/login.php	fields=['action', 'uuid', 'loginId', 'username', 'password']	action=http://bensonic-china.cn/login.php
LOGIN: augmind.me	/admin/index.php	fields=['log', 'pwd', 'rememberme', 'wp-submit', 'redirect_to', 'testcookie', 'redirect_to']	action=https://augmind.me/wp-login.php
LOGIN: balancewitharchana.com	/admin/index.php	fields=['log', 'pwd', 'rememberme', 'wp-submit', 'redirect_to', 'testcookie']	action=https://balancewitharchana.com/wp-login.php
LOGIN: backstagemilano.com	/admin/index.php	fields=['log', 'pwd', 'secprot-code', 'secprot-empty-email-url-website', 'rememberme', 'wp-submit', 'redirect_to', 'testcookie']	action=https://www.backstagemilano.com/ejydhroes/wp-login.php
LOGIN: basementdesignstudio.com	/admin/index.php	fields=['log', 'pwd', 'rememberme', 'wp-submit', 'redirect_to', 'testcookie']	action=https://basementdesignstudio.com/wp-login.php
LOGIN: autismassessmentswales.org	/admin/index.php	fields=['log', 'pwd', 'rememberme', 'wp-submit', 'redirect_to', 'testcookie']	action=https://www.autismassessmentswales.org/wp-login.php
LOGIN: be-mag.com	/admin/index.php	fields=['log', 'pwd', 'rememberme', 'wp-submit', 'redirect_to', 'testcookie']	action=https://be-mag.com/wp-login.php
LOGIN: berza-valuta.com	/admin/index.php	fields=['log', 'pwd', 'rememberme', 'wp-submit', 'redirect_to', 'testcookie']	action=https://berza-valuta.com/wp-login.php
LOGIN: bethelsheldon.org	/admin/	fields=['log', 'pwd', 'rememberme', 'wp-submit', 'redirect_to', 'testcookie']	action=https://bethelsheldon.org/wp-login.php
LOGIN: besttc.net	/admin/login.php	fields=['action', 'uuid', 'loginId', 'username', 'password']	action=http://besttc.net/login.php
LOGIN: bahaarholidays.com	/admin/index.php	fields=['log', 'pwd', 'rememberme', 'wp-submit', 'redirect_to', 'testcookie']	action=https://bahaarholidays.com/wp-login.php
LOGIN: baliwholesalemarket.com	/admin/	fields=['log', 'pwd', 'rememberme', 'wp-submit', 'redirect_to', 'testcookie', 'redirect_to']	action=https://baliwholesalemarket.com/wp-login.php
LOGIN: betapollo.net	/admin/	fields=['UserName', 'Password']	action=http://betapollo.net/Security/ValidateCredentials
LOGIN: betbullpen.com	/admin/	fields=['UserName', 'Password']	action=http://betbullpen.com/Security/ValidateCredentials
LOGIN: bethockeytown.com	/admin/	fields=['UserName', 'Password']	action=http://bethockeytown.com/Security/ValidateCredentials
LOGIN: bdcctvcamera.com	/admin/index.php	fields=['log', 'pwd', 'rememberme', 'wp-submit', 'redirect_to', 'testcookie']	action=http://www.bdcctvcamera.com/wp-login.php
LOGIN: bifa8.net	/manage/	fields=[]	action=http://bifa8.net/manage/
LOGIN: bellehairextensions.com	/login.php	fields=['log', 'pwd', 'rememberme', 'wp-submit', 'redirect_to', 'testcookie']	action=https://bellehairextensions.com/wp-login.php
LOGIN: beautyproductsonline.com	/admin/index.php	fields=['log', 'pwd', 'rememberme', 'wp-submit', 'redirect_to', 'testcookie']	action=https://www.assessortech.com/wp-login.php
LOGIN: bbqbarbecuegrill.com	/admin/	fields=['log', 'pwd', 'rememberme', 'wp-submit', 'redirect_to', 'testcookie', 'redirect_to']	action=https://bbqbarbecuegrill.com/wp-login.php
LOGIN: beanandboy.com	/admin/index.php	fields=['log', 'pwd', 'rememberme', 'wp-submit', 'redirect_to', 'testcookie']	action=http://beanandboy.com/wp-login.php
LOGIN: batesadvanced.com	/admin/index.php	fields=['log', 'pwd', 'jetpack_protect_num', 'jetpack_protect_answer', 'rememberme', 'wp-submit', 'redirect_to', 'testcookie']	action=https://batesadvanced.com/wp-login.php
LOGIN: baikehotel.com	/admin/	fields=['log', 'pwd', 'rememberme', 'wp-submit', 'redirect_to', 'testcookie', 'redirect_to']	action=https://www.baikehotel.com/wp-login.php
LOGIN: blissbets.com	/admin/index.asp	fields=['username', 'email', 'fname', 'lname', 'password', 'cpassword', 'tc', 'promotions']	action=http://blissbets.com/admin/index.asp
LOGIN: biblestorieshub.com	/admin/	fields=['log', 'pwd', 'rememberme', 'wp-submit', 'redirect_to', 'testcookie']	action=https://biblestorieshub.com/wp-login.php
LOGIN: birminghamsitematerials.com	/admin/	fields=['log', 'pwd', 'rememberme', 'wp-submit', 'redirect_to', 'testcookie']	action=https://birminghamsitematerials.com/wp-login.php
LOGIN: bertramfinancial.com	/admin/index.php	fields=['log', 'pwd', 'rememberme', 'wp-submit', 'redirect_to', 'testcookie']	action=https://bertramfinancial.com/wp-login.php?wpe-login=true
LOGIN: bluecom.uk.com	/admin/index.php	fields=['log', 'pwd', 'rememberme', 'wp-submit', 'redirect_to', 'testcookie', 'redirect_to']	action=https://imalice.me/wp-login.php
LOGIN: biotectura.com	/admin/	fields=['log', 'pwd', 'rememberme', 'wp-submit', 'redirect_to', 'testcookie']	action=https://biotectura.com/wp-login.php
LOGIN: bhavitrabd.com	/admin/index.php	fields=['log', 'pwd', 'rememberme', 'wp-submit', 'redirect_to', 'testcookie']	action=https://www.bhavitrabd.com/wp-login.php
LOGIN: bmyd.net	/admin/login.php	fields=['action', 'uuid', 'loginId', 'username', 'password']	action=http://bmyd.net/login.php
LOGIN: binae.org	/admin/index.php	fields=['log', 'pwd', 'rememberme', 'wp-submit', 'redirect_to', 'testcookie']	action=https://binae.org/wp-login.php
LOGIN: benditamariatattoo.com	/admin/index.php	fields=['log', 'pwd', 'rememberme', 'wp-submit', 'redirect_to', 'testcookie']	action=https://benditamariatattoo.com/wp-login.php
LOGIN: bio-muscles.net	/admin/index.php	fields=['log', 'pwd', 'rememberme', 'wp-submit', 'redirect_to', 'testcookie']	action=https://bio-muscles.net/wp-login.php
LOGIN: bitintruder.com	/admin/index.php	fields=['log', 'pwd', 'rememberme', 'wp-submit', 'redirect_to', 'testcookie', 'redirect_to']	action=https://bitintruder.com/wp-login.php
LOGIN: blog.fincra.com	/admin/index.php	fields=['log', 'pwd', 'rememberme', 'wp-submit', 'redirect_to', 'testcookie']	action=https://blog.fincra.com/wp-login.php
LOGIN: botuzl.com	/admin/login.php	fields=['action', 'uuid', 'loginId', 'username', 'password']	action=http://botuzl.com/login.php
LOGIN: booyasportsline.com	/admin/	fields=['UserName', 'Password']	action=http://booyasportsline.com/Security/ValidateCredentials
LOGIN: bftutoring.com	/admin/	fields=['log', 'pwd', 'rememberme', 'wp-submit', 'redirect_to', 'testcookie']	action=https://bftutoring.com/wp-login.php
LOGIN: bookgirlsguide.com	/admin/index.php	fields=['log', 'pwd', 'rememberme', 'wp-submit', 'redirect_to', 'testcookie']	action=https://bookgirlsguide.com/wp-login.php
LOGIN: bingoweekly.com	/admin/index.php	fields=['log', 'pwd', 'rememberme', 'wp-submit', 'redirect_to', 'testcookie']	action=http://www.bingoweekly.com/wp-login.php
LOGIN: branchbets.com	/admin/	fields=['UserName', 'Password']	action=http://branchbets.com/Security/ValidateCredentials
LOGIN: blvdautoworks.com	/admin/index.php	fields=['log', 'pwd', 'rememberme', 'wp-submit', 'redirect_to', 'testcookie']	action=https://www.blvdautoworks.com/wp-login.php
LOGIN: bowlwithseoul.com	/admin/index.php	fields=['log', 'pwd', 'rememberme', 'wp-submit', 'redirect_to', 'testcookie']	action=https://bowlwithseoul.com/wp-login.php
LOGIN: bragmedallion.com	/admin/	fields=['log', 'pwd', 'rememberme', 'wp-submit', 'redirect_to', 'testcookie']	action=https://www.bragmedallion.com/wp-login.php
LOGIN: bluegooseholidays.com	/admin/index.php	fields=['log', 'pwd', 'rememberme', 'wp-submit', 'redirect_to', 'testcookie']	action=http://www.bluegooseholidays.com/wp-login.php
LOGIN: bogurcu.com	/admin/	fields=['log', 'pwd', 'website_url', 'rememberme', 'wp-submit', 'redirect_to', 'testcookie', 'redirect_to']	action=https://www.bogurcu.com/wp-login.php
LOGIN: bolivia.forchildren.com	/admin/login.php	fields=['csrfmiddlewaretoken', 'email', 'password', 'next']	action=http://bolivia.forchildren.com/.
LOGIN: buonmenu.com	/admin/	fields=['authenticity_token', 'restaurant[email]', 'restaurant[password]', 'restaurant[remember_me]', 'restaurant[remember_me]']	action=http://buonmenu.com/en/restaurants/sign_in
LOGIN: bluelynxstudio.com	/admin/index.php	fields=['log', 'pwd', 'rememberme', 'wp-submit', 'redirect_to', 'testcookie', 'redirect_to']	action=https://www.bluelynxstudio.com/wp-login.php
LOGIN: btsk.cn	/admin/login.asp	fields=['textfield', 'textfield2']	action=http://btsk.cn/gd_ChkLogin.asp
LOGIN: bycpa.com	/admin/	fields=['a_userid', 'a_pwd', 'a_rpwd', 'action', 'position']	action=http://bycpa.com/Login.asp
LOGIN: bodymassage.com	/admin/index.php	fields=['log', 'pwd', 'rememberme', 'wp-submit', 'redirect_to', 'testcookie']	action=https://bodymassage.com/wp-login.php
LOGIN: brentwoodchurch.com	/admin/login.php	fields=['username', 'password', 'commit', 'remember', '_token', 'r']	action=http://brentwoodchurch.com/
LOGIN: brasil.forchildren.com	/admin/login.php	fields=['csrfmiddlewaretoken', 'email', 'password', 'next']	action=http://brasil.forchildren.com/.
LOGIN: bmcchannel.com	/admin/index.php	fields=['log', 'pwd', 'rememberme', 'wp-submit', 'redirect_to', 'testcookie']	action=https://bmcchannel.com/wp-login.php
LOGIN: bxrunhao.com	/admin/index.php	fields=['username', 'password', 'verify', '__hash__']	action=http://bxrunhao.com/
LOGIN: bojaco.com	/admin/	fields=['log', 'pwd', 'rememberme', 'wp-submit', 'redirect_to', 'testcookie', 'redirect_to']	action=https://bojaco.com/wp-login.php
LOGIN: bookharpy.com	/admin/index.php	fields=['log', 'pwd', 'rememberme', 'wp-submit', 'redirect_to', 'testcookie']	action=https://bookharpy.com/wp-login.php
LOGIN: buildingarabia.com	/admin/index.php	fields=['log', 'pwd', 'rememberme', 'wp-submit', 'redirect_to', 'testcookie']	action=https://buildingarabia.com/wp-login.php
LOGIN: canadabots.com	/login.php	fields=['login', 'password', 'action', 'login', 'action']	action=http://canadabots.com/login.php
LOGIN: bsp.com	/admin/index.php	fields=['log', 'pwd', 'rememberme', 'wp-submit', 'redirect_to', 'testcookie']	action=https://bspbackup.wpengine.com/wp-login.php?wpe-login=true
LOGIN: brittjanyk.com	/admin/index.php	fields=['log', 'pwd', 'rememberme', 'wp-submit', 'redirect_to', 'testcookie']	action=https://brittjanyk.com/wp-login.php
LOGIN: casinospel.biz	/admin/index.php	fields=['password1', 'Submit', 'email', 'forgotpassword']	action=http://casinospel.biz/
LOGIN: cariboucollections.com	/admin/index.php	fields=['log', 'pwd', 'rememberme', 'wp-submit', 'redirect_to', 'testcookie']	action=https://cariboucollections.com/wp-login.php
LOGIN: calendarwiz.net	/login.php	fields=['calendar_redirect', 'login', 'password', 'rememberme', 'postback']	action=http://calendarwiz.net/login.php
LOGIN: cascadewaterfeatures.com	/admin/	fields=['log', 'pwd', 'rememberme', 'wp-submit', 'redirect_to', 'testcookie', 'redirect_to']	action=https://rulezmc.com/wp-login.php
LOGIN: ceohyeah.com	/admin/	fields=['log', 'pwd', 'rememberme', 'wp-submit', 'redirect_to', 'testcookie']	action=http://ceohyeah.com/wp-login.php
LOGIN: celoxmedical.com	/admin/index.php	fields=['log', 'pwd', 'rememberme', 'wp-submit', 'redirect_to', 'testcookie']	action=https://celoxmedical.com/wp-login.php?wpe-login=true
LOGIN: capaenerji.com	/admin/index.php	fields=['log', 'pwd', 'rememberme', 'wp-submit', 'redirect_to', 'testcookie', 'redirect_to']	action=https://www.capaenerji.com/wp-login.php
LOGIN: casadei.biz	/admin/index.php	fields=['log', 'pwd', 'rememberme', 'wp-submit', 'redirect_to', 'testcookie', 'redirect_to']	action=https://consulenti.eu/wp-login.php
LOGIN: casino-non-aams.com	/admin/index.php	fields=['log', 'pwd', 'rememberme', 'wp-submit', 'redirect_to', 'testcookie', 'redirect_to']	action=https://casinononaams.co/wp-login.php
LOGIN: casadeloscaracoles.com	/admin/index.php	fields=['log', 'pwd', 'rememberme', 'wp-submit', 'redirect_to', 'testcookie', 'redirect_to']	action=https://casadeloscaracoles.com/wp-login.php
LOGIN: bmsservis.com	/admin/index.php	fields=['log', 'pwd', 'rememberme', 'wp-submit', 'redirect_to', 'testcookie', 'redirect_to']	action=https://www.bmsservis.com/wp-login.php
LOGIN: castromarimlocalmarket.com	/admin/index.php	fields=['username', 'password']	action=https://www.castromarimlocalmarket.com/admin/index.php?route
LOGIN: campus-academy.lseg.com	/admin/index.php	fields=['anchor', 'logintoken', 'username', 'password']	action=https://campusacademy.eu/login/index.php
LOGIN: cadillacrock.com	/admin/index.php	fields=['log', 'pwd', 'rememberme', 'wp-submit', 'redirect_to', 'testcookie']	action=https://cadillacrock.com/wp-login.php
LOGIN: casabarros.com	/admin/index.php	fields=['log', 'pwd', 'rememberme', 'wp-submit', 'redirect_to', 'testcookie', 'redirect_to']	action=https://casabarros.com/wp-login.php
LOGIN: chinafpzj.com	/manage/	fields=['__EVENTTARGET', '__EVENTARGUMENT', '__VIEWSTATE', '__VIEWSTATEGENERATOR', '__EVENTVALIDATION', 'username', 'userpwd', 'Button1']	action=http://chinafpzj.com/default.aspx
LOGIN: ccpi.org	/login.php	fields=['log', 'pwd', 'rememberme', 'wp-submit', 'redirect_to', 'testcookie']	action=https://ccpi.org/wp-login.php
LOGIN: chengxiangdoor.com	/admin/login.php	fields=['action', 'uuid', 'loginId', 'username', 'password']	action=http://chengxiangdoor.com/login.php
LOGIN: china-sanchuan.com	/admin/login.php	fields=['action', 'uuid', 'username', 'password']	action=http://china-sanchuan.com/login.php
LOGIN: chinasanjin.com	/manage/	fields=['username', 'password', 'CheckCode', 'submit', 'Reset']	action=http://chinasanjin.com/login.asp
LOGIN: buckskinlady.com	/admin/index.php	fields=['log', 'pwd', 'rememberme', 'wp-submit', 'redirect_to', 'testcookie']	action=https://www.buckskinlady.com/wp-login.php
LOGIN: chargercash.com	/admin/login.php	fields=['user', 'pass', 'user', 'pass']	action=http://chargercash.com/internal.php
LOGIN: chocobuy.com	/admin/login.php	fields=['form_action', 'username', 'password', 'remember', 'form_action', 'otp']	action=http://chocobuy.com/
LOGIN: chingosdeimpacto.com	/admin/	fields=['authenticity_token', 'email_address', 'password', 'commit']	action=http://chingosdeimpacto.com/session
LOGIN: chinaglass.club	/admin/login.php	fields=['gotopage', 'dopost', 'userid', 'pwd', 'validate']	action=http://chinaglass.club/login.php
LOGIN: chirurgienplasticien.com	/admin/	fields=['_token', 'email', 'password', 'remember']	action=https://chirurgienplasticien.com/login
LOGIN: cldry.com	/admin/	fields=['__EVENTTARGET', '__EVENTARGUMENT', '__VIEWSTATE', '__VIEWSTATEGENERATOR', '__EVENTVALIDATION', 'm_username', 'm_password', 'm_Code']	action=http://cldry.com/./login.aspx
LOGIN: cerineajoyas.com	/admin/index.php	fields=['log', 'pwd', 'rememberme', 'wp-submit', 'redirect_to', 'testcookie', 'redirect_to']	action=https://cerineajoyas.com/wp-login.php
LOGIN: chnwidestone.com	/admin/	fields=['hidden1', '__RequestVerificationToken', 'UserName', 'Password', 'submit']	action=http://chnwidestone.com/admin/login.html?ReturnUrl=%2fadmin%
LOGIN: chinatinboxes.cn	/admin/	fields=['UserName', 'Password', 'Val', 'login']	action=http://chinatinboxes.cn/login.asp
LOGIN: chinaweidun.com	/admin/login.php	fields=['action', 'uuid', 'loginId', 'username', 'password']	action=http://chinaweidun.com/login.php
LOGIN: catholicfraternity.net	/admin/index.php	fields=['log', 'pwd', 'rememberme', 'wp-submit', 'redirect_to', 'testcookie']	action=http://www.catholicfraternity.net/wp-login.php
LOGIN: clubspark.net	/admin/	fields=['__RequestVerificationToken', 'EmailAddress', 'Password', 'RememberMe', 'RememberMe']	action=http://clubspark.net/account/signin?ReturnUrl=%2fissue%2fwsf
LOGIN: chunyicanyin.com	/admin/	fields=['hidden1', '__RequestVerificationToken', 'UserName', 'Password', 'submit']	action=http://chunyicanyin.com/admin/login.html?ReturnUrl=%2fadmin%
LOGIN: cnctshirts.com	/admin/	fields=['userid', 'password', 'submit']	action=http://cnctshirts.com/signin.asp
LOGIN: campus-lsegacademy.lseg.com	/admin/index.php	fields=['anchor', 'logintoken', 'username', 'password']	action=https://campusacademy.eu/login/index.php
LOGIN: certiretie.com	/admin/index.php	fields=['log', 'pwd', 'rememberme', 'wp-submit', 'redirect_to', 'testcookie', 'redirect_to']	action=https://certiretie.com/wp-login.php
LOGIN: cms.empirefinancialresearch.com	/admin/	fields=['log', 'pwd', 'rememberme', 'wp-submit', 'redirect_to', 'testcookie']	action=https://cms.empirefinancialresearch.com/wp-login.php
LOGIN: cimaworld.com	/admin/index.php	fields=['log', 'pwd', 'rememberme', 'wp-submit', 'redirect_to', 'testcookie']	action=https://www.cimaworld.com/wp-login.php
LOGIN: cocilux2009.com	/admin/	fields=['username', 'password', '_csrf_token']	action=http://cocilux2009.com/admin/
LOGIN: certifiedconsumerreviews.com	/admin/index.php	fields=['log', 'pwd', 'rememberme', 'wp-submit', 'redirect_to', 'testcookie']	action=https://certifiedconsumerreviews.com/wp-login.php
LOGIN: clarkfund.org	/admin/index.php	fields=['log', 'pwd', 'rememberme', 'wp-submit', 'redirect_to', 'testcookie']	action=https://clarkfund.org/wp-login.php
LOGIN: clintonelectronics.com	/admin/	fields=['log', 'pwd', 'rememberme', 'wp-submit', 'redirect_to', 'testcookie']	action=https://www.clintonelectronics.com/wp-login.php
LOGIN: compared4u.net	/admin/index.php	fields=['userName', 'userPass', 'q']	action=http://compared4u.net/admin/index.php
LOGIN: clarkrendering.com	/admin/index.php	fields=['log', 'pwd', 'rememberme', 'wp-submit', 'redirect_to', 'testcookie', 'redirect_to']	action=https://www.clarkrendering.com/wp-login.php
LOGIN: codesdb.com	/admin/	fields=['log', 'pwd', 'googleotp', 'rememberme', 'wp-submit', 'redirect_to', 'testcookie']	action=https://www.codesdb.com/wp-login.php
LOGIN: centrobartolome.org	/admin/index.php	fields=['log', 'pwd', 'rememberme', 'wp-submit', 'redirect_to', 'testcookie', 'redirect_to']	action=https://centrobartolome.org/wp-login.php
LOGIN: cnlgwz.com	/admin/login.asp	fields=['admin', 'password', 'VerifyCode', 'Submit']	action=http://cnlgwz.com/adminloginpass.asp
LOGIN: comprayenvia.com	/admin/	fields=['s']	action=https://comprayenvia.com/
LOGIN: ckmmakina.net	/admin/index.php	fields=['log', 'pwd', 'rememberme', 'wp-submit', 'redirect_to', 'testcookie', 'redirect_to']	action=https://www.ckmmakina.net/wp-login.php
LOGIN: colombia.forchildren.com	/admin/login.php	fields=['csrfmiddlewaretoken', 'email', 'password', 'next']	action=http://colombia.forchildren.com/.
LOGIN: cordeiroesaraiva.com	/admin/	fields=[]	action=http://cordeiroesaraiva.com/admin/Entrada/principal
LOGIN: coelhoengenharia.com	/admin/index.php	fields=['log', 'pwd', 'rememberme', 'wp-submit', 'redirect_to', 'testcookie', 'redirect_to']	action=https://citz.co/wp-login.php
LOGIN: cohostrail.com	/admin/index.php	fields=['log', 'pwd', 'rememberme', 'wp-submit', 'redirect_to', 'testcookie']	action=https://www.cohostrail.org/wp-login.php
LOGIN: cooglife.com	/admin/index.php	fields=['log', 'pwd', 'rememberme', 'wp-submit', 'redirect_to', 'testcookie']	action=http://cooglife.com/wp-login.php?wpe-login=true
LOGIN: concretefloorpaintadvice.com	/admin/index.php	fields=['log', 'pwd', 'rememberme', 'wp-submit', 'redirect_to', 'testcookie']	action=https://concretefloorpaintadvice.com/wp-login.php
LOGIN: clevelandcliniclabs.com	/admin/index.php	fields=['log', 'pwd', 'rememberme', 'wp-submit', 'redirect_to', 'testcookie']	action=https://clevelandcliniclabs.com/wp-login.php
LOGIN: cqtransformer.com.cn	/admin/login.php	fields=['action', 'uuid', 'loginId', 'username', 'password']	action=http://cqtransformer.com.cn/login.php
LOGIN: cpanel.gzm.com	/admin/	fields=['user_name', 'password', 'remember']	action=http://cpanel.gzm.com/user/login
LOGIN: cpcontacts.hiproficiency.com	/admin/	fields=['log', 'pwd', 'wpcloud_bb_session', 'rememberme', 'wp-submit', 'redirect_to', 'testcookie']	action=https://hiproficiency.com/wp-login.php
LOGIN: consulting.stylemixthemes.com	/admin/index.php	fields=['log', 'pwd', 'rememberme', 'wp-submit', 'redirect_to', 'testcookie', 'redirect_to']	action=https://consulting.stylemixthemes.com/wp-login.php
LOGIN: courtneyarmstrong.com	/admin/	fields=['log', 'pwd', 'rememberme', 'wp-submit', 'redirect_to', 'testcookie']	action=http://courtneyarmstrong.com/wp-login.php
LOGIN: concordcommunitiesalliance.org	/admin/index.php	fields=['log', 'pwd', 'rememberme', 'wp-submit', 'redirect_to', 'testcookie']	action=https://concordcommunitiesalliance.org/wp-login.php
LOGIN: communi-tt.tracking-progress.org	/admin/index.php	fields=['log', 'pwd', 'rememberme', 'wp-submit', 'redirect_to', 'testcookie', 'redirect_to']	action=https://communi-tt.tracking-progress.org/wp-login.php
LOGIN: cscjzkdm.com	/admin/login.php	fields=['action', 'uuid', 'loginId', 'username', 'password']	action=http://cscjzkdm.com/login.php
LOGIN: coralive.org	/admin/index.php	fields=['log', 'pwd', 'rememberme', 'wp-submit', 'redirect_to', 'testcookie', 'redirect_to']	action=https://www.coralive.org/wp-login.php
LOGIN: cookieassistant.com	/admin/index.php	fields=['log', 'pwd', 'rememberme', 'wp-submit', 'redirect_to', 'testcookie']	action=https://cookieassistant.com/wp-login.php
LOGIN: cucinatoscananashua.com	/admin/index.php	fields=['do', 'username', 'password']	action=http://cucinatoscananashua.com/admin/index.php
LOGIN: cowenrecruitment.com	/admin/index.php	fields=['log', 'pwd', 'rememberme', 'wp-submit', 'redirect_to', 'testcookie']	action=https://cowenrecruitment.com/wp-login.php
LOGIN: crispeducation.com	/admin/index.php	fields=['log', 'pwd', 'rememberme', 'wp-submit', 'redirect_to', 'testcookie', 'redirect_to']	action=https://crispeducation.com/wp-login.php
LOGIN: cucinanicolina.com	/admin/	fields=['log', 'pwd', 'rememberme', 'wp-submit', 'redirect_to', 'testcookie']	action=https://cucinanicolina.com/wp-login.php
LOGIN: customercarerecord.com	/login.php	fields=['terms']	action=http://customercarerecord.com/login.php
LOGIN: creekbankstudio.com	/admin/index.php	fields=['log', 'pwd', 'rememberme', 'wp-submit', 'redirect_to', 'testcookie']	action=https://creekbankstudio.com/wp-login.php
LOGIN: creherald.com	/admin/index.php	fields=['log', 'pwd', 'rememberme', 'wp-submit', 'redirect_to', 'testcookie', 'redirect_to']	action=https://www.creherald.com/wp-login.php
LOGIN: crystalwizardry.com	/admin/index.php	fields=['log', 'pwd', 'rememberme', 'wp-submit', 'redirect_to', 'testcookie']	action=https://crystalwizardry.com/wp-login.php
LOGIN: cyclicmagazine.com	/admin/index.php	fields=['log', 'pwd', 'rememberme', 'wp-submit', 'redirect_to', 'testcookie']	action=https://cyclicmagazine.com/wp-login.php
LOGIN: czswyxh.com	/admin/	fields=['__RequestVerificationToken', 'UserName', 'Password', 'submit']	action=http://czswyxh.com/admin/login.html?ReturnUrl=%2fadmin%2f
LOGIN: dacsantuyenquang.com	/admin/index.php	fields=['log', 'pwd', 'rememberme', 'wp-submit', 'redirect_to', 'testcookie', 'redirect_to']	action=https://dacsantuyenquang.com/wp-login.php
LOGIN: coolfacelife.com	/admin/	fields=['log', 'pwd', 'rememberme', 'wp-submit', 'redirect_to', 'testcookie', 'redirect_to']	action=https://coolfacelife.com/wp-login.php
LOGIN: cuteness.com	/admin/	fields=['log', 'pwd', 'rememberme', 'wp-submit', 'redirect_to', 'testcookie']	action=https://wp.looper.com/wp-login.php
LOGIN: csroots.cn	/admin/	fields=['log', 'pwd', 'rememberme', 'wp-submit', 'redirect_to', 'testcookie', 'redirect_to']	action=https://www.csroots.cn/wp-login.php
LOGIN: cycoaustralia.info	/admin/	fields=['log', 'pwd', 'rememberme', 'wp-submit', 'redirect_to', 'testcookie']	action=https://cycoflower.com/wp-login.php
LOGIN: dairitenhp.com	/admin/index.php	fields=['log', 'pwd', 'rememberme', 'wp-submit', 'redirect_to', 'testcookie']	action=https://dairitenhp.com/wp-login.php
LOGIN: cypruseconomicsociety.org	/admin/index.php	fields=['log', 'pwd', 'rememberme', 'wp-submit', 'redirect_to', 'testcookie']	action=https://cypruseconomicsociety.org/wp-login.php
LOGIN: dasen.cn	/login.php	fields=['act', 'login_url', 'username', 'password', 'valicode', 'login_btn']	action=https://www.dasen.cn/login.php
LOGIN: deepfast.com	/admin/login.php	fields=['action', 'uuid', 'username', 'password']	action=http://deepfast.com/login.php
LOGIN: date.milf-area.com	/manage/	fields=['searchGender', 'searchGender', 'gender', 'gender', 'username', 'password', 'email', 'username']	action=http://date.milf-area.com/user/register
LOGIN: daiseyiowa.daiseysolutions.org	/admin/index.php	fields=['log', 'pwd', 'jetpack_protect_num', 'jetpack_protect_answer', 'rememberme', 'wp-submit', 'redirect_to', 'testcookie']	action=https://daiseyiowa.daiseysolutions.org/wp-login.php
LOGIN: cuulongct.com	/admin/index.php	fields=['log', 'pwd', 'rememberme', 'wp-submit', 'redirect_to', 'testcookie', 'redirect_to']	action=https://www.cuulongct.com/wp-login.php
LOGIN: dealabc.com	/admin.php	fields=['sid', 'frames', 'admin_username', 'admin_password', 'admin_answer', 'submit']	action=http://dealabc.com/admin.php?
LOGIN: dcexecutivecharter.com	/admin/	fields=['_token', 'email', 'password', 'remember']	action=https://dcexecutivecharter.com/admin/login
LOGIN: date.whatssexy.com	/manage/	fields=['searchGender', 'searchGender', 'gender', 'gender', 'username', 'password', 'email', 'username']	action=http://date.whatssexy.com/user/register
LOGIN: demo.healthpath.com	/admin/	fields=['_token', 'redirect_to', 'email', 'password', '_token', 'email']	action=https://demo.healthpath.com/login
LOGIN: dalrossiitaly.com	/admin/	fields=['log', 'pwd', 'rememberme', 'wp-submit', 'redirect_to', 'testcookie', 'redirect_to']	action=https://dalrossi.com/wp-login.php
LOGIN: danburyfencing.com	/admin/index.php	fields=['log', 'pwd', 'rememberme', 'wp-submit', 'redirect_to', 'testcookie', 'redirect_to']	action=https://www.danburyfencing.com/wp-login.php
LOGIN: dentalsavings.webmd.com	/admin/index.php	fields=['log', 'pwd', 'rememberme', 'wp-submit', 'redirect_to', 'testcookie']	action=https://dentalsavings.webmd.com/wp-login.php
LOGIN: deerparklibrary.org	/admin/index.php	fields=['log', 'pwd', 'rememberme', 'wp-submit', 'redirect_to', 'testcookie']	action=https://www.deerparklibrary.org/wp-login.php
LOGIN: dg-yongrong.com	/admin/login.php	fields=['action', 'uuid', 'username', 'password']	action=http://dg-yongrong.com/login.php
LOGIN: denverreign.com	/admin/index.php	fields=['log', 'pwd', 'rememberme', 'wp-submit', 'redirect_to', 'testcookie']	action=https://www.denverreign.com/wp-login.php
LOGIN: developer.brightpearl.com	/admin/index.php	fields=['_token', 'emailAddress', 'password']	action=http://developer.brightpearl.com/admin/index.php
LOGIN: dawahskills.com	/login.php	fields=['log', 'pwd', 'rememberme', 'wp-submit', 'redirect_to', 'testcookie']	action=https://www.dawahskills.com/wp-login.php
LOGIN: delseibo.com	/admin/	fields=['log', 'pwd', 'rememberme', 'wp-submit', 'redirect_to', 'testcookie']	action=https://delseibo.com/wp-login.php
LOGIN: decentbeautyclinic.com	/admin/index.php	fields=['log', 'pwd', 'rememberme', 'wp-submit', 'redirect_to', 'testcookie']	action=https://decentbeautyclinic.com/wp-login.php
LOGIN: dezpad.com	/admin/index.php	fields=['log', 'pwd', 'rememberme', 'wp-submit', 'redirect_to', 'testcookie']	action=https://dezpad.com/wp-login.php
LOGIN: digioznetportal.digioz.net	/admin/	fields=['searchString', 'Input.Email', 'Input.Password', 'Input.RememberMe', '__RequestVerificationToken', 'Input.RememberMe']	action=http://digioznetportal.digioz.net/SearchPages
LOGIN: dev-random.net	/admin/index.php	fields=['log', 'pwd', 'rememberme', 'wp-submit', 'redirect_to', 'testcookie']	action=https://dev-random.net/wp-login.php
LOGIN: danieldoctor.com	/admin/index.php	fields=['log', 'pwd', 'rememberme', 'wp-submit', 'redirect_to', 'testcookie', 'redirect_to']	action=https://www.danieldoctor.com/wp-login.php
LOGIN: dolzikgoo.com	/admin/login.php	fields=['action', 'mode', 're_url', 'mb_id', 'mb_password', 'auto_login']	action=http://dolzikgoo.com/admin/login.php
LOGIN: czscxyy.com	/admin/	fields=['__RequestVerificationToken', 'UserName', 'Password', 'submit']	action=http://czscxyy.com/admin/login.html?ReturnUrl=%2fadmin%2f
LOGIN: domisoso.com	/admin/login.php	fields=['action', 'uuid', 'username', 'password']	action=http://domisoso.com/login.php
LOGIN: delmarvairr.com	/admin/index.php	fields=['log', 'pwd', 'rememberme', 'wp-submit', 'redirect_to', 'testcookie']	action=https://www.delmarvairr.com/wp-login.php
LOGIN: defuah.com	/admin/	fields=['hidden1', '__RequestVerificationToken', 'UserName', 'Password', 'submit']	action=http://defuah.com/admin/login.html?ReturnUrl=%2fadmin%2f
LOGIN: danasakht.com	/admin/index.php	fields=['log', 'pwd', 'rememberme', 'wp-submit', 'redirect_to', 'testcookie', 'redirect_to']	action=https://danasakht.com/wp-login.php
LOGIN: diya-log.com	/admin/login.php	fields=['apachesolr_panels_search_form', 'form_build_id', 'form_id', 'op', 'name', 'pass', 'form_build_id', 'form_id']	action=http://diya-log.com/user/login?destination=admin/login.php
LOGIN: dhyindustry.com	/admin/login	fields=['username', 'password', '__token__', 'code']	action=http://dhyindustry.com/{:url('Login/checkLogin')}
LOGIN: dobestlight.com	/admin/	fields=['UserName', 'password', 'CheckCode', 'button']	action=http://dobestlight.com/CheckLogin.Asp
LOGIN: dezbonsazeh.com	/admin/index.php	fields=['log', 'pwd', 'rememberme', 'wp-submit', 'redirect_to', 'testcookie', 'redirect_to']	action=http://dezbonsazeh.com/wp-login.php
LOGIN: downmagaz.net	/admin/index.php	fields=['login_name', 'login_password', 'login', 'do', 'subaction', 'titleonly', 'story']	action=http://downmagaz.net/
LOGIN: drebrownenterprises.com	/admin/login.php	fields=['username', 'password']	action=http://drebrownenterprises.com/admin/login.php
LOGIN: dovizgrafik.com	/admin/login.php	fields=['username', 'password', 'submit']	action=https://dovizgrafik.com/admin/login.php
LOGIN: dentistauburnca.com	/admin/index.php	fields=['log', 'pwd', 'rememberme', 'wp-submit', 'redirect_to', 'testcookie']	action=https://www.dentistauburnca.com/wp-login.php
LOGIN: dollyhouse.net	/admin/index.php	fields=['log', 'pwd', 'rememberme', 'wp-submit', 'redirect_to', 'testcookie', 'redirect_to']	action=https://dollyhouse.net/wp-login.php
LOGIN: dogtrainingsingapore.com	/admin/index.php	fields=['log', 'pwd', 'rememberme', 'wp-submit', 'redirect_to', 'testcookie']	action=https://www.dogtrainingsingapore.com/wp-login.php
LOGIN: douaihuanbao.com	/admin/	fields=['__RequestVerificationToken', 'UserName', 'Password', 'submit']	action=http://douaihuanbao.com/admin/login.html?ReturnUrl=%2fadmin%
LOGIN: dev.quedessolutions.com	/admin/index.php	fields=['log', 'pwd', 'rememberme', 'wp-submit', 'redirect_to', 'testcookie', 'redirect_to']	action=https://quedessolutions.com/wp-login.php
LOGIN: dryoho.com	/admin/index.php	fields=['log', 'pwd', 'rememberme', 'wp-submit', 'redirect_to', 'testcookie']	action=https://dryoho.com/wp-login.php
LOGIN: dripfree.com	/admin/index.php	fields=['log', 'pwd', 'rememberme', 'wp-submit', 'redirect_to', 'testcookie']	action=https://www.dripfree.com/wp-login.php
LOGIN: dimaikj.com	/admin.php	fields=['is_form', 'is_admin', 'is_tips', 'csrf_test_name', 'data[username]', 'data[password]', 'data[mode]', 'data[mode]']	action=http://dimaikj.com/
LOGIN: deltafoxair.net	/admin/index.php	fields=['log', 'pwd', 'rememberme', 'wp-submit', 'redirect_to', 'testcookie']	action=https://deltafox.com/wp-login.php?wpe-login=true
LOGIN: dolphinspeedboats.com	/admin/index.php	fields=['log', 'pwd', 'rememberme', 'wp-submit', 'redirect_to', 'testcookie']	action=https://dolphinspeedboats.com/wp-login.php
LOGIN: dreamdbio.info	/admin/index.php	fields=['log', 'pwd', 'rememberme', 'wp-submit', 'redirect_to', 'testcookie']	action=https://dreamdbio.info/wp-login.php
LOGIN: draadloos-alarmsysteem.com	/admin/index.php	fields=['log', 'pwd', 'rememberme', 'wp-submit', 'redirect_to', 'testcookie', 'redirect_to']	action=https://draadloos-alarmsysteem.com/wp-login.php
LOGIN: drstevesavage.com	/admin/index.php	fields=['log', 'pwd', 'rememberme', 'wp-submit', 'redirect_to', 'testcookie']	action=https://www.drstevesavage.com/wp-login.php
LOGIN: dthomasgallery.com	/admin/index.php	fields=['log', 'pwd', 'rememberme', 'wp-submit', 'redirect_to', 'testcookie']	action=https://dthomasgallery.com/wp-login.php
LOGIN: dukeandboone.com	/admin/	fields=['log', 'pwd', 'rememberme', 'wp-submit', 'redirect_to', 'testcookie']	action=https://dukeandboone.com/wp-login.php
LOGIN: dsgtamir.com	/admin/index.php	fields=['log', 'pwd', 'rememberme', 'wp-submit', 'redirect_to', 'testcookie', 'redirect_to']	action=https://dsgtamir.com/wp-login.php
LOGIN: digimify.com	/admin/	fields=['log', 'pwd', 'rememberme', 'wp-submit', 'redirect_to', 'testcookie', 'redirect_to']	action=https://digimify.com/wp-login.php
LOGIN: dongyuesheji.com	/admin/index.php	fields=['log', 'pwd', 'rememberme', 'wp-submit', 'redirect_to', 'testcookie', 'redirect_to']	action=http://www.dongyuesheji.com/wp-login.php
LOGIN: dzsb.com	/admin/login.php	fields=['action', 'uuid', 'username', 'password']	action=http://dzsb.com/login.php
LOGIN: ecosun.org	/admin/index.php	fields=['log', 'pwd', 'rememberme', 'wp-submit', 'redirect_to', 'testcookie']	action=https://ecosun.org/wp-login.php
LOGIN: dyslexialifehacks.com	/admin/	fields=['log', 'pwd', 'rememberme', 'wp-submit', 'redirect_to', 'testcookie', 'redirect_to']	action=https://dyslexialifehacks.com/wp-login.php
LOGIN: dubainetsolutions.com	/admin/index.php	fields=['log', 'pwd', 'rememberme', 'wp-submit', 'redirect_to', 'testcookie']	action=https://www.dubainetsolutions.com/wp-login.php
LOGIN: dowxtergroup.com	/admin/index.php	fields=['log', 'pwd', 'rememberme', 'wp-submit', 'redirect_to', 'testcookie']	action=https://www.dowxtergroup.com/wp-login.php
LOGIN: dumpsnow.com	/admin/index.php	fields=['log', 'pwd', 'rememberme', 'wp-submit', 'redirect_to', 'testcookie']	action=https://dumpsnow.com/wp-login.php
LOGIN: ejoinmfg.net	/admin/login.php	fields=['action', 'uuid', 'username', 'password']	action=http://ejoinmfg.net/login.php
LOGIN: durganursery.com	/admin/index.php	fields=['log', 'pwd', 'rememberme', 'wp-submit', 'redirect_to', 'testcookie']	action=https://durganursery.com/wp-login.php
LOGIN: eflmagazine.com	/admin/	fields=['log', 'pwd', 'rememberme', 'wp-submit', 'redirect_to', 'testcookie', 'redirect_to']	action=https://eflmagazine.com/wp-login.php
LOGIN: drcotrufo.com	/admin/index.php	fields=['log', 'pwd', 'rememberme', 'wp-submit', 'redirect_to', 'testcookie', 'redirect_to']	action=https://drcotrufo.com/wp-login.php
LOGIN: dadbodpov.com	/admin/index.php	fields=['log', 'pwd', 'rememberme', 'wp-submit', 'redirect_to', 'testcookie']	action=https://dadbodpov.com/wp-login.php
LOGIN: e8007.com	/login.php	fields=['user_name', 'password', 'vertify', 'submit']	action=http://e8007.com/
LOGIN: ecuador.forchildren.com	/admin/login.php	fields=['csrfmiddlewaretoken', 'email', 'password', 'next']	action=http://ecuador.forchildren.com/.
LOGIN: edoutslaymemorial.org	/admin/index.php	fields=['log', 'pwd', 'rememberme', 'wp-submit', 'redirect_to', 'testcookie', 'redirect_to']	action=https://edoutslaymemorial.org/wp-login.php
LOGIN: enray.net	/admin/login.php	fields=['action', 'uuid', 'username', 'password']	action=http://enray.net/login.php
LOGIN: elenawidmer.com	/admin/index.php	fields=['log', 'pwd', 'rememberme', 'wp-submit', 'redirect_to', 'testcookie', 'redirect_to']	action=https://elenawidmer.com/wp-login.php
LOGIN: ecuadorinformate.com	/admin/index.php	fields=['log', 'pwd', 'rememberme', 'wp-submit', 'redirect_to', 'testcookie', 'redirect_to']	action=https://ecuadorinformate.com/wp-login.php
LOGIN: enricocavallin.com	/admin/	fields=['log', 'pwd', 'rememberme', 'wp-submit', 'redirect_to', 'testcookie', 'redirect_to']	action=http://enricocavallin.com/wp-login.php
LOGIN: elevatortoday.com	/admin/index.php	fields=['log', 'pwd', 'rememberme', 'wp-submit', 'redirect_to', 'testcookie']	action=https://elevatortoday.com/wp-login.php
LOGIN: ebullicion.com	/admin/index.php	fields=['log', 'pwd', 'rememberme', 'wp-submit', 'redirect_to', 'testcookie', 'redirect_to']	action=https://ebullicion.com/wp-login.php
LOGIN: emiratisation.org	/admin/	fields=['authenticity_token', 'email', 'password']	action=http://emiratisation.org/admin/sessions
LOGIN: eddyfoods.com	/admin/index.php	fields=['log', 'pwd', 'rememberme', 'wp-submit', 'redirect_to', 'testcookie']	action=https://www.eddyfoods.com/wp-login.php
LOGIN: enterate.info	/admin/index.php	fields=['codigol', 'login', 'contrasena']	action=http://enterate.info/
LOGIN: earnevents.com	/admin/index.php	fields=['log', 'pwd', 'rememberme', 'wp-submit', 'redirect_to', 'testcookie', 'redirect_to']	action=https://earnevents.com/wp-login.php
LOGIN: elexim.net	/admin/index.php	fields=['log', 'pwd', 'rememberme', 'wp-submit', 'redirect_to', 'testcookie']	action=https://elexim.net/wp-login.php
LOGIN: embaixadadoclima.com	/admin/index.php	fields=['log', 'pwd', 'rememberme', 'wp-submit', 'redirect_to', 'testcookie', 'redirect_to']	action=https://embaixadadoclima.com/wp-login.php
LOGIN: environmentalhelp.net	/admin/index.php	fields=['log', 'pwd', 'rememberme', 'wp-submit', 'redirect_to', 'testcookie']	action=https://environmentalhelp.net/wp-login.php
LOGIN: entradasharrypotterlondres.com	/admin/index.php	fields=['log', 'pwd', 'rememberme', 'wp-submit', 'redirect_to', 'testcookie', 'redirect_to']	action=https://entradasharrypotterlondres.com/wp-login.php
LOGIN: elisimone.com	/admin/index.php	fields=['log', 'pwd', 'rememberme', 'wp-submit', 'redirect_to', 'testcookie', 'redirect_to']	action=https://eranetbioenergy.net/wp-login.php
LOGIN: esmty.com	/admin/	fields=['log', 'pwd', 'rememberme', 'wp-submit', 'redirect_to', 'testcookie']	action=https://esmty.com/wp-login.php
LOGIN: esquireabroad.com	/admin/index.php	fields=['log', 'pwd', 'rememberme', 'wp-submit', 'redirect_to', 'testcookie']	action=https://esquireabroad.com/wp-login.php
LOGIN: et.forchildren.com	/admin/login.php	fields=['csrfmiddlewaretoken', 'email', 'password', 'next']	action=http://et.forchildren.com/.
LOGIN: emirhandongel.com	/admin/index.php	fields=['log', 'pwd', 'rememberme', 'wp-submit', 'redirect_to', 'testcookie', 'redirect_to']	action=https://www.emirhandongel.com/wp-login.php
LOGIN: employeehealthplan.clevelandclinic.org	/admin/	fields=['__CMSCsrfToken', '__EVENTTARGET', '__EVENTARGUMENT', '__VIEWSTATE', '__VIEWSTATEGENERATOR', '__EVENTVALIDATION', 'Login1$UserName', 'Login1$Password']	action=http://employeehealthplan.clevelandclinic.org/./logon.aspx?R
LOGIN: dougbarkerplumbingandheating.com	/admin/	fields=['log', 'pwd', 'rememberme', 'wp-submit', 'redirect_to', 'testcookie']	action=https://dougbarkerplumbingandheating.com/wp-login.php
LOGIN: everygame247.com	/admin/	fields=['UserName', 'Password']	action=http://everygame247.com/Security/ValidateCredentials
LOGIN: elegansguzellik.com	/admin/index.php	fields=['log', 'pwd', 'rememberme', 'wp-submit', 'redirect_to', 'testcookie', 'redirect_to']	action=https://www.elegansguzellik.com/wp-login.php
LOGIN: erzurumpress.com	/admin/login.php	fields=['token', 'KullaniciAdi', 'KullaniciSifre', 'Tip', 'Tip', 'Durum', 'token', 'KullaniciMail']	action=http://erzurumpress.com/
LOGIN: edsetzler.org	/admin/index.php	fields=['log', 'pwd', 'rememberme', 'wp-submit', 'redirect_to', 'testcookie']	action=https://edsetzler.com/wp-login.php
LOGIN: everythingwindowsanddoors.com	/admin/index.php	fields=['log', 'pwd', 'rememberme', 'wp-submit', 'redirect_to', 'testcookie']	action=https://everythingwindowsanddoors.com/wp-login.php
LOGIN: everlastgz.com	/admin/index.php	fields=['log', 'pwd', 'rememberme', 'wp-submit', 'redirect_to', 'testcookie']	action=https://everlastgz.com/wp-login.php
LOGIN: fatjimmysresort.com	/admin/	fields=['log', 'pwd', 'rememberme', 'wp-submit', 'redirect_to', 'testcookie', 'redirect_to']	action=https://fatjimmysresort.com/wp-login.php
LOGIN: en.salamatfard.com	/admin/index.php	fields=['log', 'pwd', 'rememberme', 'wp-submit', 'redirect_to', 'testcookie', 'redirect_to']	action=https://en.salamatfard.com/wp-login.php
LOGIN: face3media.com	/admin/index.php	fields=['log', 'pwd', 'rememberme', 'wp-submit', 'redirect_to', 'testcookie', 'redirect_to']	action=https://face3media.com/wp-login.php
LOGIN: ffdz.net	/admin/login.php	fields=['action', 'uuid', 'loginId', 'username', 'password']	action=http://ffdz.net/login.php
LOGIN: fairviewadc.com	/admin/	fields=['log', 'pwd', 'rememberme', 'wp-submit', 'redirect_to', 'testcookie']	action=https://fairviewadc.com/wp-login.php
LOGIN: eyeprescription.com	/admin/index.php	fields=['log', 'pwd', 'rememberme', 'wp-submit', 'redirect_to', 'testcookie']	action=https://eyeprescription.com/wp-login.php
LOGIN: exprolab.com	/admin/index.php	fields=['log', 'pwd', 'wpa_initiator', 'rememberme', 'wp-submit', 'redirect_to', 'testcookie', 'redirect_to']	action=https://exprolab.com/wp-login.php
LOGIN: endermite.cn	/admin/index.php	fields=['log', 'pwd', 'rememberme', 'wp-submit', 'redirect_to', 'testcookie', 'redirect_to']	action=https://www.endermite.cn/wp-login.php
LOGIN: earthislandprojects.org	/admin/	fields=['log', 'pwd', 'rememberme', 'wp-submit', 'redirect_to', 'testcookie']	action=https://earthislandprojects.org/wp-login.php
LOGIN: ewdrewelectrical.com	/admin/index.php	fields=['log', 'pwd', 'rememberme', 'wp-submit', 'redirect_to', 'testcookie']	action=https://ewdrewelectrical.com/wp-login.php
LOGIN: finflix-photography.com	/admin/index.php	fields=['log', 'pwd', 'rememberme', 'wp-submit', 'redirect_to', 'testcookie', 'redirect_to']	action=https://finflix-photography.com/wp-login.php
LOGIN: fd4a.net	/admin/	fields=['log', 'pwd', 'rememberme', 'wp-submit', 'redirect_to', 'testcookie', 'redirect_to']	action=https://iporn.monster/wp-login.php
LOGIN: family-friendlyvacation.com	/admin/index.php	fields=['log', 'pwd', 'rememberme', 'wp-submit', 'redirect_to', 'testcookie']	action=https://family-friendlyvacation.com/wp-login.php
LOGIN: finalexpence.com	/admin/index.php	fields=['log', 'pwd', 'rememberme', 'wp-submit', 'redirect_to', 'testcookie']	action=https://finalexpence.com/wp-login.php
LOGIN: fengshui-world-tv.eu.org	/admin/index.php	fields=['log', 'pwd', 'rememberme', 'wp-submit', 'redirect_to', 'testcookie']	action=http://fengshui-world-tv.eu.org/wp-login.php
LOGIN: feelmyworth.com	/admin/index.php	fields=['log', 'pwd', 'rememberme', 'wp-submit', 'redirect_to', 'testcookie']	action=https://feelmyworth.com/wp-login.php
LOGIN: fencingprodigy.com	/admin/	fields=['log', 'pwd', 'rememberme', 'wp-submit', 'redirect_to', 'testcookie']	action=https://fencingprodigy.com/wp-login.php
LOGIN: firm-rankings.vrl-financial-news.com	/admin/	fields=['log', 'pwd', 'rememberme', 'wp-submit', 'redirect_to', 'testcookie']	action=http://www.vrl-financial-news.com/wp-login.php
LOGIN: financereference.com	/login.php	fields=['log', 'pwd', 'rememberme', 'wp-submit', 'redirect_to', 'testcookie']	action=https://www.financereference.com/wp-login.php
LOGIN: existentialtherapies.org	/admin/index.php	fields=['log', 'pwd', 'rememberme', 'wp-submit', 'redirect_to', 'testcookie']	action=https://existentialtherapies.org/wp-login.php
LOGIN: fieldedge.com	/admin/	fields=['log', 'pwd', 'rememberme', 'wp-submit', 'redirect_to', 'testcookie']	action=https://fieldedge.com/wp-login.php
LOGIN: forms.nexhealth.com	/admin/	fields=['email', 'password']	action=http://forms.nexhealth.com/admin/
LOGIN: fleximoveservices.com	/admin/index.php	fields=['log', 'pwd', 'rememberme', 'wp-submit', 'redirect_to', 'testcookie']	action=https://fleximoveservices.com/wp-login.php
LOGIN: flowerqueenflorist.com	/admin/index.php	fields=['log', 'pwd', 'rememberme', 'wp-submit', 'redirect_to', 'testcookie']	action=https://flowerqueenflorist.com/wp-login.php
LOGIN: fountop.com	/admin/login.php	fields=['action', 'uuid', 'loginId', 'username', 'password']	action=http://fountop.com/login.php
LOGIN: ffraga.com	/admin/index.php	fields=['log', 'pwd', 'rememberme', 'wp-submit', 'redirect_to', 'testcookie', 'redirect_to']	action=https://ffraga.com/wp-login.php
LOGIN: foodieonadiet.com	/admin/index.php	fields=['log', 'pwd', 'rememberme', 'wp-submit', 'redirect_to', 'testcookie', 'redirect_to']	action=https://foodieonadiet.com/wp-login.php
LOGIN: fragrosa.com	/admin/	fields=['user', 'password']	action=http://fragrosa.com/admin/
LOGIN: firegrill.com	/admin/	fields=['log', 'pwd', 'rememberme', 'wp-submit', 'redirect_to', 'testcookie', 'redirect_to']	action=https://firegrill.com/wp-login.php
LOGIN: forestlanepediatrics.com	/admin/index.php	fields=['log', 'pwd', 'rememberme', 'wp-submit', 'redirect_to', 'testcookie']	action=https://forestlanepediatrics.com/wp-login.php
LOGIN: forchildren.com	/admin/login.php	fields=['csrfmiddlewaretoken', 'email', 'password', 'next']	action=http://forchildren.com/.
LOGIN: formaplus.org	/admin/index.php	fields=['log', 'pwd', 'rememberme', 'wp-submit', 'redirect_to', 'testcookie', 'redirect_to']	action=https://formaplus.org/wp-login.php
LOGIN: fireflygraphicarts.com	/admin/	fields=['log', 'pwd', 'rememberme', 'wp-submit', 'redirect_to', 'testcookie', 'redirect_to']	action=https://fireflygraphicarts.com/wp-login.php
LOGIN: feissihair.com	/admin/	fields=['log', 'pwd', 'rememberme', 'wp-submit', 'redirect_to', 'testcookie']	action=https://www.feissihair.com/wp-login.php
LOGIN: freerundown.com	/admin/	fields=['UserName', 'Password']	action=http://freerundown.com/Security/ValidateCredentials
LOGIN: flowsberry.com	/admin/index.php	fields=['log', 'pwd', 'rememberme', 'wp-submit', 'redirect_to', 'testcookie', 'redirect_to']	action=https://flowsberry.com/wp-login.php
LOGIN: french.forchildren.com	/admin/login.php	fields=['csrfmiddlewaretoken', 'username', 'password', 'next']	action=http://french.forchildren.com/admin/login/?next=/admin/login
LOGIN: espadana-tech.com	/admin/	fields=['log', 'pwd', 'rememberme', 'wp-submit', 'redirect_to', 'testcookie', 'redirect_to']	action=https://espadana-tech.com/wp-login.php
LOGIN: fulongks.com	/admin/login.php	fields=['action', 'uuid', 'loginId', 'username', 'password']	action=http://fulongks.com/login.php
LOGIN: frenchlearner.com	/admin/	fields=['log', 'pwd', 'rememberme', 'wp-submit', 'redirect_to', 'testcookie']	action=https://www.frenchlearner.com/wp-login.php
LOGIN: frigokar.com	/admin/index.php	fields=['username', 'password']	action=https://www.frigokar.com/admin/index.php?route=common/login
LOGIN: floralchain.com	/admin/index.php	fields=['log', 'pwd', 'rememberme', 'wp-submit', 'redirect_to', 'testcookie', 'redirect_to']	action=https://www.floralchain.com/wp-login.php
LOGIN: future.com	/admin/	fields=['log', 'pwd', 'rememberme', 'wp-submit', 'redirect_to', 'testcookie']	action=https://future.com/wp-login.php?wpe-login=true
LOGIN: fscll.net	/admin/	fields=['log', 'pwd', 'rememberme', 'wp-submit', 'redirect_to', 'testcookie', 'redirect_to']	action=https://www.fscll.net/wp-login.php
LOGIN: etufegypt.com	/admin/index.php	fields=['log', 'pwd', 'rememberme', 'wp-submit', 'redirect_to', 'testcookie', 'redirect_to']	action=https://www.etufegypt.com/wp-login.php
LOGIN: fzonesolutions.com	/admin/index.php	fields=['log', 'pwd', 'rememberme', 'wp-submit', 'redirect_to', 'testcookie']	action=https://fzonesolutions.com/wp-login.php
LOGIN: gatechemical.com	/admin/login.php	fields=['email', 'password', 'remember']	action=http://gatechemical.com/handleLogin.php
LOGIN: fuyuga.com	/admin/index.php	fields=['uname', 'password', 'valcode', 'submit', 'reset']	action=http://fuyuga.com/admin/index.php?action=login
LOGIN: gadgetskool.com	/admin/	fields=['log', 'pwd', 'rememberme', 'wp-submit', 'redirect_to', 'testcookie']	action=https://www.gadgetskool.com/wp-login.php
LOGIN: ftp.newwestsymphony.org	/admin/index.php	fields=['log', 'pwd', 'rememberme', 'wp-submit', 'redirect_to', 'testcookie']	action=https://newwestsymphony.org/wp-login.php
LOGIN: foxtailinsights.com	/admin/index.php	fields=['log', 'pwd', 'rememberme', 'wp-submit', 'redirect_to', 'testcookie']	action=https://foxtailinsights.com/wp-login.php
LOGIN: gao-nn.com	/admin/	fields=['log', 'pwd', 'rememberme', 'wp-submit', 'redirect_to', 'testcookie', 'redirect_to']	action=https://gao-nn.com/wp-login.php
LOGIN: gatzchina.com	/admin/login.php	fields=['action', 'uuid', 'loginId', 'username', 'password']	action=http://gatzchina.com/login.php
LOGIN: gamingtipsonline.com	/admin/index.php	fields=['log', 'pwd', 'rememberme', 'wp-submit', 'redirect_to', 'testcookie']	action=https://gamingtipsonline.com/wp-login.php
LOGIN: garagedoors-houstonheights.com	/admin/index.php	fields=['log', 'pwd', 'rememberme', 'wp-submit', 'redirect_to', 'testcookie']	action=https://garagedoors-houstonheights.com/wp-login.php
LOGIN: gardenguides.com	/admin/	fields=['log', 'pwd', 'rememberme', 'wp-submit', 'redirect_to', 'testcookie']	action=https://wp.looper.com/wp-login.php
LOGIN: gdcsubs.com	/login.php	fields=['emailaddress', 'password', 'token', 'formsubmit']	action=http://gdcsubs.com/login.php
LOGIN: fillmorecountyfair.com	/admin/	fields=['log', 'pwd', 'wpa_initiator', 'rememberme', 'wp-submit', 'redirect_to', 'testcookie']	action=https://www.fillmorecountyfair.com/wp-login.php
LOGIN: gesher.com	/admin/index.php	fields=['log', 'pwd', 'rememberme', 'wp-submit', 'redirect_to', 'testcookie']	action=https://gesher.com/wp-login.php
LOGIN: fullscopestaffing.com	/admin/index.php	fields=['log', 'pwd', 'rememberme', 'wp-submit', 'redirect_to', 'testcookie']	action=https://fullscopestaffing.com/wp-login.php
LOGIN: fmafaridabad.com	/admin/index.php	fields=['log', 'pwd', 'rememberme', 'wp-submit', 'redirect_to', 'testcookie']	action=https://fmafaridabad.com/wp-login.php
LOGIN: gemarecords.com	/admin/	fields=['__RequestVerificationToken', 'q', 'addProductVariantToCartUrl', 'addProductToCartUrl', 'miniShoppingCartUrl', 'flyoutShoppingCartUrl', 'checkProductAttributesUrl', 'getMiniProductDetailsViewUrl']	action=http://gemarecords.com/search
LOGIN: gas-psa.com	/manage/	fields=['account', 'password', 'captcha', 'code']	action=http://gas-psa.com/manage/login/login.html
LOGIN: getaspect.com	/admin/	fields=['log', 'pwd', 'rememberme', 'wp-submit', 'redirect_to', 'testcookie']	action=https://getaspect.com/wp-login.php
LOGIN: gcjcga.org	/admin/	fields=['log', 'pwd', 'rememberme', 'wp-submit', 'redirect_to', 'testcookie', 'redirect_to']	action=https://efiat.io/wp-login.php
LOGIN: getoffdrugsyuma.com	/admin/	fields=['log', 'pwd', 'rememberme', 'wp-submit', 'redirect_to', 'testcookie']	action=https://getoffdrugsyuma.com/wp-login.php
LOGIN: giftcardsify.com	/admin/index.php	fields=['bypass_code']	action=http://giftcardsify.com/
LOGIN: gizdev.com	/admin/index.php	fields=['log', 'pwd', 'rememberme', 'wp-submit', 'redirect_to', 'testcookie', 'redirect_to']	action=https://www.gizdev.com/wp-login.php
LOGIN: godavaripharmedu.com	/admin/login.php	fields=[]	action=http://godavaripharmedu.com/index.php
LOGIN: gonenlisut.com	/admin/	fields=['Email', 'Password', '__RequestVerificationToken']	action=http://gonenlisut.com/Admin
LOGIN: getfitwithshilpi.com	/admin/index.php	fields=['log', 'pwd', 'rememberme', 'wp-submit', 'redirect_to', 'testcookie']	action=https://www.getfitwithshilpi.com/wp-login.php
LOGIN: greenerspoon.com	/admin/	fields=['_token', 'email', 'password', 'remember']	action=https://www.greenerspoon.com/login
LOGIN: grandtop.cn	/admin/login.php	fields=['action', 'uuid', 'loginId', 'username', 'password']	action=http://grandtop.cn/login.php
LOGIN: gpkgroup.com	/admin/index.php	fields=['log', 'pwd', 'rememberme', 'wp-submit', 'redirect_to', 'testcookie', 'redirect_to']	action=https://www.gpkgroup.com.au/wp-login.php
LOGIN: globalwellnessstore.com	/admin/index.php	fields=['log', 'pwd', 'rememberme', 'wp-submit', 'redirect_to', 'testcookie', 'redirect_to']	action=https://globalwellnessstore.com/wp-login.php
LOGIN: gorgeouscaptures.com	/admin/	fields=['log', 'pwd', 'rememberme', 'wp-submit', 'redirect_to', 'testcookie']	action=https://gorgeouscaptures.com/wp-login.php
LOGIN: gershon-bram.com	/admin/index.php	fields=['log', 'pwd', 'rememberme', 'wp-submit', 'redirect_to', 'testcookie', 'redirect_to']	action=https://gershon-bram.com/wp-login.php
LOGIN: gmautopro.eu.org	/admin/index.php	fields=['log', 'pwd', 'rememberme', 'wp-submit', 'redirect_to', 'testcookie']	action=http://www.gmautopro.eu.org/wp-login.php
LOGIN: guntruths.com	/admin/index.php	fields=['log', 'pwd', 'rememberme', 'wp-submit', 'redirect_to', 'testcookie']	action=https://guntruths.com/wp-login.php
LOGIN: goggingolf.com	/admin/	fields=['log', 'pwd', 'rememberme', 'wp-submit', 'redirect_to', 'testcookie']	action=https://goggingolf.com/wp-login.php
LOGIN: goldeneyetrue.com	/admin/index.php	fields=['log', 'pwd', 'rememberme', 'wp-submit', 'redirect_to', 'testcookie']	action=https://goldeneyetrue.com/wp-login.php
LOGIN: goodtexintl.com	/admin/index.php	fields=['log', 'pwd', 'rememberme', 'wp-submit', 'redirect_to', 'testcookie', 'redirect_to']	action=https://goodtexintl.com/wp-login.php
LOGIN: give.sos-usa.org	/admin/	fields=['__CMSCsrfToken', '__EVENTTARGET', '__EVENTARGUMENT', '__VIEWSTATE', '__VIEWSTATEGENERATOR', '__EVENTVALIDATION', 'Login1$UserName', 'Login1$Password']	action=http://give.sos-usa.org/./logon.aspx?ReturnUrl=%2fAdmin%2fCM
LOGIN: greenlightservices.com	/admin/index.php	fields=['log', 'pwd', 'rememberme', 'wp-submit', 'redirect_to', 'testcookie']	action=https://greenlightservices.com/wp-login.php
LOGIN: goodnewslibrary.com	/admin/index.php	fields=['log', 'pwd', 'rememberme', 'wp-submit', 'redirect_to', 'testcookie']	action=https://goodnewslibrary.com/wp-login.php
LOGIN: gursel.biz	/admin/login.php	fields=['csrf_token', 'username', 'password']	action=http://gursel.biz/admin/login.php
LOGIN: garagedoors-auburnwa.com	/admin/index.php	fields=['log', 'pwd', 'rememberme', 'wp-submit', 'redirect_to', 'testcookie']	action=https://garagedoors-auburnwa.com/wp-login.php
LOGIN: gaysplanet.com	/admin/index.php	fields=['log', 'pwd', 'rememberme', 'wp-submit', 'redirect_to', 'testcookie', 'redirect_to']	action=https://www.gaysplanet.com/wp-login.php
LOGIN: haoxi.org	/admin/	fields=[]	action=http://haoxi.org/#
LOGIN: guanxinic.com	/admin.php	fields=['username', 'password', 'checkcode', 'site_id', 'ttt']	action=http://guanxinic.com/admin.php
LOGIN: guatemala.forchildren.com	/admin/login.php	fields=['csrfmiddlewaretoken', 'email', 'password', 'next']	action=http://guatemala.forchildren.com/.
LOGIN: haolandoor.com	/admin/login.php	fields=['action', 'uuid', 'loginId', 'username', 'password']	action=http://haolandoor.com/login.php
LOGIN: hammill-institute.org	/admin/	fields=['log', 'pwd', 'rememberme', 'wp-submit', 'redirect_to', 'testcookie']	action=https://hammill-institute.org/wp-login.php
LOGIN: giacomobellazzi.com	/admin/	fields=['log', 'pwd', 'rememberme', 'wp-submit', 'redirect_to', 'testcookie', 'redirect_to']	action=https://giacomobellazzi.com/wp-login.php
LOGIN: goodcycles.org	/admin/index.php	fields=['log', 'pwd', 'rememberme', 'wp-submit', 'redirect_to', 'testcookie', 'redirect_to']	action=https://www.goodcycles.org.au/wp-login.php
LOGIN: haiti.forchildren.com	/admin/login.php	fields=['csrfmiddlewaretoken', 'email', 'password', 'next']	action=http://haiti.forchildren.com/.
LOGIN: harmoniahealthcare.com	/admin/	fields=['log', 'pwd', 'rememberme', 'wp-submit', 'redirect_to', 'testcookie', 'redirect_to']	action=https://www.islingtonmetal.com/wp-login.php
LOGIN: happinesstimes.com	/admin/index.php	fields=['log', 'pwd', 'rememberme', 'wp-submit', 'redirect_to', 'testcookie']	action=http://happinesstimes.com/wp-login.php?wpe-login=true
LOGIN: harterventures.com	/admin/	fields=['log', 'pwd', 'rememberme', 'wp-submit', 'redirect_to', 'testcookie']	action=http://harterventures.com/wp-login.php
LOGIN: greenjav.com	/admin/index.php	fields=['log', 'pwd', 'rememberme', 'wp-submit', 'redirect_to', 'testcookie']	action=https://greenjav.com/wp-login.php
LOGIN: haidinghvac.com	/admin/	fields=['log', 'pwd', 'rememberme', 'wp-submit', 'redirect_to', 'testcookie', 'redirect_to']	action=https://haidinghvac.com/wp-login.php
LOGIN: greenzay.com	/admin/index.php	fields=['log', 'pwd', 'rememberme', 'wp-submit', 'redirect_to', 'testcookie']	action=https://greenzay.com/wp-login.php
LOGIN: h-poly.com	/manage/	fields=['account', 'password', 'captcha', 'code']	action=http://h-poly.com/manage/login/login.html
LOGIN: hashgraph.com	/admin/index.php	fields=['log', 'pwd', 'rememberme', 'wp-submit', 'redirect_to', 'testcookie']	action=https://hashgraph.com/wp-login.php?wpe-login=true
LOGIN: happilyheather.com	/admin/index.php	fields=['log', 'pwd', 'rememberme', 'wp-submit', 'redirect_to', 'testcookie']	action=https://happilyheather.com/wp-login.php
LOGIN: hffuding.com	/admin/	fields=['__RequestVerificationToken', 'UserName', 'Password', 'submit']	action=http://hffuding.com/admin/login.html?ReturnUrl=%2fadmin%2f
LOGIN: hcsrepair.com	/admin/	fields=['log', 'pwd', 'rememberme', 'wp-submit', 'redirect_to', 'testcookie']	action=https://hcsrepair.com/wp-login.php?wpe-login=true
LOGIN: gulfrecliners.com	/admin/	fields=['log', 'pwd', 'rememberme', 'wp-submit', 'redirect_to', 'testcookie']	action=https://gulfrecliners.com/wp-login.php
LOGIN: hfbodu.com	/admin/	fields=['__RequestVerificationToken', 'UserName', 'Password', 'submit']	action=http://hfbodu.com/admin/login.html?ReturnUrl=%2fadmin%2f
LOGIN: harekrishnavillage.org	/admin/index.php	fields=['log', 'pwd', 'rememberme', 'wp-submit', 'redirect_to', 'testcookie']	action=https://harekrishnavillage.org/wp-login.php
LOGIN: gotaticket.com	/admin/index.php	fields=['log', 'pwd', 'rememberme', 'wp-submit', 'redirect_to', 'testcookie']	action=https://gotaticket.com/wp-login.php
LOGIN: hfxsyw.com	/admin/	fields=['__RequestVerificationToken', 'UserName', 'Password', 'submit']	action=http://hfxsyw.com/admin/login.html?ReturnUrl=%2fadmin%2f
LOGIN: helpmecompost.com	/admin/	fields=['log', 'pwd', 'rememberme', 'wp-submit', 'redirect_to', 'testcookie']	action=https://helpmecompost.com/wp-login.php
LOGIN: healthcoach.stylemixthemes.com	/admin/	fields=['log', 'pwd', 'rememberme', 'wp-submit', 'redirect_to', 'testcookie']	action=https://healthcoach.stylemixthemes.com/wp-login.php
LOGIN: hfwdhqc.com	/admin/	fields=['__RequestVerificationToken', 'UserName', 'Password', 'submit']	action=http://hfwdhqc.com/admin/login.html?ReturnUrl=%2fadmin%2f
LOGIN: hnstbkj.com	/admin/login.php	fields=['username', 'password', 'verify', 'ok']	action=http://hnstbkj.com/
LOGIN: hiroteck.com	/admin.php	fields=['formcheck', 'username', 'password', 'checkcode']	action=http://hiroteck.com/admin.php/Index/login
LOGIN: hanseatic-maritime.com	/admin/index.php	fields=['log', 'pwd', 'rememberme', 'wp-submit', 'redirect_to', 'testcookie']	action=https://fmc.international/wp-login.php
LOGIN: hnsgdjx.com	/admin/login.php	fields=['username', 'password', 'verify', 'ok']	action=http://hnsgdjx.com/
LOGIN: hndsyjx.com	/admin/login.php	fields=['username', 'password', 'verify', 'ok']	action=http://hndsyjx.com/
LOGIN: hdas.biz	/admin/index.php	fields=['log', 'pwd', 'wpa_initiator', 'rememberme', 'wp-submit', 'redirect_to', 'testcookie']	action=https://www.hdas.biz/wp-login.php?wpe-login=true
LOGIN: hmfalah.com	/admin/index.php	fields=['log', 'pwd', 'rememberme', 'wp-submit', 'redirect_to', 'testcookie']	action=https://hmfalah.com/wp-login.php
LOGIN: heretohlepyou.com	/admin/index.php	fields=['log', 'pwd', 'rememberme', 'wp-submit', 'redirect_to', 'testcookie', 'redirect_to']	action=https://heretohlepyou.com/wp-login.php
LOGIN: hopeforfulanis.org	/admin/index.php	fields=['log', 'pwd', 'rememberme', 'wp-submit', 'redirect_to', 'testcookie']	action=https://hopeforfulanis.org/wp-login.php
LOGIN: halal-world.com	/admin/index.php	fields=['log', 'pwd', 'rememberme', 'wp-submit', 'redirect_to', 'testcookie']	action=https://halal-world.com/wp-login.php
LOGIN: hfcmn.com	/admin/	fields=['__RequestVerificationToken', 'UserName', 'Password', 'submit']	action=http://hfcmn.com/admin/login.html?ReturnUrl=%2fadmin%2f
LOGIN: hipercasinobonus.com	/admin/index.php	fields=['log', 'pwd', 'rememberme', 'wp-submit', 'redirect_to', 'testcookie', 'redirect_to']	action=https://hipercasinobonus.com/wp-login.php
LOGIN: highendrehab.com	/admin/index.php	fields=['log', 'pwd', 'rememberme', 'wp-submit', 'redirect_to', 'testcookie']	action=https://www.highendrehab.com/wp-login.php
LOGIN: holidaysandobservances.net	/admin/	fields=['log', 'pwd', 'rememberme', 'wp-submit', 'redirect_to', 'testcookie', 'redirect_to']	action=https://holidaysandobservances.net/wp-login.php
LOGIN: hotdevelopments.com	/admin/index.php	fields=['log', 'pwd', 'rememberme', 'wp-submit', 'redirect_to', 'testcookie']	action=https://hotdevelopments.com/wp-login.php
LOGIN: hollywoodrolls.com	/admin/	fields=['log', 'pwd', 'rememberme', 'wp-submit', 'redirect_to', 'testcookie']	action=https://hollywoodrolls.com/wp-login.php
LOGIN: hiproficiency.com	/admin/index.php	fields=['log', 'pwd', 'wpcloud_bb_session', 'rememberme', 'wp-submit', 'redirect_to', 'testcookie']	action=https://hiproficiency.com/wp-login.php
LOGIN: huaguansy.com	/admin/login.php	fields=['username', 'password', 'verify', 'ok']	action=http://huaguansy.com/
LOGIN: hoannguyenvi.com	/admin/	fields=['log', 'pwd', 'rememberme', 'wp-submit', 'redirect_to', 'testcookie', 'redirect_to']	action=https://rtpuniplay.best/wp-login.php
LOGIN: homemell.com	/admin/	fields=['log', 'pwd', 'rememberme', 'wp-submit', 'redirect_to', 'testcookie']	action=https://homemell.com/wp-login.php
LOGIN: hgsolutionscr.com	/admin/index.php	fields=['log', 'pwd', 'g-recaptcha-response', 'rememberme', 'wp-submit', 'redirect_to', 'testcookie', 'redirect_to']	action=https://www.hgsolutionscr.com/wp-login.php
LOGIN: honduras.forchildren.com	/admin/login.php	fields=['csrfmiddlewaretoken', 'email', 'password', 'next']	action=http://honduras.forchildren.com/.
LOGIN: htck.net	/admin/login.php	fields=['username', 'password', 'verify', 'ok']	action=http://htck.net/
LOGIN: huaxiaolu.com	/admin/	fields=['action', 'username', 'password', 'rememberme', 'redirect_to']	action=http://huaxiaolu.com/
LOGIN: homegrownni.com	/admin/index.php	fields=['log', 'pwd', 'rememberme', 'wp-submit', 'redirect_to', 'testcookie', 'redirect_to']	action=https://homegrownni.com/wp-login.php
LOGIN: hopplaw.com	/admin/	fields=['log', 'pwd', 'rememberme', 'wp-submit', 'redirect_to', 'testcookie']	action=https://hopplaw.com/wp-login.php
LOGIN: hurricaneshutters.com	/admin/index.php	fields=['username', 'password']	action=https://hurricaneshutters.com/admin/index.php?route=common/l
LOGIN: hzshtjc.com	/admin/login.php	fields=['action', 'uuid', 'loginId', 'username', 'password']	action=http://hzshtjc.com/login.php
LOGIN: huludan.com	/admin.php	fields=['username', 'password', 'captcha']	action=http://huludan.com/login.php
LOGIN: huertasconsulting.com	/admin/index.php	fields=['logout', 'login_user', 'pass_user']	action=http://huertasconsulting.com/
LOGIN: hgint.com	/admin/	fields=['log', 'pwd', 'rememberme', 'wp-submit', 'redirect_to', 'testcookie']	action=https://hgint.com/wp-login.php
LOGIN: hourglasshomes.com	/admin/index.php	fields=['log', 'pwd', 'rememberme', 'wp-submit', 'redirect_to', 'testcookie']	action=https://hourglasshomes.com/wp-login.php
LOGIN: hpengineeringbd.com	/admin/index.php	fields=['log', 'pwd', 'rememberme', 'wp-submit', 'redirect_to', 'testcookie']	action=https://hpengineeringbd.com/wp-login.php
LOGIN: icilome.com	/admin/index.php	fields=['log', 'pwd', 'rememberme', 'wp-submit', 'redirect_to', 'testcookie']	action=https://icilome.com/wp-login.php
LOGIN: icemaidencakes.com	/admin/index.php	fields=['log', 'pwd', 'rememberme', 'wp-submit', 'redirect_to', 'testcookie']	action=https://www.icemaidencakes.com/wp-login.php
LOGIN: huaxujc.com	/admin/	fields=['__RequestVerificationToken', 'UserName', 'Password', 'submit']	action=http://huaxujc.com/admin/login.html?ReturnUrl=%2fadmin%2f
LOGIN: ibamegastore.com	/admin/index.php	fields=['log', 'pwd', 'rememberme', 'wp-submit', 'redirect_to', 'testcookie', 'redirect_to']	action=https://ibamegastore.com/wp-login.php
LOGIN: indonesia.forchildren.com	/admin/login.php	fields=['csrfmiddlewaretoken', 'email', 'password', 'next']	action=http://indonesia.forchildren.com/.
LOGIN: ia-bcshome.com	/admin/index.php	fields=['log', 'pwd', 'rememberme', 'wp-submit', 'redirect_to', 'testcookie', 'redirect_to']	action=https://ia-bcshome.com/wp-login.php
LOGIN: huspi.com	/admin/index.php	fields=['log', 'pwd', 'rememberme', 'wp-submit', 'redirect_to', 'testcookie']	action=https://huspi.com/wp-login.php
LOGIN: ibextechnologygroup.com	/admin/	fields=['log', 'pwd', 'rememberme', 'wp-submit', 'redirect_to', 'testcookie']	action=https://ibextechnologygroup.com/wp-login.php
LOGIN: improvtx.com	/admin/	fields=['log', 'pwd', 'rememberme', 'wp-submit', 'redirect_to', 'testcookie']	action=https://improvtx.com/wp-login.php
LOGIN: ihaique.com	/admin/index.php	fields=['username', 'password', 'no-captcha', 'captchas', 'remember', 'act']	action=http://ihaique.com/privilege.php
LOGIN: hsfoundation.org	/admin/index.php	fields=['log', 'pwd', 'rememberme', 'wp-submit', 'redirect_to', 'testcookie']	action=https://www.hsfoundation.org/wp-login.php
LOGIN: impactcoop.org	/admin/	fields=['username', 'password', 'login', 'remember_login_feature', 'username', 'password', 'login', 'remember_login_feature']	action=http://impactcoop.org/3008/
LOGIN: immunedata.org	/login.php	fields=['txt_uemail', 'txt_password']	action=http://immunedata.org/login.php
LOGIN: info-extremechat.com	/manage/	fields=['searchGender', 'searchGender', 'gender', 'gender', 'username', 'password', 'email', 'username']	action=http://info-extremechat.com/user/register
LOGIN: impact-initiatives.org	/admin/index.php	fields=['log', 'pwd', 'g-recaptcha-response', 'rememberme', 'wp-submit', 'redirect_to', 'testcookie', 'redirect_to']	action=https://www.impact-initiatives.org/wp-login.php
LOGIN: indianamuseum.org	/login.php	fields=['log', 'pwd', 'rememberme', 'wp-submit', 'redirect_to', 'testcookie']	action=https://www.indianamuseum.org/wp-login.php?wpe-login=true
LOGIN: ibrijesh.com	/admin/index.php	fields=['log', 'pwd', 'rememberme', 'wp-submit', 'redirect_to', 'testcookie']	action=https://ibrijesh.com/wp-login.php
LOGIN: inyalearning.com	/admin.php	fields=['logout', 'login_user', 'pass_user']	action=http://inyalearning.com/
LOGIN: iqtradings.com	/admin/	fields=['_method', 'data[Admin][username]', 'data[Admin][password]']	action=http://iqtradings.com/admin/
LOGIN: illinoisraptorcenter.org	/admin/index.php	fields=['log', 'pwd', 'rememberme', 'wp-submit', 'redirect_to', 'testcookie']	action=https://illinoisraptorcenter.org/wp-login.php
LOGIN: investor.starsmicro.com	/admin/	fields=['log', 'pwd', 'rememberme', 'wp-submit', 'redirect_to', 'testcookie']	action=https://investor.starsmicro.com/wp-login.php
LOGIN: impelvate.com	/admin/index.php	fields=['log', 'pwd', 'rememberme', 'wp-submit', 'redirect_to', 'testcookie']	action=https://impelvate.com/wp-login.php
LOGIN: impermeabilizantes.seowebmx.com	/admin/index.php	fields=['log', 'pwd', 'rememberme', 'wp-submit', 'redirect_to', 'testcookie', 'redirect_to']	action=https://impermeabilizantes.seowebmx.com/wp-login.php
LOGIN: iimagedesign.com	/admin/index.php	fields=['log', 'pwd', 'rememberme', 'wp-submit', 'redirect_to', 'testcookie']	action=https://iimagedesign.com/wp-login.php
LOGIN: itechandrepairsva.com	/admin/	fields=['user', 'pass']	action=http://itechandrepairsva.com/admin/login
LOGIN: israelnews.org	/admin/index.php	fields=['log', 'pwd', 'rememberme', 'wp-submit', 'redirect_to', 'testcookie']	action=https://israelnews.org/wp-login.php
LOGIN: indesignelements.com	/admin/index.php	fields=['log', 'pwd', 'rememberme', 'wp-submit', 'redirect_to', 'testcookie']	action=https://indesignelements.com/wp-login.php
LOGIN: insightwebhosting.net	/login.php	fields=['token', 'search', 'token', 'username', 'password', 'rememberme']	action=http://insightwebhosting.net/knowledgebase.php?action=search
LOGIN: indiancity.com	/admin/index.php	fields=['log', 'pwd', 'rememberme', 'wp-submit', 'redirect_to', 'testcookie']	action=https://indiancity.com/wp-login.php
LOGIN: ivadog.com	/admin/	fields=['log', 'pwd', 'rememberme', 'wp-submit', 'redirect_to', 'testcookie']	action=https://ivadog.com/wp-login.php
LOGIN: investmentindubai.com	/admin/index.php	fields=['log', 'pwd', 'rememberme', 'wp-submit', 'redirect_to', 'testcookie']	action=https://investmentindubai.com/wp-login.php
LOGIN: iddaily.net	/admin/index.php	fields=['log', 'pwd', 'rememberme', 'wp-submit', 'redirect_to', 'testcookie', 'redirect_to']	action=https://www.iddaily.net/wp-login.php
LOGIN: incatrailexpeditions.com	/admin/index.php	fields=['log', 'pwd', 'rememberme', 'wp-submit', 'redirect_to', 'testcookie', 'redirect_to']	action=https://incatrailexpeditions.com/wp-login.php
LOGIN: ipgsf.com	/admin/index.php	fields=['log', 'pwd', 'rememberme', 'wp-submit', 'redirect_to', 'testcookie']	action=https://ipgsf.com/wp-login.php
LOGIN: imopalheiro.com	/admin/index.php	fields=['log', 'pwd', 'rememberme', 'wp-submit', 'redirect_to', 'testcookie']	action=https://www.imopalheiro.com/wp-login.php
LOGIN: jacaranda.com	/login.php	fields=['log', 'pwd', 'rememberme', 'wp-submit', 'redirect_to', 'testcookie']	action=https://jacaranda.com/wp-login.php?wpe-login=true
LOGIN: invest4land.com	/admin/	fields=['log', 'pwd', 'rememberme', 'wp-submit', 'redirect_to', 'testcookie', 'redirect_to']	action=https://www.invest4land.com/wp-login.php
LOGIN: jainrasoi.com	/admin/login	fields=['s', 'login', 'password', 'wp-submit', 'log', 'pwd', '_wp_original_http_referer', 'rememberme']	action=https://www.jainrasoi.com/
LOGIN: jafworks.com	/admin/index.php	fields=['log', 'pwd', 'rememberme', 'wp-submit', 'redirect_to', 'testcookie']	action=https://www.jafworks.com/wp-login.php
LOGIN: itfbrasil.com	/admin/index.php	fields=['log', 'pwd', 'rememberme', 'wp-submit', 'redirect_to', 'testcookie', 'redirect_to']	action=https://itfbrasil.com/wp-login.php
LOGIN: isca.uk.com	/admin/index.php	fields=['log', 'pwd', 'rememberme', 'wp-submit', 'redirect_to', 'testcookie']	action=https://www.isca.uk.com/wp-login.php
LOGIN: jewishvirtuallibrary.org	/admin/	fields=[]	action=http://jewishvirtuallibrary.org/admin/
LOGIN: jhjhcb.com	/admin/login.php	fields=['action', 'uuid', 'loginId', 'username', 'password']	action=http://jhjhcb.com/login.php
LOGIN: jckonline.com	/admin/	fields=['log', 'pwd', 'rememberme', 'wp-submit', 'redirect_to', 'testcookie']	action=https://www.jckonline.com/wp-login.php
LOGIN: jerseycaperealty.com	/admin/login	fields=['email', 'password']	action=http://jerseycaperealty.com/admin/login/
LOGIN: izmedya.com	/admin/index.php	fields=['log', 'pwd', 'rememberme', 'wp-submit', 'redirect_to', 'testcookie', 'redirect_to']	action=https://izmedya.com/wp-login.php
LOGIN: jayantisolanki.com	/admin/index.php	fields=['log', 'pwd', 'rememberme', 'wp-submit', 'redirect_to', 'testcookie']	action=https://jayantisolanki.com/wp-login.php
LOGIN: itsmiddletown.org	/admin/index.php	fields=['log', 'pwd', 'rememberme', 'wp-submit', 'redirect_to', 'testcookie']	action=https://itsmiddletown.org/wp-login.php
LOGIN: jdsroofrescue.eu.org	/admin/index.php	fields=['log', 'pwd', 'rememberme', 'wp-submit', 'redirect_to', 'testcookie']	action=http://www.jdsroofrescue.eu.org/wp-login.php
LOGIN: hivainco.com	/admin/index.php	fields=['log', 'pwd', 'rememberme', 'wp-submit', 'redirect_to', 'testcookie', 'redirect_to']	action=https://hivainco.com/wp-login.php
LOGIN: jjpybf.com	/admin.php	fields=['formcheck', 'username', 'password', 'checkcode']	action=http://jjpybf.com/admin.php?p=/Index/login
LOGIN: imsteks.com	/admin/index.php	fields=['log', 'pwd', 'rememberme', 'wp-submit', 'redirect_to', 'testcookie', 'redirect_to']	action=http://imsteks.com/wp-login.php
LOGIN: jlhcn.cn	/admin/login.php	fields=['action', 'uuid', 'loginId', 'username', 'password']	action=http://jlhcn.cn/login.php
LOGIN: jeremyjamesfl.com	/admin/	fields=['log', 'pwd', 'rememberme', 'wp-submit', 'redirect_to', 'testcookie']	action=https://jeremyjamesfl.com/wp-login.php
LOGIN: jillsivert.com	/admin/index.php	fields=['log', 'pwd', 'rememberme', 'wp-submit', 'redirect_to', 'testcookie']	action=https://jillsivert.com/wp-login.php
LOGIN: jasonrichards.org	/admin/index.php	fields=['log', 'pwd', 'rememberme', 'wp-submit', 'redirect_to', 'testcookie', 'redirect_to']	action=https://www.jasonrichards.org/wp-login.php
LOGIN: jhnew.com	/admin/login.php	fields=['gotopage', 'dopost', 'userid', 'pwd']	action=http://jhnew.com/login.php
LOGIN: jaipurflooring.com	/admin/index.php	fields=['log', 'pwd', 'rememberme', 'wp-submit', 'redirect_to', 'testcookie']	action=https://jaipurflooring.com/wp-login.php
LOGIN: javagyansite.com	/admin/index.php	fields=['log', 'pwd', 'rememberme', 'wp-submit', 'redirect_to', 'testcookie']	action=https://javagyansite.com/wp-login.php
LOGIN: job.xidian.edu.cn	/admin/	fields=['UserULoginForm[username]', 'UserULoginForm[password]', 'UserULoginForm[verifyCode]', 'UserULoginForm[rememberMe]', 'UserULoginForm[rememberMe]', 'yt0']	action=http://job.xidian.edu.cn/admin/default/login
LOGIN: jrp-precision.com	/admin/login.php	fields=['action', 'uuid', 'loginId', 'username', 'password']	action=http://jrp-precision.com/login.php
LOGIN: job.neu.edu.cn	/admin/	fields=['UserULoginForm[username]', 'UserULoginForm[password]', 'UserULoginForm[verifyCode]', 'UserULoginForm[rememberMe]', 'UserULoginForm[rememberMe]', 'yt0']	action=http://job.neu.edu.cn/admin/default/login
LOGIN: jetaport.com	/admin/index.php	fields=['log', 'pwd', 'rememberme', 'wp-submit', 'redirect_to', 'testcookie']	action=https://www.jetaport.com/wp-login.php
LOGIN: johnaotte.com	/admin/	fields=['password']	action=http://johnaotte.com/login
LOGIN: izumitherapy.com	/admin/	fields=['log', 'pwd', 'rememberme', 'wp-submit', 'redirect_to', 'testcookie']	action=https://izumitherapy.com/wp-login.php
LOGIN: jdbookservices.com	/admin/index.php	fields=['log', 'pwd', 'rememberme', 'wp-submit', 'redirect_to', 'testcookie']	action=https://www.jdbookservices.com/wp-login.php
LOGIN: iranontrip.com	/admin/index.php	fields=['log', 'pwd', 'rememberme', 'wp-submit', 'redirect_to', 'testcookie']	action=https://iranontrip.com/wp-login.php
LOGIN: jessicajpackard.com	/admin/index.php	fields=['log', 'pwd', 'rememberme', 'wp-submit', 'redirect_to', 'testcookie']	action=https://www.jessicajpackard.com/wp-login.php
LOGIN: jrhqd.com	/admin.php	fields=['formcheck', 'username', 'password', 'checkcode']	action=http://jrhqd.com/admin.php?p=/Index/login
LOGIN: junyugas.com	/admin/login.php	fields=['action', 'uuid', 'loginId', 'username', 'password']	action=http://junyugas.com/login.php
LOGIN: judaspriest-namegenerator.com	/admin/login.php	fields=['csrfmiddlewaretoken', 'username', 'password', 'next']	action=http://judaspriest-namegenerator.com/admin/login/?next=/admi
LOGIN: jshwjxkj.com	/admin/login.php	fields=['action', 'uuid', 'loginId', 'username', 'password']	action=http://jshwjxkj.com/login.php
LOGIN: julongjt.com	/admin/	fields=['__RequestVerificationToken', 'UserName', 'Password', 'submit']	action=http://julongjt.com/admin/login.html?ReturnUrl=%2fadmin%2f
LOGIN: johnsteelman.com	/admin/	fields=['log', 'pwd', 'rememberme', 'wp-submit', 'redirect_to', 'testcookie']	action=https://johnsteelman.com/wp-login.php
LOGIN: jsty.com	/admin/	fields=['csrfprotect', 'auth_code', 'saas_u', 'saas_p', 'vertify', 'remenber', 'remember', 'submit']	action=http://jsty.com/
LOGIN: joomlat.com	/admin/	fields=['log', 'pwd', 'rememberme', 'wp-submit', 'redirect_to', 'testcookie']	action=https://joomlahandbook.com/wp-login.php
LOGIN: irandarsafar.com	/admin/index.php	fields=['log', 'pwd', 'rememberme', 'wp-submit', 'redirect_to', 'testcookie']	action=http://www.irandarsafar.com/wp-login.php
LOGIN: jzglulam.com	/admin/login.php	fields=['action', 'uuid', 'loginId', 'username', 'password']	action=http://jzglulam.com/login.php
LOGIN: joyfulneuro.com	/admin/index.php	fields=['log', 'pwd', 'rememberme', 'wp-submit', 'redirect_to', 'testcookie']	action=https://joyfulneuro.com/wp-login.php
LOGIN: jzglulam.cn	/admin/login.php	fields=['action', 'uuid', 'loginId', 'username', 'password']	action=http://jzglulam.cn/login.php
LOGIN: katkariacreations.com	/admin/index.php	fields=['username', 'password']	action=http://katkariacreations.com/admin/index.php
LOGIN: jwfarmpainting.com	/admin/	fields=['log', 'pwd', 'rememberme', 'wp-submit', 'redirect_to', 'testcookie']	action=https://jwfarmpainting.com/wp-login.php
LOGIN: kenicable.com	/admin/login.php	fields=['action', 'uuid', 'loginId', 'username', 'password']	action=http://kenicable.com/login.php
LOGIN: junchang.xyz	/admin/	fields=['log', 'pwd', 'rememberme', 'wp-submit', 'redirect_to', 'testcookie']	action=https://junchang.xyz/wp-login.php
LOGIN: jzsycy.com	/admin/	fields=['__RequestVerificationToken', 'UserName', 'Password', 'submit']	action=http://jzsycy.com/admin/login.html?ReturnUrl=%2fadmin%2f
LOGIN: kaiyandianli.com	/admin/	fields=['__RequestVerificationToken', 'UserName', 'Password', 'submit']	action=http://kaiyandianli.com/admin/login.html?ReturnUrl=%2fadmin%
LOGIN: keterlife.com	/admin/index.php	fields=['log', 'pwd', 'rememberme', 'wp-submit', 'redirect_to', 'testcookie']	action=https://keterlife.com/wp-login.php
LOGIN: jonsav.com	/admin/index.php	fields=['log', 'pwd', 'rememberme', 'wp-submit', 'redirect_to', 'testcookie']	action=https://jonsav.com/wp-login.php
LOGIN: justoatiempo.org	/admin/	fields=['s', 'king-night', 's', 'username', 'password', 'rememberme', 'login_form_nonce', '_wp_http_referer']	action=https://justoatiempo.org/
LOGIN: kahler-i-tivoli.com	/admin/	fields=['_token', 'email', 'password', 'remember']	action=https://www.kahler-i-tivoli.com/adminlogin
LOGIN: irmikro.com	/admin/	fields=['log', 'pwd', 'rememberme', 'wp-submit', 'redirect_to', 'testcookie', 'redirect_to']	action=https://irmikro.com/wp-login.php
LOGIN: ke.docin.com	/login.php	fields=['forward', 'username', 'password', 'showcode4login', 'loginfalsecode', 'forward', 'from', 'login_tel_q']	action=http://ke.docin.com/app/login
LOGIN: katiekassel.com	/admin/index.php	fields=['log', 'pwd', 'rememberme', 'wp-submit', 'redirect_to', 'testcookie']	action=https://www.katiekassel.com/wp-login.php
LOGIN: khalilantoun.com	/admin/index.php	fields=['log', 'pwd', 'rememberme', 'wp-submit', 'redirect_to', 'testcookie']	action=https://khalilantoun.com/wp-login.php
LOGIN: katinyman.com	/admin/index.php	fields=['log', 'pwd', 'rememberme', 'wp-submit', 'redirect_to', 'testcookie', 'redirect_to']	action=https://katinyman.com/wp-login.php
LOGIN: keysandcrossmedia.com	/admin/	fields=['log', 'pwd', 'rememberme', 'wp-submit', 'redirect_to', 'testcookie']	action=https://keysandcrossmedia.com/wp-login.php
LOGIN: khazarelectron.com	/admin/index.php	fields=['log', 'pwd', 'rememberme', 'wp-submit', 'redirect_to', 'testcookie', 'redirect_to']	action=https://khazarelectron.com/wp-login.php
LOGIN: khmerlisting.com	/admin/	fields=['log', 'pwd', 'rememberme', 'wp-submit', 'redirect_to', 'testcookie']	action=https://khmerlisting.com/wp-login.php
LOGIN: kirschner-panos.info	/admin/index.php	fields=['log', 'pwd', 'rememberme', 'wp-submit', 'redirect_to', 'testcookie']	action=https://kirschner-panos.info/wp-login.php
LOGIN: kingstonfieldnaturalists.org	/admin/index.php	fields=['log', 'pwd', 'rememberme', 'wp-submit', 'redirect_to', 'testcookie']	action=https://kingstonfieldnaturalists.org/wp-login.php
LOGIN: kemisk.com	/admin/index.php	fields=['log', 'pwd', 'rememberme', 'wp-submit', 'redirect_to', 'testcookie']	action=https://kemisk.com/wp-login.php
LOGIN: klpenanglogistic.com	/admin/index.php	fields=['log', 'pwd', 'rememberme', 'wp-submit', 'redirect_to', 'testcookie']	action=https://klpenanglogistic.com/wp-login.php
LOGIN: kimannehotra.com	/admin/	fields=['log', 'pwd', 'rememberme', 'wp-submit', 'redirect_to', 'testcookie']	action=https://kimannehotra.com/wp-login.php
LOGIN: ksgzjx.com	/admin/login.php	fields=['action', 'uuid', 'loginId', 'username', 'password']	action=http://ksgzjx.com/login.php
LOGIN: kids.lojasdix.com	/admin/index.php	fields=['log', 'pwd', 'rememberme', 'wp-submit', 'redirect_to', 'testcookie', 'redirect_to']	action=https://kids.lojasdix.com/wp-login.php
LOGIN: kinsta.clintonelectronics.com	/admin/	fields=['log', 'pwd', 'rememberme', 'wp-submit', 'redirect_to', 'testcookie']	action=https://www.clintonelectronics.com/wp-login.php
LOGIN: ksliwei.com	/admin/login.php	fields=['action', 'uuid', 'username', 'password']	action=http://ksliwei.com/login.php
LOGIN: kavoshjob.com	/admin/index.php	fields=['log', 'pwd', 'rememberme', 'wp-submit', 'redirect_to', 'testcookie', 'redirect_to']	action=https://kavoshjob.com/wp-login.php
LOGIN: ksayk.com	/admin/login.php	fields=['action', 'uuid', 'loginId', 'username', 'password']	action=http://ksayk.com/login.php
LOGIN: korpinen.com	/admin.php	fields=['return_path', 'csrf_token', 'username', 'password', 'submit']	action=http://korpinen.com/admin.php?/cp/login/authenticate
LOGIN: ksjcled.com	/admin/login.php	fields=['action', 'uuid', 'loginId', 'username', 'password']	action=http://ksjcled.com/login.php
LOGIN: kos.nova-dine.com	/admin/	fields=['log', 'pwd', 'rememberme', 'wp-submit', 'redirect_to', 'testcookie']	action=https://ddc-dine.com/wp-login.php
LOGIN: keapsyourcarinmotion.com	/admin/index.php	fields=['log', 'pwd', 'rememberme', 'wp-submit', 'redirect_to', 'testcookie']	action=https://www.keaps.nl/wp-login.php
LOGIN: ksxyydz.com	/admin/login.php	fields=['action', 'uuid', 'username', 'password']	action=http://ksxyydz.com/login.php
LOGIN: kszhuyan.com	/admin/login.php	fields=['action', 'uuid', 'username', 'password']	action=http://kszhuyan.com/login.php
LOGIN: ksmend.com	/admin/login.php	fields=['action', 'uuid', 'loginId', 'username', 'password']	action=http://ksmend.com/login.php
LOGIN: ksyhcy.com	/admin/login.php	fields=['action', 'uuid', 'loginId', 'username', 'password']	action=http://ksyhcy.com/login.php
LOGIN: kidsinflight.org	/admin/index.php	fields=['log', 'pwd', 'rememberme', 'wp-submit', 'redirect_to', 'testcookie']	action=https://kidsinflight.org/wp-login.php
LOGIN: keysnap.com	/admin/index.php	fields=['log', 'pwd', 'rememberme', 'wp-submit', 'redirect_to', 'testcookie']	action=https://keysnap.com/wp-login.php
LOGIN: kreenplus.com	/admin/index.php	fields=['log', 'pwd', 'rememberme', 'wp-submit', 'redirect_to', 'testcookie', 'redirect_to']	action=https://kreenplus.com/wp-login.php
LOGIN: ksfuhai.com	/admin/	fields=['username', 'savelogin', 't0', 't1', 't2']	action=http://ksfuhai.com/admin/
LOGIN: landmarkspinning.com	/admin/index.php	fields=['log', 'pwd', 'rememberme', 'wp-submit', 'redirect_to', 'testcookie']	action=https://landmarkspinning.com/wp-login.php
LOGIN: ksjlcc.com	/admin/login.php	fields=['action', 'uuid', 'loginId', 'username', 'password']	action=http://ksjlcc.com/login.php
LOGIN: lahzjc.com	/admin/	fields=['__RequestVerificationToken', 'UserName', 'Password', 'submit']	action=http://lahzjc.com/admin/login.html?ReturnUrl=%2fadmin%2f
LOGIN: lamoo.cn	/admin/	fields=['__VIEWSTATE', '__VIEWSTATEGENERATOR', '__EVENTVALIDATION', 'LoginNameTextBox', 'PasswordTextBox', 'SubmitButton']	action=http://lamoo.cn/Admin/Signin.aspx?returnURL=%2fadmin%2fdefau
LOGIN: l2studioarch.com	/admin/index.php	fields=['log', 'pwd', 'g-recaptcha-response', 'rememberme', 'wp-submit', 'redirect_to', 'testcookie']	action=https://l2studioarch.com/wp-login.php
LOGIN: lacocheracabaret.com	/admin/index.php	fields=['log', 'pwd', 'rememberme', 'wp-submit', 'redirect_to', 'testcookie', 'redirect_to']	action=https://lacocheracabaret.com/wp-login.php
LOGIN: law-denovo.com	/admin/	fields=['log', 'pwd', 'rememberme', 'wp-submit', 'redirect_to', 'testcookie']	action=http://law-denovo.com/wp-login.php
LOGIN: kevinnading.com	/admin/index.php	fields=['log', 'pwd', 'rememberme', 'wp-submit', 'redirect_to', 'testcookie']	action=https://www.kevinnading.com/wp-login.php
LOGIN: laverdadnica.com	/login.php	fields=['log', 'pwd', 'rememberme', 'wp-submit', 'redirect_to', 'testcookie']	action=https://laverdadnica.com/wp-login.php
LOGIN: kitchenware44.com	/admin/index.php	fields=['log', 'pwd', 'rememberme', 'wp-submit', 'redirect_to', 'testcookie', 'redirect_to']	action=https://kitchenware44.com/wp-login.php
LOGIN: kisoken.biz	/admin/index.php	fields=['log', 'pwd', 'rememberme', 'wp-submit', 'redirect_to', 'testcookie', 'redirect_to']	action=https://www.kisoken.biz/wp-login.php
LOGIN: knowledge.staffino.com	/admin/index.php	fields=['log', 'pwd', 'rememberme', 'wp-submit', 'redirect_to', 'testcookie', 'redirect_to']	action=https://wisdomhub.staffino.com/wp-login.php
LOGIN: lawcpd.com	/admin/login.php	fields=['form_key', 'login[username]', 'login[password]']	action=http://lawcpd.com/
LOGIN: leduo88.com	/admin/	fields=['username', 'password', 'captcha', 'code', 'remember']	action=http://leduo88.com/admin/
LOGIN: lanyuqp.com	/admin/login.php	fields=['action', 'username', 'password', 'checkcode']	action=http://lanyuqp.com/login.php
LOGIN: leever.cn	/admin/login	fields=[]	action=http://leever.cn/admin/login
LOGIN: lawngardeners.com	/admin/index.php	fields=['log', 'pwd', 'rememberme', 'wp-submit', 'redirect_to', 'testcookie']	action=https://lawngardeners.com/wp-login.php
LOGIN: leahlauchlan.com	/admin/	fields=['redirect_to', 'post_password', 'Submit']	action=https://leahlauchlan.com/wp-login.php?action=postpass
LOGIN: lavarunners.com	/admin/index.php	fields=['log', 'pwd', 'rememberme', 'wp-submit', 'redirect_to', 'testcookie']	action=https://lavarunners.com/wp-login.php
LOGIN: leadersynq.com	/admin/	fields=['log', 'pwd', 'rememberme', 'wp-submit', 'redirect_to', 'testcookie']	action=https://leadersynq.com/wp-login.php
LOGIN: lifebyleo.com	/admin/index.php	fields=['log', 'pwd', 'rememberme', 'wp-submit', 'redirect_to', 'testcookie']	action=https://lifebyleo.com/wp-login.php
LOGIN: lenz-auto.com	/admin/	fields=['__RequestVerificationToken', 'UserName', 'Password', 'submit']	action=http://lenz-auto.com/admin/login.html?ReturnUrl=%2fadmin%2f
LOGIN: landmarkbangkok.com	/admin/index.php	fields=['log', 'pwd', 'rememberme', 'wp-submit', 'redirect_to', 'testcookie']	action=https://www.landmarkbangkok.com/wp-login.php
LOGIN: leevedryfruits.com	/admin/index.php	fields=['log', 'pwd', 'rememberme', 'wp-submit', 'redirect_to', 'testcookie']	action=https://leevedryfruits.com/wp-login.php
LOGIN: kuberhotel.com	/admin/index.php	fields=['log', 'pwd', 'rememberme', 'wp-submit', 'redirect_to', 'testcookie']	action=https://kuberhotel.com/wp-login.php
LOGIN: lamarinaalta.com	/admin/	fields=['log', 'pwd', 'rememberme', 'wp-submit', 'redirect_to', 'testcookie', 'redirect_to']	action=https://lamarinaalta.com/wp-login.php
LOGIN: linkarabiapk.com	/admin/	fields=['log', 'pwd', 'rememberme', 'wp-submit', 'redirect_to', 'testcookie']	action=https://linkarabiapk.com/wp-login.php
LOGIN: longtir.com	/admin/login.php	fields=['action', 'uuid', 'loginId', 'username', 'password']	action=http://longtir.com/login.php
LOGIN: lincolnian.net	/admin/index.php	fields=['log', 'pwd', 'wp-remember', 'wp-sno', 'rememberme', 'wp-submit', 'redirect_to', 'testcookie']	action=https://lincolnian.net/wp-login.php
LOGIN: kraftystash.com	/admin/	fields=['log', 'pwd', 'rememberme', 'wp-submit', 'redirect_to', 'testcookie']	action=https://www.kraftystash.com/wp-login.php
LOGIN: letsgotrotting.com	/admin/index.php	fields=['log', 'pwd', 'rememberme', 'wp-submit', 'redirect_to', 'testcookie', 'redirect_to']	action=https://www.letsgotrotting.com/wp-login.php
LOGIN: levelsncurves.com	/admin/index.php	fields=['log', 'pwd', 'rememberme', 'wp-submit', 'redirect_to', 'testcookie']	action=https://www.levelsncurves.com/wp-login.php
LOGIN: lpktakahashiindonesia.com	/admin/index.php	fields=['log', 'pwd', 'rememberme', 'wp-submit', 'redirect_to', 'testcookie', 'redirect_to']	action=https://lpktakahashiindonesia.com/wp-login.php
LOGIN: live.excotrader.com	/admin/login	fields=['_token', 'email_id', 'password']	action=http://live.excotrader.com/
LOGIN: lombokgreennature.com	/admin/index.php	fields=['log', 'pwd', 'rememberme', 'wp-submit', 'redirect_to', 'testcookie']	action=https://lombokgreennature.com/wp-login.php
LOGIN: lionsroar.com	/admin/	fields=['log', 'pwd', 'rememberme', 'wp-submit', 'redirect_to', 'testcookie']	action=https://www.lionsroar.com/wp-login.php
LOGIN: londondampspecialists.com	/admin/index.php	fields=['log', 'pwd', 'rememberme', 'wp-submit', 'redirect_to', 'testcookie', 'redirect_to']	action=https://londondampspecialists.com/wp-login.php
LOGIN: lymtianyi.com	/admin/login.php	fields=['action', 'uuid', 'loginId', 'username', 'password']	action=http://lymtianyi.com/login.php
LOGIN: lwhb.com.cn	/admin/login.php	fields=['action', 'uuid', 'loginId', 'username', 'password']	action=http://lwhb.com.cn/login.php
LOGIN: lvhtebook.com	/login.php	fields=['Username', 'password', 'captcha_code']	action=http://lvhtebook.com/
LOGIN: m.ahhxzj.com	/admin/	fields=['__RequestVerificationToken', 'UserName', 'Password', 'submit']	action=http://m.ahhxzj.com/admin/login.html?ReturnUrl=%2fadmin%2f
LOGIN: littlepicklememories.com	/admin/	fields=['log', 'pwd', 'rememberme', 'wp-submit', 'redirect_to', 'testcookie', 'redirect_to']	action=https://littlepicklememories.com/wp-login.php
LOGIN: looplycase.com	/admin/index.php	fields=['log', 'pwd', 'rememberme', 'wp-submit', 'redirect_to', 'testcookie']	action=https://looplycase.com/wp-login.php
LOGIN: mail.basaltdynamics.com	/admin/login	fields=['_token', '_method', 'email', 'password', 'remember']	action=http://mail.basaltdynamics.com/admin/login
LOGIN: maichevietnam.com	/admin/	fields=['log', 'pwd', 'rememberme', 'wp-submit', 'redirect_to', 'testcookie', 'redirect_to']	action=https://maichevietnam.com/wp-login.php
LOGIN: lpoholidays.com	/admin/index.php	fields=['log', 'pwd', 'rememberme', 'wp-submit', 'redirect_to', 'testcookie']	action=https://lpoholidays.com/wp-login.php
LOGIN: mail.7x.com.cn	/admin.php	fields=['fingerprint_deviceid', 'device_type', 'device_name', 'sid', 'firstlogin', 'domain', 'aliastype', 'errtemplate']	action=http://mail.7x.com.cn/cgi-bin/login
LOGIN: liftsafe.net	/admin/index.php	fields=['log', 'pwd', 'rememberme', 'wp-submit', 'redirect_to', 'testcookie', 'redirect_to']	action=https://liftsafe.net/wp-login.php
LOGIN: mail.cyclubliveapp.com	/login.php	fields=['Username', 'Password']	action=http://mail.cyclubliveapp.com/HomePage.php
LOGIN: mail.competencias9000.com	/login.php	fields=['usuario[email]', 'usuario[clave]']	action=http://mail.competencias9000.com/login.php
LOGIN: mail.cagdasspormerkezi.com	/admin/index.php	fields=['logout', 'login_user', 'pass_user']	action=http://mail.cagdasspormerkezi.com/
LOGIN: lozzadecor.com	/admin/index.php	fields=['log', 'pwd', 'rememberme', 'wp-submit', 'redirect_to', 'testcookie']	action=https://lozzadecor.com/wp-login.php
LOGIN: lxsensor.com	/admin/	fields=['__RequestVerificationToken', 'UserName', 'Password', 'submit']	action=http://lxsensor.com/admin/login.html?ReturnUrl=%2fadmin%2f
LOGIN: mail.kjpschooljowai.com	/admin/index.php	fields=['username', 'password']	action=http://mail.kjpschooljowai.com/admin/index.php
LOGIN: mackygonzalez.com	/admin/index.php	fields=['log', 'pwd', 'rememberme', 'wp-submit', 'redirect_to', 'testcookie', 'redirect_to']	action=https://mackygonzalez.com/wp-login.php
LOGIN: mail.cocolafood.com	/admin/index.php	fields=['log', 'pwd', 'rememberme', 'wp-submit', 'redirect_to', 'testcookie']	action=http://cocolafood.com/wp-login.php
LOGIN: mail.costsmaster.com	/admin/index.php	fields=['log', 'pwd', 'rememberme', 'wp-submit', 'redirect_to', 'testcookie', 'redirect_to']	action=https://www.costsmaster.co.uk/wp/wp-login.php
LOGIN: mail.motoped.com	/admin/	fields=['email', 'password', '_remember_me', '_csrf_token']	action=http://mail.motoped.com/
LOGIN: mail.gideonhaigh.com	/admin/index.php	fields=['log', 'pwd', 'rememberme', 'wp-submit', 'redirect_to', 'testcookie']	action=http://www.gideonhaigh.com/wp-login.php
LOGIN: mail.lqky.cn	/admin/login.php	fields=['domain', 'account_name', 'secure', 'all_secure', 'language', 'pubid', 'passtype', 'referer']	action=https://entry.qiye.163.com/domain/domainEntLogin
LOGIN: magmed.net	/admin/	fields=['q', '_csrfToken', 'username', 'password']	action=http://magmed.net/admin/products
LOGIN: mail.parrysoundpets.com	/admin.php	fields=[]	action=http://mail.parrysoundpets.com/admin.php
LOGIN: mail.thaidigitalschool.com	/admin/index.php	fields=['username', 'password']	action=http://mail.thaidigitalschool.com/admin/index.php
LOGIN: maestrosdecorazon.com	/admin/index.php	fields=['log', 'pwd', 'rememberme', 'wp-submit', 'redirect_to', 'testcookie', 'redirect_to']	action=https://maestrosdecorazon.com/wp-login.php
LOGIN: mail.jafworks.com	/admin/index.php	fields=['log', 'pwd', 'rememberme', 'wp-submit', 'redirect_to', 'testcookie']	action=https://www.jafworks.com/wp-login.php
LOGIN: mail.mehsoms.net	/admin/index.php	fields=['log', 'pwd', 'g-recaptcha-response', 'rememberme', 'wp-submit', 'redirect_to', 'testcookie']	action=https://mehsoms.net/wp-login.php
LOGIN: mail.obionvotes.com	/login.php	fields=['log', 'pwd', 'redirect_slug', 'rememberme', 'wp-submit', 'redirect_to', 'testcookie']	action=https://www.obionvotes.com/wp-login.php?tnlogin3678=1
LOGIN: makscpl.com	/admin/login.php	fields=['username', 'password']	action=http://makscpl.com/admin/login.php
LOGIN: m.hfhuiyang.com	/admin/	fields=['__RequestVerificationToken', 'UserName', 'Password', 'submit']	action=http://m.hfhuiyang.com/admin/login.html?ReturnUrl=%2fadmin%2
LOGIN: mail.thosoncuago.com	/admin/index.php	fields=['log', 'pwd', 'rememberme', 'wp-submit', 'redirect_to', 'testcookie']	action=https://thosoncuago.com/wp-login.php
LOGIN: mail.legalurge.com	/admin/	fields=['log', 'pwd', 'rememberme', 'wp-submit', 'redirect_to', 'testcookie']	action=https://legalurge.com/wp-login.php
LOGIN: mail.rackstrack.com	/admin/index.php	fields=['log', 'pwd', 'rememberme', 'wp-submit', 'redirect_to', 'testcookie']	action=https://rackstrack.com/wp-login.php
LOGIN: mail.tecumotor.com	/admin/index.php	fields=['log', 'pwd', 'rememberme', 'wp-submit', 'redirect_to', 'testcookie', 'redirect_to']	action=https://www.tecumotor.com/wp-login.php
LOGIN: mail.tedxplano.org	/admin/index.php	fields=['log', 'pwd', 'rememberme', 'wp-submit', 'redirect_to', 'testcookie']	action=http://tedxplano.org/wp-login.php
LOGIN: mail.cardinalvintage.com	/admin/index.php	fields=['log', 'pwd', 'rememberme', 'wp-submit', 'redirect_to', 'testcookie', 'redirect_to']	action=https://cardinalvintage.com/wp-login.php
LOGIN: maksimasenov.org	/admin/	fields=['log', 'pwd', 'rememberme', 'wp-submit', 'redirect_to', 'testcookie', 'redirect_to']	action=https://maksimasenov.com/wp-login.php
LOGIN: marketbeatdaily.com	/admin/	fields=['_token', 'email', 'password']	action=https://marketbeatdaily.com/login
LOGIN: maltepekiralikvinc.com	/admin/index.php	fields=['log', 'pwd', 'rememberme', 'wp-submit', 'redirect_to', 'testcookie']	action=http://maltepekiralikvinc.com/wp-login.php
LOGIN: martresearch.com	/login.php	fields=['username', 'password', 'btn-log', 'name', 'email', 'reg_password', 'btn_login', 'btn_submit']	action=http://martresearch.com/login.php
LOGIN: mail.notimundovirtual.com	/admin/index.php	fields=['log', 'pwd', 'rememberme', 'wp-submit', 'redirect_to', 'testcookie', 'redirect_to']	action=https://notimundovirtual.com/wp-login.php
LOGIN: malawi.forchildren.com	/admin/login.php	fields=['csrfmiddlewaretoken', 'email', 'password', 'next']	action=http://malawi.forchildren.com/.
LOGIN: matrabali.com	/admin/	fields=['_csrf', 'LoginForm[username]', 'LoginForm[password]', 'LoginForm[rememberMe]', 'LoginForm[rememberMe]', '_csrf', 'email']	action=http://matrabali.com/admin/sign/in
LOGIN: maynuu.com	/admin/	fields=['authenticity_token', 'user[email]', 'user[password]', 'user[remember_me]', 'user[remember_me]', 'commit']	action=http://maynuu.com/users/sign_in
LOGIN: manufacturer.stylemixthemes.com	/admin/index.php	fields=['log', 'pwd', 'rememberme', 'wp-submit', 'redirect_to', 'testcookie']	action=https://manufacturer.stylemixthemes.com/wp-login.php
LOGIN: mail.codetrung.com	/admin/index.php	fields=['log', 'pwd', 'rememberme', 'wp-submit', 'redirect_to', 'testcookie', 'redirect_to']	action=https://codetrung.com/wp-login.php
LOGIN: mail.topdebrid.com	/admin/index.php	fields=['log', 'pwd', 'rememberme', 'wp-submit', 'redirect_to', 'testcookie']	action=https://topdebrid.com/wp-login.php
LOGIN: mail.spurgeonsmorningandevening.com	/admin/index.php	fields=['log', 'pwd', 'rememberme', 'wp-submit', 'redirect_to', 'testcookie']	action=https://spurgeonsmorningandevening.org/wp-login.php
LOGIN: maxwin68.com	/admin/	fields=['UserName', 'Password']	action=http://maxwin68.com/Security/ValidateCredentials
LOGIN: mdying.com	/admin/login.php	fields=['username', 'password', 'visiablepwd']	action=http://mdying.com/admin/login
LOGIN: mail.wiredsignage.com	/admin/index.php	fields=['log', 'pwd', 'rememberme', 'wp-submit', 'redirect_to', 'testcookie']	action=https://wiredsignage.com/wp-login.php
LOGIN: mail.prestigepropertymagazine.com	/admin/index.php	fields=['log', 'pwd', 'rememberme', 'wp-submit', 'redirect_to', 'testcookie']	action=https://aclasstrophies.com/wp-login.php
LOGIN: meconozco.com	/admin/index.php	fields=['log', 'pwd', 'rememberme', 'wp-submit', 'redirect_to', 'testcookie', 'redirect_to']	action=https://meconozco.com/wp-login.php
LOGIN: medtechdive.com	/admin/login.php	fields=['csrfmiddlewaretoken', 'username', 'password', 'next']	action=http://medtechdive.com/admin/login/?next=/admin/login.php
LOGIN: meadowsfamilydental.com	/admin/index.php	fields=['log', 'pwd', 'rememberme', 'wp-submit', 'redirect_to', 'testcookie']	action=https://meadowsfamilydental.com/wp-login.php?wpe-login=true
LOGIN: merchfox.com	/login.php	fields=['authenticity_token', 'email', 'password', 'remember']	action=http://merchfox.com/login
LOGIN: mavglobal.net	/admin/index.php	fields=['log', 'pwd', 'rememberme', 'wp-submit', 'redirect_to', 'testcookie', 'redirect_to']	action=https://mavglobal.net/wp-login.php
LOGIN: mehsoms.net	/admin/index.php	fields=['log', 'pwd', 'g-recaptcha-response', 'rememberme', 'wp-submit', 'redirect_to', 'testcookie']	action=https://mehsoms.net/wp-login.php
LOGIN: mcasino2020.com	/admin/index.php	fields=['log', 'pwd', 'rememberme', 'wp-submit', 'redirect_to', 'testcookie', 'redirect_to']	action=https://mcasino2020.com/wp-login.php
LOGIN: masytjx.com	/admin/	fields=['__RequestVerificationToken', 'UserName', 'Password', 'submit']	action=http://masytjx.com/admin/login.html?ReturnUrl=%2fadmin%2f
LOGIN: mail.spenglerindustries.com	/admin/	fields=['log', 'pwd', 'rememberme', 'wp-submit', 'redirect_to', 'testcookie', 'redirect_to']	action=https://spenglerindustries.com/wp-login.php
LOGIN: mghdat.com	/admin/	fields=['hidden1', '__RequestVerificationToken', 'UserName', 'Password', 'submit']	action=http://mghdat.com/admin/login.html?ReturnUrl=%2fadmin%2f
LOGIN: medicaltravelcompanions.com	/admin/index.php	fields=['log', 'pwd', 'rememberme', 'wp-submit', 'redirect_to', 'testcookie']	action=https://medicaltravelcompanions.com/wp-login.php
LOGIN: miciall.com	/admin/login.php	fields=['action', 'uuid', 'loginId', 'username', 'password']	action=http://miciall.com/login.php
LOGIN: meeting.azaronline.com	/admin/index.php	fields=['log', 'pwd', 'rememberme', 'wp-submit', 'redirect_to', 'testcookie', 'redirect_to']	action=https://meeting.azaronline.com/wp-login.php
LOGIN: medtrueunited.com	/admin/index.php	fields=['log', 'pwd', 'rememberme', 'wp-submit', 'redirect_to', 'testcookie', 'redirect_to']	action=https://medtrueunited.com/wp-login.php
LOGIN: mercycorps.assetmaster.net	/admin/	fields=['_token', 'prevent_autofill', 'password_fake', 'username', 'password', 'remember']	action=https://mercycorps.assetmaster.net/login
LOGIN: mingyangshijia.cn	/admin/index.php	fields=['_csrf', 'User[username]', 'User[password]', 'User[verifyCode]', 'User[rememberMe]', 'User[rememberMe]']	action=http://mingyangshijia.cn/admin/index.php
LOGIN: medicineskart.com	/admin/index.php	fields=['log', 'pwd', 'rememberme', 'wp-submit', 'redirect_to', 'testcookie']	action=https://medicineskart.com/wp-login.php
LOGIN: mexico.forchildren.com	/admin/login.php	fields=['csrfmiddlewaretoken', 'email', 'password', 'next']	action=http://mexico.forchildren.com/.
LOGIN: medinzabiotech.com	/admin/index.php	fields=['log', 'pwd', 'rememberme', 'wp-submit', 'redirect_to', 'testcookie']	action=https://medinzabiotech.com/wp-login.php
LOGIN: marshallcranes.com	/admin/index.php	fields=['log', 'pwd', 'rememberme', 'wp-submit', 'redirect_to', 'testcookie']	action=https://marshallcranes.com/wp-login.php
LOGIN: melhorescassino.com	/admin/	fields=['log', 'pwd', 'rememberme', 'wp-submit', 'redirect_to', 'testcookie']	action=https://www.melhorescassino.com/wp-login.php
LOGIN: mike-mentzer.com	/admin/	fields=['log', 'pwd', 'rememberme', 'wp-submit', 'redirect_to', 'testcookie']	action=https://mike-mentzer.com/wp-login.php
LOGIN: mecanicaylaminacion.com	/login.php	fields=['log', 'pwd', 'rememberme', 'wp-submit', 'redirect_to', 'testcookie']	action=https://mecanicaylaminacion.com/wp-login.php
LOGIN: midwestinsure.com	/admin/index.php	fields=['log', 'pwd', 'rememberme', 'wp-submit', 'redirect_to', 'testcookie']	action=http://www.midwestinsure.com/wp-login.php
LOGIN: mokkacuts.com	/admin/index.php	fields=['log', 'pwd', 'rememberme', 'wp-submit', 'redirect_to', 'testcookie']	action=https://mokkacuts.com/wp-login.php
LOGIN: miolet.com	/admin/index.php	fields=['log', 'pwd', 'rememberme', 'wp-submit', 'redirect_to', 'testcookie']	action=https://miolet.com/wp-login.php
LOGIN: montesite.com	/admin.php	fields=['username_email', 'password', 'remember', 'first_name', 'last_name', 'username', 'email', 'password']	action=http://montesite.com/admin.php
LOGIN: medhealpharma.com	/admin/index.php	fields=['log', 'pwd', 'rememberme', 'wp-submit', 'redirect_to', 'testcookie']	action=http://medhealpharma.com/wp-login.php
LOGIN: mixconsultancy.com	/admin/index.php	fields=['log', 'pwd', 'rememberme', 'wp-submit', 'redirect_to', 'testcookie', 'redirect_to']	action=https://www.mixconsultancy.com/wp-login.php
LOGIN: missionbeach.com	/admin/index.php	fields=['log', 'pwd', 'rememberme', 'wp-submit', 'redirect_to', 'testcookie']	action=https://www.missionbeach.com/wp-login.php?wpe-login=true
LOGIN: mentormeng.com	/admin/	fields=['log', 'pwd', 'rememberme', 'wp-submit', 'redirect_to', 'testcookie', 'GqKhLDBHi', 'iqGnkDutZFxwKP_z']	action=https://mentormeng.com/wp-login.php
LOGIN: minesoft.com	/admin/index.php	fields=['log', 'pwd', 'rememberme', 'wp-submit', 'redirect_to', 'testcookie', 'redirect_to']	action=https://minesoft.com/wp-login.php
LOGIN: miadsanat.com	/admin/index.php	fields=['log', 'pwd', 'rememberme', 'wp-submit', 'redirect_to', 'testcookie', 'redirect_to']	action=https://miadsanat.com/wp-login.php
LOGIN: mindthesugar.org	/admin/index.php	fields=['log', 'pwd', 'rememberme', 'wp-submit', 'redirect_to', 'testcookie']	action=https://www.mindthesugar.org/wp-login.php
LOGIN: moocreativemedia.com	/admin/index.php	fields=['log', 'pwd', 'rememberme', 'wp-submit', 'redirect_to', 'testcookie']	action=https://moocreativemedia.com/wp-login.php
LOGIN: muaanhshutterstock.com	/login.php	fields=['username', 'password', 'remember', 'mode']	action=http://muaanhshutterstock.com/login.php
LOGIN: mtjrak.com	/admin/index.php	fields=[]	action=http://mtjrak.com/admin/index.php
LOGIN: mistcannons.com	/admin/	fields=['log', 'pwd', 'rememberme', 'wp-submit', 'redirect_to', 'testcookie']	action=https://www.mistcannons.com/wp-login.php
LOGIN: mobilyacht.com	/admin/index.php	fields=['log', 'pwd', 'rememberme', 'wp-submit', 'redirect_to', 'testcookie', 'redirect_to']	action=https://mobilyacht.com/wp-login.php
LOGIN: modaeleganta.com	/admin/index.php	fields=['log', 'pwd', 'rememberme', 'wp-submit', 'redirect_to', 'testcookie', 'redirect_to']	action=https://www.modaeleganta.com.au/wp-login.php
LOGIN: myanmar.forchildren.com	/admin/login.php	fields=['csrfmiddlewaretoken', 'email', 'password', 'next']	action=http://myanmar.forchildren.com/.
LOGIN: morleyonline.com	/admin/index.php	fields=['log', 'pwd', 'rememberme', 'wp-submit', 'redirect_to', 'testcookie']	action=https://www.morleyonline.com/wp-login.php?wpe-login=true
LOGIN: myflippingtools.com	/admin/	fields=['_token', 'email', 'password', 'remember']	action=https://myflippingtools.com/admin/login
LOGIN: moredownload.com	/admin/index.php	fields=['log', 'pwd', 'rememberme', 'wp-submit', 'redirect_to', 'testcookie']	action=https://moredownload.com/wp-login.php
LOGIN: myboilerbuddy.com	/admin/index.php	fields=['log', 'pwd', 'rememberme', 'wp-submit', 'redirect_to', 'testcookie']	action=http://myboilerbuddy.com/wp-login.php
LOGIN: montfortinstitute.com	/admin/index.php	fields=['log', 'pwd', 'rememberme', 'wp-submit', 'redirect_to', 'testcookie']	action=https://montfortinstitute.com/wp-login.php
LOGIN: multiedges.com	/admin/index.php	fields=['log', 'pwd', 'rememberme', 'wp-submit', 'redirect_to', 'testcookie']	action=https://multiedges.com/wp-login.php
LOGIN: mvphangout.com	/admin/	fields=['UserName', 'Password']	action=http://mvphangout.com/Security/ValidateCredentials
LOGIN: mrcool4ac.com	/admin/	fields=['log', 'pwd', 'rememberme', 'wp-submit', 'redirect_to', 'testcookie']	action=https://www.mrcool4ac.com/wp/wp-login.php
LOGIN: mytvboss.org	/admin/index.php	fields=['csrf', 'email', 'password', 'Remember', 'loginbtn']	action=https://mytvboss.org/admin/login
LOGIN: mylifeworksrehab.com	/admin/	fields=['log', 'pwd', 'rememberme', 'wp-submit', 'redirect_to', 'testcookie']	action=https://mylifeworksrehab.com/wp-login.php
LOGIN: motorlifemuseum.com	/admin/index.php	fields=['log', 'pwd', 'rememberme', 'wp-submit', 'redirect_to', 'testcookie', 'redirect_to']	action=https://australianmotorlifemuseum.com/wp-login.php
LOGIN: mymseed.com	/admin/	fields=['__RequestVerificationToken', 'UserName', 'Password', 'submit']	action=http://mymseed.com/admin/login.html?ReturnUrl=%2fadmin%2f
LOGIN: murdebrique.com	/admin/	fields=['log', 'pwd', 'rememberme', 'wp-submit', 'redirect_to', 'testcookie']	action=https://murdebrique.com/wp-login.php
LOGIN: mysmiletrain.org	/admin/	fields=['requestToken', 'fuseaction', 'loginData', 'recaptchatoken', 'email', 'password', 'fuseaction', 'emailforgot']	action=http://mysmiletrain.org/index.cfm?
LOGIN: musach.org	/admin/index.php	fields=['log', 'pwd', 'rememberme', 'wp-submit', 'redirect_to', 'testcookie', 'redirect_to']	action=https://musach.org/wp-login.php
LOGIN: mudrahandpan.com	/admin/	fields=['log', 'pwd', 'rememberme', 'wp-submit', 'redirect_to', 'testcookie', 'redirect_to']	action=https://mudrahandpan.com/wp-login.php
LOGIN: myzmanim.com	/admin/	fields=['__LASTFOCUS', '__VIEWSTATE', '__VIEWSTATEGENERATOR', '__EVENTTARGET', '__EVENTARGUMENT', '__EVENTVALIDATION', 'txtUserName', 'txtPassword']	action=http://myzmanim.com/./login.aspx?err=54&amp;return=x7W-awLQs
LOGIN: nbbll.com	/admin/login.php	fields=['action', 'uuid', 'loginId', 'username', 'password']	action=http://nbbll.com/login.php
LOGIN: mydentaladvocate.com	/admin/	fields=['log', 'pwd', 'rememberme', 'wp-submit', 'redirect_to', 'testcookie']	action=https://mydentaladvocate.com/wp-login.php
LOGIN: nbnaheng.com	/admin.php	fields=['formcheck', 'username', 'password', 'checkcode']	action=http://nbnaheng.com/admin.php?p=/Index/login
LOGIN: naukrigov.com	/login.php	fields=['log', 'pwd', 'rememberme', 'wp-submit', 'redirect_to', 'testcookie']	action=https://naukrigov.com/wp-login.php
LOGIN: nalitwie.com	/admin/index.php	fields=['log', 'pwd', 'rememberme', 'wp-submit', 'redirect_to', 'testcookie', 'redirect_to']	action=https://nalitwie.com/wp-login.php
LOGIN: nakoudo.jpn.com	/admin/	fields=['log', 'pwd', 'rememberme', 'wp-submit', 'redirect_to', 'testcookie', 'redirect_to']	action=https://penaslot9.me/wp-login.php
LOGIN: nacecare.com	/admin/index.php	fields=['log', 'pwd', 'rememberme', 'wp-submit', 'redirect_to', 'testcookie']	action=https://www.nacecare.com/wp-login.php
LOGIN: neo-sanki.com	/admin/login.asp	fields=['a_userid', 'a_pwd', 'a_rpwd', 'action', 'position']	action=http://neo-sanki.com/Login.asp
LOGIN: mysexygirlzclub.com	/admin/	fields=['log', 'pwd', 'rememberme', 'wp-submit', 'redirect_to', 'testcookie', 'redirect_to']	action=https://www.mysexygirlzclub.com/wp-login.php
LOGIN: mujeresontop.com	/admin/index.php	fields=['log', 'pwd', 'rememberme', 'wp-submit', 'redirect_to', 'testcookie', 'redirect_to']	action=https://mujeresontop.com/wp-login.php
LOGIN: mysafety.cn	/login.php	fields=['user_name', 'password', 'vertify', 'submit']	action=http://mysafety.cn/
LOGIN: national-school.com	/admin/index.php	fields=['log', 'pwd', 'rememberme', 'wp-submit', 'redirect_to', 'testcookie']	action=https://national-school.com/wp-login.php
LOGIN: myweightlosssurgerynow.com	/admin/index.php	fields=['log', 'pwd', 'rememberme', 'wp-submit', 'redirect_to', 'testcookie']	action=https://myweightlosssurgerynow.com/wp-login.php
LOGIN: naturalhairandlifestyle.com	/admin/index.php	fields=['log', 'pwd', 'rememberme', 'wp-submit', 'redirect_to', 'testcookie']	action=https://naturalhairandlifestyle.com/wp-login.php
LOGIN: neng-bo.com	/admin/	fields=['__RequestVerificationToken', 'UserName', 'Password', 'submit']	action=http://neng-bo.com/admin/login.html?ReturnUrl=%2fadmin%2f
LOGIN: naramalone.com	/admin/index.php	fields=['log', 'pwd', 'rememberme', 'wp-submit', 'redirect_to', 'testcookie']	action=https://naramalone.com/wp-login.php
LOGIN: nicewh.com	/login.php	fields=['username', 'password', 'captcha']	action=http://nicewh.com/login.php
LOGIN: nerdyradar.com	/admin/index.php	fields=['log', 'pwd', 'rememberme', 'wp-submit', 'redirect_to', 'testcookie']	action=https://nerdyradar.com/wp-login.php
LOGIN: new.amishshowroom.com	/admin/index.php	fields=['log', 'pwd', 'rememberme', 'wp-submit', 'redirect_to', 'testcookie']	action=http://new.amishshowroom.com/wp-login.php
LOGIN: myshaksales.com	/admin/index.php	fields=['log', 'pwd', 'wpa_initiator', 'rememberme', 'wp-submit', 'redirect_to', 'testcookie', 'redirect_to']	action=https://myshakgroup.com/wp-login.php
LOGIN: nepalraftar.com	/admin/index.php	fields=['log', 'pwd', 'rememberme', 'wp-submit', 'redirect_to', 'testcookie']	action=https://www.nepalraftar.com/wp-login.php
LOGIN: neofusioncreativefoundation.org	/admin/index.php	fields=['log', 'pwd', 'rememberme', 'wp-submit', 'redirect_to', 'testcookie']	action=https://neofusioncreativefoundation.org/wp-login.php
LOGIN: nestesco.com	/admin/index.php	fields=['log', 'pwd', 'rememberme', 'wp-submit', 'redirect_to', 'testcookie']	action=https://nestesco.com/wp-login.php
LOGIN: njhdjt.com	/admin.php	fields=['formcheck', 'username', 'password', 'checkcode']	action=http://njhdjt.com/admin.php?p=/Index/login
LOGIN: nmhlst.com	/admin/login.php	fields=['action', 'uuid', 'loginId', 'username', 'password']	action=http://nmhlst.com/login.php
LOGIN: naturalandunshaven.com	/admin/index.php	fields=['log', 'pwd', 'rememberme', 'wp-submit', 'redirect_to', 'testcookie', 'redirect_to']	action=https://naturalandunshaven.com/wp-login.php
LOGIN: ngkwgw.com	/admin/	fields=['__RequestVerificationToken', 'UserName', 'Password', 'submit']	action=http://ngkwgw.com/admin/login.html?ReturnUrl=%2fadmin%2f
LOGIN: misteriosocultos.com	/admin/index.php	fields=['log', 'pwd', 'rememberme', 'wp-submit', 'redirect_to', 'testcookie']	action=https://www.misteriosocultos.com/wp-login.php
LOGIN: nazreeshteghal.com	/admin/index.php	fields=['log', 'pwd', 'rememberme', 'wp-submit', 'redirect_to', 'testcookie']	action=http://nazreeshteghal.com/wp-login.php
LOGIN: ncaeonline.org	/admin/index.php	fields=['log', 'pwd', 'rememberme', 'wp-submit', 'redirect_to', 'testcookie']	action=https://www.ncaeonline.org/wp-login.php
LOGIN: nicaragua.forchildren.com	/admin/login.php	fields=['csrfmiddlewaretoken', 'email', 'password', 'next']	action=http://nicaragua.forchildren.com/.
LOGIN: nightowlinteractive.com	/admin/index.php	fields=['log', 'pwd', 'rememberme', 'wp-submit', 'redirect_to', 'testcookie']	action=https://www.nightowlinteractive.com/wp-login.php
LOGIN: nextdoordigest.com	/admin/index.php	fields=['log', 'pwd', 'rememberme', 'wp-submit', 'redirect_to', 'testcookie']	action=https://nextdoordigest.com/wp-login.php?wpe-login=true
LOGIN: nexteratechs.com	/admin/index.php	fields=['log', 'pwd', 'rememberme', 'wp-submit', 'redirect_to', 'testcookie']	action=https://nexteratechs.com/wp-login.php
LOGIN: neginsoft.com	/admin/	fields=['log', 'pwd', 'rememberme', 'wp-submit', 'redirect_to', 'testcookie', 'redirect_to']	action=https://neginsoft.com/wp-login.php
LOGIN: nisukaindustries.com	/admin/index.php	fields=['log', 'pwd', 'rememberme', 'wp-submit', 'redirect_to', 'testcookie']	action=https://nisukaindustries.com/wp-login.php
LOGIN: noticiasyprogramas.com	/admin/	fields=['log', 'pwd', 'rememberme', 'wp-submit', 'redirect_to', 'testcookie']	action=https://noticiasyprogramas.com/wp-login.php
LOGIN: noiascape.com	/admin/index.php	fields=['log', 'pwd', 'rememberme', 'wp-submit', 'redirect_to', 'testcookie', 'redirect_to']	action=https://noiascape.com/wp-login.php
LOGIN: nemojames.com	/admin/	fields=['log', 'pwd', 'rememberme', 'wp-submit', 'redirect_to', 'testcookie']	action=https://www.nemojames.com/wp-login.php
LOGIN: nyomnyomcoffee.com	/admin/	fields=['log', 'pwd', 'rememberme', 'wp-submit', 'redirect_to', 'testcookie']	action=https://nyomnyomcoffee.com/wp-login.php
LOGIN: nonprofitlibrary.com	/admin/index.php	fields=['log', 'pwd', 'rememberme', 'wp-submit', 'redirect_to', 'testcookie']	action=https://nonprofitlibrary.com/sign-in
LOGIN: nita-marie.com	/admin/	fields=['log', 'pwd', 'rememberme', 'wp-submit', 'redirect_to', 'testcookie']	action=https://nita-marie.com/wp-login.php
LOGIN: nitamilfmarie.com	/admin/	fields=['log', 'pwd', 'rememberme', 'wp-submit', 'redirect_to', 'testcookie']	action=https://nita-marie.com/wp-login.php
LOGIN: norabahisgiris.com	/admin/	fields=['log', 'pwd', 'rememberme', 'wp-submit', 'redirect_to', 'testcookie', 'redirect_to']	action=https://norabahisgiris.com/wp-login.php
LOGIN: nursejessy.com	/admin/index.php	fields=['log', 'pwd', 'wp-submit', 'itsec_magic_link_username', 'rememberme', 'wp-submit', 'redirect_to', 'testcookie']	action=https://nursejessy.com/wp-login.php
LOGIN: ntcsonline.com	/admin/index.php	fields=['log', 'pwd', 'rememberme', 'wp-submit', 'redirect_to', 'testcookie']	action=https://www.ntcsonline.com/wp-login.php
LOGIN: observatoire.canopee.cc	/login.php	fields=['log', 'pwd', 'rememberme', 'wp-submit', 'redirect_to', 'testcookie']	action=https://observatoire.canopee.cc/wp-login.php
LOGIN: offwale.com	/admin/index.php	fields=['log', 'pwd', 'rememberme', 'wp-submit', 'redirect_to', 'testcookie']	action=https://offwale.com/wp-login.php
LOGIN: noaintroserve.com	/admin/index.php	fields=['log', 'pwd', 'rememberme', 'wp-submit', 'redirect_to', 'testcookie']	action=https://noaintroserve.com/wp-login.php
LOGIN: north-sun.com	/manage/	fields=['password', 'code']	action=http://north-sun.com/index.php?m=Manage&c=User&a=login_form
LOGIN: obionvotes.com	/login.php	fields=['log', 'pwd', 'redirect_slug', 'rememberme', 'wp-submit', 'redirect_to', 'testcookie']	action=https://www.obionvotes.com/wp-login.php?tnlogin3678=1
LOGIN: olasperu.com	/admin/	fields=['_token', 'usuario', 'clave', 'remember']	action=https://olasperu.com/admin/login
LOGIN: oceanrobbins.com	/admin/	fields=['log', 'pwd', 'rememberme', 'wp-submit', 'redirect_to', 'testcookie']	action=https://www.oceanrobbins.com/wp-login.php
LOGIN: nydis.org	/admin/	fields=['log', 'pwd', 'rememberme', 'wp-submit', 'redirect_to', 'testcookie']	action=https://www.nydis.org/wp-login.php
LOGIN: oceanwavesmedical.com	/admin/index.php	fields=['log', 'pwd', 'rememberme', 'wp-submit', 'redirect_to', 'testcookie', 'redirect_to']	action=https://oceanwavesmedical.com/wp-login.php
LOGIN: okaymachupicchu.com	/admin/index.php	fields=['log', 'pwd', 'rememberme', 'wp-submit', 'redirect_to', 'testcookie', 'redirect_to']	action=https://okaymachupicchu.com/wp-login.php
LOGIN: okaloosaclerk.com	/admin/	fields=['log', 'pwd', 'rememberme', 'wp-submit', 'redirect_to', 'testcookie']	action=https://okaloosaclerk.com/wordpress/wp-login.php
LOGIN: okaliptusapart.com	/admin/index.php	fields=['log', 'pwd', 'rememberme', 'wp-submit', 'redirect_to', 'testcookie', 'redirect_to']	action=https://okaliptusapart.com/wp-login.php
LOGIN: offerscapes.com	/admin/index.php	fields=['log', 'pwd', 'rememberme', 'wp-submit', 'redirect_to', 'testcookie']	action=https://offerscapes.com/wp-login.php
LOGIN: onesource-co.com	/admin/index.php	fields=['log', 'pwd', 'rememberme', 'wp-submit', 'redirect_to', 'testcookie']	action=https://onesource-co.com/wp-login.php
LOGIN: ns2.megason-sonorisation.com	/admin/index.php	fields=['log', 'pwd', 'rememberme', 'wp-submit', 'redirect_to', 'testcookie']	action=http://www.megason-sonorisation.com/wp-login.php
LOGIN: onebridgelandgreen.com	/admin/index.php	fields=['log', 'pwd', 'rememberme', 'wp-submit', 'redirect_to', 'testcookie']	action=https://onebridgelandgreen.com/wp-login.php?wpe-login=true
LOGIN: optimizerjobs.com	/admin/	fields=['authenticity_token', 'user[email]', 'user[password]', 'user[remember_me]', 'user[remember_me]', 'commit']	action=http://optimizerjobs.com/admin/signin
LOGIN: omgluie.com	/admin/index.php	fields=['log', 'pwd', 'rememberme', 'wp-submit', 'redirect_to', 'testcookie']	action=https://omgluie.com/wp-login.php
LOGIN: optixec.com	/admin/index.php	fields=['log', 'pwd', 'rememberme', 'wp-submit', 'redirect_to', 'testcookie']	action=https://optixec.com/wp-login.php
LOGIN: ozenginmuhendislik.com	/admin/index.php	fields=['username', 'password']	action=https://www.ozenginmuhendislik.com/admin/index.php?route=com
LOGIN: otrabalhador.com	/admin/	fields=['log', 'pwd', 'rememberme', 'wp-submit', 'redirect_to', 'testcookie', 'redirect_to']	action=https://otrabalhador.com/wp-login.php
LOGIN: paracord550.net	/admin/login	fields=['username', 'password', 'verity']	action=http://paracord550.net/admin/login
LOGIN: omni-web.org	/admin/index.php	fields=['log', 'pwd', 'rememberme', 'wp-submit', 'redirect_to', 'testcookie', 'redirect_to']	action=https://omni-web.org/wp-login.php
LOGIN: omayurvedaeye.com	/admin/	fields=['log', 'pwd', 'rememberme', 'wp-submit', 'redirect_to', 'testcookie']	action=https://omayurvedaeye.com/wp-login.php
LOGIN: ohiobusinessretreat.com	/admin/index.php	fields=['log', 'pwd', 'rememberme', 'wp-submit', 'redirect_to', 'testcookie']	action=https://ohiobusinessretreat.com/wp-login.php
LOGIN: ontheroadbags.com	/admin/index.php	fields=['log', 'pwd', 'rememberme', 'wp-submit', 'redirect_to', 'testcookie']	action=https://ontheroadbags.co/wp-login.php
LOGIN: owa.travelbelize.org	/admin.php	fields=['destination', 'flags', 'forcedownlevel', 'username', 'password', 'passwordText', 'isUtf8']	action=http://owa.travelbelize.org/owa/auth.owa
LOGIN: peacemotorspk.com	/login.php	fields=['csrf_token', 'login_email', 'login_password', 'remember_me', 'email']	action=http://peacemotorspk.com/database/crud/read/login/user_login
LOGIN: oncowin.com	/admin/index.php	fields=['log', 'pwd', 'rememberme', 'wp-submit', 'redirect_to', 'testcookie']	action=https://oncowin.com/wp-login.php
LOGIN: onlineweldments.net	/admin/	fields=['log', 'pwd', 'rememberme', 'wp-submit', 'redirect_to', 'testcookie']	action=https://www.frederickmachine.com/wp-login.php
LOGIN: officialsimpleplan.com	/admin/index.php	fields=['log', 'pwd', 'rememberme', 'wp-submit', 'redirect_to', 'testcookie', 'redirect_to']	action=https://officialsimpleplan.com/wp-login.php
LOGIN: oldtimeyclips.com	/admin/	fields=['log', 'pwd', 'rememberme', 'wp-submit', 'redirect_to', 'testcookie']	action=https://oldtimeyclips.com/wp-login.php
LOGIN: p4adnow.org	/login.php	fields=['log', 'pwd', 'rememberme', 'wp-submit', 'redirect_to', 'testcookie']	action=https://patientsforaffordabledrugsnow.org/wp-login.php
LOGIN: pacificdigitalworks.com	/admin/index.php	fields=['log', 'pwd', 'rememberme', 'wp-submit', 'redirect_to', 'testcookie']	action=https://pacificdigitalworks.com/wp-login.php
LOGIN: patch1stripe.com	/admin/index.php	fields=['log', 'pwd', 'rememberme', 'wp-submit', 'redirect_to', 'testcookie']	action=https://patch1stripe.com/wp-login.php?wpe-login=true
LOGIN: paltaobd.com	/admin/index.php	fields=['log', 'pwd', 'rememberme', 'wp-submit', 'redirect_to', 'testcookie']	action=https://paltaobd.com/wp-login.php
LOGIN: optionstrategiesinsider.com	/admin/index.php	fields=['log', 'pwd', 'rememberme', 'wp-submit', 'redirect_to', 'testcookie']	action=https://optionstrategiesinsider.com/wp-login.php
LOGIN: pears.com	/admin/	fields=['log', 'pwd', 'rememberme', 'wp-submit', 'redirect_to', 'testcookie']	action=https://pears.com/wp-login.php
LOGIN: penbram.com	/admin/index.php	fields=['log', 'pwd', 'rememberme', 'wp-submit', 'redirect_to', 'testcookie']	action=https://penbram.com/wp-login.php
LOGIN: partners.fincra.com	/admin/index.php	fields=['log', 'pwd', 'rememberme', 'wp-submit', 'redirect_to', 'testcookie']	action=https://partners.fincra.com/wp-login.php
LOGIN: patiocomfortelements.com	/admin/index.php	fields=['log', 'pwd', 'rememberme', 'wp-submit', 'redirect_to', 'testcookie']	action=https://patiocomfortelements.com/wp-login.php?wpe-login=true
LOGIN: peoplesmedshop.net	/admin/index.php	fields=['log', 'pwd', 'rememberme', 'wp-submit', 'redirect_to', 'testcookie']	action=https://peoplesmedshop.net/wp-login.php
LOGIN: payen.com	/admin/index.php	fields=['log', 'pwd', 'rememberme', 'wp-submit', 'redirect_to', 'testcookie', 'redirect_to']	action=https://www.payen.com/wp-login.php
LOGIN: peermolvi.com	/admin/index.php	fields=['log', 'pwd', 'cptch_number', 'cptch_result', 'cptch_time', 'cptch_form', 'rememberme', 'wp-submit']	action=https://www.peermolvi.com/wp-login.php
LOGIN: parsabarchasb.com	/admin/index.php	fields=['log', 'pwd', 'rememberme', 'wp-submit', 'redirect_to', 'testcookie', 'redirect_to']	action=https://parsabarchasb.com/wp-login.php
LOGIN: pestpro1.com	/login.php	fields=['log', 'pwd', 'rememberme', 'wp-submit', 'redirect_to', 'testcookie']	action=https://www.pestpro1.com/wp-login.php
LOGIN: partosindolor.com	/admin/index.php	fields=['log', 'pwd', 'rememberme', 'wp-submit', 'redirect_to', 'testcookie', 'redirect_to']	action=https://partosindolor.com/wp-login.php
LOGIN: peru.forchildren.com	/admin/login.php	fields=['csrfmiddlewaretoken', 'email', 'password', 'next']	action=http://peru.forchildren.com/.
LOGIN: pamelashaw.com	/admin/index.php	fields=['log', 'pwd', 'rememberme', 'wp-submit', 'redirect_to', 'testcookie']	action=https://pamelashaw.pink/wp-login.php?wpe-login=true
LOGIN: paradiseactivitycompany.com	/admin/	fields=['log', 'pwd', 'rememberme', 'wp-submit', 'redirect_to', 'testcookie']	action=https://paradiseactivitycompany.com/wp-login.php
LOGIN: pharmatraders.com	/login.php	fields=['log', 'pwd', 'rememberme', 'wp-submit', 'redirect_to', 'testcookie']	action=https://pharmatraders.com/wp-login.php
LOGIN: perfect-china.net	/admin/index.php	fields=['log', 'pwd', 'rememberme', 'wp-submit', 'redirect_to', 'testcookie', 'redirect_to']	action=https://www.perfect-china.net/wp-login.php
LOGIN: ozblackbird.net	/admin/index.php	fields=['log', 'pwd', 'rememberme', 'wp-submit', 'redirect_to', 'testcookie']	action=https://www.ozblackbird.net/wp-login.php
LOGIN: photography.azaronline.com	/admin/index.php	fields=['log', 'pwd', 'rememberme', 'wp-submit', 'redirect_to', 'testcookie']	action=https://photography.azaronline.com/wp-login.php
LOGIN: perf-plus.com	/admin/index.php	fields=['log', 'pwd', 'rememberme', 'wp-submit', 'redirect_to', 'testcookie']	action=https://www.perf-plus.com/wp-login.php
LOGIN: phases-therapy.com	/admin/	fields=['log', 'pwd', 'rememberme', 'wp-submit', 'redirect_to', 'testcookie']	action=https://phases-therapy.com/wp-login.php
LOGIN: playballs2.com	/admin/	fields=['UserName', 'Password']	action=http://playballs2.com/Security/ValidateCredentials
LOGIN: pitt.myonplanu.com	/admin/	fields=['userName', 'password', '_csrf']	action=http://pitt.myonplanu.com/login
LOGIN: pinewoodcc.net	/admin/	fields=['log', 'pwd', 'rememberme', 'wp-submit', 'redirect_to', 'testcookie']	action=https://pinewoodcc.net/wp-login.php
LOGIN: phoenix-mfg.com	/admin/index.php	fields=['log', 'pwd', 'rememberme', 'wp-submit', 'redirect_to', 'testcookie']	action=http://phoenix-mfg.com/wp-login.php
LOGIN: positivevibe.xyz	/admin/index.php	fields=['log', 'pwd', 'rememberme', 'wp-submit', 'redirect_to', 'testcookie']	action=https://positivevibe.xyz/wp-login.php
LOGIN: portlandvelo.net	/admin/index.php	fields=['log', 'pwd', 'rememberme', 'wp-submit', 'redirect_to', 'testcookie']	action=https://portlandvelo.net/wp-login.php
LOGIN: portugal-magik.com	/admin/	fields=['log', 'pwd', 'rememberme', 'wp-submit', 'redirect_to', 'testcookie']	action=https://portugal-magik.com/wp-login.php
LOGIN: ponstream24.com	/admin/index.php	fields=['log', 'pwd', 'rememberme', 'wp-submit', 'redirect_to', 'testcookie', 'redirect_to']	action=https://blog.ponfes.com/wp-login.php
LOGIN: princetondental.org	/admin/	fields=['log', 'pwd', 'rememberme', 'wp-submit', 'redirect_to', 'testcookie']	action=http://princetondental.org/wp-login.php
LOGIN: pinaresdelsol.com	/admin/index.php	fields=['log', 'pwd', 'rememberme', 'wp-submit', 'redirect_to', 'testcookie', 'redirect_to']	action=https://pinaresdelsol.com/wp-login.php
LOGIN: portuguese.forchildren.com	/admin/login.php	fields=['csrfmiddlewaretoken', 'email', 'password', 'next']	action=http://portuguese.forchildren.com/.
LOGIN: plbint.com	/admin/index.php	fields=['log', 'pwd', 'rememberme', 'wp-submit', 'redirect_to', 'testcookie']	action=https://plbint.com/wp-login.php
LOGIN: precisionswitchgear.com	/login.php	fields=['log', 'pwd', 'rememberme', 'wp-submit', 'redirect_to', 'testcookie']	action=https://www.precisionswitchgear.com/site/psc-controls
LOGIN: prestigeonsite.com	/admin/	fields=['log', 'pwd', 'rememberme', 'wp-submit', 'redirect_to', 'testcookie']	action=https://prestigeonsite.com/wp-login.php
LOGIN: popcenturysite.com	/admin/index.php	fields=['log', 'pwd', 'rememberme', 'wp-submit', 'redirect_to', 'testcookie']	action=https://www.popcenturysite.com/wp-login.php
LOGIN: presseprivee.com	/admin/	fields=['log', 'pwd', 'rememberme', 'origin', 'wp-submit']	action=https://www.presseprivee.com/wp-login.php
LOGIN: poznervfetzer.com	/admin/index.php	fields=['log', 'pwd', 'rememberme', 'wp-submit', 'redirect_to', 'testcookie']	action=https://poznervfetzer.com/wp-login.php
LOGIN: petvmd.com	/admin/	fields=['user_name', 'user_password', 'remember', 'action']	action=http://petvmd.com/admin/
LOGIN: prismatic3d.com	/admin/index.php	fields=['log', 'pwd', 'rememberme', 'wp-submit', 'redirect_to', 'testcookie', 'redirect_to']	action=https://prismatic3d.com/wp-login.php
LOGIN: pusatbaja.com	/admin/index.php	fields=['log', 'pwd', 'rememberme', 'wp-submit', 'redirect_to', 'testcookie', 'redirect_to']	action=https://pusatbaja.com/wp-login.php
LOGIN: pscsport.com	/admin/index.php	fields=['log', 'pwd', 'rememberme', 'wp-submit', 'redirect_to', 'testcookie', 'redirect_to']	action=https://pscsport.com/wp-login.php
LOGIN: printove.com	/admin/index.php	fields=['log', 'pwd', 'rememberme', 'wp-submit', 'redirect_to', 'testcookie']	action=https://printove.com/wp-login.php
LOGIN: presscluboftibet.org	/admin/index.php	fields=['log', 'pwd', 'rememberme', 'wp-submit', 'redirect_to', 'testcookie']	action=https://presscluboftibet.org/wp-login.php
LOGIN: qhyuke.com	/admin/	fields=['UserName', 'Password', 'Val', 'login']	action=http://qhyuke.com/login.asp
LOGIN: qifanfm.com	/admin/login.php	fields=['action', 'uuid', 'loginId', 'username', 'password']	action=http://qifanfm.com/login.php
LOGIN: qdyukun.com	/admin/login.asp	fields=['username', 'password', 'Submit', 'reset']	action=http://qdyukun.com/login.asp
LOGIN: ozelkadikoyogrenciyurdu.com	/admin/index.php	fields=['log', 'pwd', 'rememberme', 'wp-submit', 'redirect_to', 'testcookie']	action=https://www.ozelkadikoyogrenciyurdu.com/wp-login.php
LOGIN: qjjzjx.com	/admin/	fields=['__RequestVerificationToken', 'UserName', 'Password', 'submit']	action=http://qjjzjx.com/admin/login.html?ReturnUrl=%2fadmin%2f
LOGIN: profit-hacks.com	/admin/index.php	fields=['log', 'pwd', 'rememberme', 'wp-submit', 'redirect_to', 'testcookie']	action=https://profit-hacks.com/wp-login.php
LOGIN: qdjiefengda.com	/manage/	fields=['gotopage', 'dopost', 'atype', 'username', 'password', 'code', 'submit']	action=http://qdjiefengda.com/?action=login
LOGIN: qiair.net	/admin/	fields=['__RequestVerificationToken', 'UserName', 'Password', 'submit']	action=http://qiair.net/admin/login.html?ReturnUrl=%2fadmin%2f
LOGIN: raisethequestion.com	/admin/index.php	fields=['log', 'pwd', 'rememberme', 'wp-submit', 'redirect_to', 'testcookie']	action=https://raisethequestion.com/wp-login.php
LOGIN: ractstudio.com	/admin/login.php	fields=['email', 'password']	action=http://ractstudio.com/admin/login.php
LOGIN: pivatoporte.com	/admin/index.php	fields=['log', 'pwd', 'rememberme', 'wp-submit', 'redirect_to', 'testcookie', 'redirect_to']	action=https://www.pivatoporte.com/wp-login.php
LOGIN: prophotoguide.com	/admin/index.php	fields=['log', 'pwd', 'rememberme', 'wp-submit', 'redirect_to', 'testcookie']	action=https://prophotoguide.com/wp-login.php
LOGIN: purelybynature.com	/admin/index.php	fields=['log', 'pwd', 'rememberme', 'wp-submit', 'redirect_to', 'testcookie']	action=https://purelybynature.com/wp-login.php
LOGIN: rbeiset.com	/login.php	fields=['log', 'pwd', 'rememberme', 'wp-submit', 'redirect_to', 'testcookie']	action=https://rbeiset.com/wp-login.php
LOGIN: prophegy.com	/admin/index.php	fields=['log', 'pwd', 'rememberme', 'wp-submit', 'redirect_to', 'testcookie']	action=https://www.prophegy.com/wp-login.php
LOGIN: raanckee.com	/admin/	fields=['log', 'pwd', 'rememberme', 'wp-submit', 'redirect_to', 'testcookie']	action=https://raanckee.com/wp-login.php
LOGIN: regal-clock.com	/admin/index.php	fields=['username', 'password', 'clicaptcha-submit-info', 'submit', 'redirect_to', 'testcookie']	action=http://regal-clock.com/?g=admin&m=login&a=doLogin
LOGIN: rallslegal.com	/admin/index.php	fields=['log', 'pwd', 'jetpack_protect_num', 'jetpack_protect_answer', 'rememberme', 'wp-submit', 'redirect_to', 'testcookie']	action=http://www.rallslegal.com/wp-login.php?wpe-login=true
LOGIN: radioelsol.com	/admin/index.php	fields=['log', 'pwd', 'rememberme', 'wp-submit', 'redirect_to', 'testcookie']	action=https://radioelsol.com/wp-login.php
LOGIN: prodexim.com	/admin/index.php	fields=['log', 'pwd', 'rememberme', 'wp-submit', 'redirect_to', 'testcookie']	action=https://prodexim.com/wp-login.php
LOGIN: repuebla.me	/admin/	fields=['_token', 'email', 'password', 'remember', 'remember']	action=https://repuebla.me/admin/login
LOGIN: redzonefb.com	/admin/	fields=['UserName', 'Password']	action=http://redzonefb.com/Security/ValidateCredentials
LOGIN: research-proposals.iadb.org	/admin/	fields=['name', 'pass', 'form_build_id', 'form_id', 'captcha_sid', 'captcha_token', 'captcha_response', 'captcha_cacheable']	action=http://research-proposals.iadb.org/en/user/login?destination
LOGIN: rackstrack.com	/admin/index.php	fields=['log', 'pwd', 'rememberme', 'wp-submit', 'redirect_to', 'testcookie']	action=https://rackstrack.com/wp-login.php
LOGIN: rating-cc.com	/admin/index.php	fields=['log', 'pwd', 'rememberme', 'wp-submit', 'redirect_to', 'testcookie']	action=http://rating-cc.com/wp-login.php
LOGIN: regardingwork.com	/admin/	fields=['csrf_token_name', 'email', 'password', 'remember']	action=https://regardingwork.com/admin/authentication
LOGIN: residencefrontemare.com	/admin/index.php	fields=['Login', 'Password', 'Submit']	action=http://residencefrontemare.com/default_exe.php
LOGIN: revivehairtransplant.com	/admin/index.php	fields=['log', 'pwd', 'rememberme', 'wp-submit', 'redirect_to', 'testcookie']	action=https://revivehairtransplant.com/wp-login.php
LOGIN: ricolaplastics.com	/admin/login.php	fields=['action', 'uuid', 'loginId', 'username', 'password']	action=http://ricolaplastics.com/login.php
LOGIN: refugecontent.com	/admin/	fields=['log', 'pwd', 'rememberme', 'wp-submit', 'redirect_to', 'testcookie']	action=https://refugecontent.com/wp-login.php
LOGIN: raiamark.com	/login.php	fields=['log', 'pwd', 'rememberme', 'wp-submit', 'redirect_to', 'testcookie']	action=https://raiamark.com/login/
LOGIN: polymershabnam.com	/admin/index.php	fields=['log', 'pwd', 'rememberme', 'wp-submit', 'redirect_to', 'testcookie', 'redirect_to']	action=https://polymershabnam.com/wp-login.php
LOGIN: repdominicana.forchildren.com	/admin/login.php	fields=['csrfmiddlewaretoken', 'email', 'password', 'next']	action=http://repdominicana.forchildren.com/.
LOGIN: registriesdirect.com	/admin/	fields=['__LASTFOCUS', '__EVENTTARGET', '__EVENTARGUMENT', '__VIEWSTATE', '__VIEWSTATEGENERATOR', '__EVENTVALIDATION', 'ctl00$MainContent$txtUsername', 'ctl00$MainContent$txtPassword']	action=http://registriesdirect.com/./Default.aspx
LOGIN: refinancegold.com	/admin/	fields=['log', 'pwd', 'rememberme', 'wp-submit', 'redirect_to', 'testcookie']	action=https://refinancegold.com/wp/wp-login.php
LOGIN: relioncharging.com	/admin/index.php	fields=['log', 'pwd', 'rememberme', 'wp-submit', 'redirect_to', 'testcookie']	action=https://www.relioncharging.com/wp-login.php?wpe-login=true
LOGIN: retrouver-une-bonne-vue-sans-lunettes.com	/admin/index.php	fields=['log', 'pwd', 'rememberme', 'wp-submit', 'redirect_to', 'testcookie', 'redirect_to']	action=https://retrouver-une-bonne-vue-sans-lunettes.com/wp-login.p
LOGIN: restaurantetomodachi.com	/admin/index.php	fields=['log', 'pwd', 'rememberme', 'wp-submit', 'redirect_to', 'testcookie']	action=https://restaurantetomodachi.com/wp-login.php
LOGIN: rinff.com	/admin/index.php	fields=['log', 'pwd', 'rememberme', 'wp-submit', 'redirect_to', 'testcookie']	action=https://rinff.com/wp-login.php
LOGIN: quedessolutions.com	/admin/index.php	fields=['log', 'pwd', 'rememberme', 'wp-submit', 'redirect_to', 'testcookie', 'redirect_to']	action=https://quedessolutions.com/wp-login.php
LOGIN: rediscussed.com	/admin/index.php	fields=['log', 'pwd', 'slc-captcha-request', 'slc-captcha-answer', 'rememberme', 'wp-submit', 'redirect_to', 'testcookie']	action=http://www.rediscussed.com/wp-login.php
LOGIN: retiringtomyrtlebeach.com	/admin/index.php	fields=['log', 'pwd', 'rememberme', 'wp-submit', 'redirect_to', 'testcookie']	action=https://retiringtomyrtlebeach.com/wp-login.php
LOGIN: rmcphotoworks.com	/admin/index.php	fields=['log', 'pwd', 'rememberme', 'wp-submit', 'redirect_to', 'testcookie']	action=https://rmcphotoworks.com/wp-login.php
LOGIN: rosettahomestead.com	/admin/index.php	fields=['log', 'pwd', 'rememberme', 'wp-submit', 'redirect_to', 'testcookie']	action=https://rosettahomestead.com/wp-login.php
LOGIN: resultbaba.com	/admin/	fields=['log', 'pwd', 'rememberme', 'wp-submit', 'redirect_to', 'testcookie', 'redirect_to']	action=https://resultbaba.com/wp-login.php
LOGIN: rzed.cn	/admin/login.php	fields=['action', 'uuid', 'loginId', 'username', 'password']	action=http://rzed.cn/login.php
LOGIN: ruihaijx.com	/admin/login.php	fields=['action', 'uuid', 'loginId', 'username', 'password']	action=http://ruihaijx.com/login.php
LOGIN: repentaustralia.org	/admin/	fields=['log', 'pwd', 'rememberme', 'wp-submit', 'redirect_to', 'testcookie']	action=https://repentaustralia.org/wp-login.php
LOGIN: safetyware.com	/admin/	fields=['log', 'pwd', 'rememberme', 'wp-submit', 'redirect_to', 'testcookie', 'redirect_to']	action=https://safetyware.com/wp-login.php
LOGIN: rockyhomeshow.com	/admin/index.php	fields=['log', 'pwd', 'rememberme', 'wp-submit', 'redirect_to', 'testcookie']	action=https://www.maydaymechanical.com.au/wp-login.php
LOGIN: sagaramobile.com	/admin/index.php	fields=['log', 'pwd', 'rememberme', 'wp-submit', 'redirect_to', 'testcookie']	action=https://sagaramobile.com/wp-login.php
LOGIN: roots-immigration.com	/admin/index.php	fields=['log', 'pwd', 'rememberme', 'wp-submit', 'redirect_to', 'testcookie']	action=https://roots-immigration.com/wp-login.php
LOGIN: roamingchina.com	/admin/index.php	fields=['log', 'pwd', 'rememberme', 'wp-submit', 'redirect_to', 'testcookie', 'redirect_to']	action=https://roamingchina.com/wp-login.php
LOGIN: samzal.com	/admin.php	fields=['_xfToken', 'login', 'password', '_xfClientLoadTime']	action=http://samzal.com/admin.php?login/login
LOGIN: redeemerde.org	/admin/index.php	fields=['log', 'pwd', 'rememberme', 'wp-submit', 'redirect_to', 'testcookie']	action=https://redeemerde.org/wp-login.php
LOGIN: rutgers.myonplanu.com	/admin/	fields=['userName', 'password', '_csrf']	action=http://rutgers.myonplanu.com/login
LOGIN: sajagindia.com	/login.php	fields=['log', 'pwd', 'rememberme', 'wp-submit', 'redirect_to', 'testcookie']	action=https://sajagindia.com/wp-login.php
LOGIN: rivergreensoftware.com	/admin/index.php	fields=['log', 'pwd', 'rememberme', 'wp-submit', 'redirect_to', 'testcookie']	action=https://www.rivergreensoftware.com/wp-login.php
LOGIN: rmibiladi.com	/admin/index.php	fields=['log', 'pwd', 'rememberme', 'wp-submit', 'redirect_to', 'testcookie']	action=https://rmibiladi.com/wp-login.php
LOGIN: rvltech.com	/admin/index.php	fields=['log', 'pwd', 'rememberme', 'wp-submit', 'redirect_to', 'testcookie']	action=https://rvltech.com/wp-login.php
LOGIN: rvsolarthatworks.com	/admin/index.php	fields=['log', 'pwd', 'rememberme', 'wp-submit', 'redirect_to', 'testcookie']	action=https://rvsolarthatworks.com/wp-login.php
LOGIN: salondesfleurscy.com	/admin/	fields=['log', 'pwd', 'rememberme', 'wp-submit', 'redirect_to', 'testcookie']	action=https://salondesfleurscy.com/wp-login.php
LOGIN: safehousecrisiscenter.org	/admin/index.php	fields=['log', 'pwd', 'rememberme', 'wp-submit', 'redirect_to', 'testcookie']	action=https://safehousecrisiscenter.org/wp-login.php
LOGIN: scipn.org	/admin/	fields=['ctl00_ToolkitScriptManager1_HiddenField', '__EVENTTARGET', '__EVENTARGUMENT', '__VIEWSTATE', '__VIEWSTATEGENERATOR', 'ctl00$ContentPlaceHolder1$LoginView1$Login1$UserName', 'ctl00$ContentPlaceHolder1$LoginView1$Login1$Password', 'ctl00$ContentPlaceHolder1$LoginView1$Login1$LoginButton']	action=http://scipn.org/./login.aspx?ReturnUrl=%2fadmin%2f
LOGIN: sasorganics.com	/admin/	fields=['log', 'pwd', 'rememberme', 'wp-submit', 'redirect_to', 'testcookie']	action=https://sasorganics.com/wp-login.php
LOGIN: sailwinlight.com	/admin/	fields=[]	action=http://sailwinlight.com/admin/
LOGIN: scirange.com	/login.php	fields=['email', 'pass']	action=http://scirange.com/
LOGIN: sdtxqz.com	/admin/login.php	fields=['username', 'password', 'verify', 'ok']	action=http://sdtxqz.com/
LOGIN: sbdiamonds.com	/admin/index.php	fields=['log', 'pwd', 'rememberme', 'wp-submit', 'redirect_to', 'testcookie']	action=https://www.sbdiamonds.com/wp-login.php?wpe-login=true
LOGIN: salires.com	/admin/index.php	fields=['log', 'pwd', 'rememberme', 'wp-submit', 'redirect_to', 'testcookie']	action=https://salires.com/wp-login.php
LOGIN: rexburgcarshop.com	/admin/index.php	fields=['log', 'pwd', 'rememberme', 'wp-submit', 'redirect_to', 'testcookie']	action=https://rexburgcarshop.com/wp-login.php
LOGIN: serviskontrol.com	/admin/	fields=['username', 'selector', 'username', 'selector']	action=http://serviskontrol.com/
LOGIN: savingthecrumbs.com	/admin/index.php	fields=['log', 'pwd', 'rememberme', 'wp-submit', 'redirect_to', 'testcookie']	action=https://savingthecrumbs.com/wp-login.php
LOGIN: shen-da.com	/admin/login.php	fields=['action', 'uuid', 'username', 'password']	action=http://shen-da.com/login.php
LOGIN: scfiretraining.com	/admin/index.php	fields=['logintoken', 'username', 'password', 'logintoken', 'username', 'password']	action=https://scfiretraining.com/login/index.php
LOGIN: sh-yusheng.net	/admin/	fields=['UserName', 'Password', 'CheckCode']	action=http://sh-yusheng.net/Admin_ChkLogin.asp
LOGIN: sandboxnv.com	/admin/index.php	fields=['log', 'pwd', 'rememberme', 'wp-submit', 'redirect_to', 'testcookie']	action=https://thesandboxstudio.com/wp-login.php?wpe-login=true
LOGIN: sabatradeco.com	/admin/index.php	fields=['log', 'pwd', 'rememberme', 'wp-submit', 'redirect_to', 'testcookie']	action=https://sabatradeco.com/wp-login.php
LOGIN: shunzcheng.com	/admin/login.php	fields=['action', 'uuid', 'loginId', 'username', 'password']	action=http://shunzcheng.com/login.php
LOGIN: sejoursvoyage.com	/admin/	fields=['log', 'pwd', 'rememberme', 'wp-submit', 'redirect_to', 'testcookie', 'redirect_to']	action=https://sejoursvoyage.com/wp-login.php
LOGIN: shipstation-staging.brightpearlconnect.com	/admin/login.php	fields=['username', 'password']	action=http://shipstation-staging.brightpearlconnect.com/admin/logi
LOGIN: salamatfard.com	/admin/login	fields=['smart_login_username', 'password', 'dynamic_code', 'user_security_code', 'login', 'username', 'email', 'password']	action=http://salamatfard.com/admin/login
LOGIN: shipstation.brightpearlconnect.com	/admin/login.php	fields=['username', 'password']	action=http://shipstation.brightpearlconnect.com/admin/login.php
LOGIN: sadrarobot.com	/admin/index.php	fields=['log', 'pwd', 'rememberme', 'wp-submit', 'redirect_to', 'testcookie']	action=https://sadrarobot.com/wp-login.php
LOGIN: sdnuoen.com	/admin.php	fields=[]	action=http://sdnuoen.com/admin.php
LOGIN: shawneecycle.com	/admin/	fields=['log', 'pwd', 'rememberme', 'wp-submit', 'redirect_to', 'testcookie']	action=https://shawneecycle.com/wp-login.php
LOGIN: sinergiatotal.com	/login.php	fields=['log', 'pwd', 'rememberme', 'wp-submit', 'redirect_to', 'testcookie']	action=https://sinergiatotal.com/wp-login.php
LOGIN: sidicamper.com	/admin/index.php	fields=['log', 'pwd', 'rememberme', 'wp-submit', 'redirect_to', 'testcookie', 'redirect_to']	action=https://sidicamper.com/wp-login.php
LOGIN: skorbola365.com	/admin/index.php	fields=['log', 'pwd', 'rememberme', 'wp-submit', 'redirect_to', 'testcookie']	action=https://skorbola365.com/wp-login.php
LOGIN: shoptangerineboutique.com	/admin/index.php	fields=['log', 'pwd', 'rememberme', 'wp-submit', 'redirect_to', 'testcookie']	action=https://www.shoptangerineboutique.com/wp-login.php
LOGIN: savingdays.com	/admin/index.php	fields=['log', 'pwd', 'rememberme', 'wp-submit', 'redirect_to', 'testcookie']	action=https://savingdays.com/wp-login.php
LOGIN: softrhythm.com	/admin/index.php	fields=['username', 'password']	action=http://softrhythm.com/admin/index.php?route=common/login
LOGIN: simplyburialinsurance.com	/admin/index.php	fields=['log', 'pwd', 'rememberme', 'wp-submit', 'redirect_to', 'testcookie']	action=https://simplyburialinsurance.com/wp-login.php
LOGIN: smlpinc.com	/admin/index.php	fields=['log', 'pwd', 'rememberme', 'wp-submit', 'redirect_to', 'testcookie']	action=https://smlpinc.com/wp-login.php?wpe-login=true
LOGIN: snipeit.helloprint.com	/admin/	fields=['_token', 'prevent_autofill', 'password_fake', 'username', 'password', 'remember']	action=https://helloprint.snipe-it.io/login
LOGIN: simonmercs.biz	/admin/	fields=['log', 'pwd', 'rememberme', 'wp-submit', 'redirect_to', 'testcookie', 'redirect_to']	action=https://hi88online.cc/wp-login.php
LOGIN: shilaco.com	/admin/index.php	fields=['log', 'pwd', 'rememberme', 'wp-submit', 'redirect_to', 'testcookie', 'redirect_to']	action=http://shilaco.com/wp-login.php
LOGIN: smabenimleyuru.org	/admin/index.php	fields=['log', 'pwd', 'rememberme', 'wp-submit', 'redirect_to', 'testcookie', 'redirect_to']	action=https://smabenimleyuru.org.tr/wp-login.php
LOGIN: sneakatomic.com	/houtai/	fields=[]	action=http://sneakatomic.com/houtai/
LOGIN: sietegc.com	/admin/index.php	fields=['log', 'pwd', 'rememberme', 'wp-submit', 'redirect_to', 'testcookie', 'redirect_to']	action=https://sietegc.com/wp-login.php
LOGIN: smartyschool.stylemixthemes.com	/admin/	fields=['log', 'pwd', 'rememberme', 'wp-submit', 'redirect_to', 'testcookie']	action=https://smartyschool.stylemixthemes.com/wp-login.php
LOGIN: soicau366.com	/admin/login	fields=['UserName', 'Password']	action=http://soicau366.com/admin/soicau366-dang-nhap-admin
LOGIN: solitairefitness.com	/admin/index.php	fields=['log', 'pwd', 'rememberme', 'wp-submit', 'redirect_to', 'testcookie']	action=https://solitairefitness.com/wp-login.php
LOGIN: sacra-felice.com	/admin/index.php	fields=['log', 'pwd', 'rememberme', 'wp-submit', 'redirect_to', 'testcookie', 'redirect_to']	action=https://sacra-felice.com/wp-login.php
LOGIN: solvelr.com	/admin/index.php	fields=['log', 'pwd', 'rememberme', 'wp-submit', 'redirect_to', 'testcookie']	action=https://solvelr.com/wp-login.php?wpe-login=true
LOGIN: skitimothy.com	/admin/index.php	fields=['log', 'pwd', 'rememberme', 'wp-submit', 'redirect_to', 'testcookie']	action=https://skitimothy.com/wp-login.php
LOGIN: sophialuypaert.com	/admin/index.php	fields=['log', 'pwd', 'rememberme', 'wp-submit', 'redirect_to', 'testcookie', 'redirect_to']	action=https://sophialuypaert.com/wp-login.php
LOGIN: shwlhy.com	/admin/login	fields=['username', 'password', 'captcha']	action=http://shwlhy.com/admin/login/index.html
LOGIN: sportsbetnow.com	/admin/	fields=['UserName', 'Password']	action=http://sportsbetnow.com/Security/ValidateCredentials
LOGIN: southernwasteinformationexchange.com	/admin/index.php	fields=['log', 'pwd', 'rememberme', 'wp-submit', 'redirect_to', 'testcookie']	action=https://www.southernwasteinformationexchange.com/wp-login.ph
LOGIN: soscambodia.org	/admin/	fields=['__EVENTTARGET', '__EVENTARGUMENT', '__VIEWSTATE', '__VIEWSTATEGENERATOR', '__EVENTVALIDATION', 'Login1$UserName', 'Login1$Password']	action=http://soscambodia.org/./logon.aspx?ReturnUrl=%2fAdmin%2fCMS
LOGIN: socalthepolarexpressride.com	/admin/	fields=['log', 'pwd', 'rememberme', 'wp-submit', 'redirect_to', 'testcookie']	action=https://socalthepolarexpressride.com/wp-login.php
LOGIN: sos-childrensvillagesuganda.org	/admin/	fields=['__CMSCsrfToken', '__EVENTTARGET', '__EVENTARGUMENT', '__VIEWSTATE', '__VIEWSTATEGENERATOR', '__EVENTVALIDATION', 'Login1$UserName', 'Login1$Password']	action=http://sos-childrensvillagesuganda.org/./logon.aspx?ReturnUr
LOGIN: southendeye.com	/admin/index.php	fields=['log', 'pwd', 'rememberme', 'wp-submit', 'redirect_to', 'testcookie']	action=https://southendeye.com/wp-login.php
LOGIN: squirreldogtraining.com	/admin/	fields=['log', 'pwd', 'rememberme', 'wp-submit', 'redirect_to', 'testcookie']	action=https://squirreldogtraining.com/wp-login.php
LOGIN: splash.stylemixthemes.com	/admin/index.php	fields=['log', 'pwd', 'rememberme', 'wp-submit', 'redirect_to', 'testcookie', 'redirect_to']	action=https://splash.stylemixthemes.com/wp-login.php
LOGIN: solucaoimport.com	/admin/index.php	fields=['log', 'pwd', 'rememberme', 'wp-submit', 'redirect_to', 'testcookie', 'redirect_to']	action=https://solucaoimport.com/wp-login.php
LOGIN: stage-cms.altimetry.com	/login.php	fields=['global-turnstile-token', 'username', 'password', 'terms_accepted', 'username', 'password', 'terms_accepted', 'username']	action=http://stage-cms.altimetry.com/sign-in
LOGIN: sosvietnam.org	/admin/	fields=['__CMSCsrfToken', '__EVENTTARGET', '__EVENTARGUMENT', '__VIEWSTATE', '__VIEWSTATEGENERATOR', '__EVENTVALIDATION', 'Login1$UserName', 'Login1$Password']	action=http://sosvietnam.org/./logon.aspx?ReturnUrl=%2fAdmin%2fCMSA
LOGIN: ssjjka.com	/admin/login.php	fields=['email', 'password']	action=http://ssjjka.com/admin/login.php
LOGIN: staging.altimetry.com	/login.php	fields=['global-turnstile-token', 'username', 'password', 'terms_accepted', 'username', 'password', 'terms_accepted', 'username']	action=http://staging.altimetry.com/sign-in
LOGIN: sonyimager.com	/admin/	fields=['log', 'pwd', 'rememberme', 'wp-submit', 'redirect_to', 'testcookie', 'redirect_to']	action=https://sonyimager.com/wp-login.php
LOGIN: stage.altimetry.com	/login.php	fields=['global-turnstile-token', 'username', 'password', 'terms_accepted', 'username', 'password', 'terms_accepted', 'username']	action=http://stage.altimetry.com/sign-in
LOGIN: spanish.forchildren.com	/admin/login.php	fields=['csrfmiddlewaretoken', 'email', 'password', 'next']	action=http://spanish.forchildren.com/.
LOGIN: stmichaelwang.com	/login.php	fields=['username', 'password']	action=http://stmichaelwang.com/login.php
LOGIN: southjerseyev.com	/admin/index.php	fields=['log', 'pwd', 'rememberme', 'wp-submit', 'redirect_to', 'testcookie']	action=https://southjerseyev.com/wp-login.php
LOGIN: staging.developer.brightpearl.com	/admin/index.php	fields=['_token', 'emailAddress', 'password']	action=http://staging.developer.brightpearl.com/admin/index.php
LOGIN: spythrillermusic.com	/admin/index.php	fields=['log', 'pwd', 'rememberme', 'wp-submit', 'redirect_to', 'testcookie']	action=http://www.spythrillermusic.com/wp-login.php
LOGIN: status.coinbase.com	/admin/	fields=['authenticity_token', 'init', 'dual_login', 'use_atlassian', 'show_dual_login', 'email', 'password']	action=http://status.coinbase.com/login?redirect=%2Fpages%2Fkr0djjh
LOGIN: stommed.net	/admin/	fields=['log', 'pwd', 'rememberme', 'wp-submit', 'redirect_to', 'testcookie', 'redirect_to']	action=https://stommed.net/wp-login.php
LOGIN: status.neverbounce.com	/admin/	fields=['authenticity_token', 'init', 'dual_login', 'use_atlassian', 'show_dual_login', 'email', 'password']	action=http://status.neverbounce.com/login?redirect=%2Fpages%2Fj4k5
LOGIN: southernnutrition.org	/admin/index.php	fields=['log', 'pwd', 'rememberme', 'wp-submit', 'redirect_to', 'testcookie']	action=https://southernnutrition.org/wp-login.php
LOGIN: sportcointl.com	/admin/index.php	fields=['log', 'pwd', 'rememberme', 'wp-submit', 'redirect_to', 'testcookie']	action=https://sportcointl.com/wp-login.php
LOGIN: stanford.myonplanu.com	/admin/	fields=['userName', 'password', '_csrf']	action=http://stanford.myonplanu.com/login
LOGIN: sound-light.com	/admin/	fields=['log', 'pwd', 'rememberme', 'wp-submit', 'redirect_to', 'testcookie', 'redirect_to']	action=http://sound-light.de/wp-login.php
LOGIN: ssvprd.org	/admin/index.php	fields=['log', 'pwd', 'rememberme', 'wp-submit', 'redirect_to', 'testcookie', 'redirect_to']	action=https://ssvprd.org/wp-login.php
LOGIN: store.elite-shotguns.com	/admin/index.php	fields=['log', 'pwd', 'rememberme', 'wp-submit', 'redirect_to', 'testcookie']	action=https://store.elite-shotguns.com/wp-login.php
LOGIN: stcarriescenter.org	/admin/index.php	fields=['log', 'pwd', 'rememberme', 'wp-submit', 'redirect_to', 'testcookie']	action=https://stcarriescenter.org/wp-login.php
LOGIN: surfacepatternlife.com	/admin/	fields=['log', 'pwd', 'rememberme', 'wp-submit', 'redirect_to', 'testcookie']	action=https://surfacepatternlife.com/wp-login.php
LOGIN: sweatyspaghetti.com	/admin/login.php	fields=['csrfmiddlewaretoken', 'username', 'password', 'next']	action=http://sweatyspaghetti.com/de/admin/login/?next=/de/admin/lo
LOGIN: sustho.com	/admin/index.php	fields=['log', 'pwd', 'rememberme', 'wp-submit', 'redirect_to', 'testcookie']	action=https://sustho.com/wp-login.php
LOGIN: ststephensrva.org	/admin/	fields=['log', 'pwd', 'rememberme', 'wp-submit', 'redirect_to', 'testcookie']	action=https://ststephensrva.org/wp-login.php
LOGIN: sz-qitian.com	/admin/login.php	fields=['action', 'uuid', 'loginId', 'username', 'password']	action=http://sz-qitian.com/login.php
LOGIN: superiorenviroservices.com	/admin/index.php	fields=['log', 'pwd', 'rememberme', 'wp-submit', 'redirect_to', 'testcookie']	action=https://superiorenviroservices.com/wp-login.php
LOGIN: syruide.net	/admin/login.php	fields=['action', 'uuid', 'username', 'password']	action=http://syruide.net/login.php
LOGIN: sna-co.com	/admin/index.php	fields=['log', 'pwd', 'rememberme', 'wp-submit', 'redirect_to', 'testcookie', 'redirect_to']	action=https://sna-co.com/wp-login.php
LOGIN: swahili.forchildren.com	/admin/login.php	fields=['csrfmiddlewaretoken', 'email', 'password', 'next']	action=http://swahili.forchildren.com/.
LOGIN: szhmsh.com	/admin/login.php	fields=['action', 'uuid', 'loginId', 'username', 'password']	action=http://szhmsh.com/login.php
LOGIN: szqtbz.com	/admin/login.php	fields=['action', 'uuid', 'loginId', 'username', 'password']	action=http://szqtbz.com/login.php
LOGIN: sweets-today.com	/admin/index.php	fields=['log', 'pwd', 'rememberme', 'wp-submit', 'redirect_to', 'testcookie', 'redirect_to']	action=https://sweets-today.com/wp-login.php
LOGIN: susiemiller.com	/admin/	fields=['log', 'pwd', 'rememberme', 'wp-submit', 'redirect_to', 'testcookie']	action=https://susiemiller.com/wp-login.php
LOGIN: suspendedcirque.com	/admin/index.php	fields=['log', 'pwd', 'rememberme', 'wp-submit', 'redirect_to', 'testcookie']	action=https://www.suspendedcirque.com/scpress/wp-login.php
LOGIN: szalljg.com	/admin/login.php	fields=['action', 'uuid', 'loginId', 'username', 'password']	action=http://szalljg.com/login.php
LOGIN: stmichaelstorage.com	/admin/index.php	fields=['log', 'pwd', 'rememberme', 'wp-submit', 'redirect_to', 'testcookie']	action=https://stmichaelstorage.com/wp-login.php
LOGIN: szsbmx.com	/admin/login.php	fields=['action', 'uuid', 'loginId', 'username', 'password']	action=http://szsbmx.com/login.php
LOGIN: suitneeds.com	/admin/index.php	fields=['log', 'pwd', 'jetpack_protect_num', 'jetpack_protect_answer', 'rememberme', 'wp-submit', 'redirect_to', 'testcookie']	action=https://suitneeds.com/wp-login.php
LOGIN: szparo.com	/admin.php	fields=['user', 'password', 'ImgCode', 'act', 'frm', 'Submit']	action=http://szparo.com/
LOGIN: szxfqczc.com	/admin/login.php	fields=['action', 'uuid', 'loginId', 'username', 'password']	action=http://szxfqczc.com/login.php
LOGIN: szbelitt.com	/login.php	fields=['wd', 'act', 'login_url', 'username', 'password', 'valicode', 'remmber', 'login_btn']	action=https://www.szbelitt.com/search.php
LOGIN: swiftygo.com	/admin/index.php	fields=['log', 'pwd', 'rememberme', 'wp-submit', 'redirect_to', 'testcookie']	action=https://swiftygo.com/wp-login.php
LOGIN: stylemixthemes.com	/admin/index.php	fields=['log', 'pwd', 'rememberme', 'wp-submit', 'redirect_to', 'testcookie', 'redirect_to']	action=https://stylemixthemes.com/wp-login.php
LOGIN: spurgeonsmorningandevening.com	/admin/index.php	fields=['log', 'pwd', 'rememberme', 'wp-submit', 'redirect_to', 'testcookie']	action=https://spurgeonsmorningandevening.org/wp-login.php
LOGIN: szwusheng.com	/admin/login.php	fields=['action', 'uuid', 'loginId', 'username', 'password']	action=http://szwusheng.com/login.php
LOGIN: tc-huamei.com	/admin/login.php	fields=['action', 'uuid', 'loginId', 'username', 'password']	action=http://tc-huamei.com/login.php
LOGIN: swedx.com	/admin/index.php	fields=['log', 'pwd', 'rememberme', 'wp-submit', 'redirect_to', 'testcookie', 'redirect_to']	action=https://swedx.com/wp-login.php
LOGIN: tanzania.forchildren.com	/admin/login.php	fields=['csrfmiddlewaretoken', 'email', 'password', 'next']	action=http://tanzania.forchildren.com/.
LOGIN: tcjianzhouli.com	/admin/index.php	fields=['_csrf', 'User[username]', 'User[password]', 'User[rememberMe]', 'User[rememberMe]']	action=http://tcjianzhouli.com/admin/index.php
LOGIN: szgmn.com	/admin.php	fields=[]	action=http://szgmn.com/admin.php
LOGIN: syncpain.com	/admin/index.php	fields=['log', 'pwd', 'rememberme', 'wp-submit', 'redirect_to', 'testcookie']	action=https://syncpain.com/wp-login.php
LOGIN: tcysdz.cn	/admin/login.php	fields=['action', 'uuid', 'loginId', 'username', 'password']	action=http://tcysdz.cn/login.php
LOGIN: sz-mt.com.cn	/manage/	fields=['password', 'code']	action=http://sz-mt.com.cn/index.php?m=Manage&c=User&a=login_form
LOGIN: tdfitloans.com	/admin/	fields=['utf8', 'authenticity_token', 'admin_user[email]', 'admin_user[password]', 'admin_user[remember_me]', 'admin_user[remember_me]']	action=http://tdfitloans.com/admin_users/sign_in
LOGIN: tengjunsz.com	/admin/login.php	fields=['action', 'uuid', 'loginId', 'username', 'password']	action=http://tengjunsz.com/login.php
LOGIN: tarifasdeluz.com	/admin/index.php	fields=['log', 'pwd', 'rememberme', 'wp-submit', 'redirect_to', 'testcookie', 'redirect_to']	action=https://tarifasdeluz.com/wp-login.php
LOGIN: tamu.myonplanu.com	/admin/	fields=['userName', 'password', '_csrf']	action=http://tamu.myonplanu.com/login
LOGIN: tchqsl.com	/admin/	fields=['__RequestVerificationToken', 'UserName', 'Password', 'submit']	action=http://tchqsl.com/admin/login.html?ReturnUrl=%2fadmin%2f
LOGIN: spenglerindustries.com	/admin/	fields=['log', 'pwd', 'rememberme', 'wp-submit', 'redirect_to', 'testcookie', 'redirect_to']	action=https://spenglerindustries.com/wp-login.php
LOGIN: tchuameng.com	/admin/login.php	fields=['action', 'uuid', 'loginId', 'username', 'password']	action=http://tchuameng.com/login.php
LOGIN: tek-analytics.com	/admin/	fields=['log', 'pwd', 'rememberme', 'wp-submit', 'redirect_to', 'testcookie']	action=https://tek-analytics.com/wp-login.php
LOGIN: thai.forchildren.com	/admin/login.php	fields=['csrfmiddlewaretoken', 'email', 'password', 'next']	action=http://thai.forchildren.com/.
LOGIN: techinmocean.com	/admin/	fields=['log', 'pwd', 'rememberme', 'wp-submit', 'redirect_to', 'testcookie']	action=https://techinmocean.com/wp-login.php
LOGIN: thdy755.com	/admin/login.php	fields=['username', 'password', 'verify', 'ok']	action=http://thdy755.com/
LOGIN: tfcw.com	/admin/	fields=['authenticity_token', 'email', 'password', 'commit']	action=http://tfcw.com/admin/login
LOGIN: telyap.com	/admin/index.php	fields=['log', 'pwd', 'rememberme', 'wp-submit', 'redirect_to', 'testcookie', 'redirect_to']	action=https://telyap.com/wp-login.php
LOGIN: tfff.org	/admin/index.php	fields=['log', 'pwd', 'rememberme', 'wp-submit', 'redirect_to', 'testcookie', 'redirect_to']	action=https://www.tfff.org/wp-login.php
LOGIN: tekdeep.com	/admin/index.php	fields=['log', 'pwd', 'rememberme', 'wp-submit', 'redirect_to', 'testcookie', 'redirect_to']	action=https://tekdeep.com/wp-login.php
LOGIN: test-stanford.myonplanu.com	/admin/	fields=['userName', 'password', '_csrf']	action=http://test-stanford.myonplanu.com/login
LOGIN: t1limos.com	/admin/index.php	fields=['log', 'pwd', 'rememberme', 'wp-submit', 'redirect_to', 'testcookie']	action=https://t1limos.com/wp-login.php
LOGIN: thakkellapaduofficial.com	/admin/index.php	fields=['log', 'pwd', 'rememberme', 'wp-submit', 'redirect_to', 'testcookie']	action=https://thakkellapaduofficial.com/wp-login.php
LOGIN: teslaarquitectura.com	/admin/index.php	fields=['log', 'pwd', 'rememberme', 'wp-submit', 'redirect_to', 'testcookie', 'redirect_to']	action=https://teslaarquitectura.com/wp-login.php
LOGIN: tecumotor.com	/admin/index.php	fields=['log', 'pwd', 'rememberme', 'wp-submit', 'redirect_to', 'testcookie', 'redirect_to']	action=https://www.tecumotor.com/wp-login.php
LOGIN: tedxplano.org	/admin/index.php	fields=['log', 'pwd', 'rememberme', 'wp-submit', 'redirect_to', 'testcookie']	action=http://tedxplano.org/wp-login.php
LOGIN: thehappyhomes.com	/manage/	fields=['txtSearch', 'search-bar', '__LASTFOCUS', '__VIEWSTATE', '__VIEWSTATEGENERATOR', '__EVENTTARGET', '__EVENTARGUMENT', 'ctl00$ContentPlaceHolder1$txtUserId']	action=http://thehappyhomes.com/#
LOGIN: tastedstories.com	/admin/index.php	fields=['log', 'pwd', 'rememberme', 'wp-submit', 'redirect_to', 'testcookie']	action=https://www.tastedstories.com/wp-login.php
LOGIN: thedodad.com	/admin/index.php	fields=['log', 'pwd', 'rememberme', 'wp-submit', 'redirect_to', 'testcookie']	action=https://www.thedodad.com/wp-login.php
LOGIN: techtomy.com	/admin/index.php	fields=['log', 'pwd', 'rememberme', 'wp-submit', 'redirect_to', 'testcookie']	action=https://techtomy.com/wp-login.php
LOGIN: tengda-industrial.com	/admin.php	fields=['username', 'password', 'verifyCode', 'ajax', 'reset']	action=http://tengda-industrial.com/index.php?g=Admin&m=Login&a=doL
LOGIN: tfinders.com	/admin/index.php	fields=['log', 'pwd', 'rememberme', 'wp-submit', 'redirect_to', 'testcookie']	action=https://tfinders.com/wp-login.php
LOGIN: theposingportal.com	/admin/	fields=['log', 'pwd', 'rememberme', 'wp-submit', 'redirect_to', 'testcookie', 'redirect_to']	action=https://theposingportal.com/wp-login.php
LOGIN: thesmalltools.com	/admin/index.php	fields=['log', 'pwd', 'rememberme', 'wp-submit', 'redirect_to', 'testcookie']	action=https://thesmalltools.com/wp-login.php
LOGIN: thesilversword.com	/admin/index.php	fields=['log', 'pwd', 'wp-remember', 'wp-sno', 'rememberme', 'wp-submit', 'redirect_to', 'testcookie']	action=https://thesilversword.com/wp-login.php
LOGIN: technologydip.com	/admin/index.php	fields=['log', 'pwd', 'rememberme', 'wp-submit', 'redirect_to', 'testcookie']	action=https://www.technologydip.com/wp-login.php
LOGIN: thehardponys.com	/admin/index.php	fields=['log', 'pwd', 'rememberme', 'wp-submit', 'redirect_to', 'testcookie']	action=https://thehardponys.com/wp-login.php
LOGIN: teknomira.com	/admin/index.php	fields=['log', 'pwd', 'rememberme', 'wp-submit', 'redirect_to', 'testcookie']	action=https://teknomira.com/wp-login.php
LOGIN: theluxurytribe.com	/admin/index.php	fields=['log', 'pwd', 'rememberme', 'wp-submit', 'redirect_to', 'testcookie']	action=https://theluxurytribe.com/wp-login.php
LOGIN: thekoalamom.com	/admin/index.php	fields=['log', 'pwd', 'rememberme', 'wp-submit', 'redirect_to', 'testcookie']	action=https://thekoalamom.com/wp-login.php
LOGIN: thenailbabe.com	/admin/index.php	fields=['log', 'pwd', 'rememberme', 'wp-submit', 'redirect_to', 'testcookie']	action=https://www.thenailbabe.com/wp-login.php
LOGIN: thinkbar.net	/admin/login.php	fields=['name', 'password', 'referer', 'remember']	action=http://thinkbar.net/index.php/action/login?_=df40cff79e1eca3
LOGIN: thejustifiable.com	/admin/index.php	fields=['log', 'pwd', 'wpa_initiator', 'rememberme', 'wp-submit', 'redirect_to', 'testcookie', 'redirect_to']	action=https://thejustifiable.com/wp-login.php
LOGIN: thesleepermustawaken.com	/admin/index.php	fields=['log', 'pwd', 'rememberme', 'wp-submit', 'redirect_to', 'testcookie']	action=https://thesleepermustawaken.com/wp-login.php
LOGIN: theracquet.org	/admin/index.php	fields=['log', 'pwd', 'wp-remember', 'wp-sno', 'rememberme', 'wp-submit', 'redirect_to', 'testcookie']	action=https://theracquet.org/wp-login.php
LOGIN: thedailycat.com	/admin/index.php	fields=['log', 'pwd', 'rememberme', 'wp-submit', 'redirect_to', 'testcookie']	action=https://thedailycat.com/wp-login.php
LOGIN: thisbelongsinamuseum.com	/admin/	fields=['log', 'pwd', 'rememberme', 'wp-submit', 'redirect_to', 'testcookie']	action=https://thisbelongsinamuseum.com/wp-login.php
LOGIN: tian-wu.cn	/admin/login.php	fields=['action', 'uuid', 'loginId', 'username', 'password']	action=http://tian-wu.cn/login.php
LOGIN: thestateyourein.com	/admin/	fields=['log', 'pwd', 'rememberme', 'wp-submit', 'redirect_to', 'testcookie']	action=https://thestateyourein.com/wp-login.php
LOGIN: titanwind.com.cn	/admin/login.php	fields=['action', 'uuid', 'loginId', 'username', 'password']	action=http://titanwind.com.cn/login.php
LOGIN: thailandphotographer.com	/admin/index.php	fields=['log', 'pwd', 'rememberme', 'wp-submit', 'redirect_to', 'testcookie']	action=https://thailandphotographer.com/wp-login.php
LOGIN: thetranslationboutique.com	/admin/index.php	fields=['log', 'pwd', 'rememberme', 'wp-submit', 'redirect_to', 'testcookie']	action=https://thetranslationboutique.com/wp-login.php
LOGIN: tiangui.com.cn	/admin/login.php	fields=['action', 'uuid', 'loginId', 'username', 'password']	action=http://tiangui.com.cn/login.php
LOGIN: tjytsrq.com	/admin/login.php	fields=['username', 'password', 'verify', 'ok']	action=http://tjytsrq.com/
LOGIN: thetwincookingproject.net	/admin/	fields=['log', 'pwd', 'rememberme', 'wp-submit', 'redirect_to', 'testcookie']	action=https://thetwincookingproject.net/wp-login.php
LOGIN: thinklikeamonkbook.com	/admin/	fields=['log', 'pwd', 'rememberme', 'wp-submit', 'redirect_to', 'testcookie']	action=https://thinklikeamonkbook.com/wp-login.php
LOGIN: tiendaderopanegra.com	/admin/index.php	fields=['log', 'pwd', 'rememberme', 'wp-submit', 'redirect_to', 'testcookie', 'redirect_to']	action=https://tiendaderopanegra.com/wp-login.php
LOGIN: tntn1515.com	/login.php	fields=[]	action=http://tntn1515.com/login.php
LOGIN: thezelisassembly.com	/admin/index.php	fields=['log', 'pwd', 'rememberme', 'wp-submit', 'redirect_to', 'testcookie']	action=https://www.zelis.com/wp-login.php?wpe-login=true
LOGIN: tinboxchina.com	/admin/index.php	fields=['log', 'pwd', 'rememberme', 'wp-submit', 'redirect_to', 'testcookie']	action=https://tinboxchina.com/wp-login.php
LOGIN: toolur.com	/admin/login	fields=[]	action=http://toolur.com/admin/login
LOGIN: tiankangi.net	/admin/	fields=['hidden1', '__RequestVerificationToken', 'UserName', 'Password', 'submit']	action=http://tiankangi.net/admin/login.html?ReturnUrl=%2fadmin%2f
LOGIN: tianyuyun.com	/manage/	fields=['phone', 'password', 'fwtk', '_csrf', 'triggerid', 'appid', 'ticket', 'randstr']	action=http://tianyuyun.com/manage/
LOGIN: tippimaan.com	/admin/index.php	fields=['log', 'pwd', 'rememberme', 'wp-submit', 'redirect_to', 'testcookie']	action=https://tippimaan.com/wp-login.php
LOGIN: tochishobun.com	/admin/	fields=['log', 'pwd', 'rememberme', 'wp-submit', 'redirect_to', 'testcookie', 'redirect_to']	action=https://rulezmc.com/wp-login.php
LOGIN: tonjony.com	/admin/index.php	fields=['log', 'pwd', 'rememberme', 'wp-submit', 'redirect_to', 'testcookie', 'redirect_to']	action=https://tonjony.com/wp-login.php
LOGIN: tooliebonka.com	/admin/index.php	fields=['log', 'pwd', 'rememberme', 'wp-submit', 'redirect_to', 'testcookie']	action=https://tooliebonka.com/wp-login.php
LOGIN: treatment4all.org	/admin/	fields=['_username', '_password']	action=http://treatment4all.org/admin/login_check
LOGIN: timothythelin.com	/admin/index.php	fields=['log', 'pwd', 'rememberme', 'wp-submit', 'redirect_to', 'testcookie']	action=https://timothythelin.com/wp-login.php
LOGIN: timwood.com	/admin/index.php	fields=['log', 'pwd', 'rememberme', 'wp-submit', 'redirect_to', 'testcookie', 'redirect_to']	action=https://www.timwood.com/wp-login.php
LOGIN: toddcokennel.com	/admin/index.php	fields=['log', 'pwd', 'rememberme', 'wp-submit', 'redirect_to', 'testcookie']	action=https://www.toddcokennel.com/wp-login.php
LOGIN: ttuser.com	/admin/	fields=['email', 'password']	action=http://ttuser.com/admin/
LOGIN: transorze.com	/admin/	fields=['log', 'pwd', 'rememberme', 'wp-submit', 'redirect_to', 'testcookie']	action=https://admin.transorze.com/wp-login.php
LOGIN: travelinggypsycorgis.com	/admin/index.php	fields=['log', 'pwd', 'rememberme', 'wp-submit', 'redirect_to', 'testcookie', 'redirect_to']	action=https://www.travelinggypsycorgis.com/wp-login.php?wpe-login=
LOGIN: tonglinjunye.com	/admin/index.php	fields=['log', 'pwd', 'rememberme', 'wp-submit', 'redirect_to', 'testcookie', 'redirect_to']	action=https://www.tonglinjunye.com/wp-login.php
LOGIN: timmannbuilders.com	/admin/	fields=['log', 'pwd', 'rememberme', 'wp-submit', 'redirect_to', 'testcookie']	action=https://timmannbuilders.com/wp-login.php
LOGIN: triangleland.org	/admin/index.php	fields=['log', 'pwd', 'rememberme', 'wp-submit', 'redirect_to', 'testcookie']	action=https://triangleland.org/wp-login.php?wpe-login=true
LOGIN: toponetech.cn	/admin/index.php	fields=['log', 'pwd', 'rememberme', 'wp-submit', 'redirect_to', 'testcookie', 'redirect_to']	action=https://toponetouch.com/wp-login.php
LOGIN: tube-8com.com	/manage/	fields=[]	action=http://tube-8com.com/manage/
LOGIN: topdebrid.com	/admin/index.php	fields=['log', 'pwd', 'rememberme', 'wp-submit', 'redirect_to', 'testcookie']	action=https://topdebrid.com/wp-login.php
LOGIN: tj-bj.com	/admin.php	fields=['formcheck', 'username', 'password', 'checkcode']	action=http://tj-bj.com/admin.php?p=/Index/login
LOGIN: trendingnewsbuzz.com	/admin/index.php	fields=['log', 'pwd', 'brute_num', 'brute_ck', 'rememberme', 'wp-submit', 'redirect_to', 'testcookie']	action=https://trendingnewsbuzz.com/wp-login.php
LOGIN: tuguiadejapon.com	/admin/	fields=['log', 'pwd', 'rememberme', 'wp-submit', 'redirect_to', 'testcookie', 'redirect_to']	action=https://tuguiadejapon.com/wp-login.php
LOGIN: tunbiya.com	/admin/	fields=['username', 'password', 'captcha_mode', 'remember', 'action', 'name', 'email', 'captcha_mode']	action=http://tunbiya.com/admin/
LOGIN: timmpi.com	/admin/index.php	fields=['log', 'pwd', 'rememberme', 'wp-submit', 'redirect_to', 'testcookie']	action=https://www.timmpi.com/wp-login.php
LOGIN: tlxjgd.com	/admin/	fields=['__RequestVerificationToken', 'UserName', 'Password', 'submit']	action=http://tlxjgd.com/admin/login.html?ReturnUrl=%2fadmin%2f
LOGIN: twaimmigration.com	/admin/index.php	fields=['log', 'pwd', 'rememberme', 'wp-submit', 'redirect_to', 'testcookie', 'redirect_to']	action=https://twaimmigration.com/wp-login.php
LOGIN: umeex.com	/admin/index.php	fields=['log', 'pwd', 'rememberme', 'wp-submit', 'redirect_to', 'testcookie', 'redirect_to']	action=https://umeex.com/wp-login.php
LOGIN: unqcare.com	/admin/login.php	fields=['action', 'uuid', 'loginId', 'username', 'password']	action=http://unqcare.com/login.php
LOGIN: trypeak.com	/admin/index.php	fields=['log', 'pwd', 'rememberme', 'wp-submit', 'redirect_to', 'testcookie']	action=https://trypeak.com/wp-login.php
LOGIN: tzcpremium.com	/admin/index.php	fields=['log', 'pwd', 'rememberme', 'wp-submit', 'redirect_to', 'testcookie', 'redirect_to']	action=https://tzcpremium.com/wp-login.php
LOGIN: top1tv.net	/admin/index.php	fields=['log', 'pwd', 'rememberme', 'wp-submit', 'redirect_to', 'testcookie']	action=https://www.top1tv.net/wp-login.php
LOGIN: truemountaintraveler.com	/admin/	fields=['log', 'pwd', 'rememberme', 'wp-submit', 'redirect_to', 'testcookie']	action=https://www.truemountaintraveler.com/wp/wp-login.php
LOGIN: upiaindia.org	/admin/index.php	fields=['log', 'pwd', 'rememberme', 'wp-submit', 'redirect_to', 'testcookie']	action=https://upiaindia.org/wp-login.php
LOGIN: ufaocity.xyz	/admin/	fields=['log', 'pwd', 'rememberme', 'wp-submit', 'redirect_to', 'testcookie', 'redirect_to']	action=https://ufaocity.xyz/wp-login.php
LOGIN: verticalcircus.com	/login.php	fields=[]	action=http://verticalcircus.com/login.php
LOGIN: uniconbg.com	/admin/index.php	fields=['login', 'email', 'password']	action=http://uniconbg.com/
LOGIN: twelectrical.com	/login.php	fields=['log', 'pwd', 'rememberme', 'wp-submit', 'redirect_to', 'testcookie']	action=https://twelectrical.com/wp-login.php
LOGIN: tzwolves.com	/admin/index.php	fields=['log', 'pwd', 'rememberme', 'wp-submit', 'redirect_to', 'testcookie', 'redirect_to']	action=http://tzwolves.com/wp-login.php
LOGIN: urbancreeks.org	/admin/	fields=['log', 'pwd', 'rememberme', 'wp-submit', 'redirect_to', 'testcookie']	action=https://urbancreeks.org/wp-login.php
LOGIN: unitygames.org	/admin/index.php	fields=['log', 'pwd', 'rememberme', 'wp-submit', 'redirect_to', 'testcookie']	action=https://unitygames.org/wp-login.php
LOGIN: vfw2667.org	/admin/	fields=['log', 'pwd', 'rememberme', 'wp-submit', 'redirect_to', 'testcookie']	action=http://vfw2667.org/wp-login.php
LOGIN: urbanstoryventures.com	/admin/index.php	fields=['log', 'pwd', 'rememberme', 'wp-submit', 'redirect_to', 'testcookie']	action=https://urbanstoryventures.com/wp-login.php
LOGIN: uhohdigital.com	/admin/index.php	fields=['log', 'pwd', 'rememberme', 'wp-submit', 'redirect_to', 'testcookie']	action=https://uhohdigital.com/wp-login.php
LOGIN: twotonesstore.com	/admin/index.php	fields=['log', 'pwd', 'rememberme', 'wp-submit', 'redirect_to', 'testcookie']	action=https://twotonesstore.com/wp-login.php
LOGIN: va-leaders.com	/admin/index.php	fields=['log', 'pwd', 'g-recaptcha-response', 'rememberme', 'wp-submit', 'redirect_to', 'testcookie']	action=https://va-leaders.com/wp-login.php
LOGIN: varthamana.com	/admin/	fields=['log', 'pwd', 'rememberme', 'wp-submit', 'redirect_to', 'testcookie', 'redirect_to']	action=https://robotixlab.in/wp-login.php
LOGIN: vilemetalvids.com	/admin/login.php	fields=['ausername', 'apassword']	action=http://vilemetalvids.com/login.php
LOGIN: vbtutor.net	/admin/index.php	fields=['log', 'pwd', 'rememberme', 'wp-submit', 'redirect_to', 'testcookie']	action=https://www.vbtutor.net/wordpress/wp-login.php
LOGIN: tuzlaatlasotomotiv.com	/admin/	fields=['log', 'pwd', 'rememberme', 'wp-submit', 'redirect_to', 'testcookie', 'redirect_to']	action=https://tuzlaatlasotomotiv.com/wp-login.php
LOGIN: vickypetite.com	/admin/index.php	fields=['log', 'pwd', 'rememberme', 'wp-submit', 'redirect_to', 'testcookie', 'redirect_to']	action=https://vickypetite.com/wp-login.php
LOGIN: valve.com	/admin/index.php	fields=['log', 'pwd', 'rememberme', 'wp-submit', 'redirect_to', 'testcookie']	action=https://valve.com/wp-login.php
LOGIN: vision-renu.com	/admin.php	fields=['username', 'password', 'captcha']	action=http://vision-renu.com/login.php
LOGIN: vn88up.com	/admin/	fields=['log', 'pwd', 'rememberme', 'wp-submit', 'redirect_to', 'testcookie', 'redirect_to']	action=https://vn88cm.us.com/wp-login.php
LOGIN: venueindelhi.com	/admin/index.php	fields=['log', 'pwd', 'rememberme', 'wp-submit', 'redirect_to', 'testcookie']	action=https://venueindelhi.com/wp-login.php
LOGIN: vescctv.com	/admin/index.php	fields=['log', 'pwd', 'rememberme', 'wp-submit', 'redirect_to', 'testcookie']	action=https://vescctv.com/wp-login.php
LOGIN: wakigataisaku-clinic.com	/admin/index.php	fields=['log', 'pwd', 'rememberme', 'wp-submit', 'redirect_to', 'testcookie']	action=https://wakigataisaku-clinic.com/wp-login.php
LOGIN: vn888a.com	/admin/	fields=['log', 'pwd', 'rememberme', 'wp-submit', 'redirect_to', 'testcookie', 'redirect_to']	action=https://vn888a.com/wp-login.php
LOGIN: visitmanggaraitimur.com	/admin/index.php	fields=['log', 'pwd', 'rememberme', 'wp-submit', 'redirect_to', 'testcookie', 'redirect_to']	action=https://visitmanggaraitimur.com/wp-login.php
LOGIN: virginia.myonplanu.com	/admin/	fields=['userName', 'password', '_csrf']	action=http://virginia.myonplanu.com/login
LOGIN: wanglaw.tw	/admin/index.php	fields=['log', 'pwd', 'rememberme', 'wp-submit', 'redirect_to', 'testcookie', 'redirect_to']	action=https://wanglaw.tw/wp-login.php
LOGIN: veterinaire-roumanie.com	/admin/index.php	fields=['log', 'pwd', 'wpa_initiator', 'rememberme', 'wp-submit', 'redirect_to', 'testcookie', 'redirect_to']	action=https://www.veterinaire-roumanie.com/wp-login.php
LOGIN: viralkhobor.com	/admin/index.php	fields=['log', 'pwd', 'rememberme', 'wp-submit', 'redirect_to', 'testcookie', 'redirect_to']	action=https://viralkhobor.com/wp-login.php
LOGIN: vin-decoder.stylemixthemes.com	/admin/index.php	fields=['log', 'pwd', 'rememberme', 'wp-submit', 'redirect_to', 'testcookie']	action=https://vin-decoder.stylemixthemes.com/wp-login.php
LOGIN: webdisk.competencias9000.com	/login.php	fields=['EmailLogin', 'ClaveLogin']	action=http://webdisk.competencias9000.com/login.php
LOGIN: webcontentonline.com	/admin/login.php	fields=['email', 'password', 'remember-me']	action=http://webcontentonline.com/console/login
LOGIN: webdisk.me	/login.php	fields=['username', 'password']	action=http://webdisk.me/
LOGIN: webmail.nagman-calibration.com	/manage/	fields=['user', 'pass']	action=http://webmail.nagman-calibration.com/javascript:void(0)
LOGIN: webmail.dorshonshiksha.com	/admin/	fields=['user', 'pass']	action=http://webmail.dorshonshiksha.com/javascript:void(0)
LOGIN: webmail.jesusmentribe.com	/admin/	fields=['user', 'pass']	action=http://webmail.jesusmentribe.com/javascript:void(0)
LOGIN: webmail.pearcemarketinggroup.com	/admin/	fields=['user', 'pass']	action=http://webmail.pearcemarketinggroup.com/javascript:void(0)
LOGIN: vj9v93pa.org	/admin/index.php	fields=['log', 'pwd', 'rememberme', 'wp-submit', 'redirect_to', 'testcookie', 'redirect_to']	action=https://vj9v93pa.org/wp-login.php
LOGIN: web-dk.com	/admin/index.php	fields=['log', 'pwd', 'rememberme', 'wp-submit', 'redirect_to', 'testcookie', 'redirect_to']	action=https://web-dk.com/wp-login.php
LOGIN: watch.azaronline.com	/admin/index.php	fields=['log', 'pwd', 'rememberme', 'wp-submit', 'redirect_to', 'testcookie']	action=https://watch.azaronline.com/wp-login.php
LOGIN: victoryhealthandfitness.org	/admin/index.php	fields=['log', 'pwd', 'rememberme', 'wp-submit', 'redirect_to', 'testcookie']	action=https://victoryhealthandfitness.org/wp-login.php
LOGIN: webmail.jessicazumbusch.com	/admin/index.php	fields=['log', 'pwd', 'rememberme', 'wp-submit', 'redirect_to', 'testcookie']	action=https://abitofrandom.com/wp-login.php
LOGIN: well-grid.com	/admin/login.php	fields=['action', 'uuid', 'loginId', 'username', 'password']	action=http://well-grid.com/login.php
LOGIN: vpsatech.com	/admin/index.php	fields=['log', 'pwd', 'rememberme', 'wp-submit', 'redirect_to', 'testcookie', 'redirect_to']	action=https://vpsatech.com/wp-login.php
LOGIN: weian.com.cn	/admin/login.php	fields=['action', 'uuid', 'loginId', 'username', 'password']	action=http://weian.com.cn/login.php
LOGIN: webtevar.com	/admin/index.php	fields=['log', 'pwd', 'rememberme', 'wp-submit', 'redirect_to', 'testcookie', 'redirect_to']	action=https://webtevar.com/wp-login.php
LOGIN: webserver.safetyware.com	/admin/	fields=['log', 'pwd', 'rememberme', 'wp-submit', 'redirect_to', 'testcookie']	action=https://archive.safetyware.com/wp-login.php
LOGIN: webcamporntubez.com	/admin/index.php	fields=['log', 'pwd', 'rememberme', 'wp-submit', 'redirect_to', 'testcookie']	action=https://webcamporntubez.com/wp-login.php
LOGIN: watan.com	/admin/index.php	fields=['log', 'pwd', 'rememberme', 'wp-submit', 'redirect_to', 'testcookie', 'redirect_to']	action=https://www.watan.com/wp-login.php
LOGIN: wkdoor.com	/admin/login.php	fields=['action', 'uuid', 'loginId', 'username', 'password']	action=http://wkdoor.com/login.php
LOGIN: weatherglaze2000.com	/admin/index.php	fields=['log', 'pwd', 'rememberme', 'wp-submit', 'redirect_to', 'testcookie']	action=https://www.weatherglaze2000.com/wp-login.php
LOGIN: world.downmagaz.net	/admin.php	fields=['subaction', 'username', 'password', 'login_not_save']	action=http://world.downmagaz.net/
LOGIN: verdesaires.com	/admin/index.php	fields=['log', 'pwd', 'rememberme', 'wp-submit', 'redirect_to', 'testcookie', 'redirect_to']	action=https://verdesaires.com/wp-login.php
LOGIN: whhqbz.com	/admin/	fields=['UserName', 'Password', 'CheckCode']	action=http://whhqbz.com/login.asp
LOGIN: wujiangkanglong.cn	/admin/login.php	fields=['action', 'uuid', 'loginId', 'username', 'password']	action=http://wujiangkanglong.cn/login.php
LOGIN: wh-bx.com	/admin/	fields=['__RequestVerificationToken', 'UserName', 'Password', 'submit']	action=http://wh-bx.com/admin/login.html?ReturnUrl=%2fadmin%2f
LOGIN: visualdx.com	/admin/index.php	fields=['log', 'pwd', 'rememberme', 'wp-submit', 'redirect_to', 'testcookie']	action=https://www.visualdx.com/wp-login.php?wpe-login=true
LOGIN: wehnhvac.com	/admin/index.php	fields=['log', 'pwd', 'rememberme', 'wp-submit', 'redirect_to', 'testcookie']	action=https://wehnhvac.com/wp-login.php
LOGIN: wuyi-sh.com	/admin/login.php	fields=['action', 'uuid', 'loginId', 'username', 'password']	action=http://wuyi-sh.com/login.php
LOGIN: whchengzhuo.com	/admin/	fields=['__RequestVerificationToken', 'UserName', 'Password', 'submit']	action=http://whchengzhuo.com/admin/login.html?ReturnUrl=%2fadmin%2
LOGIN: wtfwasithinking.org	/login.php	fields=['log', 'pwd', 'rememberme', 'wp-submit', 'redirect_to', 'testcookie']	action=https://wtfwasithinking.org/wp-login.php
LOGIN: wiredbyteit.net	/admin/index.php	fields=['log', 'pwd', 'rememberme', 'wp-submit', 'redirect_to', 'testcookie']	action=https://nationaltreibball.co/wp-login.php
LOGIN: www.1ntv.org	/login.php	fields=['field_login', 'field_password', 'submit_login', 'submit_register']	action=http://www.1ntv.org/login.php
LOGIN: wileydigitalarchives.com	/admin/index.php	fields=['log', 'pwd', 'rememberme', 'wp-submit', 'redirect_to', 'testcookie']	action=https://www.wileydigitalarchives.com/wp-login.php
LOGIN: wppindiafoundation.com	/admin/index.php	fields=['log', 'pwd', 'rememberme', 'wp-submit', 'redirect_to', 'testcookie']	action=https://wppindiafoundation.com/wp-login.php
LOGIN: wuhushangjie.com	/admin/	fields=['__RequestVerificationToken', 'UserName', 'Password', 'submit']	action=http://wuhushangjie.com/admin/login.html?ReturnUrl=%2fadmin%
LOGIN: wuhurf.com	/admin/	fields=['hidden1', '__RequestVerificationToken', 'UserName', 'Password', 'submit']	action=http://wuhurf.com/admin/login.html?ReturnUrl=%2fadmin%2f
LOGIN: welshstonesupply.com	/admin/index.php	fields=['log', 'pwd', 'rememberme', 'wp-submit', 'redirect_to', 'testcookie']	action=https://www.welshstonesupply.com/wp-login.php
LOGIN: wordstoreality.com	/admin.php	fields=['email', 'password', 'dontremember', 'login']	action=http://wordstoreality.com/
LOGIN: westafricanewthinking.com	/admin/index.php	fields=['log', 'pwd', 'rememberme', 'wp-submit', 'redirect_to', 'testcookie', 'redirect_to']	action=https://westafricanewthinking.com/wp-login.php
LOGIN: www.aihaishen.com	/admin/login.php	fields=['username', 'password', 'submit', 'action']	action=http://www.aihaishen.com/admin/login.php?do=submit&jumpurl=%
LOGIN: www.ahhuilic.com	/admin/	fields=['__RequestVerificationToken', 'UserName', 'Password', 'submit']	action=http://www.ahhuilic.com/admin/login.html?ReturnUrl=%2fadmin%
LOGIN: www.ahxiyy.com	/admin/	fields=['__RequestVerificationToken', 'UserName', 'Password', 'submit']	action=http://www.ahxiyy.com/admin/login.html?ReturnUrl=%2fadmin%2f
LOGIN: www.96krock.com	/admin/index.php	fields=['log', 'pwd', 'rememberme', 'wp-submit', 'redirect_to', 'testcookie', 'redirect_to']	action=https://96krock.com/wp-login.php?wpe-login=true
LOGIN: www.ahshengcheng.com	/admin/	fields=['__RequestVerificationToken', 'UserName', 'Password', 'submit']	action=http://www.ahshengcheng.com/admin/login.html?ReturnUrl=%2fad
LOGIN: wofava.org	/admin/index.php	fields=['log', 'pwd', 'rememberme', 'wp-submit', 'redirect_to', 'testcookie']	action=https://wofava.org/wp-login.php
LOGIN: www.accidentattorneys.com	/manage/	fields=['_token', 'email', 'password', 'remember']	action=https://www.accidentattorneys.com/manage/login
LOGIN: wunav.com	/admin/	fields=['action', 'username', 'password', 'captcha_type', 'rememberme', 'redirect_to']	action=http://wunav.com/
LOGIN: willystransmission.com	/admin/index.php	fields=['log', 'pwd', 'rememberme', 'wp-submit', 'redirect_to', 'testcookie']	action=https://willystransmission.com/wp-login.php
LOGIN: www.ahjsny.cn	/admin/	fields=['hidden1', '__RequestVerificationToken', 'UserName', 'Password', 'submit']	action=http://www.ahjsny.cn/admin/login.html?ReturnUrl=%2fadmin%2f
LOGIN: www.ahgzzn.com	/admin/	fields=['__RequestVerificationToken', 'UserName', 'Password', 'submit']	action=http://www.ahgzzn.com/admin/login.html?ReturnUrl=%2fadmin%2f
LOGIN: www.algorllc.com	/admin/index.php	fields=['uname', 'paswd']	action=https://algorllc.com/admin/Dashboard
LOGIN: www.analsee.com	/admin/index.php	fields=['username', 'password', 'action']	action=http://www.analsee.com/log_in.php
LOGIN: www.akereso.com	/admin/	fields=['log', 'pwd', 'rememberme', 'wp-submit', 'redirect_to', 'testcookie']	action=https://akereso.com/wp-login.php
LOGIN: wozlawgroup.com	/admin/index.php	fields=['log', 'pwd', 'rememberme', 'wp-submit', 'redirect_to', 'testcookie']	action=https://wozlawgroup.com/wp-login.php
LOGIN: www.ahftby.cn	/admin/	fields=['hidden1', '__RequestVerificationToken', 'UserName', 'Password', 'submit']	action=http://www.ahftby.cn/admin/login.html?ReturnUrl=%2fadmin%2f
LOGIN: www.ahnimishabusinessconsulting.com	/login.php	fields=['log', 'pwd', 'lg_hp', 'rememberme', 'wp-submit', 'redirect_to', 'testcookie']	action=https://ahnimishabusinessconsulting.com/blanket
LOGIN: www.ahzr.com.cn	/admin/	fields=['__RequestVerificationToken', 'UserName', 'Password', 'submit']	action=http://www.ahzr.com.cn/admin/login.html?ReturnUrl=%2fadmin%2
LOGIN: www.amothersrandomthoughts.com	/admin/index.php	fields=['log', 'pwd', 'rememberme', 'wp-submit', 'redirect_to', 'testcookie']	action=https://amothersrandomthoughts.com/wp-login.php
LOGIN: www.anhuilengqueta.com	/admin/	fields=['__RequestVerificationToken', 'UserName', 'Password', 'submit']	action=http://www.anhuilengqueta.com/admin/login.html?ReturnUrl=%2f
LOGIN: www.androidmobiles.org	/admin/index.php	fields=['log', 'pwd', 'rememberme', 'wp-submit', 'redirect_to', 'testcookie']	action=https://androidmobiles.org/wp-login.php
LOGIN: www.anchorpointfoundation.com	/admin/index.php	fields=['log', 'pwd', 'wpcloud_bb_session', 'rememberme', 'wp-submit', 'redirect_to', 'testcookie']	action=https://anchorpointfoundation.org/wp-login.php
LOGIN: www.511enterprises.com	/admin/index.php	fields=['log', 'pwd', 'rememberme', 'wp-submit', 'redirect_to', 'testcookie']	action=https://511enterprises.com/wp-login.php
LOGIN: www.abacodisasterrelief.org	/admin/	fields=['log', 'pwd', 'rememberme', 'wp-submit', 'redirect_to', 'testcookie']	action=https://abacodisasterrelief.org/wp-login.php
LOGIN: www.aghazetaleem.com	/admin/index.php	fields=['log', 'pwd', 'rememberme', 'wp-submit', 'redirect_to', 'testcookie']	action=https://aghazetaleem.com/wp-login.php
LOGIN: www.alessioolimpio.com	/admin/index.php	fields=['log', 'pwd', 'rememberme', 'wp-submit', 'redirect_to', 'testcookie', 'redirect_to']	action=https://www.alessioolimpio.com/wp-login.php
LOGIN: www.apple-cores.com	/admin/index.php	fields=['log', 'pwd', 'rememberme', 'wp-submit', 'redirect_to', 'testcookie']	action=https://apple-cores.com/wp-login.php
LOGIN: www.ballsrodandkustom.com	/admin/login.php	fields=['csrf_token', 'loginid', 'pwd']	action=http://www.ballsrodandkustom.com/login.php
LOGIN: www.arresha.com	/admin/	fields=['__RequestVerificationToken', 'Password', 'RememberMe', '__RequestVerificationToken', 'RememberMe', 'NewsletterEmail']	action=http://www.arresha.com/ar/login?returnurl=%2Fadmin%2F
LOGIN: www.aldeasinfantiles.org	/admin/	fields=['__EVENTTARGET', '__EVENTARGUMENT', '__VIEWSTATE', '__VIEWSTATEGENERATOR', '__EVENTVALIDATION', 'Login1$UserName', 'Login1$Password']	action=http://www.aldeasinfantiles.org/./logon.aspx?ReturnUrl=%2fAd
LOGIN: www.aldeias-sos.org	/admin/	fields=['__CMSCsrfToken', '__EVENTTARGET', '__EVENTARGUMENT', '__VIEWSTATE', '__VIEWSTATEGENERATOR', '__EVENTVALIDATION', 'Login1$UserName', 'Login1$Password']	action=http://www.aldeias-sos.org/./logon.aspx?ReturnUrl=%2fAdmin%2
LOGIN: wimaxnear.com	/admin/	fields=['log', 'pwd', 'rememberme', 'wp-submit', 'redirect_to', 'testcookie', 'redirect_to']	action=https://irmikro.com/wp-login.php
LOGIN: www.acadianamfg.com	/admin/index.php	fields=['log', 'pwd', 'rememberme', 'wp-submit', 'redirect_to', 'testcookie']	action=https://acadianamfg.com/wp-login.php
LOGIN: www.bbhlfz.com	/admin/	fields=['__RequestVerificationToken', 'UserName', 'Password', 'submit']	action=http://www.bbhlfz.com/admin/login.html?ReturnUrl=%2fadmin%2f
LOGIN: www.arsatc.org	/admin/	fields=['log', 'pwd', 'rememberme', 'wp-submit', 'redirect_to', 'testcookie', 'redirect_to']	action=https://coradius.io/wp-login.php
LOGIN: www.baohay.net	/admin/index.php	fields=['log', 'pwd', 'rememberme', 'wp-submit', 'redirect_to', 'testcookie', 'redirect_to']	action=https://jianzhongcha.com.tw/wp-login.php
LOGIN: www.asliceofstyle.com	/admin/	fields=['log', 'pwd', 'rememberme', 'wp-submit', 'redirect_to', 'testcookie']	action=https://asliceofstyle.com/wp-login.php
LOGIN: ws15.iotfm.org	/admin/index.php	fields=['username', 'password', 'execution', '_eventId', 'geolocation', 'submitbutton', 'helpbutton']	action=http://ws15.iotfm.org/login
LOGIN: www.badasong.com	/admin/index.php	fields=['log', 'pwd', 'rememberme', 'wp-submit', 'redirect_to', 'testcookie', 'redirect_to']	action=https://badasong.com/wp-login.php
LOGIN: www.arvadasitematerials.com	/admin/	fields=['log', 'pwd', 'rememberme', 'wp-submit', 'redirect_to', 'testcookie']	action=https://arvadasitematerials.com/wp-login.php
LOGIN: www.baohiemlibertyvn.com	/admin/index.php	fields=['log', 'pwd', 'rememberme', 'wp-submit', 'redirect_to', 'testcookie', 'redirect_to']	action=https://baohiemlibertyvn.com/wp-login.php
LOGIN: www.atlashomehealth.com	/admin/index.php	fields=['log', 'pwd', 'rememberme', 'wp-submit', 'redirect_to', 'testcookie']	action=https://atlashomehealth.com/wp-login.php
LOGIN: www.apartamentosrd.com	/admin/	fields=['log', 'pwd', 'rememberme', 'wp-submit', 'redirect_to', 'testcookie']	action=https://apartamentosrd.com/wp-login.php
LOGIN: www.alsautomotive.com	/admin/index.php	fields=['log', 'pwd', 'rememberme', 'wp-submit', 'redirect_to', 'testcookie']	action=https://www.alsautomotive.com/wp-login.php
LOGIN: www.backlinkurl.com	/admin/index.php	fields=['log', 'pwd', 'rememberme', 'wp-submit', 'redirect_to', 'testcookie']	action=https://www.backlinkurl.com/wp-login.php
LOGIN: www.be-mag.com	/admin/index.php	fields=['log', 'pwd', 'rememberme', 'wp-submit', 'redirect_to', 'testcookie']	action=https://be-mag.com/wp-login.php
LOGIN: www.angloiraqi.org	/admin/index.php	fields=['log', 'pwd', 'rememberme', 'wp-submit', 'redirect_to', 'testcookie']	action=https://www.angloiraqi.org/wp-login.php
LOGIN: www.berthoud970locksmith.com	/admin/	fields=['log', 'pwd', 'rememberme', 'wp-submit', 'redirect_to', 'testcookie']	action=https://berthoud970locksmith.com/wp-login.php
LOGIN: www.armorservices.com	/admin/index.php	fields=['log', 'pwd', 'rememberme', 'wp-submit', 'redirect_to', 'testcookie']	action=https://armorservices.com/wp-login.php
LOGIN: www.avrupamedya.com	/admin/index.php	fields=['log', 'pwd', 'rememberme', 'wp-submit', 'redirect_to', 'testcookie', 'redirect_to']	action=https://avrupamedya.com/wp-login.php
LOGIN: www.bwqrlzy.com	/admin/	fields=['__RequestVerificationToken', 'UserName', 'Password', 'submit']	action=http://www.bwqrlzy.com/admin/login.html?ReturnUrl=%2fadmin%2
LOGIN: www.baliwholesalemarket.com	/admin/index.php	fields=['log', 'pwd', 'rememberme', 'wp-submit', 'redirect_to', 'testcookie', 'redirect_to']	action=https://baliwholesalemarket.com/wp-login.php
LOGIN: www.blvdautoworks.com	/admin/index.php	fields=['log', 'pwd', 'rememberme', 'wp-submit', 'redirect_to', 'testcookie']	action=https://www.blvdautoworks.com/wp-login.php
LOGIN: www.boxallprofile.org	/admin/index.php	fields=['log', 'pwd', 'rememberme', 'wp-submit', 'redirect_to', 'testcookie']	action=https://www.boxallprofile.org/wp-login.php
LOGIN: www.chargercash.com	/admin/login.php	fields=['user', 'pass', 'user', 'pass']	action=http://www.chargercash.com/internal.php
LOGIN: www.blessedpropertysolutions.com	/admin/	fields=['log', 'pwd', 'rememberme', 'wp-submit', 'redirect_to', 'testcookie', 'redirect_to']	action=https://www.blessedpropertysolutions.com/wp/wp-login.php
LOGIN: www.bsp.com	/admin/index.php	fields=['log', 'pwd', 'rememberme', 'wp-submit', 'redirect_to', 'testcookie']	action=https://bspbackup.wpengine.com/wp-login.php?wpe-login=true
LOGIN: www.bingoweekly.com	/admin/index.php	fields=['log', 'pwd', 'rememberme', 'wp-submit', 'redirect_to', 'testcookie']	action=http://www.bingoweekly.com/wp-login.php
LOGIN: www.cargoconteyner.com	/admin/index.php	fields=['eposta', 'sifre']	action=http://www.cargoconteyner.com/admin/index.php
LOGIN: www.beatsarcoma.org	/admin/	fields=['log', 'pwd', 'rememberme', 'wp-submit', 'redirect_to', 'testcookie']	action=https://beatsarcoma.org/wp-login.php
LOGIN: www.capaenerji.com	/admin/index.php	fields=['log', 'pwd', 'rememberme', 'wp-submit', 'redirect_to', 'testcookie', 'redirect_to']	action=https://www.capaenerji.com/wp-login.php
LOGIN: www.co.skechers.com	/admin/	fields=['_token', 'username', 'password', 'remember']	action=https://www.co.skechers.com/admin/login
LOGIN: www.bellehairextensions.com	/admin/index.php	fields=['log', 'pwd', 'rememberme', 'wp-submit', 'redirect_to', 'testcookie', 'redirect_to']	action=https://bellehairextensions.com/wp-login.php
LOGIN: www.centralponiente.com	/admin/	fields=['authenticity_token', 'email', 'password', 'commit']	action=http://www.centralponiente.com/admin/mx/sessions/create
LOGIN: www.brittjanyk.com	/admin/index.php	fields=['log', 'pwd', 'rememberme', 'wp-submit', 'redirect_to', 'testcookie']	action=https://brittjanyk.com/wp-login.php
LOGIN: www.crossvalid.com	/admin/login	fields=['username', 'password']	action=http://www.crossvalid.com/admin/login
LOGIN: www.chadavalencia.com	/admin/index.php	fields=['log', 'pwd', 'rememberme', 'wp-submit', 'redirect_to', 'testcookie']	action=https://chadavalencia.com/wp-login.php
LOGIN: www.bbqbarbecuegrill.com	/admin/	fields=['log', 'pwd', 'rememberme', 'wp-submit', 'redirect_to', 'testcookie', 'redirect_to']	action=https://bbqbarbecuegrill.com/wp-login.php
LOGIN: www.bmsservis.com	/admin/index.php	fields=['log', 'pwd', 'rememberme', 'wp-submit', 'redirect_to', 'testcookie', 'redirect_to']	action=https://www.bmsservis.com/wp-login.php
LOGIN: www.catholicfraternity.net	/admin/index.php	fields=['log', 'pwd', 'rememberme', 'wp-submit', 'redirect_to', 'testcookie']	action=http://www.catholicfraternity.net/wp-login.php
LOGIN: www.clintonelectronics.com	/admin/	fields=['log', 'pwd', 'rememberme', 'wp-submit', 'redirect_to', 'testcookie']	action=https://www.clintonelectronics.com/wp-login.php
LOGIN: www.cellarclub.org	/admin/index.php	fields=['log', 'pwd', 'rememberme', 'wp-submit', 'redirect_to', 'testcookie']	action=https://cellarclub.org/wp-login.php
LOGIN: www.cimaworld.com	/admin/index.php	fields=['log', 'pwd', 'rememberme', 'wp-submit', 'redirect_to', 'testcookie']	action=https://www.cimaworld.com/wp-login.php
LOGIN: www.csroots.cn	/admin/	fields=['log', 'pwd', 'rememberme', 'wp-submit', 'redirect_to', 'testcookie', 'redirect_to']	action=https://www.csroots.cn/wp-login.php
LOGIN: www.coralive.org	/admin/index.php	fields=['log', 'pwd', 'rememberme', 'wp-submit', 'redirect_to', 'testcookie', 'redirect_to']	action=https://www.coralive.org/wp-login.php
LOGIN: www.casarebeca.com	/admin/index.php	fields=['log', 'pwd', 'miniorange_login_nonce', 'session_id', 'miniorange_login_nonce', 'session_id', 'rememberme', 'wp-submit']	action=https://casarebeca.com/wp-login.php
LOGIN: www.clarkrendering.com	/admin/index.php	fields=['log', 'pwd', 'rememberme', 'wp-submit', 'redirect_to', 'testcookie', 'redirect_to']	action=https://www.clarkrendering.com/wp-login.php
LOGIN: www.crediblecapital.com	/admin/index.php	fields=['log', 'pwd', 'rememberme', 'wp-submit', 'redirect_to', 'testcookie']	action=https://crediblecapital.com/wp-login.php
LOGIN: www.defendyourcase.com	/admin/	fields=['log', 'pwd', 'rememberme', 'wp-submit', 'redirect_to', 'testcookie']	action=https://www.defendyourcase.com/wp-login.php
LOGIN: www.crystalwizardry.com	/admin/index.php	fields=['log', 'pwd', 'rememberme', 'wp-submit', 'redirect_to', 'testcookie']	action=https://crystalwizardry.com/wp-login.php
LOGIN: www.concordcommunitiesalliance.org	/admin/index.php	fields=['log', 'pwd', 'rememberme', 'wp-submit', 'redirect_to', 'testcookie']	action=https://concordcommunitiesalliance.org/wp-login.php
LOGIN: www.braishfield.com	/login.php	fields=['log', 'pwd', 'rememberme', 'wp-submit', 'redirect_to', 'testcookie']	action=https://braishfield.com/wp-login.php?wpe-login=true
LOGIN: www.cuteness.com	/admin/	fields=['log', 'pwd', 'rememberme', 'wp-submit', 'redirect_to', 'testcookie']	action=https://wp.looper.com/wp-login.php
LOGIN: www.dripfree.com	/admin/index.php	fields=['log', 'pwd', 'rememberme', 'wp-submit', 'redirect_to', 'testcookie']	action=https://www.dripfree.com/wp-login.php
LOGIN: www.cloudanswers.com	/admin/index.php	fields=['log', 'pwd', 'timezone', 'hcaptcha-widget-id', 'hcaptcha_login_nonce', '_wp_http_referer', 'wpcloud_bb_session', 'hcaptcha-signature-SENhcHRjaGFcV1BcTG9naW4=']	action=https://cloudanswers.com/wp-login.php
LOGIN: www.comeauappraisals.com	/admin/index.php	fields=['log', 'pwd', 'rememberme', 'wp-submit', 'redirect_to', 'testcookie']	action=https://www.comeauappraisals.com/wp-login.php
LOGIN: www.danburyfencing.com	/admin/index.php	fields=['log', 'pwd', 'rememberme', 'wp-submit', 'redirect_to', 'testcookie', 'redirect_to']	action=https://www.danburyfencing.com/wp-login.php
LOGIN: www.edrichwang.com	/admin/index.php	fields=['log', 'pwd', 'rememberme', 'wp-submit', 'redirect_to', 'testcookie', 'redirect_to']	action=https://edrichwang.com/wp-login.php
LOGIN: www.civico201.com	/admin/index.php	fields=['log', 'pwd', 'rememberme', 'wp-submit', 'redirect_to', 'testcookie', 'redirect_to']	action=https://civico201.com/wp-login.php
LOGIN: www.dvxdx1809.eu.org	/admin/index.php	fields=['log', 'pwd', 'rememberme', 'wp-submit', 'redirect_to', 'testcookie']	action=http://www.dvxdx1809.eu.org/wp-login.php
LOGIN: www.damar-germany.com	/admin/	fields=['log', 'pwd', 'rememberme', 'wp-submit', 'redirect_to', 'testcookie']	action=https://damar-germany.com/wp-login.php
LOGIN: www.dryoho.com	/admin/index.php	fields=['log', 'pwd', 'rememberme', 'wp-submit', 'redirect_to', 'testcookie']	action=https://dryoho.com/wp-login.php
LOGIN: www.cuulongct.com	/admin/index.php	fields=['log', 'pwd', 'rememberme', 'wp-submit', 'redirect_to', 'testcookie', 'redirect_to']	action=https://www.cuulongct.com/wp-login.php
LOGIN: www.emiratisation.org	/admin/	fields=['authenticity_token', 'email', 'password']	action=http://www.emiratisation.org/admin/sessions
LOGIN: www.cynthiacramblett.com	/admin/	fields=['log', 'pwd', 'rememberme', 'wp-submit', 'redirect_to', 'testcookie']	action=https://cynthiacramblett.com/wp-login.php
LOGIN: www.domainprice.me	/admin/	fields=['_csrf_token', '_csrf_token', 'password']	action=http://www.domainprice.me/admin/login
LOGIN: www.cypruseconomicsociety.org	/admin/index.php	fields=['log', 'pwd', 'rememberme', 'wp-submit', 'redirect_to', 'testcookie']	action=https://cypruseconomicsociety.org/wp-login.php
LOGIN: www.elcolectivodi.com	/admin/index.php	fields=['log', 'pwd', 'rememberme', 'wp-submit', 'redirect_to', 'testcookie']	action=https://www.elcolectivodi.com/wp-login.php
LOGIN: www.cookieassistant.com	/admin/index.php	fields=['log', 'pwd', 'rememberme', 'wp-submit', 'redirect_to', 'testcookie']	action=https://cookieassistant.com/wp-login.php
LOGIN: www.fatjimmysresort.com	/admin/	fields=['log', 'pwd', 'rememberme', 'wp-submit', 'redirect_to', 'testcookie', 'redirect_to']	action=https://fatjimmysresort.com/wp-login.php
LOGIN: www.eltoutcomes.com	/admin/	fields=['name', 'pass', 'form_build_id', 'form_id', 'op', 'form_build_id', 'form_id', 'name']	action=http://www.eltoutcomes.com/user/login?destination=admin
LOGIN: www.drcotrufo.com	/admin/	fields=['log', 'pwd', 'rememberme', 'wp-submit', 'redirect_to', 'testcookie', 'redirect_to']	action=https://drcotrufo.com/wp-login.php
LOGIN: www.farebros.com	/admin/index.php	fields=['email', 'password']	action=http://www.farebros.com/login_process.php
LOGIN: www.docksandrockstn.com	/admin/index.php	fields=['log', 'pwd', 'wpa_initiator', 'rememberme', 'wp-submit', 'redirect_to', 'testcookie']	action=https://www.docksandrockstn.com/wp-login.php
LOGIN: www.enc-online.org	/admin/index.php	fields=['log', 'pwd', 'rememberme', 'wp-submit', 'redirect_to', 'testcookie']	action=https://www.enc-online.org/wp-login.php
LOGIN: www.efhco.com	/admin/	fields=['log', 'pwd', 'rememberme', 'wp-submit', 'redirect_to', 'testcookie']	action=https://efhco.com/wp-login.php
LOGIN: www.cresenergy.com	/admin/index.php	fields=['log', 'pwd', 'rememberme', 'wp-submit', 'redirect_to', 'testcookie']	action=https://cresenergy.com/wp-login.php?wpe-login=true
LOGIN: www.digimify.com	/admin/	fields=['log', 'pwd', 'rememberme', 'wp-submit', 'redirect_to', 'testcookie', 'redirect_to']	action=https://digimify.com/wp-login.php
LOGIN: www.essayeducation.com	/admin/	fields=['log', 'pwd', 'rememberme', 'wp-submit', 'redirect_to', 'testcookie', 'redirect_to']	action=https://www.essayeducation.com/wp-login.php
LOGIN: www.favogames.com	/admin/index.php	fields=['login', 'username', 'password', 'remember']	action=http://www.favogames.com/admin/index.php
LOGIN: www.clevelandcliniclabs.com	/admin/index.php	fields=['log', 'pwd', 'rememberme', 'wp-submit', 'redirect_to', 'testcookie']	action=https://clevelandcliniclabs.com/wp-login.php
LOGIN: www.g-gmakine.com	/admin/login.php	fields=['__EVENTTARGET', '__EVENTARGUMENT', '__VIEWSTATE', '__VIEWSTATEGENERATOR', '__EVENTVALIDATION', 'Login1$UserName', 'Login1$Password', 'Login1$RememberMe']	action=http://www.g-gmakine.com/./SignIn.aspx?ReturnUrl=%2fadmin%2f
LOGIN: www.enfluxeng.com	/admin/index.php	fields=['log', 'pwd', 'rememberme', 'wp-submit', 'redirect_to', 'testcookie']	action=https://enfluxeng.com/wp-login.php
LOGIN: www.ecstaticself.com	/admin/index.php	fields=['log', 'pwd', 'rememberme', 'wp-submit', 'redirect_to', 'testcookie']	action=https://ecstaticself.com/wp-login.php
LOGIN: www.fleximoveservices.com	/admin/index.php	fields=['log', 'pwd', 'rememberme', 'wp-submit', 'redirect_to', 'testcookie']	action=https://fleximoveservices.com/wp-login.php
LOGIN: www.escoladolouvor.com	/admin/index.php	fields=['log', 'pwd', 'rememberme', 'wp-submit', 'redirect_to', 'testcookie', 'redirect_to']	action=https://escoladolouvor.com/wp-login.php
LOGIN: www.fnbmifflintown.com	/admin/index.php	fields=['log', 'pwd', 'rememberme', 'wp-submit', 'redirect_to', 'testcookie']	action=https://pennian.bank/wp-login.php?wpe-login=true
LOGIN: www.feherlawfirm.com	/admin/index.php	fields=['log', 'pwd', 'rememberme', 'wp-submit', 'redirect_to', 'testcookie']	action=https://feherlawfirm.com/wp-login.php
LOGIN: www.forestlanepediatrics.com	/admin/index.php	fields=['log', 'pwd', 'rememberme', 'wp-submit', 'redirect_to', 'testcookie']	action=https://forestlanepediatrics.com/wp-login.php
LOGIN: www.elisimone.com	/admin/index.php	fields=['log', 'pwd', 'rememberme', 'wp-submit', 'redirect_to', 'testcookie', 'redirect_to']	action=https://eranetbioenergy.net/wp-login.php
LOGIN: www.floridachiropractor.com	/admin/index.php	fields=['log', 'pwd', 'rememberme', 'wp-submit', 'redirect_to', 'testcookie']	action=https://floridachiropractor.com/wp-login.php
LOGIN: www.fillmorecountyfair.com	/admin/	fields=['log', 'pwd', 'wpa_initiator', 'rememberme', 'wp-submit', 'redirect_to', 'testcookie']	action=https://www.fillmorecountyfair.com/wp-login.php
LOGIN: www.forchildren.com	/admin/login.php	fields=['csrfmiddlewaretoken', 'email', 'password', 'next']	action=http://www.forchildren.com/.
LOGIN: www.garagedoorsrepaircanyoncountry.com	/admin/	fields=['log', 'pwd', 'rememberme', 'wp-submit', 'redirect_to', 'testcookie']	action=https://www.garagedoorsrepaircanyoncountry.com/wp-login.php
LOGIN: www.firegrill.com	/admin/	fields=['log', 'pwd', 'rememberme', 'wp-submit', 'redirect_to', 'testcookie', 'redirect_to']	action=https://firegrill.com/wp-login.php
LOGIN: www.fencingprodigy.com	/admin/	fields=['log', 'pwd', 'rememberme', 'wp-submit', 'redirect_to', 'testcookie']	action=https://fencingprodigy.com/wp-login.php
LOGIN: www.flowsberry.com	/admin/index.php	fields=['log', 'pwd', 'rememberme', 'wp-submit', 'redirect_to', 'testcookie', 'redirect_to']	action=https://flowsberry.com/wp-login.php
LOGIN: www.gcjcga.org	/admin/	fields=['log', 'pwd', 'rememberme', 'wp-submit', 'redirect_to', 'testcookie', 'redirect_to']	action=https://efiat.io/wp-login.php
LOGIN: www.goodeveningcity.com	/login.php	fields=['log', 'pwd', 'rememberme', 'wp-submit', 'redirect_to', 'testcookie']	action=https://goodeveningcity.com/wp-login.php
LOGIN: www.gemarecords.com	/admin/	fields=['__RequestVerificationToken', 'q', 'addProductVariantToCartUrl', 'addProductToCartUrl', 'miniShoppingCartUrl', 'flyoutShoppingCartUrl', 'checkProductAttributesUrl', 'getMiniProductDetailsViewUrl']	action=http://www.gemarecords.com/search
LOGIN: www.global-prog.com	/admin/index.php	fields=['log', 'pwd', 'rememberme', 'wp-submit', 'redirect_to', 'testcookie']	action=https://global-prog.com/wp-login.php
LOGIN: www.hammill-institute.org	/admin/	fields=['log', 'pwd', 'rememberme', 'wp-submit', 'redirect_to', 'testcookie']	action=https://hammill-institute.org/wp-login.php
LOGIN: www.gardenguides.com	/admin/	fields=['log', 'pwd', 'rememberme', 'wp-submit', 'redirect_to', 'testcookie']	action=https://wp.looper.com/wp-login.php
LOGIN: www.gmautopro.eu.org	/admin/index.php	fields=['log', 'pwd', 'rememberme', 'wp-submit', 'redirect_to', 'testcookie']	action=http://www.gmautopro.eu.org/wp-login.php
LOGIN: www.friendsofonemilecreek.org	/admin/	fields=['log', 'pwd', 'rememberme', 'wp-submit', 'redirect_to', 'testcookie']	action=https://friendsofonemilecreek.org/wp-login.php
LOGIN: www.gtocad.com	/admin/index.php	fields=['log', 'pwd', 'rememberme', 'wp-submit', 'redirect_to', 'testcookie', 'redirect_to']	action=https://www.gtocad.com/wp-login.php
LOGIN: www.hacksaholic.com	/admin/	fields=['log', 'pwd', 'rememberme', 'wp-submit', 'redirect_to', 'testcookie']	action=https://hacksaholic.com/wp-login.php
LOGIN: www.happinesstimes.com	/admin/index.php	fields=['log', 'pwd', 'rememberme', 'wp-submit', 'redirect_to', 'testcookie']	action=http://happinesstimes.com/wp-login.php?wpe-login=true
LOGIN: www.healthjockey.com	/admin/index.php	fields=['log', 'pwd', 'rememberme', 'wp-submit', 'redirect_to', 'testcookie']	action=https://www.healthjockey.com/wp-login.php
LOGIN: www.glc-us.net	/admin/index.php	fields=['log', 'pwd', 'rememberme', 'wp-submit', 'redirect_to', 'testcookie', 'redirect_to']	action=https://glc-us.net/wp-login.php
LOGIN: www.hashgraph.com	/admin/index.php	fields=['log', 'pwd', 'rememberme', 'wp-submit', 'redirect_to', 'testcookie']	action=https://hashgraph.com/wp-login.php?wpe-login=true
LOGIN: www.freetnbooks.com	/admin/index.php	fields=['log', 'pwd', 'rememberme', 'wp-submit', 'redirect_to', 'testcookie']	action=https://www.freetnbooks.com/wp-login.php
LOGIN: www.hnsgdjx.com	/admin/login.php	fields=['username', 'password', 'verify', 'ok']	action=http://www.hnsgdjx.com/
LOGIN: www.h3co.com	/admin/index.php	fields=['log', 'pwd', 'rememberme', 'wp-submit', 'redirect_to', 'testcookie']	action=https://h3co.com/wp-login.php
LOGIN: www.hefeiduanyayeke.com	/admin/	fields=['__RequestVerificationToken', 'UserName', 'Password', 'submit']	action=http://www.hefeiduanyayeke.com/admin/login.html?ReturnUrl=%2
LOGIN: www.hnljqz.com	/admin/login.php	fields=['username', 'password', 'verify', 'ok']	action=http://www.hnljqz.com/
LOGIN: www.hnlbdq.com	/admin/login.php	fields=['username', 'password', 'verify', 'ok']	action=http://www.hnlbdq.com/
LOGIN: www.foxtailinsights.com	/admin/index.php	fields=['log', 'pwd', 'rememberme', 'wp-submit', 'redirect_to', 'testcookie']	action=https://foxtailinsights.com/wp-login.php
LOGIN: www.goggingolf.com	/admin/	fields=['log', 'pwd', 'rememberme', 'wp-submit', 'redirect_to', 'testcookie']	action=https://goggingolf.com/wp-login.php
LOGIN: www.greenlightservices.com	/admin/index.php	fields=['log', 'pwd', 'rememberme', 'wp-submit', 'redirect_to', 'testcookie']	action=https://greenlightservices.com/wp-login.php
LOGIN: www.hcsrepair.com	/admin/	fields=['log', 'pwd', 'rememberme', 'wp-submit', 'redirect_to', 'testcookie']	action=https://hcsrepair.com/wp-login.php?wpe-login=true
LOGIN: www.hyperreview.com	/admin/login	fields=['csrf_token', 'username', 'password']	action=http://www.hyperreview.com/admin/login
LOGIN: www.hfmeike.com	/admin/	fields=['__RequestVerificationToken', 'UserName', 'Password', 'submit']	action=http://www.hfmeike.com/admin/login.html?ReturnUrl=%2fadmin%2
LOGIN: www.haltonmachining.com	/admin/index.php	fields=['log', 'pwd', 'rememberme', 'wp-submit', 'redirect_to', 'testcookie', 'redirect_to']	action=https://www.haltonmachining.com/wp-login.php
LOGIN: www.htck.net	/admin/login.php	fields=['username', 'password', 'verify', 'ok']	action=http://www.htck.net/
LOGIN: www.iarcedu.com	/admin/login.php	fields=['__EVENTTARGET', '__EVENTARGUMENT', '__VIEWSTATE', '__VIEWSTATEGENERATOR', '__SCROLLPOSITIONX', '__SCROLLPOSITIONY', 'logAdmin$UserName', 'logAdmin$Password']	action=http://www.iarcedu.com/./login.aspx?ReturnUrl=%2fadmin%2flog
LOGIN: www.hnstbkj.com	/admin/login.php	fields=['username', 'password', 'verify', 'ok']	action=http://www.hnstbkj.com/
LOGIN: www.fpavelectronics.com	/login.php	fields=['log', 'pwd', 'rememberme', 'wp-submit', 'redirect_to', 'testcookie']	action=https://fpavelectronics.com/wp-login.php
LOGIN: www.guardstack.com	/admin/index.php	fields=['log', 'pwd', 'rememberme', 'wp-submit', 'redirect_to', 'testcookie', 'redirect_to']	action=https://guardstack.com/wp-login.php
LOGIN: www.hurricaneshutters.com	/admin/index.php	fields=['username', 'password']	action=https://hurricaneshutters.com/admin/index.php?route=common/l
LOGIN: www.getitim.com	/admin/index.php	fields=['log', 'pwd', 'rememberme', 'wp-submit', 'redirect_to', 'testcookie']	action=https://getitim.com/wp-login.php
LOGIN: www.hermanngmeinerakademie.org	/admin/index.php	fields=['log', 'pwd', 'rememberme', 'wp-submit', 'redirect_to', 'testcookie']	action=https://www.hermanngmeinerakademie.org/wp-login.php
LOGIN: www.homesbyarrow.com	/admin/	fields=['log', 'pwd', 'rememberme', 'wp-submit', 'redirect_to', 'testcookie']	action=https://www.homesbyarrow.com/wp-login.php
LOGIN: www.goodnewslibrary.com	/admin/index.php	fields=['log', 'pwd', 'rememberme', 'wp-submit', 'redirect_to', 'testcookie']	action=https://goodnewslibrary.com/wp-login.php
LOGIN: www.indianamuseum.org	/login.php	fields=['log', 'pwd', 'rememberme', 'wp-submit', 'redirect_to', 'testcookie']	action=https://www.indianamuseum.org/wp-login.php?wpe-login=true
LOGIN: www.icilome.com	/admin/index.php	fields=['log', 'pwd', 'rememberme', 'wp-submit', 'redirect_to', 'testcookie']	action=https://icilome.com/wp-login.php
LOGIN: www.holidaysandobservances.net	/admin/	fields=['log', 'pwd', 'rememberme', 'wp-submit', 'redirect_to', 'testcookie', 'redirect_to']	action=https://holidaysandobservances.net/wp-login.php
LOGIN: www.homesbyhanesllc.com	/admin/index.php	fields=['log', 'pwd', 'rememberme', 'wp-submit', 'redirect_to', 'testcookie']	action=https://homesbyhanesllc.com/wp-login.php
LOGIN: www.improvtx.com	/admin/	fields=['log', 'pwd', 'rememberme', 'wp-submit', 'redirect_to', 'testcookie']	action=https://improvtx.com/wp-login.php
LOGIN: www.immunedata.org	/login.php	fields=['txt_uemail', 'txt_password']	action=http://www.immunedata.org/login.php
LOGIN: www.hfzdqj.com	/admin/	fields=['__RequestVerificationToken', 'UserName', 'Password', 'submit']	action=http://www.hfzdqj.com/admin/login.html?ReturnUrl=%2fadmin%2f
LOGIN: www.hsfoundation.org	/admin/index.php	fields=['log', 'pwd', 'rememberme', 'wp-submit', 'redirect_to', 'testcookie']	action=https://www.hsfoundation.org/wp-login.php
LOGIN: www.inambahar.com	/admin/index.php	fields=['log', 'pwd', 'rememberme', 'wp-submit', 'redirect_to', 'testcookie']	action=https://inambahar.com/wp-login.php
LOGIN: www.elysiumchicago.com	/admin/index.php	fields=['log', 'pwd', 'rememberme', 'wp-submit', 'redirect_to', 'testcookie']	action=https://elysiumchicago.com/wp-login.php
LOGIN: www.insightwebhosting.net	/login.php	fields=['token', 'search', 'token', 'username', 'password', 'rememberme']	action=http://www.insightwebhosting.net/knowledgebase.php?action=se
LOGIN: www.imopalheiro.com	/admin/index.php	fields=['log', 'pwd', 'rememberme', 'wp-submit', 'redirect_to', 'testcookie']	action=https://www.imopalheiro.com/wp-login.php
LOGIN: www.iimagedesign.com	/admin/index.php	fields=['log', 'pwd', 'rememberme', 'wp-submit', 'redirect_to', 'testcookie']	action=https://iimagedesign.com/wp-login.php
LOGIN: www.grupoalc.com	/admin/index.php	fields=['log', 'pwd', 'rememberme', 'wp-submit', 'redirect_to', 'testcookie', 'redirect_to']	action=https://grupoalc.com/wp-login.php
LOGIN: www.hotelkinsley.com	/admin/index.php	fields=['log', 'pwd', 'rememberme', 'wp-submit', 'redirect_to', 'testcookie']	action=https://hotelkinsley.com/wp-login.php?wpe-login=true
LOGIN: www.interiorsourceusa.com	/admin/index.php	fields=['log', 'pwd', 'rememberme', 'wp-submit', 'redirect_to', 'testcookie']	action=https://interiorsourceusa.com/wp-login.php
LOGIN: www.jenniferyang.com	/admin/login.asp	fields=['username', 'mailAddress', 'uname', 'upassword', 'autologin', 'CMS', 'login']	action=http://www.jenniferyang.com/default.asp
LOGIN: www.jslet.cn	/admin/login.php	fields=['action', 'uuid', 'loginId', 'username', 'password']	action=http://www.jslet.cn/login.php
LOGIN: www.judaspriest-namegenerator.com	/admin/login.php	fields=['csrfmiddlewaretoken', 'username', 'password', 'next']	action=http://www.judaspriest-namegenerator.com/admin/login/?next=/
LOGIN: www.kjpschooljowai.com	/admin/index.php	fields=['username', 'password']	action=http://www.kjpschooljowai.com/admin/index.php
LOGIN: www.jewishvirtuallibrary.org	/admin/	fields=[]	action=http://www.jewishvirtuallibrary.org/admin/
LOGIN: www.itmanagementnews.com	/admin/	fields=['log', 'pwd', 'rememberme', 'wp-submit', 'redirect_to', 'testcookie']	action=https://www.itmanagementnews.com/wp-login.php
LOGIN: www.ismailbardhoshi.com	/admin/index.php	fields=['log', 'pwd', 'rememberme', 'wp-submit', 'redirect_to', 'testcookie']	action=https://ismailbardhoshi.com/wp-login.php
LOGIN: www.huh-cloud.com	/admin/index.php	fields=['log', 'pwd', 'rememberme', 'wp-submit', 'redirect_to', 'testcookie']	action=https://huh-cloud.com/wp-login.php
LOGIN: www.jacaranda.com	/login.php	fields=['log', 'pwd', 'rememberme', 'wp-submit', 'redirect_to', 'testcookie']	action=https://jacaranda.com/wp-login.php?wpe-login=true
LOGIN: www.leduo88.com	/admin/	fields=['username', 'password', 'captcha', 'code', 'remember']	action=http://www.leduo88.com/admin/
LOGIN: www.jetaport.com	/admin/index.php	fields=['log', 'pwd', 'rememberme', 'wp-submit', 'redirect_to', 'testcookie']	action=https://www.jetaport.com/wp-login.php
LOGIN: www.lamoo.cn	/admin/	fields=['__VIEWSTATE', '__VIEWSTATEGENERATOR', '__EVENTVALIDATION', 'LoginNameTextBox', 'PasswordTextBox', 'SubmitButton']	action=http://www.lamoo.cn/Admin/Signin.aspx?returnURL=%2fadmin%2fd
LOGIN: www.kdsclfm.com	/admin/login.php	fields=['username', 'password', 'verify', 'ok']	action=http://www.kdsclfm.com/
LOGIN: www.kortniesflowers.com	/admin/login.php	fields=['form_key', 'login[username]', 'login[password]', 'login[remember]']	action=http://www.kortniesflowers.com/
LOGIN: www.idcmweb.com	/admin/index.php	fields=['log', 'pwd', 'rememberme', 'wp-submit', 'redirect_to', 'testcookie']	action=https://www.idcmweb.com/wp-login.php
LOGIN: www.kreenplus.com	/admin/index.php	fields=['log', 'pwd', 'rememberme', 'wp-submit', 'redirect_to', 'testcookie', 'redirect_to']	action=https://kreenplus.com/wp-login.php
LOGIN: www.laverdadnica.com	/login.php	fields=['log', 'pwd', 'rememberme', 'wp-submit', 'redirect_to', 'testcookie']	action=https://laverdadnica.com/wp-login.php
LOGIN: www.ladybugmalta.com	/admin/index.php	fields=['log', 'pwd', 'rememberme', 'wp-submit', 'redirect_to', 'testcookie', 'redirect_to']	action=https://ladybugmalta.com/wp-login.php
LOGIN: www.katinyman.com	/admin/index.php	fields=['log', 'pwd', 'rememberme', 'wp-submit', 'redirect_to', 'testcookie', 'redirect_to']	action=https://katinyman.com/wp-login.php
LOGIN: www.kmsfab.com	/admin/index.php	fields=['log', 'pwd', 'rememberme', 'wp-submit', 'redirect_to', 'testcookie']	action=https://kmsfab.com/wp-login.php
LOGIN: www.interwebs.com	/admin/index.php	fields=['log', 'pwd', 'rememberme', 'wp-submit', 'redirect_to', 'testcookie']	action=https://interwebs.com/wp-login.php
LOGIN: www.jimmyauw.com	/admin/index.php	fields=['log', 'pwd', 'reference', 'captcha', 'rememberme', 'wp-submit', 'redirect_to', 'testcookie']	action=https://www.jimmyauw.com/wp-login.php
LOGIN: www.letsgotrotting.com	/admin/index.php	fields=['log', 'pwd', 'rememberme', 'wp-submit', 'redirect_to', 'testcookie', 'redirect_to']	action=https://www.letsgotrotting.com/wp-login.php
LOGIN: www.kiliboundadventures.com	/login.php	fields=['log', 'pwd', 'rememberme', 'wp-submit', 'redirect_to', 'testcookie']	action=https://kiliboundadventures.com/wp-login.php
LOGIN: www.maxburstein.com	/admin/login.php	fields=['csrfmiddlewaretoken', 'username', 'password', 'next']	action=http://www.maxburstein.com/admin/login/?next=/admin/login.ph
LOGIN: www.magentonotes.com	/admin/	fields=['log', 'pwd', 'rememberme', 'wp-submit', 'redirect_to', 'testcookie']	action=https://www.magentonotes.com/wp-login.php
LOGIN: www.medtechdive.com	/admin/login.php	fields=['csrfmiddlewaretoken', 'username', 'password', 'next']	action=http://www.medtechdive.com/admin/login/?next=/admin/login.ph
LOGIN: www.laceyomalley.com	/admin/index.php	fields=['log', 'pwd', 'rememberme', 'wp-submit', 'redirect_to', 'testcookie']	action=https://laceyomalley.com/wp-login.php
LOGIN: www.lincolnian.net	/admin/index.php	fields=['log', 'pwd', 'wp-remember', 'wp-sno', 'rememberme', 'wp-submit', 'redirect_to', 'testcookie']	action=https://lincolnian.net/wp-login.php
LOGIN: www.jointherivercoalition.org	/admin/index.php	fields=['log', 'pwd', 'rememberme', 'wp-submit', 'redirect_to', 'testcookie', 'redirect_to']	action=https://jointherivercoalition.org/wp-login.php
LOGIN: www.jeffharnaraward.com	/admin/index.php	fields=['log', 'pwd', 'rememberme', 'wp-submit', 'redirect_to', 'testcookie']	action=https://jeffharnaraward.com/wp-login.php
LOGIN: www.makerojavagreenagain.org	/admin/index.php	fields=['log', 'pwd', 'rememberme', 'wp-submit', 'redirect_to', 'testcookie']	action=https://makerojavagreenagain.org/wp-login.php
LOGIN: www.macazezro.info	/admin/index.php	fields=['log', 'pwd', 'rememberme', 'wp-submit', 'redirect_to', 'testcookie']	action=https://macazezro.info/wp-login.php
LOGIN: www.mechanicsburgrestaurant.com	/admin/	fields=['log', 'pwd', 'wpsec_captcha_answer', 'rememberme', 'wp-submit', 'redirect_to', 'testcookie']	action=https://mechanicsburgrestaurant.com/wp-login.php
LOGIN: www.liuxuecowboy.com	/admin/index.php	fields=['log', 'pwd', 'rememberme', 'wp-submit', 'redirect_to', 'testcookie']	action=https://www.liuxuecowboy.com/wp-login.php
LOGIN: www.mingyangshijia.cn	/admin/index.php	fields=['_csrf', 'User[username]', 'User[password]', 'User[verifyCode]', 'User[rememberMe]', 'User[rememberMe]']	action=http://www.mingyangshijia.cn/admin/index.php
LOGIN: www.midwestinsure.com	/admin/index.php	fields=['log', 'pwd', 'rememberme', 'wp-submit', 'redirect_to', 'testcookie']	action=http://www.midwestinsure.com/wp-login.php
LOGIN: www.linkarabiapk.com	/admin/	fields=['log', 'pwd', 'rememberme', 'wp-submit', 'redirect_to', 'testcookie']	action=https://linkarabiapk.com/wp-login.php
LOGIN: www.mitsubishikereta.com	/admin/index.php	fields=['log', 'pwd', 'rememberme', 'wp-submit', 'redirect_to', 'testcookie']	action=http://mitsubishikereta.com/wp-login.php
LOGIN: www.managingconsultserv.com	/admin/index.php	fields=['log', 'pwd', 'rememberme', 'wp-submit', 'redirect_to', 'testcookie']	action=https://www.managingconsultserv.com/wp-login.php
LOGIN: www.medellincomovamos.org	/admin/index.php	fields=['log', 'pwd', 'rememberme', 'wp-submit', 'redirect_to', 'testcookie', 'redirect_to']	action=https://www.medellincomovamos.org/wp-login.php
LOGIN: www.mahtabhussain.com	/admin/index.php	fields=['log', 'pwd', 'rememberme', 'wp-submit', 'redirect_to', 'testcookie', 'redirect_to']	action=https://www.mahtabhussain.com/wp-login.php
LOGIN: www.melhorescassino.com	/admin/	fields=['log', 'pwd', 'rememberme', 'wp-submit', 'redirect_to', 'testcookie']	action=https://www.melhorescassino.com/wp-login.php
LOGIN: www.mycollect.com	/admin.php	fields=['username_email', 'password', 'remember', 'first_name', 'last_name', 'username', 'email', 'password']	action=http://www.mycollect.com/admin.php
LOGIN: www.merakidentalstudio.com	/admin/index.php	fields=['log', 'pwd', 'rememberme', 'wp-submit', 'redirect_to', 'testcookie']	action=https://merakidentalstudio.com/wp-login.php
LOGIN: www.mifsuds.com	/admin/index.php	fields=['log', 'pwd', 'rememberme', 'wp-submit', 'redirect_to', 'testcookie', 'redirect_to']	action=https://mifsuds.com/wp-login.php
LOGIN: www.metalhen.com	/admin/index.php	fields=['log', 'pwd', 'rememberme', 'wp-submit', 'redirect_to', 'testcookie']	action=https://www.metalhen.com/wp-login.php
LOGIN: www.mt2gb.com	/admin/login.php	fields=['csrfmiddlewaretoken', 'username', 'password', 'next']	action=http://www.mt2gb.com/admin/login/?next=/admin/login.php
LOGIN: www.mysmiletrain.org	/admin/	fields=['requestToken', 'fuseaction', 'loginData', 'recaptchatoken', 'email', 'password', 'fuseaction', 'emailforgot']	action=http://www.mysmiletrain.org/index.cfm?
LOGIN: www.liftsafe.net	/admin/index.php	fields=['log', 'pwd', 'rememberme', 'wp-submit', 'redirect_to', 'testcookie', 'redirect_to']	action=https://liftsafe.net/wp-login.php
LOGIN: www.netnovelwriter.com	/login.php	fields=[]	action=http://www.netnovelwriter.com/login.php
LOGIN: www.memorylaneinn.com	/admin/	fields=['log', 'pwd', 'rememberme', 'wp-submit', 'redirect_to', 'testcookie']	action=https://memorylaneinn.com/wp-login.php
LOGIN: www.njhdjt.com	/admin.php	fields=['formcheck', 'username', 'password', 'checkcode']	action=http://www.njhdjt.com/admin.php?p=/Index/login
LOGIN: www.mistcannons.com	/admin/	fields=['log', 'pwd', 'rememberme', 'wp-submit', 'redirect_to', 'testcookie']	action=https://www.mistcannons.com/wp-login.php
LOGIN: www.miolet.com	/admin/index.php	fields=['log', 'pwd', 'rememberme', 'wp-submit', 'redirect_to', 'testcookie']	action=https://miolet.com/wp-login.php
LOGIN: www.myscriptx.net	/admin/	fields=['username', 'password', 'rememberme', 'loginsub']	action=http://www.myscriptx.net/processlogin
LOGIN: www.missionbeach.com	/admin/index.php	fields=['log', 'pwd', 'rememberme', 'wp-submit', 'redirect_to', 'testcookie']	action=https://www.missionbeach.com/wp-login.php?wpe-login=true
LOGIN: www.mutlubeyinpodcast.com	/admin/index.php	fields=['log', 'pwd', 'rememberme', 'wp-submit', 'redirect_to', 'testcookie', 'redirect_to']	action=http://mutlubeyinpodcast.com/wp-login.php
LOGIN: www.moillusions.com	/admin/	fields=['log', 'pwd', 'rememberme', 'wp-submit', 'redirect_to', 'testcookie', 'redirect_to']	action=https://moillusions.com/wp-login.php
LOGIN: www.minecraftminerals.com	/admin/	fields=['log', 'pwd', 'rememberme', 'wp-submit', 'redirect_to', 'testcookie']	action=https://minecraftminerals.com/wp-login.php
LOGIN: www.noniebuddhist.com	/admin/index.php	fields=['log', 'pwd', 'rememberme', 'wp-submit', 'redirect_to', 'testcookie']	action=https://www.noniebuddhist.com/kernel/wp-login.php
LOGIN: www.nj61.com	/admin/	fields=['log', 'pwd', 'rememberme', 'wp-submit', 'redirect_to', 'testcookie', 'redirect_to']	action=https://www.nj61.com/wp-login.php
LOGIN: www.mrcormacwilson.com	/admin/index.php	fields=['log', 'pwd', 'rememberme', 'wp-submit', 'redirect_to', 'testcookie']	action=https://mrcormacwilson.com/wp-login.php
LOGIN: www.national-school.com	/admin/index.php	fields=['log', 'pwd', 'rememberme', 'wp-submit', 'redirect_to', 'testcookie']	action=https://national-school.com/wp-login.php
LOGIN: www.obionvotes.com	/login.php	fields=['log', 'pwd', 'redirect_slug', 'rememberme', 'wp-submit', 'redirect_to', 'testcookie']	action=https://www.obionvotes.com/wp-login.php?tnlogin3678=1
LOGIN: www.parrysoundpets.com	/admin.php	fields=[]	action=http://www.parrysoundpets.com/admin.php
LOGIN: www.ourpioneers.org	/admin/	fields=['username', 'password', 'next']	action=http://www.ourpioneers.org/admin/login/?next=/admin/
LOGIN: www.oceanrobbins.com	/admin/	fields=['log', 'pwd', 'rememberme', 'wp-submit', 'redirect_to', 'testcookie']	action=https://www.oceanrobbins.com/wp-login.php
LOGIN: www.ohvoice.org	/admin/index.php	fields=['log', 'pwd', 'rememberme', 'wp-submit', 'redirect_to', 'testcookie']	action=http://www.ohvoice.org/wp-login.php
LOGIN: www.mentormeng.com	/admin/	fields=['log', 'pwd', 'rememberme', 'wp-submit', 'redirect_to', 'testcookie', 'GqKhLDBHi', 'iqGnkDutZFxwKP_z']	action=https://mentormeng.com/wp-login.php
LOGIN: www.minuteformedicine.com	/admin/index.php	fields=['log', 'pwd', 'rememberme', 'wp-submit', 'redirect_to', 'testcookie']	action=https://minuteformedicine.com/wp-login.php?wpe-login=true
LOGIN: www.otrabalhador.com	/admin/	fields=['log', 'pwd', 'rememberme', 'wp-submit', 'redirect_to', 'testcookie', 'redirect_to']	action=https://otrabalhador.com/wp-login.php
LOGIN: www.parc-w-benin.net	/admin/index.php	fields=['log', 'pwd', 'rememberme', 'wp-submit', 'redirect_to', 'testcookie']	action=https://parc-w-benin.net/wp-login.php
LOGIN: www.napacarpetcleaning.net	/admin/index.php	fields=['log', 'pwd', 'rememberme', 'wp-submit', 'redirect_to', 'testcookie']	action=https://napacarpetcleaning.net/wp-login.php
LOGIN: www.niageneticsdata.org	/admin/	fields=['log', 'pwd', 'rememberme', 'wp-submit', 'redirect_to', 'testcookie']	action=https://www.niagads.org/wp-login.php
LOGIN: www.parisparker.com	/admin/index.php	fields=['log', 'pwd', 'g-recaptcha-response', 'rememberme', 'wp-submit', 'redirect_to', 'testcookie', 'g-recaptcha-response']	action=https://parisparker.com/wp-login.php
LOGIN: www.organizacionservital.com	/admin/index.php	fields=['log', 'pwd', 'rememberme', 'wp-submit', 'redirect_to', 'testcookie', 'redirect_to']	action=https://organizacionservital.com/wp-login.php
LOGIN: www.payrolling.com	/admin/	fields=['email', 'password']	action=http://www.payrolling.com/admin/
LOGIN: www.pianoinduzione.com	/admin/index.php	fields=['log', 'pwd', 'rememberme', 'wp-submit', 'redirect_to', 'testcookie', 'redirect_to']	action=https://pianoinduzione.com/wp-login.php
LOGIN: www.peoplesmedshop.net	/admin/index.php	fields=['log', 'pwd', 'rememberme', 'wp-submit', 'redirect_to', 'testcookie']	action=https://peoplesmedshop.net/wp-login.php
LOGIN: www.perf-plus.com	/admin/index.php	fields=['log', 'pwd', 'rememberme', 'wp-submit', 'redirect_to', 'testcookie']	action=https://www.perf-plus.com/wp-login.php
LOGIN: www.repuebla.me	/admin/	fields=['_token', 'email', 'password', 'remember', 'remember']	action=https://repuebla.me/admin/login
LOGIN: www.popcenturysite.com	/admin/index.php	fields=['log', 'pwd', 'rememberme', 'wp-submit', 'redirect_to', 'testcookie']	action=https://www.popcenturysite.com/wp-login.php
LOGIN: www.pinkbuffalo.com	/admin/index.php	fields=['log', 'pwd', 'rememberme', 'wp-submit', 'redirect_to', 'testcookie', 'redirect_to']	action=https://www.pinkbuffalo.com/wp-login.php
LOGIN: www.mtgproxies.biz	/admin/index.php	fields=['log', 'pwd', 'rememberme', 'wp-submit', 'redirect_to', 'testcookie']	action=https://www.mtgproxies.biz/wp-login.php
LOGIN: www.presscluboftibet.org	/admin/index.php	fields=['log', 'pwd', 'rememberme', 'wp-submit', 'redirect_to', 'testcookie']	action=https://presscluboftibet.org/wp-login.php
LOGIN: www.radiocares.org	/admin/	fields=['log', 'pwd', 'rememberme', 'wp-submit', 'redirect_to', 'testcookie']	action=https://radiocares.org/wp-login.php
LOGIN: www.rbeiset.com	/login.php	fields=['log', 'pwd', 'rememberme', 'wp-submit', 'redirect_to', 'testcookie']	action=https://rbeiset.com/wp-login.php
LOGIN: www.residencefrontemare.com	/admin/index.php	fields=['Login', 'Password', 'Submit']	action=http://www.residencefrontemare.com/default_exe.php
LOGIN: www.rallslegal.com	/admin/index.php	fields=['log', 'pwd', 'jetpack_protect_num', 'jetpack_protect_answer', 'rememberme', 'wp-submit', 'redirect_to', 'testcookie']	action=http://www.rallslegal.com/wp-login.php?wpe-login=true
LOGIN: www.pinolerosbienesraices.com	/admin/	fields=['log', 'pwd', 'rememberme', 'wp-submit', 'redirect_to', 'testcookie', 'redirect_to']	action=https://pinolerosbienesraices.com/wp-login.php
LOGIN: www.quran2.com	/admin/index.php	fields=['log', 'pwd', 'rememberme', 'wp-submit', 'redirect_to', 'testcookie']	action=https://quran2.com/wp-login.php
LOGIN: www.optionstrategiesinsider.com	/admin/index.php	fields=['log', 'pwd', 'rememberme', 'wp-submit', 'redirect_to', 'testcookie']	action=https://optionstrategiesinsider.com/wp-login.php
LOGIN: www.reinhartpaint.com	/admin/index.php	fields=['log', 'pwd', 'rememberme', 'wp-submit', 'redirect_to', 'testcookie']	action=http://reinhartpaint.com/wp-login.php?wpe-login=true
LOGIN: www.pivatoporte.com	/admin/	fields=['log', 'pwd', 'rememberme', 'wp-submit', 'redirect_to', 'testcookie', 'redirect_to']	action=https://www.pivatoporte.com/wp-login.php
LOGIN: www.registriesdirect.com	/admin/	fields=['__LASTFOCUS', '__EVENTTARGET', '__EVENTARGUMENT', '__VIEWSTATE', '__VIEWSTATEGENERATOR', '__EVENTVALIDATION', 'ctl00$MainContent$txtUsername', 'ctl00$MainContent$txtPassword']	action=http://www.registriesdirect.com/./Default.aspx
LOGIN: www.purcellfoods.com	/admin/	fields=['log', 'pwd', 'rememberme', 'wp-submit', 'redirect_to', 'testcookie']	action=https://purcellfoods.com/wp-login.php
LOGIN: www.prioritylandscape.net	/admin/index.php	fields=['log', 'pwd', 'rememberme', 'wp-submit', 'redirect_to', 'testcookie']	action=https://prioritylandscape.net/wp-login.php
LOGIN: www.roundhousenews.org	/admin/index.php	fields=['log', 'pwd', 'rememberme', 'wp-submit', 'redirect_to', 'testcookie']	action=https://roundhousenews.org/wp-login.php
LOGIN: www.scirange.com	/login.php	fields=['email', 'pass']	action=http://www.scirange.com/
LOGIN: www.scipn.org	/admin/	fields=['ctl00_ToolkitScriptManager1_HiddenField', '__EVENTTARGET', '__EVENTARGUMENT', '__VIEWSTATE', '__VIEWSTATEGENERATOR', 'ctl00$ContentPlaceHolder1$LoginView1$Login1$UserName', 'ctl00$ContentPlaceHolder1$LoginView1$Login1$Password', 'ctl00$ContentPlaceHolder1$LoginView1$Login1$LoginButton']	action=http://www.scipn.org/./login.aspx?ReturnUrl=%2fadmin%2f
LOGIN: www.sdkj.net	/admin/	fields=['__RequestVerificationToken', 'UserName', 'Password', 'submit']	action=http://www.sdkj.net/admin/login.html?ReturnUrl=%2fadmin%2f
LOGIN: www.secretescortsdr.com	/admin/	fields=['_session_key', '_token', 'postback', 'login', 'password', 'remember']	action=https://www.secretescortsdr.com/admin/backend/auth/signin
LOGIN: www.old.kavoshjob.com	/admin/index.php	fields=['log', 'pwd', 'rememberme', 'wp-submit', 'redirect_to', 'testcookie']	action=http://old.kavoshjob.com/wp-login.php
LOGIN: www.sararwa.com	/admin/	fields=['log', 'pwd', 'rememberme', 'wp-submit', 'redirect_to', 'testcookie', 'redirect_to']	action=https://nettruyenhh.com/wp-login.php
LOGIN: www.si.skechers.com	/admin/	fields=['_token', 'username', 'password', 'remember']	action=https://www.si.skechers.com/admin/login
LOGIN: www.sk.skechers.com	/admin/	fields=['_token', 'username', 'password', 'remember']	action=https://www.sk.skechers.com/admin/login
LOGIN: www.sdwhalewatch.com	/admin/index.php	fields=['log', 'pwd', 'rememberme', 'wp-submit', 'redirect_to', 'testcookie']	action=https://sdwhalewatch.com/wp-login.php?wpe-login=true
LOGIN: www.romsaeio.info	/admin/index.php	fields=['log', 'pwd', 'rememberme', 'wp-submit', 'redirect_to', 'testcookie']	action=https://romsaeio.info/wp-login.php
LOGIN: www.skyehomeimprovements.com	/admin/	fields=['email', 'password']	action=http://www.skyehomeimprovements.com/?intent=login
LOGIN: www.rushdaycamp.com	/admin/index.php	fields=['log', 'pwd', 'rememberme', 'wp-submit', 'redirect_to', 'testcookie']	action=https://www.rushdaycamp.com/wp-login.php
LOGIN: www.ronpearsonproductions.com	/admin/index.php	fields=['log', 'pwd', 'rememberme', 'wp-submit', 'redirect_to', 'testcookie', 'redirect_to']	action=https://ronpearsonproductions.com/wp-login.php
LOGIN: www.sonasia-holiday.com	/admin/	fields=['_token', 'phone', 'password', 'submit', '_token', 'username', 'email', 'submit']	action=https://sonasia-holiday.com/login
LOGIN: www.shell-photo.com	/admin/index.php	fields=['log', 'pwd', 'rememberme', 'wp-submit', 'redirect_to', 'testcookie']	action=http://shell-photo.com/wp-login.php?wpe-login=true
LOGIN: www.solitairefitness.com	/admin/index.php	fields=['log', 'pwd', 'rememberme', 'wp-submit', 'redirect_to', 'testcookie']	action=https://solitairefitness.com/wp-login.php
LOGIN: www.skorbola365.com	/admin/index.php	fields=['log', 'pwd', 'rememberme', 'wp-submit', 'redirect_to', 'testcookie']	action=https://skorbola365.com/wp-login.php
LOGIN: www.primefyre.com	/admin/index.php	fields=['log', 'pwd', 'wpa_initiator', 'rememberme', 'wp-submit', 'redirect_to', 'testcookie']	action=https://primefyre.com/wp-login.php
LOGIN: www.schoolsfootball.org	/admin/index.php	fields=['log', 'pwd', 'rememberme', 'wp-submit', 'redirect_to', 'testcookie', 'redirect_to']	action=https://schoolsfootball.org/wp-login.php
LOGIN: www.repentaustralia.org	/admin/	fields=['log', 'pwd', 'rememberme', 'wp-submit', 'redirect_to', 'testcookie']	action=https://repentaustralia.org/wp-login.php
LOGIN: www.simonmercs.biz	/admin/	fields=['log', 'pwd', 'rememberme', 'wp-submit', 'redirect_to', 'testcookie', 'redirect_to']	action=https://hi88online.cc/wp-login.php
LOGIN: www.soschildrensvillages-arabic.org	/admin/	fields=['__EVENTTARGET', '__EVENTARGUMENT', '__VIEWSTATE', '__VIEWSTATEGENERATOR', '__EVENTVALIDATION', 'Login1$UserName', 'Login1$Password']	action=http://www.soschildrensvillages-arabic.org/./logon.aspx?Retu
LOGIN: www.slhadvisor.com	/admin/	fields=['log', 'pwd', 'rememberme', 'wp-submit', 'redirect_to', 'testcookie']	action=https://www.slhadvisor.com/wp/wp-login.php
LOGIN: www.stommed.net	/admin/	fields=['log', 'pwd', 'rememberme', 'wp-submit', 'redirect_to', 'testcookie', 'redirect_to']	action=https://stommed.net/wp-login.php
LOGIN: www.soothingarts.com	/admin/index.php	fields=['log', 'pwd', 'rememberme', 'wp-submit', 'redirect_to', 'testcookie']	action=https://soothingarts.com/wp-login.php
LOGIN: www.siamsawadee.com	/admin/index.php	fields=['log', 'pwd', 'rememberme', 'wp-submit', 'redirect_to', 'testcookie']	action=https://www.siamsawadee.com/wp-login.php?wpe-login=true
LOGIN: www.sos-usa.org	/admin/	fields=['__CMSCsrfToken', '__EVENTTARGET', '__EVENTARGUMENT', '__VIEWSTATE', '__VIEWSTATEGENERATOR', '__EVENTVALIDATION', 'Login1$UserName', 'Login1$Password']	action=http://www.sos-usa.org/./logon.aspx?ReturnUrl=%2fAdmin%2fCMS
LOGIN: www.supplyscience.com	/admin/login.php	fields=['currentPassword', 'newPassword', 'retypePassword']	action=http://www.supplyscience.com/admin/login.php
LOGIN: www.tcjianzhouli.com	/admin/index.php	fields=['_csrf', 'User[username]', 'User[password]', 'User[rememberMe]', 'User[rememberMe]']	action=http://www.tcjianzhouli.com/admin/index.php
LOGIN: www.seng-lee.com	/admin/index.php	fields=['log', 'pwd', 'rememberme', 'wp-submit', 'redirect_to', 'testcookie']	action=https://seng-lee.com/wp-login.php
LOGIN: www.skitimothy.com	/admin/index.php	fields=['log', 'pwd', 'rememberme', 'wp-submit', 'redirect_to', 'testcookie']	action=https://skitimothy.com/wp-login.php
LOGIN: www.terracorpinc.com	/login.php	fields=['redirectLink', 'isDoc', 'thisPage', 'customP', 'thisid', 'lead_username', 'lead_pass', 'op']	action=http://www.terracorpinc.com/includes/forms/submit/securelog.
LOGIN: www.thdy755.com	/admin/login.php	fields=['username', 'password', 'verify', 'ok']	action=http://www.thdy755.com/
LOGIN: www.sweets-today.com	/admin/index.php	fields=['log', 'pwd', 'rememberme', 'wp-submit', 'redirect_to', 'testcookie', 'redirect_to']	action=https://sweets-today.com/wp-login.php
LOGIN: www.tarifasdeluz.com	/admin/index.php	fields=['log', 'pwd', 'rememberme', 'wp-submit', 'redirect_to', 'testcookie', 'redirect_to']	action=https://tarifasdeluz.com/wp-login.php
LOGIN: www.smeclabs.net	/admin/index.php	fields=['log', 'pwd', 'rememberme', 'wp-submit', 'redirect_to', 'testcookie']	action=https://www.smeclabs.net/wp-login.php
LOGIN: www.thailandconveyancers.com	/admin/index.php	fields=['log', 'pwd', 'g-recaptcha-response', 'rememberme', 'wp-submit', 'redirect_to', 'testcookie']	action=https://www.thailandconveyancers.com/wp-login.php
LOGIN: www.stmichaelstorage.com	/admin/index.php	fields=['log', 'pwd', 'rememberme', 'wp-submit', 'redirect_to', 'testcookie']	action=https://stmichaelstorage.com/wp-login.php
LOGIN: www.thecontentbug.com	/admin/	fields=['log', 'pwd', 'rememberme', 'wp-submit', 'redirect_to', 'testcookie']	action=https://cathrinmanning.com/wp-login.php
LOGIN: www.templebethshalomcc.org	/admin/index.php	fields=['log', 'pwd', 'rememberme', 'wp-submit', 'redirect_to', 'testcookie']	action=https://templebethshalomcc.org/wp-login.php
LOGIN: www.spaescalesante.com	/admin/index.php	fields=['log', 'pwd', 'rememberme', 'wp-submit', 'redirect_to', 'testcookie']	action=https://www.spaescalesante.com/wp/wp-login.php
LOGIN: www.sparklingsoundblog.com	/admin/index.php	fields=['log', 'pwd', 'rememberme', 'wp-submit', 'redirect_to', 'testcookie', 'redirect_to']	action=https://sparklingsoundblog.com/wp-login.php
LOGIN: www.tedxplano.org	/admin/index.php	fields=['log', 'pwd', 'rememberme', 'wp-submit', 'redirect_to', 'testcookie']	action=http://tedxplano.org/wp-login.php
LOGIN: www.studio77home.com	/admin/index.php	fields=['log', 'pwd', 'rememberme', 'wp-submit', 'redirect_to', 'testcookie']	action=https://studio77home.com/wp-login.php
LOGIN: www.tfinders.com	/admin/index.php	fields=['log', 'pwd', 'rememberme', 'wp-submit', 'redirect_to', 'testcookie']	action=https://tfinders.com/wp-login.php
LOGIN: www.thehardponys.com	/admin/index.php	fields=['log', 'pwd', 'rememberme', 'wp-submit', 'redirect_to', 'testcookie']	action=https://thehardponys.com/wp-login.php
LOGIN: www.theantiquedjourney.com	/admin/	fields=['log', 'pwd', 'rememberme', 'wp-submit', 'redirect_to', 'testcookie']	action=https://theantiquedjourney.com/wp-login.php
LOGIN: www.theanfieldtalk.com	/admin/	fields=['log', 'pwd', 'rememberme', 'wp-submit', 'redirect_to', 'testcookie']	action=https://theanfieldtalk.com/wp-login.php
LOGIN: www.tj-bj.com	/admin.php	fields=['formcheck', 'username', 'password', 'checkcode']	action=http://www.tj-bj.com/admin.php?p=/Index/login
LOGIN: www.thesmalltools.com	/admin/index.php	fields=['log', 'pwd', 'rememberme', 'wp-submit', 'redirect_to', 'testcookie']	action=https://thesmalltools.com/wp-login.php
LOGIN: www.tekdeep.com	/admin/index.php	fields=['log', 'pwd', 'rememberme', 'wp-submit', 'redirect_to', 'testcookie', 'redirect_to']	action=https://tekdeep.com/wp-login.php
LOGIN: www.theracquet.org	/admin/index.php	fields=['log', 'pwd', 'wp-remember', 'wp-sno', 'rememberme', 'wp-submit', 'redirect_to', 'testcookie']	action=https://theracquet.org/wp-login.php
LOGIN: www.thedailycat.com	/admin/index.php	fields=['log', 'pwd', 'rememberme', 'wp-submit', 'redirect_to', 'testcookie']	action=https://thedailycat.com/wp-login.php
LOGIN: www.thinklikeamonkbook.com	/admin/	fields=['log', 'pwd', 'rememberme', 'wp-submit', 'redirect_to', 'testcookie']	action=https://thinklikeamonkbook.com/wp-login.php
LOGIN: www.travelinggypsycorgis.com	/admin/index.php	fields=['log', 'pwd', 'rememberme', 'wp-submit', 'redirect_to', 'testcookie', 'redirect_to']	action=https://www.travelinggypsycorgis.com/wp-login.php?wpe-login=
LOGIN: www.thetwincookingproject.net	/admin/	fields=['log', 'pwd', 'rememberme', 'wp-submit', 'redirect_to', 'testcookie']	action=https://thetwincookingproject.net/wp-login.php
LOGIN: www.tourmalineenterprises.com	/admin/	fields=['log', 'pwd', 'rememberme', 'wp-submit', 'redirect_to', 'testcookie', 'redirect_to']	action=https://www.tourmalineenterprises.com/wp-login.php
LOGIN: www.staffino.com	/admin/index.php	fields=['log', 'pwd', 'rememberme', 'wp-submit', 'redirect_to', 'testcookie', 'redirect_to']	action=https://staffino.com/wp-login.php
LOGIN: www.treasurevalleylawyers.com	/admin/index.php	fields=['log', 'pwd', 'rememberme', 'wp-submit', 'redirect_to', 'testcookie']	action=https://treasurevalleylawyers.com/wp-login.php
LOGIN: www.ufoag.cn	/admin/login.php	fields=['username', 'password']	action=http://www.ufoag.cn/
LOGIN: www.uawlocal174.com	/admin/	fields=['name', 'pass', 'form_build_id', 'form_id', 'keywords', 'config[wrapper]', 'config[api_endpoint]', 'config[tags]']	action=http://www.uawlocal174.com/login?destination=admin/
LOGIN: www.tinboxchina.com	/admin/index.php	fields=['log', 'pwd', 'rememberme', 'wp-submit', 'redirect_to', 'testcookie']	action=https://tinboxchina.com/wp-login.php
LOGIN: www.truemountaintraveler.com	/admin/	fields=['log', 'pwd', 'rememberme', 'wp-submit', 'redirect_to', 'testcookie']	action=https://www.truemountaintraveler.com/wp/wp-login.php
LOGIN: www.ufa877.com	/admin/index.php	fields=['log', 'pwd', 'rememberme', 'wp-submit', 'redirect_to', 'testcookie']	action=https://www.uf877.org/wp-login.php
LOGIN: www.synergyautowash.com	/admin/index.php	fields=['log', 'pwd', 'jetpack_protect_num', 'jetpack_protect_answer', 'rememberme', 'wp-submit', 'redirect_to', 'testcookie']	action=https://www.synergyautowash.com/wp-login.php
LOGIN: www.thailandphotographer.com	/admin/index.php	fields=['log', 'pwd', 'rememberme', 'wp-submit', 'redirect_to', 'testcookie']	action=https://thailandphotographer.com/wp-login.php
LOGIN: www.thomascgruber.com	/admin/index.php	fields=['log', 'pwd', 'rememberme', 'wp-submit', 'redirect_to', 'testcookie']	action=https://thomascgruber.com/wordpress/wp-login.php
LOGIN: www.twaimmigration.com	/admin/index.php	fields=['log', 'pwd', 'rememberme', 'wp-submit', 'redirect_to', 'testcookie', 'redirect_to']	action=https://twaimmigration.com/wp-login.php
LOGIN: www.vilemetalvids.com	/admin/login.php	fields=['ausername', 'apassword']	action=http://www.vilemetalvids.com/login.php
LOGIN: www.ventodisardegna.com	/admin/	fields=['log', 'pwd', 'aiowps-captcha-string-info', 'aiowps-captcha-temp-string', 'aiowps-captcha-answer', 'rememberme', 'wp-submit', 'redirect_to']	action=http://www.ventodisardegna.com/wp-login.php
LOGIN: www.unitedrefrigerants.com	/admin/index.php	fields=['log', 'pwd', 'rememberme', 'wp-submit', 'redirect_to', 'testcookie']	action=https://unitedrefrigerants.com/wp-login.php
LOGIN: www.waterjc.com	/admin.php	fields=['username', 'password', 'captcha', 'username', 'password', 'captcha']	action=http://www.waterjc.com/login.php
LOGIN: www.tucsonmall.com	/admin/index.php	fields=['log', 'pwd', 'rememberme', 'wp-submit', 'redirect_to', 'testcookie']	action=https://tucsonmall.com/wp-login.php
LOGIN: www.unitygames.org	/admin/index.php	fields=['log', 'pwd', 'rememberme', 'wp-submit', 'redirect_to', 'testcookie']	action=https://unitygames.org/wp-login.php
LOGIN: www.tri-mor.com	/admin/index.php	fields=['log', 'pwd', 'rememberme', 'wp-submit', 'redirect_to', 'testcookie']	action=https://tri-mor.com/wp-login.php
LOGIN: www.truongthanhphuong.com	/admin/index.php	fields=['log', 'pwd', 'rememberme', 'wp-submit', 'redirect_to', 'testcookie', 'redirect_to']	action=https://truongthanhphuong.com/wp-login.php
LOGIN: www.theweddingfactor.com	/admin/index.php	fields=['log', 'pwd', 'rememberme', 'wp-submit', 'redirect_to', 'testcookie']	action=https://www.theweddingfactor.com/wp-login.php
LOGIN: www.urbancreeks.org	/admin/	fields=['log', 'pwd', 'rememberme', 'wp-submit', 'redirect_to', 'testcookie']	action=https://urbancreeks.org/wp-login.php
LOGIN: www.whsafety.cn	/admin/	fields=['hidden1', '__RequestVerificationToken', 'UserName', 'Password', 'submit']	action=http://www.whsafety.cn/admin/login.html?ReturnUrl=%2fadmin%2
LOGIN: www.whyxair.com	/admin/	fields=['__RequestVerificationToken', 'UserName', 'Password', 'submit']	action=http://www.whyxair.com/admin/login.html?ReturnUrl=%2fadmin%2
LOGIN: www.va-leaders.com	/admin/index.php	fields=['log', 'pwd', 'g-recaptcha-response', 'rememberme', 'wp-submit', 'redirect_to', 'testcookie']	action=https://va-leaders.com/wp-login.php
LOGIN: www.undisciplinedenvironments.org	/admin/index.php	fields=['log', 'pwd', 'rememberme', 'wp-submit', 'redirect_to', 'testcookie']	action=https://undisciplinedenvironments.org/wp-login.php
LOGIN: www.vickihobbs.com	/admin/index.php	fields=['log', 'pwd', 'rememberme', 'wp-submit', 'redirect_to', 'testcookie', 'redirect_to']	action=https://vickihobbs.com/wp-login.php
LOGIN: www.wardchiroandrehab.com	/admin/	fields=['log', 'pwd', 'rememberme', 'wp-submit', 'redirect_to', 'testcookie']	action=https://www.wardchiroandrehab.com/wp-login.php
LOGIN: www.walpolestudentmedianetwork.com	/login.php	fields=['log', 'pwd', 'wp-remember', 'wp-sno', 'rememberme', 'wp-submit', 'redirect_to', 'testcookie']	action=https://walpolestudentmedianetwork.com/wp-login.php
LOGIN: www.tipdowns.com	/admin/index.php	fields=['log', 'pwd', 'rememberme', 'wp-submit', 'redirect_to', 'testcookie']	action=https://tipdowns.com/wp-login.php
LOGIN: www.vanwagenen.com	/login.php	fields=['log', 'pwd', 'rememberme', 'wp-submit', 'redirect_to', 'testcookie']	action=https://www.vanwagenen.com/wp-login.php?wpe-login=true
LOGIN: www.wilsonmetalsnc.com	/admin/login.php	fields=['currentPassword', 'newPassword', 'retypePassword']	action=http://www.wilsonmetalsnc.com/admin/login.php
LOGIN: www.xfungame.com	/admin/login.php	fields=['password']	action=http://www.xfungame.com/admin/login.php
LOGIN: www.tuzlaatlasotomotiv.com	/admin/	fields=['log', 'pwd', 'rememberme', 'wp-submit', 'redirect_to', 'testcookie', 'redirect_to']	action=https://tuzlaatlasotomotiv.com/wp-login.php
LOGIN: www.visualdx.com	/admin/index.php	fields=['log', 'pwd', 'rememberme', 'wp-submit', 'redirect_to', 'testcookie']	action=https://www.visualdx.com/wp-login.php?wpe-login=true
LOGIN: www.wileydigitalarchives.com	/admin/index.php	fields=['log', 'pwd', 'rememberme', 'wp-submit', 'redirect_to', 'testcookie']	action=https://www.wileydigitalarchives.com/wp-login.php
LOGIN: www.welshstonesupply.com	/admin/index.php	fields=['log', 'pwd', 'rememberme', 'wp-submit', 'redirect_to', 'testcookie']	action=https://www.welshstonesupply.com/wp-login.php
LOGIN: www.wccrmmissions.org	/admin/index.php	fields=['log', 'pwd', 'rememberme', 'wp-submit', 'redirect_to', 'testcookie']	action=https://wccrmmissions.org/wp-login.php
LOGIN: www.xxhx.net	/admin/login.php	fields=['username', 'password', 'verify', 'ok']	action=http://www.xxhx.net/
LOGIN: www.xxsrx.com	/admin/login.php	fields=['username', 'password', 'verify', 'ok']	action=http://www.xxsrx.com/
LOGIN: www.wuhulxbz.com	/admin/	fields=['__RequestVerificationToken', 'UserName', 'Password', 'submit']	action=http://www.wuhulxbz.com/admin/login.html?ReturnUrl=%2fadmin%
LOGIN: www.xxyjtex.com	/admin/login.php	fields=['username', 'password', 'verify', 'ok']	action=http://www.xxyjtex.com/
LOGIN: www.wppindiafoundation.com	/admin/index.php	fields=['log', 'pwd', 'rememberme', 'wp-submit', 'redirect_to', 'testcookie']	action=https://wppindiafoundation.com/wp-login.php
LOGIN: www.wintersurfing.net	/admin/index.php	fields=['log', 'pwd', 'rememberme', 'wp-submit', 'redirect_to', 'testcookie']	action=https://wintersurfing.net/wp-login.php
LOGIN: www.vip-toto.com	/admin/index.php	fields=['log', 'pwd', 'rememberme', 'wp-submit', 'redirect_to', 'testcookie', 'redirect_to']	action=https://vip-toto.com/wp-login.php
LOGIN: www.zillem.com	/admin/login.php	fields=['username', 'password']	action=http://www.zillem.com/admin/login.php
LOGIN: www.wjzscb.com	/admin/index.php	fields=['log', 'pwd', 'rememberme', 'wp-submit', 'redirect_to', 'testcookie', 'redirect_to']	action=https://www.wjzscb.com/wp-login.php
LOGIN: wzg.net.cn	/admin/index.php	fields=['_csrf', 'User[username]', 'User[password]', 'User[verifyCode]', 'User[rememberMe]', 'User[rememberMe]']	action=http://wzg.net.cn/admin/index.php
LOGIN: www.waltechdrainage.com	/admin/index.php	fields=['log', 'pwd', 'rsssl_login_nonce', '_wp_http_referer', 'rememberme', 'wp-submit', 'redirect_to', 'testcookie']	action=https://waltechdrainage.com/wp-login.php
LOGIN: www.yesblueprint.com	/manage/	fields=['username', 'password']	action=http://www.yesblueprint.com/
LOGIN: www.xinxinjj.com	/admin/	fields=['__RequestVerificationToken', 'UserName', 'Password', 'submit']	action=http://www.xinxinjj.com/admin/login.html?ReturnUrl=%2fadmin%
LOGIN: www.xianlifood.com	/admin/login.php	fields=['username', 'password', 'verify', 'ok']	action=http://www.xianlifood.com/
LOGIN: www.unilet.net	/admin/	fields=['log', 'pwd', 'rememberme', 'wp-submit', 'redirect_to', 'testcookie', 'redirect_to']	action=https://unilet.net/wp-login.php
LOGIN: www.yuhuaqizhong.com	/admin/login.php	fields=['username', 'password', 'verify', 'ok']	action=http://www.yuhuaqizhong.com/
LOGIN: xiaxinnp.com	/admin/login.php	fields=['action', 'uuid', 'loginId', 'username', 'password']	action=http://xiaxinnp.com/login.php
LOGIN: www.youririshadventure.com	/admin/	fields=['log', 'pwd', 'rememberme', 'wp-submit', 'redirect_to', 'testcookie']	action=https://youririshadventure.com/wp-login.php
LOGIN: www.websitesmiths.com	/admin/index.php	fields=['log', 'pwd', 'rememberme', 'wp-submit', 'redirect_to', 'testcookie']	action=https://websitesmiths.com/wp-login.php
LOGIN: xinxiangkexin.com	/admin/login.php	fields=['username', 'password', 'verify', 'ok']	action=http://xinxiangkexin.com/
LOGIN: xianlifood.com	/admin/login.php	fields=['username', 'password', 'verify', 'ok']	action=http://xianlifood.com/
LOGIN: xjbzsh.com	/admin/login.php	fields=['action', 'uuid', 'loginId', 'username', 'password']	action=http://xjbzsh.com/login.php
LOGIN: www.wiredsignage.com	/admin/index.php	fields=['log', 'pwd', 'rememberme', 'wp-submit', 'redirect_to', 'testcookie']	action=https://wiredsignage.com/wp-login.php
LOGIN: www.verygoodtreeservice.com	/admin/index.php	fields=['log', 'pwd', 'rememberme', 'wp-submit', 'redirect_to', 'testcookie']	action=https://verygoodtreeservice.com/wp-login.php
LOGIN: www.whorelords.com	/admin/	fields=['log', 'pwd', 'rememberme', 'wp-submit', 'redirect_to', 'testcookie']	action=https://whorelords.com/wp-login.php
LOGIN: www.wowgoldmine.net	/admin/index.php	fields=['log', 'pwd', 'rememberme', 'wp-submit', 'redirect_to', 'testcookie']	action=https://wowgoldmine.net/wp-login.php
LOGIN: wyoe.com	/admin/index.php	fields=['log', 'pwd', 'rememberme', 'wp-submit', 'redirect_to', 'testcookie']	action=https://wyoe.com/wp-login.php
LOGIN: www.wisdomscout.com	/admin/index.php	fields=['log', 'pwd', 'rememberme', 'wp-submit', 'redirect_to', 'testcookie']	action=https://www.wisdomscout.com/wp-login.php
LOGIN: xlfzz.com	/admin/login.php	fields=['action', 'uuid', 'loginId', 'username', 'password']	action=http://xlfzz.com/login.php
LOGIN: xxhengrun.com	/admin/login.php	fields=['username', 'password', 'verify', 'ok']	action=http://xxhengrun.com/
LOGIN: xxyjtex.com	/admin/login.php	fields=['username', 'password', 'verify', 'ok']	action=http://xxyjtex.com/
LOGIN: xxjiasen.com	/admin/login.php	fields=['username', 'password', 'verify', 'ok']	action=http://xxjiasen.com/
LOGIN: xn--vcsa105akgt91ivr2a3frs4f77b.com	/admin/	fields=['__EVENTTARGET', '__EVENTARGUMENT', '__VIEWSTATE', '__VIEWSTATEGENERATOR', '__EVENTVALIDATION', 'Username', 'Pwd', 'Code']	action=http://xn--vcsa105akgt91ivr2a3frs4f77b.com/index.aspx
LOGIN: xycfs.cn	/admin/login.php	fields=['action', 'uuid', 'loginId', 'username', 'password']	action=http://xycfs.cn/login.php
LOGIN: xlgh.com	/admin.php	fields=['username', 'password', 'chk']	action=http://xlgh.com/admin.php?act=loginok
LOGIN: ylhbz.com	/admin/login.php	fields=['action', 'uuid', 'loginId', 'username', 'password']	action=http://ylhbz.com/login.php
LOGIN: yqdz4sd.com	/admin/login.php	fields=['username', 'password', 'answer', 'dopost']	action=http://yqdz4sd.com/
LOGIN: xn--bo1a19j.com	/admin/	fields=['UserName', 'Password', 'Val', 'login']	action=http://xn--bo1a19j.com/login.asp
LOGIN: yuhaoelectronics.com	/admin/login.php	fields=['username', 'password', 'verify', 'ok']	action=http://yuhaoelectronics.com/
LOGIN: yukai-ks.com	/admin/login.php	fields=['action', 'uuid', 'loginId', 'username', 'password']	action=http://yukai-ks.com/login.php
LOGIN: zagroup.net	/manage/	fields=['loginname', 'loginpwd', 'verifycode', 'imageField']	action=http://zagroup.net/?action=loginchk
LOGIN: xianxiapifu.com	/admin/	fields=['__RequestVerificationToken', 'UserName', 'Password', 'submit']	action=http://xianxiapifu.com/admin/login.html?ReturnUrl=%2fadmin%2
LOGIN: ylqz.cn	/admin/index.php	fields=['username', 'password', 'login_sub', 'login_sub', 'pytoken']	action=http://ylqz.cn/
LOGIN: yusheng-sh.net	/admin/	fields=['UserName', 'Password', 'CheckCode']	action=http://yusheng-sh.net/Admin_ChkLogin.asp
LOGIN: yearstarcare.com	/admin/index.php	fields=['log', 'pwd', 'rememberme', 'wp-submit', 'redirect_to', 'testcookie', 'redirect_to']	action=https://yearstarcare.com/wp-login.php
LOGIN: yuhuaqizhong.com	/admin/login.php	fields=['username', 'password', 'verify', 'ok']	action=http://yuhuaqizhong.com/
LOGIN: yj-bf.com	/admin/	fields=['__RequestVerificationToken', 'UserName', 'Password', 'submit']	action=http://yj-bf.com/admin/login.html?ReturnUrl=%2fadmin%2f
LOGIN: xinxinjj.com	/admin/	fields=['__RequestVerificationToken', 'UserName', 'Password', 'submit']	action=http://xinxinjj.com/admin/login.html?ReturnUrl=%2fadmin%2f
LOGIN: xinyijianshe.com	/admin/	fields=['__RequestVerificationToken', 'UserName', 'Password', 'submit']	action=http://xinyijianshe.com/admin/login.html?ReturnUrl=%2fadmin%
LOGIN: z2h.me	/admin/	fields=['_token', 'username', 'password', 'remember']	action=https://z2h.me/admin/login
LOGIN: xybwg.com.cn	/admin/	fields=['__RequestVerificationToken', 'UserName', 'Password', 'submit']	action=http://xybwg.com.cn/admin/login.html?ReturnUrl=%2fadmin%2f
LOGIN: zbllj.com	/admin/index.php	fields=['a_name', 'a_password', 'vercode', 'submit', 'act']	action=http://zbllj.com/admin/index.php
LOGIN: zelve.com	/admin/	fields=['authenticity_token', 'user[email]', 'user[password]', 'user[remember_me]', 'commit']	action=http://zelve.com/users/sign_in
LOGIN: zafersekerci.net	/admin/index.php	fields=['log', 'pwd', 'rememberme', 'wp-submit', 'redirect_to', 'testcookie', 'redirect_to']	action=https://zafersekerci.net/wp-login.php
LOGIN: yhpop.com	/admin/	fields=['s', 'username', 'password', 'remember', 'action', 'name', 'password2', 'repassword']	action=http://www.yhpop.com/
LOGIN: zsbg888.com	/admin/	fields=[]	action=http://zsbg888.com/admin/
LOGIN: youdo99.com	/admin/	fields=['pw', 'admin', 'pwd', 'passcode', 'Submit', 'Submit2']	action=http://youdo99.com/md532.asp?psw=ok
LOGIN: zilb.com	/admin/	fields=['log', 'pwd', 'rememberme', 'wp-submit', 'redirect_to', 'testcookie', 'redirect_to']	action=https://zilb.com/wp-login.php
LOGIN: zagrosref.com	/admin/index.php	fields=['log', 'pwd', 'rememberme', 'wp-submit', 'redirect_to', 'testcookie']	action=https://zagrosref.com/wp-login.php
LOGIN: zhaoyangby.com	/admin/	fields=['__RequestVerificationToken', 'UserName', 'Password', 'RememberMe', 'RememberMe']	action=http://zhaoyangby.com/Admin/Account/Logon
LOGIN: ywcamaduraitn.com	/admin/index.php	fields=['log', 'pwd', 'rememberme', 'wp-submit', 'redirect_to', 'testcookie']	action=https://ywcamaduraitn.com/wp-login.php
LOGIN: youshouldlisten.com	/admin/index.php	fields=['log', 'pwd', 'rememberme', 'wp-submit', 'redirect_to', 'testcookie']	action=https://youshouldlisten.com/wp-login.php
LOGIN: zonnepanelen.top	/admin/index.php	fields=['log', 'pwd', 'rememberme', 'wp-submit', 'redirect_to', 'testcookie', 'redirect_to']	action=http://www.zonnepanelen.top/wp-login.php
=== DONE: 1686 real login forms ===
